input log file location, /data/local/tmp/genie_qwen25_quality/qnn_profile/optrace/prefill/part2/output/qnn-profiling-data_0.log
qnn-profile-viewer version, v2.34.0.250424201103_119471-auto
qnn-net-run version, v2.34.0.250424201103_119471-auto
Backend version, v2.34.0.250424201103_119471-auto
Msg Timestamp, Message, Time, Unit of Measurement, Timing Source, Event Level, Event Identifier
106259606801,INIT,284610,US,NETRUN,ROOT,null
106259606801,INIT,204567,US,BACKEND,ROOT,RPC (load binary) time
106259606801,INIT,158605,US,BACKEND,ROOT,QNN accelerator (load binary) time
106259606801,INIT,95898,US,BACKEND,ROOT,Accelerator (load binary) time
106259606801,INIT,61687,US,BACKEND,ROOT,Accelerator (load binary) time
106259606801,INIT,284544,US,BACKEND,ROOT,QNN (load binary) time
0,COMPOSE GRAPHS,0,US,NETRUN,ROOT,null
106261636124,DE-INIT,195163,US,NETRUN,ROOT,null
106261636124,DE-INIT,158451,US,BACKEND,ROOT,RPC (deinit) time
106261636124,DE-INIT,157102,US,BACKEND,ROOT,QNN Accelerator (deinit) time
106261636124,DE-INIT,154050,US,BACKEND,ROOT,Accelerator (deinit) time
106261636124,DE-INIT,2957,US,BACKEND,ROOT,Accelerator (deinit) time
106261636124,DE-INIT,195065,US,BACKEND,ROOT,QNN (deinit) time
106260775453,EXECUTE,1018468,US,NETRUN,ROOT,Graph 0: ar128_cl4096_2_of_2
106260775453,EXECUTE,4,COUNT,BACKEND,ROOT,Number of HVX threads used
106260775453,EXECUTE,933571,US,BACKEND,ROOT,RPC (execute) time
106260775453,EXECUTE,923677,US,BACKEND,ROOT,QNN accelerator (execute) time
106260775453,EXECUTE,0,COUNT,BACKEND,ROOT,Num times yield occured
106260775453,EXECUTE,1969,US,BACKEND,ROOT,Time for initial VTCM acquire
106260775453,EXECUTE,27224,US,BACKEND,ROOT,Time for HVX + HMX power on and acquire
106260775453,EXECUTE,153878355,CYCLES,BACKEND,ROOT,Accelerator (execute) time (cycles)
106260775453,EXECUTE,1604,CYCLES,BACKEND,SUB-EVENT,Input OpId_2 (cycles)
106260775453,EXECUTE,94798,CYCLES,BACKEND,SUB-EVENT,model_layers_0_self_attn_Mul_10:OpId_17 (cycles)
106260775453,EXECUTE,23644,CYCLES,BACKEND,SUB-EVENT,Slice_112:OpId_20 (cycles)
106260775453,EXECUTE,1413,CYCLES,BACKEND,SUB-EVENT,Slice_113:OpId_26 (cycles)
106260775453,EXECUTE,33994,CYCLES,BACKEND,SUB-EVENT,Slice_114:OpId_32 (cycles)
106260775453,EXECUTE,247,CYCLES,BACKEND,SUB-EVENT,Slice_115:OpId_38 (cycles)
106260775453,EXECUTE,21912,CYCLES,BACKEND,SUB-EVENT,Slice_148:OpId_44 (cycles)
106260775453,EXECUTE,518,CYCLES,BACKEND,SUB-EVENT,Slice_149:OpId_50 (cycles)
106260775453,EXECUTE,27726,CYCLES,BACKEND,SUB-EVENT,Slice_150:OpId_56 (cycles)
106260775453,EXECUTE,263,CYCLES,BACKEND,SUB-EVENT,Slice_151:OpId_62 (cycles)
106260775453,EXECUTE,22440,CYCLES,BACKEND,SUB-EVENT,Slice_184:OpId_68 (cycles)
106260775453,EXECUTE,530,CYCLES,BACKEND,SUB-EVENT,Slice_185:OpId_74 (cycles)
106260775453,EXECUTE,28654,CYCLES,BACKEND,SUB-EVENT,Slice_186:OpId_80 (cycles)
106260775453,EXECUTE,249,CYCLES,BACKEND,SUB-EVENT,Slice_187:OpId_86 (cycles)
106260775453,EXECUTE,22431,CYCLES,BACKEND,SUB-EVENT,Slice_220:OpId_92 (cycles)
106260775453,EXECUTE,974,CYCLES,BACKEND,SUB-EVENT,Slice_221:OpId_98 (cycles)
106260775453,EXECUTE,23116,CYCLES,BACKEND,SUB-EVENT,Slice_222:OpId_104 (cycles)
106260775453,EXECUTE,5333,CYCLES,BACKEND,SUB-EVENT,Slice_223:OpId_110 (cycles)
106260775453,EXECUTE,23787,CYCLES,BACKEND,SUB-EVENT,Slice_256:OpId_116 (cycles)
106260775453,EXECUTE,505,CYCLES,BACKEND,SUB-EVENT,Slice_257:OpId_122 (cycles)
106260775453,EXECUTE,23400,CYCLES,BACKEND,SUB-EVENT,Slice_258:OpId_128 (cycles)
106260775453,EXECUTE,280,CYCLES,BACKEND,SUB-EVENT,Slice_259:OpId_134 (cycles)
106260775453,EXECUTE,21848,CYCLES,BACKEND,SUB-EVENT,Slice_292:OpId_140 (cycles)
106260775453,EXECUTE,487,CYCLES,BACKEND,SUB-EVENT,Slice_293:OpId_146 (cycles)
106260775453,EXECUTE,28402,CYCLES,BACKEND,SUB-EVENT,Slice_294:OpId_152 (cycles)
106260775453,EXECUTE,297,CYCLES,BACKEND,SUB-EVENT,Slice_295:OpId_158 (cycles)
106260775453,EXECUTE,19848,CYCLES,BACKEND,SUB-EVENT,Slice_328:OpId_164 (cycles)
106260775453,EXECUTE,922,CYCLES,BACKEND,SUB-EVENT,Slice_329:OpId_170 (cycles)
106260775453,EXECUTE,24343,CYCLES,BACKEND,SUB-EVENT,Slice_330:OpId_176 (cycles)
106260775453,EXECUTE,195,CYCLES,BACKEND,SUB-EVENT,Slice_331:OpId_182 (cycles)
106260775453,EXECUTE,22482,CYCLES,BACKEND,SUB-EVENT,Slice_364:OpId_188 (cycles)
106260775453,EXECUTE,935,CYCLES,BACKEND,SUB-EVENT,Slice_365:OpId_194 (cycles)
106260775453,EXECUTE,25153,CYCLES,BACKEND,SUB-EVENT,Slice_366:OpId_200 (cycles)
106260775453,EXECUTE,240,CYCLES,BACKEND,SUB-EVENT,Slice_367:OpId_206 (cycles)
106260775453,EXECUTE,59079,CYCLES,BACKEND,SUB-EVENT,Slice_4:OpId_212 (cycles)
106260775453,EXECUTE,20814,CYCLES,BACKEND,SUB-EVENT,Slice_40:OpId_218 (cycles)
106260775453,EXECUTE,22674,CYCLES,BACKEND,SUB-EVENT,Slice_400:OpId_224 (cycles)
106260775453,EXECUTE,935,CYCLES,BACKEND,SUB-EVENT,Slice_401:OpId_230 (cycles)
106260775453,EXECUTE,25403,CYCLES,BACKEND,SUB-EVENT,Slice_402:OpId_236 (cycles)
106260775453,EXECUTE,208,CYCLES,BACKEND,SUB-EVENT,Slice_403:OpId_242 (cycles)
106260775453,EXECUTE,191,CYCLES,BACKEND,SUB-EVENT,Slice_41:OpId_248 (cycles)
106260775453,EXECUTE,21787,CYCLES,BACKEND,SUB-EVENT,Slice_42:OpId_254 (cycles)
106260775453,EXECUTE,761,CYCLES,BACKEND,SUB-EVENT,Slice_43:OpId_260 (cycles)
106260775453,EXECUTE,22753,CYCLES,BACKEND,SUB-EVENT,Slice_436:OpId_266 (cycles)
106260775453,EXECUTE,399,CYCLES,BACKEND,SUB-EVENT,Slice_437:OpId_272 (cycles)
106260775453,EXECUTE,32447,CYCLES,BACKEND,SUB-EVENT,Slice_438:OpId_278 (cycles)
106260775453,EXECUTE,294,CYCLES,BACKEND,SUB-EVENT,Slice_439:OpId_284 (cycles)
106260775453,EXECUTE,23261,CYCLES,BACKEND,SUB-EVENT,Slice_472:OpId_290 (cycles)
106260775453,EXECUTE,369,CYCLES,BACKEND,SUB-EVENT,Slice_473:OpId_296 (cycles)
106260775453,EXECUTE,21007,CYCLES,BACKEND,SUB-EVENT,Slice_474:OpId_302 (cycles)
106260775453,EXECUTE,1009,CYCLES,BACKEND,SUB-EVENT,Slice_475:OpId_308 (cycles)
106260775453,EXECUTE,1501,CYCLES,BACKEND,SUB-EVENT,Slice_5:OpId_314 (cycles)
106260775453,EXECUTE,22575,CYCLES,BACKEND,SUB-EVENT,Slice_508:OpId_320 (cycles)
106260775453,EXECUTE,1353,CYCLES,BACKEND,SUB-EVENT,Slice_509:OpId_326 (cycles)
106260775453,EXECUTE,26774,CYCLES,BACKEND,SUB-EVENT,Slice_510:OpId_332 (cycles)
106260775453,EXECUTE,253,CYCLES,BACKEND,SUB-EVENT,Slice_511:OpId_338 (cycles)
106260775453,EXECUTE,22270,CYCLES,BACKEND,SUB-EVENT,Slice_544:OpId_344 (cycles)
106260775453,EXECUTE,481,CYCLES,BACKEND,SUB-EVENT,Slice_545:OpId_350 (cycles)
106260775453,EXECUTE,29767,CYCLES,BACKEND,SUB-EVENT,Slice_546:OpId_356 (cycles)
106260775453,EXECUTE,240,CYCLES,BACKEND,SUB-EVENT,Slice_547:OpId_362 (cycles)
106260775453,EXECUTE,21852,CYCLES,BACKEND,SUB-EVENT,Slice_580:OpId_368 (cycles)
106260775453,EXECUTE,544,CYCLES,BACKEND,SUB-EVENT,Slice_581:OpId_374 (cycles)
106260775453,EXECUTE,24030,CYCLES,BACKEND,SUB-EVENT,Slice_582:OpId_380 (cycles)
106260775453,EXECUTE,4958,CYCLES,BACKEND,SUB-EVENT,Slice_583:OpId_386 (cycles)
106260775453,EXECUTE,30097,CYCLES,BACKEND,SUB-EVENT,Slice_6:OpId_392 (cycles)
106260775453,EXECUTE,22276,CYCLES,BACKEND,SUB-EVENT,Slice_616:OpId_398 (cycles)
106260775453,EXECUTE,344,CYCLES,BACKEND,SUB-EVENT,Slice_617:OpId_404 (cycles)
106260775453,EXECUTE,22965,CYCLES,BACKEND,SUB-EVENT,Slice_618:OpId_410 (cycles)
106260775453,EXECUTE,623,CYCLES,BACKEND,SUB-EVENT,Slice_619:OpId_416 (cycles)
106260775453,EXECUTE,21049,CYCLES,BACKEND,SUB-EVENT,Slice_652:OpId_422 (cycles)
106260775453,EXECUTE,345,CYCLES,BACKEND,SUB-EVENT,Slice_653:OpId_428 (cycles)
106260775453,EXECUTE,28966,CYCLES,BACKEND,SUB-EVENT,Slice_654:OpId_434 (cycles)
106260775453,EXECUTE,1002,CYCLES,BACKEND,SUB-EVENT,Slice_655:OpId_440 (cycles)
106260775453,EXECUTE,21648,CYCLES,BACKEND,SUB-EVENT,Slice_688:OpId_446 (cycles)
106260775453,EXECUTE,360,CYCLES,BACKEND,SUB-EVENT,Slice_689:OpId_452 (cycles)
106260775453,EXECUTE,29796,CYCLES,BACKEND,SUB-EVENT,Slice_690:OpId_458 (cycles)
106260775453,EXECUTE,377,CYCLES,BACKEND,SUB-EVENT,Slice_691:OpId_464 (cycles)
106260775453,EXECUTE,183,CYCLES,BACKEND,SUB-EVENT,Slice_7:OpId_470 (cycles)
106260775453,EXECUTE,23490,CYCLES,BACKEND,SUB-EVENT,Slice_724:OpId_476 (cycles)
106260775453,EXECUTE,1638,CYCLES,BACKEND,SUB-EVENT,Slice_725:OpId_482 (cycles)
106260775453,EXECUTE,23198,CYCLES,BACKEND,SUB-EVENT,Slice_726:OpId_488 (cycles)
106260775453,EXECUTE,298,CYCLES,BACKEND,SUB-EVENT,Slice_727:OpId_494 (cycles)
106260775453,EXECUTE,24185,CYCLES,BACKEND,SUB-EVENT,Slice_76:OpId_500 (cycles)
106260775453,EXECUTE,23041,CYCLES,BACKEND,SUB-EVENT,Slice_760:OpId_506 (cycles)
106260775453,EXECUTE,493,CYCLES,BACKEND,SUB-EVENT,Slice_761:OpId_512 (cycles)
106260775453,EXECUTE,22313,CYCLES,BACKEND,SUB-EVENT,Slice_762:OpId_518 (cycles)
106260775453,EXECUTE,280,CYCLES,BACKEND,SUB-EVENT,Slice_763:OpId_524 (cycles)
106260775453,EXECUTE,192,CYCLES,BACKEND,SUB-EVENT,Slice_77:OpId_530 (cycles)
106260775453,EXECUTE,29408,CYCLES,BACKEND,SUB-EVENT,Slice_78:OpId_536 (cycles)
106260775453,EXECUTE,802,CYCLES,BACKEND,SUB-EVENT,Slice_79:OpId_542 (cycles)
106260775453,EXECUTE,21500,CYCLES,BACKEND,SUB-EVENT,Slice_796:OpId_548 (cycles)
106260775453,EXECUTE,715,CYCLES,BACKEND,SUB-EVENT,Slice_797:OpId_554 (cycles)
106260775453,EXECUTE,27755,CYCLES,BACKEND,SUB-EVENT,Slice_798:OpId_560 (cycles)
106260775453,EXECUTE,275,CYCLES,BACKEND,SUB-EVENT,Slice_799:OpId_566 (cycles)
106260775453,EXECUTE,20286,CYCLES,BACKEND,SUB-EVENT,Slice_832:OpId_572 (cycles)
106260775453,EXECUTE,2706,CYCLES,BACKEND,SUB-EVENT,Slice_833:OpId_578 (cycles)
106260775453,EXECUTE,27257,CYCLES,BACKEND,SUB-EVENT,Slice_834:OpId_584 (cycles)
106260775453,EXECUTE,173,CYCLES,BACKEND,SUB-EVENT,Slice_835:OpId_590 (cycles)
106260775453,EXECUTE,178562,CYCLES,BACKEND,SUB-EVENT,rms_norm_96:OpId_598 (cycles)
106260775453,EXECUTE,1433,CYCLES,BACKEND,SUB-EVENT,OpId_599 (cycles)
106260775453,EXECUTE,0,CYCLES,BACKEND,SUB-EVENT,model_layers_0_self_attn_Reshape:OpId_601 (cycles)
106260775453,EXECUTE,0,CYCLES,BACKEND,SUB-EVENT,model_layers_0_self_attn_Transpose:OpId_603 (cycles)
106260775453,EXECUTE,5048,CYCLES,BACKEND,SUB-EVENT,attn_0_head_0_key_Conv:OpId_611 (cycles)
106260775453,EXECUTE,1741,CYCLES,BACKEND,SUB-EVENT,attn_0_head_0_value_Conv:OpId_621 (cycles)
106260775453,EXECUTE,5476,CYCLES,BACKEND,SUB-EVENT,attn_0_head_0_value_Transpose/output_converted_UFIXED_POINT_8:OpId_624 (cycles)
106260775453,EXECUTE,7178,CYCLES,BACKEND,SUB-EVENT,attn_0_head_1_key_Conv:OpId_634 (cycles)
106260775453,EXECUTE,6725,CYCLES,BACKEND,SUB-EVENT,attn_0_head_1_value_Conv:OpId_644 (cycles)
106260775453,EXECUTE,6587,CYCLES,BACKEND,SUB-EVENT,attn_0_head_1_value_Transpose/output_converted_UFIXED_POINT_8:OpId_647 (cycles)
106260775453,EXECUTE,3544,CYCLES,BACKEND,SUB-EVENT,attn_0_head_0_query_Conv:OpId_657 (cycles)
106260775453,EXECUTE,3500,CYCLES,BACKEND,SUB-EVENT,attn_0_head_1_query_Conv:OpId_667 (cycles)
106260775453,EXECUTE,3132,CYCLES,BACKEND,SUB-EVENT,attn_0_head_2_query_Conv:OpId_677 (cycles)
106260775453,EXECUTE,4075,CYCLES,BACKEND,SUB-EVENT,attn_0_head_3_query_Conv:OpId_687 (cycles)
106260775453,EXECUTE,2973,CYCLES,BACKEND,SUB-EVENT,attn_0_head_4_query_Conv:OpId_697 (cycles)
106260775453,EXECUTE,4032,CYCLES,BACKEND,SUB-EVENT,attn_0_head_5_query_Conv:OpId_707 (cycles)
106260775453,EXECUTE,3865,CYCLES,BACKEND,SUB-EVENT,attn_0_head_6_query_Conv:OpId_717 (cycles)
106260775453,EXECUTE,3151,CYCLES,BACKEND,SUB-EVENT,attn_0_head_7_query_Conv:OpId_727 (cycles)
106260775453,EXECUTE,4232,CYCLES,BACKEND,SUB-EVENT,attn_0_head_8_query_Conv:OpId_737 (cycles)
106260775453,EXECUTE,3776,CYCLES,BACKEND,SUB-EVENT,attn_0_head_9_query_Conv:OpId_747 (cycles)
106260775453,EXECUTE,3124,CYCLES,BACKEND,SUB-EVENT,attn_0_head_10_query_Conv:OpId_757 (cycles)
106260775453,EXECUTE,3663,CYCLES,BACKEND,SUB-EVENT,attn_0_head_11_query_Conv:OpId_767 (cycles)
106260775453,EXECUTE,2713,CYCLES,BACKEND,SUB-EVENT,attn_0_head_12_query_Conv:OpId_777 (cycles)
106260775453,EXECUTE,8737,CYCLES,BACKEND,SUB-EVENT,attn_0_head_13_query_Conv:OpId_787 (cycles)
106260775453,EXECUTE,5237,CYCLES,BACKEND,SUB-EVENT,Slice_0:OpId_791 (cycles)
106260775453,EXECUTE,4817,CYCLES,BACKEND,SUB-EVENT,Slice_1:OpId_797 (cycles)
106260775453,EXECUTE,3269,CYCLES,BACKEND,SUB-EVENT,Slice_2:OpId_803 (cycles)
106260775453,EXECUTE,2956,CYCLES,BACKEND,SUB-EVENT,Slice_3:OpId_809 (cycles)
106260775453,EXECUTE,0,CYCLES,BACKEND,SUB-EVENT,Concat_21:OpId_814 (cycles)
106260775453,EXECUTE,1850,CYCLES,BACKEND,SUB-EVENT,Slice_8:OpId_817 (cycles)
106260775453,EXECUTE,1842,CYCLES,BACKEND,SUB-EVENT,Slice_9:OpId_823 (cycles)
106260775453,EXECUTE,2123,CYCLES,BACKEND,SUB-EVENT,Slice_10:OpId_829 (cycles)
106260775453,EXECUTE,2131,CYCLES,BACKEND,SUB-EVENT,Slice_11:OpId_835 (cycles)
106260775453,EXECUTE,1907,CYCLES,BACKEND,SUB-EVENT,Slice_12:OpId_841 (cycles)
106260775453,EXECUTE,1900,CYCLES,BACKEND,SUB-EVENT,Slice_13:OpId_847 (cycles)
106260775453,EXECUTE,1807,CYCLES,BACKEND,SUB-EVENT,Slice_14:OpId_853 (cycles)
106260775453,EXECUTE,2175,CYCLES,BACKEND,SUB-EVENT,Slice_15:OpId_859 (cycles)
106260775453,EXECUTE,1999,CYCLES,BACKEND,SUB-EVENT,Slice_16:OpId_865 (cycles)
106260775453,EXECUTE,1894,CYCLES,BACKEND,SUB-EVENT,Slice_17:OpId_871 (cycles)
106260775453,EXECUTE,1706,CYCLES,BACKEND,SUB-EVENT,Slice_18:OpId_877 (cycles)
106260775453,EXECUTE,1700,CYCLES,BACKEND,SUB-EVENT,Slice_19:OpId_883 (cycles)
106260775453,EXECUTE,1822,CYCLES,BACKEND,SUB-EVENT,Slice_20:OpId_889 (cycles)
106260775453,EXECUTE,2392,CYCLES,BACKEND,SUB-EVENT,Slice_21:OpId_895 (cycles)
106260775453,EXECUTE,1836,CYCLES,BACKEND,SUB-EVENT,Slice_22:OpId_901 (cycles)
106260775453,EXECUTE,1651,CYCLES,BACKEND,SUB-EVENT,Slice_23:OpId_907 (cycles)
106260775453,EXECUTE,2038,CYCLES,BACKEND,SUB-EVENT,Slice_24:OpId_913 (cycles)
106260775453,EXECUTE,1822,CYCLES,BACKEND,SUB-EVENT,Slice_25:OpId_919 (cycles)
106260775453,EXECUTE,1755,CYCLES,BACKEND,SUB-EVENT,Slice_26:OpId_925 (cycles)
106260775453,EXECUTE,2468,CYCLES,BACKEND,SUB-EVENT,Slice_27:OpId_931 (cycles)
106260775453,EXECUTE,2030,CYCLES,BACKEND,SUB-EVENT,Slice_28:OpId_937 (cycles)
106260775453,EXECUTE,1992,CYCLES,BACKEND,SUB-EVENT,Slice_29:OpId_943 (cycles)
106260775453,EXECUTE,1921,CYCLES,BACKEND,SUB-EVENT,Slice_30:OpId_949 (cycles)
106260775453,EXECUTE,1866,CYCLES,BACKEND,SUB-EVENT,Slice_31:OpId_955 (cycles)
106260775453,EXECUTE,2020,CYCLES,BACKEND,SUB-EVENT,Slice_32:OpId_961 (cycles)
106260775453,EXECUTE,1949,CYCLES,BACKEND,SUB-EVENT,Slice_33:OpId_967 (cycles)
106260775453,EXECUTE,2313,CYCLES,BACKEND,SUB-EVENT,Slice_34:OpId_973 (cycles)
106260775453,EXECUTE,2443,CYCLES,BACKEND,SUB-EVENT,Slice_35:OpId_979 (cycles)
106260775453,EXECUTE,9980,CYCLES,BACKEND,SUB-EVENT,Concat_3:OpId_984 (cycles)
106260775453,EXECUTE,9990,CYCLES,BACKEND,SUB-EVENT,Concat_5:OpId_986 (cycles)
106260775453,EXECUTE,3573,CYCLES,BACKEND,SUB-EVENT,Mul_0:OpId_988 (cycles)
106260775453,EXECUTE,3500,CYCLES,BACKEND,SUB-EVENT,Mul_2:OpId_990 (cycles)
106260775453,EXECUTE,1644,CYCLES,BACKEND,SUB-EVENT,Mul_1:OpId_992 (cycles)
106260775453,EXECUTE,1666,CYCLES,BACKEND,SUB-EVENT,Mul_3:OpId_994 (cycles)
106260775453,EXECUTE,1797,CYCLES,BACKEND,SUB-EVENT,Mul_4:OpId_996 (cycles)
106260775453,EXECUTE,1491,CYCLES,BACKEND,SUB-EVENT,Mul_6:OpId_998 (cycles)
106260775453,EXECUTE,1468,CYCLES,BACKEND,SUB-EVENT,Mul_5:OpId_1000 (cycles)
106260775453,EXECUTE,1439,CYCLES,BACKEND,SUB-EVENT,Mul_7:OpId_1002 (cycles)
106260775453,EXECUTE,1404,CYCLES,BACKEND,SUB-EVENT,Mul_8:OpId_1004 (cycles)
106260775453,EXECUTE,1427,CYCLES,BACKEND,SUB-EVENT,Mul_10:OpId_1006 (cycles)
106260775453,EXECUTE,1463,CYCLES,BACKEND,SUB-EVENT,Mul_9:OpId_1008 (cycles)
106260775453,EXECUTE,1397,CYCLES,BACKEND,SUB-EVENT,Mul_11:OpId_1010 (cycles)
106260775453,EXECUTE,1652,CYCLES,BACKEND,SUB-EVENT,Mul_12:OpId_1012 (cycles)
106260775453,EXECUTE,1650,CYCLES,BACKEND,SUB-EVENT,Mul_14:OpId_1014 (cycles)
106260775453,EXECUTE,1672,CYCLES,BACKEND,SUB-EVENT,Mul_13:OpId_1016 (cycles)
106260775453,EXECUTE,1734,CYCLES,BACKEND,SUB-EVENT,Mul_15:OpId_1018 (cycles)
106260775453,EXECUTE,1397,CYCLES,BACKEND,SUB-EVENT,Mul_16:OpId_1020 (cycles)
106260775453,EXECUTE,1453,CYCLES,BACKEND,SUB-EVENT,Mul_18:OpId_1022 (cycles)
106260775453,EXECUTE,1442,CYCLES,BACKEND,SUB-EVENT,Mul_17:OpId_1024 (cycles)
106260775453,EXECUTE,1441,CYCLES,BACKEND,SUB-EVENT,Mul_19:OpId_1026 (cycles)
106260775453,EXECUTE,1543,CYCLES,BACKEND,SUB-EVENT,Mul_20:OpId_1028 (cycles)
106260775453,EXECUTE,1406,CYCLES,BACKEND,SUB-EVENT,Mul_22:OpId_1030 (cycles)
106260775453,EXECUTE,1510,CYCLES,BACKEND,SUB-EVENT,Mul_21:OpId_1032 (cycles)
106260775453,EXECUTE,1543,CYCLES,BACKEND,SUB-EVENT,Mul_23:OpId_1034 (cycles)
106260775453,EXECUTE,1856,CYCLES,BACKEND,SUB-EVENT,Mul_24:OpId_1036 (cycles)
106260775453,EXECUTE,1737,CYCLES,BACKEND,SUB-EVENT,Mul_26:OpId_1038 (cycles)
106260775453,EXECUTE,1909,CYCLES,BACKEND,SUB-EVENT,Mul_25:OpId_1040 (cycles)
106260775453,EXECUTE,1809,CYCLES,BACKEND,SUB-EVENT,Mul_27:OpId_1042 (cycles)
106260775453,EXECUTE,1560,CYCLES,BACKEND,SUB-EVENT,Mul_28:OpId_1044 (cycles)
106260775453,EXECUTE,1838,CYCLES,BACKEND,SUB-EVENT,Mul_30:OpId_1046 (cycles)
106260775453,EXECUTE,1683,CYCLES,BACKEND,SUB-EVENT,Mul_29:OpId_1048 (cycles)
106260775453,EXECUTE,1616,CYCLES,BACKEND,SUB-EVENT,Mul_31:OpId_1050 (cycles)
106260775453,EXECUTE,1385,CYCLES,BACKEND,SUB-EVENT,Mul_32:OpId_1052 (cycles)
106260775453,EXECUTE,1459,CYCLES,BACKEND,SUB-EVENT,Mul_34:OpId_1054 (cycles)
106260775453,EXECUTE,1395,CYCLES,BACKEND,SUB-EVENT,Mul_33:OpId_1056 (cycles)
106260775453,EXECUTE,1412,CYCLES,BACKEND,SUB-EVENT,Mul_35:OpId_1058 (cycles)
106260775453,EXECUTE,1402,CYCLES,BACKEND,SUB-EVENT,Mul_36:OpId_1060 (cycles)
106260775453,EXECUTE,1493,CYCLES,BACKEND,SUB-EVENT,Mul_38:OpId_1062 (cycles)
106260775453,EXECUTE,1581,CYCLES,BACKEND,SUB-EVENT,Mul_37:OpId_1064 (cycles)
106260775453,EXECUTE,1427,CYCLES,BACKEND,SUB-EVENT,Mul_39:OpId_1066 (cycles)
106260775453,EXECUTE,1700,CYCLES,BACKEND,SUB-EVENT,Mul_40:OpId_1068 (cycles)
106260775453,EXECUTE,1487,CYCLES,BACKEND,SUB-EVENT,Mul_42:OpId_1070 (cycles)
106260775453,EXECUTE,1779,CYCLES,BACKEND,SUB-EVENT,Mul_41:OpId_1072 (cycles)
106260775453,EXECUTE,1630,CYCLES,BACKEND,SUB-EVENT,Mul_43:OpId_1074 (cycles)
106260775453,EXECUTE,1700,CYCLES,BACKEND,SUB-EVENT,Mul_44:OpId_1076 (cycles)
106260775453,EXECUTE,1553,CYCLES,BACKEND,SUB-EVENT,Mul_46:OpId_1078 (cycles)
106260775453,EXECUTE,1637,CYCLES,BACKEND,SUB-EVENT,Mul_45:OpId_1080 (cycles)
106260775453,EXECUTE,1475,CYCLES,BACKEND,SUB-EVENT,Mul_47:OpId_1082 (cycles)
106260775453,EXECUTE,1528,CYCLES,BACKEND,SUB-EVENT,Mul_48:OpId_1084 (cycles)
106260775453,EXECUTE,1533,CYCLES,BACKEND,SUB-EVENT,Mul_50:OpId_1086 (cycles)
106260775453,EXECUTE,1408,CYCLES,BACKEND,SUB-EVENT,Mul_49:OpId_1088 (cycles)
106260775453,EXECUTE,1433,CYCLES,BACKEND,SUB-EVENT,Mul_51:OpId_1090 (cycles)
106260775453,EXECUTE,1458,CYCLES,BACKEND,SUB-EVENT,Mul_52:OpId_1092 (cycles)
106260775453,EXECUTE,1481,CYCLES,BACKEND,SUB-EVENT,Mul_54:OpId_1094 (cycles)
106260775453,EXECUTE,1537,CYCLES,BACKEND,SUB-EVENT,Mul_53:OpId_1096 (cycles)
106260775453,EXECUTE,1552,CYCLES,BACKEND,SUB-EVENT,Mul_55:OpId_1098 (cycles)
106260775453,EXECUTE,1682,CYCLES,BACKEND,SUB-EVENT,Mul_56:OpId_1100 (cycles)
106260775453,EXECUTE,1760,CYCLES,BACKEND,SUB-EVENT,Mul_58:OpId_1102 (cycles)
106260775453,EXECUTE,1689,CYCLES,BACKEND,SUB-EVENT,Mul_57:OpId_1104 (cycles)
106260775453,EXECUTE,1692,CYCLES,BACKEND,SUB-EVENT,Mul_59:OpId_1106 (cycles)
106260775453,EXECUTE,1671,CYCLES,BACKEND,SUB-EVENT,Mul_60:OpId_1108 (cycles)
106260775453,EXECUTE,1686,CYCLES,BACKEND,SUB-EVENT,Mul_62:OpId_1110 (cycles)
106260775453,EXECUTE,1855,CYCLES,BACKEND,SUB-EVENT,Mul_61:OpId_1112 (cycles)
106260775453,EXECUTE,1880,CYCLES,BACKEND,SUB-EVENT,Mul_63:OpId_1114 (cycles)
106260775453,EXECUTE,3829,CYCLES,BACKEND,SUB-EVENT,Sub_0:OpId_1116 (cycles)
106260775453,EXECUTE,631,CYCLES,BACKEND,SUB-EVENT,Sub_converted_UFIXED_POINT_8:OpId_1118 (cycles)
106260775453,EXECUTE,4007,CYCLES,BACKEND,SUB-EVENT,Add_0:OpId_1121 (cycles)
106260775453,EXECUTE,1392,CYCLES,BACKEND,SUB-EVENT,Add_converted_UFIXED_POINT_8:OpId_1123 (cycles)
106260775453,EXECUTE,1934,CYCLES,BACKEND,SUB-EVENT,Sub_1:OpId_1126 (cycles)
106260775453,EXECUTE,445,CYCLES,BACKEND,SUB-EVENT,Sub_1_converted_UFIXED_POINT_8:OpId_1128 (cycles)
106260775453,EXECUTE,2639,CYCLES,BACKEND,SUB-EVENT,Add_1:OpId_1131 (cycles)
106260775453,EXECUTE,932,CYCLES,BACKEND,SUB-EVENT,Add_1_converted_UFIXED_POINT_8:OpId_1133 (cycles)
106260775453,EXECUTE,1854,CYCLES,BACKEND,SUB-EVENT,Sub_2:OpId_1136 (cycles)
106260775453,EXECUTE,2418,CYCLES,BACKEND,SUB-EVENT,Add_2:OpId_1138 (cycles)
106260775453,EXECUTE,1669,CYCLES,BACKEND,SUB-EVENT,Sub_3:OpId_1140 (cycles)
106260775453,EXECUTE,3164,CYCLES,BACKEND,SUB-EVENT,Add_4:OpId_1142 (cycles)
106260775453,EXECUTE,1659,CYCLES,BACKEND,SUB-EVENT,Sub_4:OpId_1144 (cycles)
106260775453,EXECUTE,2175,CYCLES,BACKEND,SUB-EVENT,Add_6:OpId_1146 (cycles)
106260775453,EXECUTE,1541,CYCLES,BACKEND,SUB-EVENT,Sub_5:OpId_1148 (cycles)
106260775453,EXECUTE,2420,CYCLES,BACKEND,SUB-EVENT,Add_8:OpId_1150 (cycles)
106260775453,EXECUTE,1732,CYCLES,BACKEND,SUB-EVENT,Sub_6:OpId_1152 (cycles)
106260775453,EXECUTE,2169,CYCLES,BACKEND,SUB-EVENT,Add_10:OpId_1154 (cycles)
106260775453,EXECUTE,1619,CYCLES,BACKEND,SUB-EVENT,Sub_7:OpId_1156 (cycles)
106260775453,EXECUTE,2266,CYCLES,BACKEND,SUB-EVENT,Add_12:OpId_1158 (cycles)
106260775453,EXECUTE,1483,CYCLES,BACKEND,SUB-EVENT,Sub_8:OpId_1160 (cycles)
106260775453,EXECUTE,2183,CYCLES,BACKEND,SUB-EVENT,Add_14:OpId_1162 (cycles)
106260775453,EXECUTE,1590,CYCLES,BACKEND,SUB-EVENT,Sub_9:OpId_1164 (cycles)
106260775453,EXECUTE,2270,CYCLES,BACKEND,SUB-EVENT,Add_16:OpId_1166 (cycles)
106260775453,EXECUTE,1459,CYCLES,BACKEND,SUB-EVENT,Sub_10:OpId_1168 (cycles)
106260775453,EXECUTE,2431,CYCLES,BACKEND,SUB-EVENT,Add_18:OpId_1170 (cycles)
106260775453,EXECUTE,1648,CYCLES,BACKEND,SUB-EVENT,Sub_11:OpId_1172 (cycles)
106260775453,EXECUTE,2298,CYCLES,BACKEND,SUB-EVENT,Add_20:OpId_1174 (cycles)
106260775453,EXECUTE,1573,CYCLES,BACKEND,SUB-EVENT,Sub_12:OpId_1176 (cycles)
106260775453,EXECUTE,2342,CYCLES,BACKEND,SUB-EVENT,Add_22:OpId_1178 (cycles)
106260775453,EXECUTE,1568,CYCLES,BACKEND,SUB-EVENT,Sub_13:OpId_1180 (cycles)
106260775453,EXECUTE,2656,CYCLES,BACKEND,SUB-EVENT,Add_24:OpId_1182 (cycles)
106260775453,EXECUTE,1541,CYCLES,BACKEND,SUB-EVENT,Sub_14:OpId_1184 (cycles)
106260775453,EXECUTE,2156,CYCLES,BACKEND,SUB-EVENT,Add_26:OpId_1186 (cycles)
106260775453,EXECUTE,1806,CYCLES,BACKEND,SUB-EVENT,Sub_15:OpId_1188 (cycles)
106260775453,EXECUTE,2501,CYCLES,BACKEND,SUB-EVENT,Add_28:OpId_1190 (cycles)
106260775453,EXECUTE,2252,CYCLES,BACKEND,SUB-EVENT,Concat_0:OpId_1192 (cycles)
106260775453,EXECUTE,1623,CYCLES,BACKEND,SUB-EVENT,Concat_1:OpId_1194 (cycles)
106260775453,EXECUTE,0,CYCLES,BACKEND,SUB-EVENT,Concat_6:OpId_1196 (cycles)
106260775453,EXECUTE,0,CYCLES,BACKEND,SUB-EVENT,Concat_7:OpId_1198 (cycles)
106260775453,EXECUTE,0,CYCLES,BACKEND,SUB-EVENT,Concat_8:OpId_1200 (cycles)
106260775453,EXECUTE,0,CYCLES,BACKEND,SUB-EVENT,Concat_9:OpId_1202 (cycles)
106260775453,EXECUTE,0,CYCLES,BACKEND,SUB-EVENT,Concat_10:OpId_1204 (cycles)
106260775453,EXECUTE,0,CYCLES,BACKEND,SUB-EVENT,Concat_11:OpId_1206 (cycles)
106260775453,EXECUTE,0,CYCLES,BACKEND,SUB-EVENT,Concat_12:OpId_1208 (cycles)
106260775453,EXECUTE,0,CYCLES,BACKEND,SUB-EVENT,Concat_13:OpId_1210 (cycles)
106260775453,EXECUTE,0,CYCLES,BACKEND,SUB-EVENT,Concat_14:OpId_1212 (cycles)
106260775453,EXECUTE,0,CYCLES,BACKEND,SUB-EVENT,Concat_15:OpId_1214 (cycles)
106260775453,EXECUTE,0,CYCLES,BACKEND,SUB-EVENT,Concat_16:OpId_1216 (cycles)
106260775453,EXECUTE,0,CYCLES,BACKEND,SUB-EVENT,Concat_17:OpId_1218 (cycles)
106260775453,EXECUTE,0,CYCLES,BACKEND,SUB-EVENT,Concat_18:OpId_1220 (cycles)
106260775453,EXECUTE,0,CYCLES,BACKEND,SUB-EVENT,Concat_19:OpId_1222 (cycles)
106260775453,EXECUTE,11865,CYCLES,BACKEND,SUB-EVENT,attn_0_head_0_key_Transpose_0:OpId_1225 (cycles)
106260775453,EXECUTE,4104,CYCLES,BACKEND,SUB-EVENT,attn_0_head_1_key_Transpose_0:OpId_1227 (cycles)
106260775453,EXECUTE,0,CYCLES,BACKEND,SUB-EVENT,Concat_2:OpId_1228 (cycles)
106260775453,EXECUTE,0,CYCLES,BACKEND,SUB-EVENT,Concat_4:OpId_1230 (cycles)
106260775453,EXECUTE,0,CYCLES,BACKEND,SUB-EVENT,Concat_20:OpId_1232 (cycles)
106260775453,EXECUTE,152488,CYCLES,BACKEND,SUB-EVENT,attn_0_head_0_qk_MatMul_0:OpId_1234 (cycles)
106260775453,EXECUTE,18986,CYCLES,BACKEND,SUB-EVENT,attn_0_head_1_qk_MatMul_0:OpId_1238 (cycles)
106260775453,EXECUTE,14563,CYCLES,BACKEND,SUB-EVENT,attn_0_head_2_qk_MatMul_0:OpId_1242 (cycles)
106260775453,EXECUTE,16266,CYCLES,BACKEND,SUB-EVENT,attn_0_head_3_qk_MatMul_0:OpId_1246 (cycles)
106260775453,EXECUTE,16323,CYCLES,BACKEND,SUB-EVENT,attn_0_head_4_qk_MatMul_0:OpId_1250 (cycles)
106260775453,EXECUTE,16777,CYCLES,BACKEND,SUB-EVENT,attn_0_head_5_qk_MatMul_0:OpId_1254 (cycles)
106260775453,EXECUTE,16296,CYCLES,BACKEND,SUB-EVENT,attn_0_head_6_qk_MatMul_0:OpId_1258 (cycles)
106260775453,EXECUTE,121064,CYCLES,BACKEND,SUB-EVENT,attn_0_head_7_qk_MatMul_0:OpId_1262 (cycles)
106260775453,EXECUTE,16414,CYCLES,BACKEND,SUB-EVENT,attn_0_head_8_qk_MatMul_0:OpId_1266 (cycles)
106260775453,EXECUTE,16464,CYCLES,BACKEND,SUB-EVENT,attn_0_head_9_qk_MatMul_0:OpId_1270 (cycles)
106260775453,EXECUTE,16725,CYCLES,BACKEND,SUB-EVENT,attn_0_head_10_qk_MatMul_0:OpId_1274 (cycles)
106260775453,EXECUTE,14852,CYCLES,BACKEND,SUB-EVENT,attn_0_head_11_qk_MatMul_0:OpId_1278 (cycles)
106260775453,EXECUTE,17009,CYCLES,BACKEND,SUB-EVENT,attn_0_head_12_qk_MatMul_0:OpId_1282 (cycles)
106260775453,EXECUTE,16287,CYCLES,BACKEND,SUB-EVENT,attn_0_head_13_qk_MatMul_0:OpId_1286 (cycles)
106260775453,EXECUTE,56524,CYCLES,BACKEND,SUB-EVENT,Add_3:OpId_1290 (cycles)
106260775453,EXECUTE,65933,CYCLES,BACKEND,SUB-EVENT,Add_5:OpId_1292 (cycles)
106260775453,EXECUTE,72008,CYCLES,BACKEND,SUB-EVENT,Add_7:OpId_1294 (cycles)
106260775453,EXECUTE,54939,CYCLES,BACKEND,SUB-EVENT,Add_9:OpId_1296 (cycles)
106260775453,EXECUTE,64560,CYCLES,BACKEND,SUB-EVENT,Add_11:OpId_1298 (cycles)
106260775453,EXECUTE,65716,CYCLES,BACKEND,SUB-EVENT,Add_13:OpId_1300 (cycles)
106260775453,EXECUTE,56822,CYCLES,BACKEND,SUB-EVENT,Add_15:OpId_1302 (cycles)
106260775453,EXECUTE,66099,CYCLES,BACKEND,SUB-EVENT,Add_17:OpId_1304 (cycles)
106260775453,EXECUTE,75953,CYCLES,BACKEND,SUB-EVENT,Add_19:OpId_1306 (cycles)
106260775453,EXECUTE,63014,CYCLES,BACKEND,SUB-EVENT,Add_21:OpId_1308 (cycles)
106260775453,EXECUTE,63148,CYCLES,BACKEND,SUB-EVENT,Add_23:OpId_1310 (cycles)
106260775453,EXECUTE,63267,CYCLES,BACKEND,SUB-EVENT,Add_25:OpId_1312 (cycles)
106260775453,EXECUTE,64701,CYCLES,BACKEND,SUB-EVENT,Add_27:OpId_1314 (cycles)
106260775453,EXECUTE,67195,CYCLES,BACKEND,SUB-EVENT,Add_29:OpId_1316 (cycles)
106260775453,EXECUTE,182166,CYCLES,BACKEND,SUB-EVENT,attn_0_head_0_Softmax_0:OpId_1318 (cycles)
106260775453,EXECUTE,162744,CYCLES,BACKEND,SUB-EVENT,attn_0_head_1_Softmax_0:OpId_1321 (cycles)
106260775453,EXECUTE,149923,CYCLES,BACKEND,SUB-EVENT,attn_0_head_2_Softmax_0:OpId_1324 (cycles)
106260775453,EXECUTE,157359,CYCLES,BACKEND,SUB-EVENT,attn_0_head_3_Softmax_0:OpId_1327 (cycles)
106260775453,EXECUTE,163556,CYCLES,BACKEND,SUB-EVENT,attn_0_head_4_Softmax_0:OpId_1330 (cycles)
106260775453,EXECUTE,149173,CYCLES,BACKEND,SUB-EVENT,attn_0_head_5_Softmax_0:OpId_1333 (cycles)
106260775453,EXECUTE,157978,CYCLES,BACKEND,SUB-EVENT,attn_0_head_6_Softmax_0:OpId_1336 (cycles)
106260775453,EXECUTE,155969,CYCLES,BACKEND,SUB-EVENT,attn_0_head_7_Softmax_0:OpId_1339 (cycles)
106260775453,EXECUTE,148738,CYCLES,BACKEND,SUB-EVENT,attn_0_head_8_Softmax_0:OpId_1342 (cycles)
106260775453,EXECUTE,167237,CYCLES,BACKEND,SUB-EVENT,attn_0_head_9_Softmax_0:OpId_1345 (cycles)
106260775453,EXECUTE,150312,CYCLES,BACKEND,SUB-EVENT,attn_0_head_10_Softmax_0:OpId_1348 (cycles)
106260775453,EXECUTE,156129,CYCLES,BACKEND,SUB-EVENT,attn_0_head_11_Softmax_0:OpId_1351 (cycles)
106260775453,EXECUTE,158980,CYCLES,BACKEND,SUB-EVENT,attn_0_head_12_Softmax_0:OpId_1354 (cycles)
106260775453,EXECUTE,152650,CYCLES,BACKEND,SUB-EVENT,attn_0_head_13_Softmax_0:OpId_1357 (cycles)
106260775453,EXECUTE,40008,CYCLES,BACKEND,SUB-EVENT,attn_0_head_0_qkv_MatMul_0:OpId_1360 (cycles)
106260775453,EXECUTE,5314,CYCLES,BACKEND,SUB-EVENT,attn_0_head_1_qkv_MatMul_0:OpId_1364 (cycles)
106260775453,EXECUTE,5143,CYCLES,BACKEND,SUB-EVENT,attn_0_head_2_qkv_MatMul_0:OpId_1368 (cycles)
106260775453,EXECUTE,4662,CYCLES,BACKEND,SUB-EVENT,attn_0_head_3_qkv_MatMul_0:OpId_1372 (cycles)
106260775453,EXECUTE,5202,CYCLES,BACKEND,SUB-EVENT,attn_0_head_4_qkv_MatMul_0:OpId_1376 (cycles)
106260775453,EXECUTE,5064,CYCLES,BACKEND,SUB-EVENT,attn_0_head_5_qkv_MatMul_0:OpId_1380 (cycles)
106260775453,EXECUTE,4928,CYCLES,BACKEND,SUB-EVENT,attn_0_head_6_qkv_MatMul_0:OpId_1384 (cycles)
106260775453,EXECUTE,40847,CYCLES,BACKEND,SUB-EVENT,attn_0_head_7_qkv_MatMul_0:OpId_1388 (cycles)
106260775453,EXECUTE,5354,CYCLES,BACKEND,SUB-EVENT,attn_0_head_8_qkv_MatMul_0:OpId_1392 (cycles)
106260775453,EXECUTE,5404,CYCLES,BACKEND,SUB-EVENT,attn_0_head_9_qkv_MatMul_0:OpId_1396 (cycles)
106260775453,EXECUTE,4840,CYCLES,BACKEND,SUB-EVENT,attn_0_head_10_qkv_MatMul_0:OpId_1400 (cycles)
106260775453,EXECUTE,5214,CYCLES,BACKEND,SUB-EVENT,attn_0_head_11_qkv_MatMul_0:OpId_1404 (cycles)
106260775453,EXECUTE,4282,CYCLES,BACKEND,SUB-EVENT,attn_0_head_12_qkv_MatMul_0:OpId_1408 (cycles)
106260775453,EXECUTE,5118,CYCLES,BACKEND,SUB-EVENT,attn_0_head_13_qkv_MatMul_0:OpId_1412 (cycles)
106260775453,EXECUTE,0,CYCLES,BACKEND,SUB-EVENT,Concat_22:OpId_1416 (cycles)
106260775453,EXECUTE,0,CYCLES,BACKEND,SUB-EVENT,Reshape_2:OpId_1418 (cycles)
106260775453,EXECUTE,0,CYCLES,BACKEND,SUB-EVENT,model_layers_0_self_attn_Transpose_6:OpId_1420 (cycles)
106260775453,EXECUTE,23047,CYCLES,BACKEND,SUB-EVENT,model_layers_0_self_attn_o_proj_conv_Conv:OpId_1428 (cycles)
106260775453,EXECUTE,0,CYCLES,BACKEND,SUB-EVENT,/model_layers_0_self_attn_o_proj_conv_Conv/Conv_output_0.nchw:OpId_1432 (cycles)
106260775453,EXECUTE,0,CYCLES,BACKEND,SUB-EVENT,model_layers_0_self_attn_Reshape_9:OpId_1433 (cycles)
106260775453,EXECUTE,25925,CYCLES,BACKEND,SUB-EVENT,model_layers_0_Add:OpId_1434 (cycles)
106260775453,EXECUTE,98316,CYCLES,BACKEND,SUB-EVENT,rms_norm_0:OpId_1439 (cycles)
106260775453,EXECUTE,0,CYCLES,BACKEND,SUB-EVENT,model_layers_0_mlp_Reshape:OpId_1442 (cycles)
106260775453,EXECUTE,0,CYCLES,BACKEND,SUB-EVENT,model_layers_0_mlp_Transpose:OpId_1444 (cycles)
106260775453,EXECUTE,135796,CYCLES,BACKEND,SUB-EVENT,model_layers_0_mlp_gate_proj_conv_Conv:OpId_1452 (cycles)
106260775453,EXECUTE,139027,CYCLES,BACKEND,SUB-EVENT,model_layers_0_mlp_up_proj_conv_Conv:OpId_1462 (cycles)
106260775453,EXECUTE,0,CYCLES,BACKEND,SUB-EVENT,model_layers_0_mlp_act_fn_Sigmoid:OpId_1465 (cycles)
106260775453,EXECUTE,414477,CYCLES,BACKEND,SUB-EVENT,model_layers_0_mlp_act_fn_Mul:OpId_1472 (cycles)
106260775453,EXECUTE,201969,CYCLES,BACKEND,SUB-EVENT,model_layers_0_mlp_Mul:OpId_1474 (cycles)
106260775453,EXECUTE,79325,CYCLES,BACKEND,SUB-EVENT,model_layers_0_mlp_down_proj_conv_Conv:OpId_1483 (cycles)
106260775453,EXECUTE,0,CYCLES,BACKEND,SUB-EVENT,/model_layers_0_mlp_down_proj_conv_Conv/Conv_output_0.nchw:OpId_1487 (cycles)
106260775453,EXECUTE,0,CYCLES,BACKEND,SUB-EVENT,model_layers_0_mlp_Reshape_1:OpId_1488 (cycles)
106260775453,EXECUTE,14843,CYCLES,BACKEND,SUB-EVENT,model_layers_0_Add_1:OpId_1489 (cycles)
106260775453,EXECUTE,91729,CYCLES,BACKEND,SUB-EVENT,rms_norm_2:OpId_1494 (cycles)
106260775453,EXECUTE,0,CYCLES,BACKEND,SUB-EVENT,model_layers_1_self_attn_Reshape:OpId_1497 (cycles)
106260775453,EXECUTE,0,CYCLES,BACKEND,SUB-EVENT,model_layers_1_self_attn_Transpose:OpId_1499 (cycles)
106260775453,EXECUTE,2708,CYCLES,BACKEND,SUB-EVENT,attn_1_head_0_key_Conv:OpId_1507 (cycles)
106260775453,EXECUTE,1677,CYCLES,BACKEND,SUB-EVENT,attn_1_head_0_value_Conv:OpId_1517 (cycles)
106260775453,EXECUTE,1602,CYCLES,BACKEND,SUB-EVENT,attn_1_head_0_value_Transpose/output_converted_UFIXED_POINT_8:OpId_1520 (cycles)
106260775453,EXECUTE,2720,CYCLES,BACKEND,SUB-EVENT,attn_1_head_1_key_Conv:OpId_1530 (cycles)
106260775453,EXECUTE,1605,CYCLES,BACKEND,SUB-EVENT,attn_1_head_1_value_Conv:OpId_1540 (cycles)
106260775453,EXECUTE,1816,CYCLES,BACKEND,SUB-EVENT,attn_1_head_1_value_Transpose/output_converted_UFIXED_POINT_8:OpId_1543 (cycles)
106260775453,EXECUTE,2427,CYCLES,BACKEND,SUB-EVENT,attn_1_head_0_query_Conv:OpId_1553 (cycles)
106260775453,EXECUTE,2548,CYCLES,BACKEND,SUB-EVENT,attn_1_head_1_query_Conv:OpId_1563 (cycles)
106260775453,EXECUTE,2698,CYCLES,BACKEND,SUB-EVENT,attn_1_head_2_query_Conv:OpId_1573 (cycles)
106260775453,EXECUTE,3064,CYCLES,BACKEND,SUB-EVENT,attn_1_head_3_query_Conv:OpId_1583 (cycles)
106260775453,EXECUTE,3904,CYCLES,BACKEND,SUB-EVENT,attn_1_head_4_query_Conv:OpId_1593 (cycles)
106260775453,EXECUTE,3417,CYCLES,BACKEND,SUB-EVENT,attn_1_head_5_query_Conv:OpId_1603 (cycles)
106260775453,EXECUTE,3339,CYCLES,BACKEND,SUB-EVENT,attn_1_head_6_query_Conv:OpId_1613 (cycles)
106260775453,EXECUTE,3204,CYCLES,BACKEND,SUB-EVENT,attn_1_head_7_query_Conv:OpId_1623 (cycles)
106260775453,EXECUTE,3674,CYCLES,BACKEND,SUB-EVENT,attn_1_head_8_query_Conv:OpId_1633 (cycles)
106260775453,EXECUTE,3286,CYCLES,BACKEND,SUB-EVENT,attn_1_head_9_query_Conv:OpId_1643 (cycles)
106260775453,EXECUTE,3089,CYCLES,BACKEND,SUB-EVENT,attn_1_head_10_query_Conv:OpId_1653 (cycles)
106260775453,EXECUTE,3389,CYCLES,BACKEND,SUB-EVENT,attn_1_head_11_query_Conv:OpId_1663 (cycles)
106260775453,EXECUTE,4005,CYCLES,BACKEND,SUB-EVENT,attn_1_head_12_query_Conv:OpId_1673 (cycles)
106260775453,EXECUTE,3117,CYCLES,BACKEND,SUB-EVENT,attn_1_head_13_query_Conv:OpId_1683 (cycles)
106260775453,EXECUTE,2250,CYCLES,BACKEND,SUB-EVENT,Slice_36:OpId_1687 (cycles)
106260775453,EXECUTE,2145,CYCLES,BACKEND,SUB-EVENT,Slice_37:OpId_1693 (cycles)
106260775453,EXECUTE,1750,CYCLES,BACKEND,SUB-EVENT,Slice_38:OpId_1699 (cycles)
106260775453,EXECUTE,1749,CYCLES,BACKEND,SUB-EVENT,Slice_39:OpId_1705 (cycles)
106260775453,EXECUTE,0,CYCLES,BACKEND,SUB-EVENT,Concat_44:OpId_1710 (cycles)
106260775453,EXECUTE,2138,CYCLES,BACKEND,SUB-EVENT,Slice_44:OpId_1713 (cycles)
106260775453,EXECUTE,2085,CYCLES,BACKEND,SUB-EVENT,Slice_45:OpId_1719 (cycles)
106260775453,EXECUTE,1787,CYCLES,BACKEND,SUB-EVENT,Slice_46:OpId_1725 (cycles)
106260775453,EXECUTE,1752,CYCLES,BACKEND,SUB-EVENT,Slice_47:OpId_1731 (cycles)
106260775453,EXECUTE,1686,CYCLES,BACKEND,SUB-EVENT,Slice_48:OpId_1737 (cycles)
106260775453,EXECUTE,1737,CYCLES,BACKEND,SUB-EVENT,Slice_49:OpId_1743 (cycles)
106260775453,EXECUTE,2039,CYCLES,BACKEND,SUB-EVENT,Slice_50:OpId_1749 (cycles)
106260775453,EXECUTE,1854,CYCLES,BACKEND,SUB-EVENT,Slice_51:OpId_1755 (cycles)
106260775453,EXECUTE,2239,CYCLES,BACKEND,SUB-EVENT,Slice_52:OpId_1761 (cycles)
106260775453,EXECUTE,2906,CYCLES,BACKEND,SUB-EVENT,Slice_53:OpId_1767 (cycles)
106260775453,EXECUTE,2068,CYCLES,BACKEND,SUB-EVENT,Slice_54:OpId_1773 (cycles)
106260775453,EXECUTE,1750,CYCLES,BACKEND,SUB-EVENT,Slice_55:OpId_1779 (cycles)
106260775453,EXECUTE,1842,CYCLES,BACKEND,SUB-EVENT,Slice_56:OpId_1785 (cycles)
106260775453,EXECUTE,1805,CYCLES,BACKEND,SUB-EVENT,Slice_57:OpId_1791 (cycles)
106260775453,EXECUTE,1976,CYCLES,BACKEND,SUB-EVENT,Slice_58:OpId_1797 (cycles)
106260775453,EXECUTE,1805,CYCLES,BACKEND,SUB-EVENT,Slice_59:OpId_1803 (cycles)
106260775453,EXECUTE,1839,CYCLES,BACKEND,SUB-EVENT,Slice_60:OpId_1809 (cycles)
106260775453,EXECUTE,1827,CYCLES,BACKEND,SUB-EVENT,Slice_61:OpId_1815 (cycles)
106260775453,EXECUTE,1796,CYCLES,BACKEND,SUB-EVENT,Slice_62:OpId_1821 (cycles)
106260775453,EXECUTE,1717,CYCLES,BACKEND,SUB-EVENT,Slice_63:OpId_1827 (cycles)
106260775453,EXECUTE,2036,CYCLES,BACKEND,SUB-EVENT,Slice_64:OpId_1833 (cycles)
106260775453,EXECUTE,1968,CYCLES,BACKEND,SUB-EVENT,Slice_65:OpId_1839 (cycles)
106260775453,EXECUTE,1922,CYCLES,BACKEND,SUB-EVENT,Slice_66:OpId_1845 (cycles)
106260775453,EXECUTE,1916,CYCLES,BACKEND,SUB-EVENT,Slice_67:OpId_1851 (cycles)
106260775453,EXECUTE,1910,CYCLES,BACKEND,SUB-EVENT,Slice_68:OpId_1857 (cycles)
106260775453,EXECUTE,2094,CYCLES,BACKEND,SUB-EVENT,Slice_69:OpId_1863 (cycles)
106260775453,EXECUTE,2041,CYCLES,BACKEND,SUB-EVENT,Slice_70:OpId_1869 (cycles)
106260775453,EXECUTE,1876,CYCLES,BACKEND,SUB-EVENT,Slice_71:OpId_1875 (cycles)
106260775453,EXECUTE,7247,CYCLES,BACKEND,SUB-EVENT,Concat_26:OpId_1880 (cycles)
106260775453,EXECUTE,7653,CYCLES,BACKEND,SUB-EVENT,Concat_28:OpId_1882 (cycles)
106260775453,EXECUTE,2040,CYCLES,BACKEND,SUB-EVENT,Mul_64:OpId_1884 (cycles)
106260775453,EXECUTE,1689,CYCLES,BACKEND,SUB-EVENT,Mul_66:OpId_1886 (cycles)
106260775453,EXECUTE,1702,CYCLES,BACKEND,SUB-EVENT,Mul_65:OpId_1888 (cycles)
106260775453,EXECUTE,1628,CYCLES,BACKEND,SUB-EVENT,Mul_67:OpId_1890 (cycles)
106260775453,EXECUTE,1406,CYCLES,BACKEND,SUB-EVENT,Mul_68:OpId_1892 (cycles)
106260775453,EXECUTE,1414,CYCLES,BACKEND,SUB-EVENT,Mul_70:OpId_1894 (cycles)
106260775453,EXECUTE,1454,CYCLES,BACKEND,SUB-EVENT,Mul_69:OpId_1896 (cycles)
106260775453,EXECUTE,1426,CYCLES,BACKEND,SUB-EVENT,Mul_71:OpId_1898 (cycles)
106260775453,EXECUTE,1667,CYCLES,BACKEND,SUB-EVENT,Mul_72:OpId_1900 (cycles)
106260775453,EXECUTE,1692,CYCLES,BACKEND,SUB-EVENT,Mul_74:OpId_1902 (cycles)
106260775453,EXECUTE,1581,CYCLES,BACKEND,SUB-EVENT,Mul_73:OpId_1904 (cycles)
106260775453,EXECUTE,1577,CYCLES,BACKEND,SUB-EVENT,Mul_75:OpId_1906 (cycles)
106260775453,EXECUTE,1434,CYCLES,BACKEND,SUB-EVENT,Mul_76:OpId_1908 (cycles)
106260775453,EXECUTE,1488,CYCLES,BACKEND,SUB-EVENT,Mul_78:OpId_1910 (cycles)
106260775453,EXECUTE,1388,CYCLES,BACKEND,SUB-EVENT,Mul_77:OpId_1912 (cycles)
106260775453,EXECUTE,1415,CYCLES,BACKEND,SUB-EVENT,Mul_79:OpId_1914 (cycles)
106260775453,EXECUTE,1443,CYCLES,BACKEND,SUB-EVENT,Mul_80:OpId_1916 (cycles)
106260775453,EXECUTE,1439,CYCLES,BACKEND,SUB-EVENT,Mul_82:OpId_1918 (cycles)
106260775453,EXECUTE,1460,CYCLES,BACKEND,SUB-EVENT,Mul_81:OpId_1920 (cycles)
106260775453,EXECUTE,1441,CYCLES,BACKEND,SUB-EVENT,Mul_83:OpId_1922 (cycles)
106260775453,EXECUTE,1468,CYCLES,BACKEND,SUB-EVENT,Mul_84:OpId_1924 (cycles)
106260775453,EXECUTE,1501,CYCLES,BACKEND,SUB-EVENT,Mul_86:OpId_1926 (cycles)
106260775453,EXECUTE,1419,CYCLES,BACKEND,SUB-EVENT,Mul_85:OpId_1928 (cycles)
106260775453,EXECUTE,1418,CYCLES,BACKEND,SUB-EVENT,Mul_87:OpId_1930 (cycles)
106260775453,EXECUTE,1458,CYCLES,BACKEND,SUB-EVENT,Mul_88:OpId_1932 (cycles)
106260775453,EXECUTE,1572,CYCLES,BACKEND,SUB-EVENT,Mul_90:OpId_1934 (cycles)
106260775453,EXECUTE,1571,CYCLES,BACKEND,SUB-EVENT,Mul_89:OpId_1936 (cycles)
106260775453,EXECUTE,1438,CYCLES,BACKEND,SUB-EVENT,Mul_91:OpId_1938 (cycles)
106260775453,EXECUTE,1446,CYCLES,BACKEND,SUB-EVENT,Mul_92:OpId_1940 (cycles)
106260775453,EXECUTE,1464,CYCLES,BACKEND,SUB-EVENT,Mul_94:OpId_1942 (cycles)
106260775453,EXECUTE,1416,CYCLES,BACKEND,SUB-EVENT,Mul_93:OpId_1944 (cycles)
106260775453,EXECUTE,1440,CYCLES,BACKEND,SUB-EVENT,Mul_95:OpId_1946 (cycles)
106260775453,EXECUTE,1413,CYCLES,BACKEND,SUB-EVENT,Mul_96:OpId_1948 (cycles)
106260775453,EXECUTE,1479,CYCLES,BACKEND,SUB-EVENT,Mul_98:OpId_1950 (cycles)
106260775453,EXECUTE,1441,CYCLES,BACKEND,SUB-EVENT,Mul_97:OpId_1952 (cycles)
106260775453,EXECUTE,1419,CYCLES,BACKEND,SUB-EVENT,Mul_99:OpId_1954 (cycles)
106260775453,EXECUTE,1428,CYCLES,BACKEND,SUB-EVENT,Mul_100:OpId_1956 (cycles)
106260775453,EXECUTE,1484,CYCLES,BACKEND,SUB-EVENT,Mul_102:OpId_1958 (cycles)
106260775453,EXECUTE,1441,CYCLES,BACKEND,SUB-EVENT,Mul_101:OpId_1960 (cycles)
106260775453,EXECUTE,1443,CYCLES,BACKEND,SUB-EVENT,Mul_103:OpId_1962 (cycles)
106260775453,EXECUTE,1851,CYCLES,BACKEND,SUB-EVENT,Mul_104:OpId_1964 (cycles)
106260775453,EXECUTE,1952,CYCLES,BACKEND,SUB-EVENT,Mul_106:OpId_1966 (cycles)
106260775453,EXECUTE,1713,CYCLES,BACKEND,SUB-EVENT,Mul_105:OpId_1968 (cycles)
106260775453,EXECUTE,1945,CYCLES,BACKEND,SUB-EVENT,Mul_107:OpId_1970 (cycles)
106260775453,EXECUTE,1416,CYCLES,BACKEND,SUB-EVENT,Mul_108:OpId_1972 (cycles)
106260775453,EXECUTE,1440,CYCLES,BACKEND,SUB-EVENT,Mul_110:OpId_1974 (cycles)
106260775453,EXECUTE,1581,CYCLES,BACKEND,SUB-EVENT,Mul_109:OpId_1976 (cycles)
106260775453,EXECUTE,1483,CYCLES,BACKEND,SUB-EVENT,Mul_111:OpId_1978 (cycles)
106260775453,EXECUTE,1491,CYCLES,BACKEND,SUB-EVENT,Mul_112:OpId_1980 (cycles)
106260775453,EXECUTE,1704,CYCLES,BACKEND,SUB-EVENT,Mul_114:OpId_1982 (cycles)
106260775453,EXECUTE,1485,CYCLES,BACKEND,SUB-EVENT,Mul_113:OpId_1984 (cycles)
106260775453,EXECUTE,1672,CYCLES,BACKEND,SUB-EVENT,Mul_115:OpId_1986 (cycles)
106260775453,EXECUTE,1714,CYCLES,BACKEND,SUB-EVENT,Mul_116:OpId_1988 (cycles)
106260775453,EXECUTE,1744,CYCLES,BACKEND,SUB-EVENT,Mul_118:OpId_1990 (cycles)
106260775453,EXECUTE,1531,CYCLES,BACKEND,SUB-EVENT,Mul_117:OpId_1992 (cycles)
106260775453,EXECUTE,1533,CYCLES,BACKEND,SUB-EVENT,Mul_119:OpId_1994 (cycles)
106260775453,EXECUTE,1661,CYCLES,BACKEND,SUB-EVENT,Mul_120:OpId_1996 (cycles)
106260775453,EXECUTE,1503,CYCLES,BACKEND,SUB-EVENT,Mul_122:OpId_1998 (cycles)
106260775453,EXECUTE,1629,CYCLES,BACKEND,SUB-EVENT,Mul_121:OpId_2000 (cycles)
106260775453,EXECUTE,1457,CYCLES,BACKEND,SUB-EVENT,Mul_123:OpId_2002 (cycles)
106260775453,EXECUTE,1540,CYCLES,BACKEND,SUB-EVENT,Mul_124:OpId_2004 (cycles)
106260775453,EXECUTE,1557,CYCLES,BACKEND,SUB-EVENT,Mul_126:OpId_2006 (cycles)
106260775453,EXECUTE,1703,CYCLES,BACKEND,SUB-EVENT,Mul_125:OpId_2008 (cycles)
106260775453,EXECUTE,1745,CYCLES,BACKEND,SUB-EVENT,Mul_127:OpId_2010 (cycles)
106260775453,EXECUTE,1740,CYCLES,BACKEND,SUB-EVENT,Sub_16:OpId_2012 (cycles)
106260775453,EXECUTE,493,CYCLES,BACKEND,SUB-EVENT,Sub_16_converted_UFIXED_POINT_8:OpId_2014 (cycles)
106260775453,EXECUTE,1783,CYCLES,BACKEND,SUB-EVENT,Add_30:OpId_2017 (cycles)
106260775453,EXECUTE,488,CYCLES,BACKEND,SUB-EVENT,Add_30_converted_UFIXED_POINT_8:OpId_2019 (cycles)
106260775453,EXECUTE,1495,CYCLES,BACKEND,SUB-EVENT,Sub_17:OpId_2022 (cycles)
106260775453,EXECUTE,492,CYCLES,BACKEND,SUB-EVENT,Sub_17_converted_UFIXED_POINT_8:OpId_2024 (cycles)
106260775453,EXECUTE,1541,CYCLES,BACKEND,SUB-EVENT,Add_31:OpId_2027 (cycles)
106260775453,EXECUTE,443,CYCLES,BACKEND,SUB-EVENT,Add_31_converted_UFIXED_POINT_8:OpId_2029 (cycles)
106260775453,EXECUTE,1641,CYCLES,BACKEND,SUB-EVENT,Sub_18:OpId_2032 (cycles)
106260775453,EXECUTE,2395,CYCLES,BACKEND,SUB-EVENT,Add_32:OpId_2034 (cycles)
106260775453,EXECUTE,1667,CYCLES,BACKEND,SUB-EVENT,Sub_19:OpId_2036 (cycles)
106260775453,EXECUTE,2205,CYCLES,BACKEND,SUB-EVENT,Add_34:OpId_2038 (cycles)
106260775453,EXECUTE,1549,CYCLES,BACKEND,SUB-EVENT,Sub_20:OpId_2040 (cycles)
106260775453,EXECUTE,2200,CYCLES,BACKEND,SUB-EVENT,Add_36:OpId_2042 (cycles)
106260775453,EXECUTE,1526,CYCLES,BACKEND,SUB-EVENT,Sub_21:OpId_2044 (cycles)
106260775453,EXECUTE,2277,CYCLES,BACKEND,SUB-EVENT,Add_38:OpId_2046 (cycles)
106260775453,EXECUTE,1512,CYCLES,BACKEND,SUB-EVENT,Sub_22:OpId_2048 (cycles)
106260775453,EXECUTE,2196,CYCLES,BACKEND,SUB-EVENT,Add_40:OpId_2050 (cycles)
106260775453,EXECUTE,1491,CYCLES,BACKEND,SUB-EVENT,Sub_23:OpId_2052 (cycles)
106260775453,EXECUTE,2169,CYCLES,BACKEND,SUB-EVENT,Add_42:OpId_2054 (cycles)
106260775453,EXECUTE,1508,CYCLES,BACKEND,SUB-EVENT,Sub_24:OpId_2056 (cycles)
106260775453,EXECUTE,2594,CYCLES,BACKEND,SUB-EVENT,Add_44:OpId_2058 (cycles)
106260775453,EXECUTE,1699,CYCLES,BACKEND,SUB-EVENT,Sub_25:OpId_2060 (cycles)
106260775453,EXECUTE,2259,CYCLES,BACKEND,SUB-EVENT,Add_46:OpId_2062 (cycles)
106260775453,EXECUTE,1552,CYCLES,BACKEND,SUB-EVENT,Sub_26:OpId_2064 (cycles)
106260775453,EXECUTE,2187,CYCLES,BACKEND,SUB-EVENT,Add_48:OpId_2066 (cycles)
106260775453,EXECUTE,1869,CYCLES,BACKEND,SUB-EVENT,Sub_27:OpId_2068 (cycles)
106260775453,EXECUTE,2229,CYCLES,BACKEND,SUB-EVENT,Add_50:OpId_2070 (cycles)
106260775453,EXECUTE,1578,CYCLES,BACKEND,SUB-EVENT,Sub_28:OpId_2072 (cycles)
106260775453,EXECUTE,2275,CYCLES,BACKEND,SUB-EVENT,Add_52:OpId_2074 (cycles)
106260775453,EXECUTE,1539,CYCLES,BACKEND,SUB-EVENT,Sub_29:OpId_2076 (cycles)
106260775453,EXECUTE,2470,CYCLES,BACKEND,SUB-EVENT,Add_54:OpId_2078 (cycles)
106260775453,EXECUTE,1532,CYCLES,BACKEND,SUB-EVENT,Sub_30:OpId_2080 (cycles)
106260775453,EXECUTE,2420,CYCLES,BACKEND,SUB-EVENT,Add_56:OpId_2082 (cycles)
106260775453,EXECUTE,1644,CYCLES,BACKEND,SUB-EVENT,Sub_31:OpId_2084 (cycles)
106260775453,EXECUTE,2275,CYCLES,BACKEND,SUB-EVENT,Add_58:OpId_2086 (cycles)
106260775453,EXECUTE,1642,CYCLES,BACKEND,SUB-EVENT,Concat_23:OpId_2088 (cycles)
106260775453,EXECUTE,1551,CYCLES,BACKEND,SUB-EVENT,Concat_24:OpId_2090 (cycles)
106260775453,EXECUTE,0,CYCLES,BACKEND,SUB-EVENT,Concat_29:OpId_2092 (cycles)
106260775453,EXECUTE,0,CYCLES,BACKEND,SUB-EVENT,Concat_30:OpId_2094 (cycles)
106260775453,EXECUTE,0,CYCLES,BACKEND,SUB-EVENT,Concat_31:OpId_2096 (cycles)
106260775453,EXECUTE,0,CYCLES,BACKEND,SUB-EVENT,Concat_32:OpId_2098 (cycles)
106260775453,EXECUTE,0,CYCLES,BACKEND,SUB-EVENT,Concat_33:OpId_2100 (cycles)
106260775453,EXECUTE,0,CYCLES,BACKEND,SUB-EVENT,Concat_34:OpId_2102 (cycles)
106260775453,EXECUTE,0,CYCLES,BACKEND,SUB-EVENT,Concat_35:OpId_2104 (cycles)
106260775453,EXECUTE,0,CYCLES,BACKEND,SUB-EVENT,Concat_36:OpId_2106 (cycles)
106260775453,EXECUTE,0,CYCLES,BACKEND,SUB-EVENT,Concat_37:OpId_2108 (cycles)
106260775453,EXECUTE,0,CYCLES,BACKEND,SUB-EVENT,Concat_38:OpId_2110 (cycles)
106260775453,EXECUTE,0,CYCLES,BACKEND,SUB-EVENT,Concat_39:OpId_2112 (cycles)
106260775453,EXECUTE,0,CYCLES,BACKEND,SUB-EVENT,Concat_40:OpId_2114 (cycles)
106260775453,EXECUTE,0,CYCLES,BACKEND,SUB-EVENT,Concat_41:OpId_2116 (cycles)
106260775453,EXECUTE,0,CYCLES,BACKEND,SUB-EVENT,Concat_42:OpId_2118 (cycles)
106260775453,EXECUTE,5423,CYCLES,BACKEND,SUB-EVENT,attn_1_head_0_key_Transpose_0:OpId_2121 (cycles)
106260775453,EXECUTE,4877,CYCLES,BACKEND,SUB-EVENT,attn_1_head_1_key_Transpose_0:OpId_2123 (cycles)
106260775453,EXECUTE,0,CYCLES,BACKEND,SUB-EVENT,Concat_25:OpId_2124 (cycles)
106260775453,EXECUTE,0,CYCLES,BACKEND,SUB-EVENT,Concat_27:OpId_2126 (cycles)
106260775453,EXECUTE,0,CYCLES,BACKEND,SUB-EVENT,Concat_43:OpId_2128 (cycles)
106260775453,EXECUTE,133883,CYCLES,BACKEND,SUB-EVENT,attn_1_head_0_qk_MatMul_0:OpId_2130 (cycles)
106260775453,EXECUTE,16897,CYCLES,BACKEND,SUB-EVENT,attn_1_head_1_qk_MatMul_0:OpId_2134 (cycles)
106260775453,EXECUTE,16551,CYCLES,BACKEND,SUB-EVENT,attn_1_head_2_qk_MatMul_0:OpId_2138 (cycles)
106260775453,EXECUTE,16428,CYCLES,BACKEND,SUB-EVENT,attn_1_head_3_qk_MatMul_0:OpId_2142 (cycles)
106260775453,EXECUTE,15780,CYCLES,BACKEND,SUB-EVENT,attn_1_head_4_qk_MatMul_0:OpId_2146 (cycles)
106260775453,EXECUTE,16762,CYCLES,BACKEND,SUB-EVENT,attn_1_head_5_qk_MatMul_0:OpId_2150 (cycles)
106260775453,EXECUTE,16256,CYCLES,BACKEND,SUB-EVENT,attn_1_head_6_qk_MatMul_0:OpId_2154 (cycles)
106260775453,EXECUTE,133477,CYCLES,BACKEND,SUB-EVENT,attn_1_head_7_qk_MatMul_0:OpId_2158 (cycles)
106260775453,EXECUTE,16655,CYCLES,BACKEND,SUB-EVENT,attn_1_head_8_qk_MatMul_0:OpId_2162 (cycles)
106260775453,EXECUTE,16697,CYCLES,BACKEND,SUB-EVENT,attn_1_head_9_qk_MatMul_0:OpId_2166 (cycles)
106260775453,EXECUTE,17482,CYCLES,BACKEND,SUB-EVENT,attn_1_head_10_qk_MatMul_0:OpId_2170 (cycles)
106260775453,EXECUTE,15382,CYCLES,BACKEND,SUB-EVENT,attn_1_head_11_qk_MatMul_0:OpId_2174 (cycles)
106260775453,EXECUTE,16771,CYCLES,BACKEND,SUB-EVENT,attn_1_head_12_qk_MatMul_0:OpId_2178 (cycles)
106260775453,EXECUTE,15955,CYCLES,BACKEND,SUB-EVENT,attn_1_head_13_qk_MatMul_0:OpId_2182 (cycles)
106260775453,EXECUTE,129680,CYCLES,BACKEND,SUB-EVENT,Add_33:OpId_2186 (cycles)
106260775453,EXECUTE,64037,CYCLES,BACKEND,SUB-EVENT,Add_35:OpId_2188 (cycles)
106260775453,EXECUTE,58295,CYCLES,BACKEND,SUB-EVENT,Add_37:OpId_2190 (cycles)
106260775453,EXECUTE,62862,CYCLES,BACKEND,SUB-EVENT,Add_39:OpId_2192 (cycles)
106260775453,EXECUTE,65365,CYCLES,BACKEND,SUB-EVENT,Add_41:OpId_2194 (cycles)
106260775453,EXECUTE,66851,CYCLES,BACKEND,SUB-EVENT,Add_43:OpId_2196 (cycles)
106260775453,EXECUTE,54633,CYCLES,BACKEND,SUB-EVENT,Add_45:OpId_2198 (cycles)
106260775453,EXECUTE,63012,CYCLES,BACKEND,SUB-EVENT,Add_47:OpId_2200 (cycles)
106260775453,EXECUTE,64134,CYCLES,BACKEND,SUB-EVENT,Add_49:OpId_2202 (cycles)
106260775453,EXECUTE,63442,CYCLES,BACKEND,SUB-EVENT,Add_51:OpId_2204 (cycles)
106260775453,EXECUTE,66901,CYCLES,BACKEND,SUB-EVENT,Add_53:OpId_2206 (cycles)
106260775453,EXECUTE,68492,CYCLES,BACKEND,SUB-EVENT,Add_55:OpId_2208 (cycles)
106260775453,EXECUTE,68065,CYCLES,BACKEND,SUB-EVENT,Add_57:OpId_2210 (cycles)
106260775453,EXECUTE,66580,CYCLES,BACKEND,SUB-EVENT,Add_59:OpId_2212 (cycles)
106260775453,EXECUTE,150426,CYCLES,BACKEND,SUB-EVENT,attn_1_head_0_Softmax_0:OpId_2214 (cycles)
106260775453,EXECUTE,156932,CYCLES,BACKEND,SUB-EVENT,attn_1_head_1_Softmax_0:OpId_2217 (cycles)
106260775453,EXECUTE,166189,CYCLES,BACKEND,SUB-EVENT,attn_1_head_2_Softmax_0:OpId_2220 (cycles)
106260775453,EXECUTE,149680,CYCLES,BACKEND,SUB-EVENT,attn_1_head_3_Softmax_0:OpId_2223 (cycles)
106260775453,EXECUTE,165928,CYCLES,BACKEND,SUB-EVENT,attn_1_head_4_Softmax_0:OpId_2226 (cycles)
106260775453,EXECUTE,149438,CYCLES,BACKEND,SUB-EVENT,attn_1_head_5_Softmax_0:OpId_2229 (cycles)
106260775453,EXECUTE,156842,CYCLES,BACKEND,SUB-EVENT,attn_1_head_6_Softmax_0:OpId_2232 (cycles)
106260775453,EXECUTE,157882,CYCLES,BACKEND,SUB-EVENT,attn_1_head_7_Softmax_0:OpId_2235 (cycles)
106260775453,EXECUTE,155878,CYCLES,BACKEND,SUB-EVENT,attn_1_head_8_Softmax_0:OpId_2238 (cycles)
106260775453,EXECUTE,159826,CYCLES,BACKEND,SUB-EVENT,attn_1_head_9_Softmax_0:OpId_2241 (cycles)
106260775453,EXECUTE,155993,CYCLES,BACKEND,SUB-EVENT,attn_1_head_10_Softmax_0:OpId_2244 (cycles)
106260775453,EXECUTE,149530,CYCLES,BACKEND,SUB-EVENT,attn_1_head_11_Softmax_0:OpId_2247 (cycles)
106260775453,EXECUTE,163217,CYCLES,BACKEND,SUB-EVENT,attn_1_head_12_Softmax_0:OpId_2250 (cycles)
106260775453,EXECUTE,149891,CYCLES,BACKEND,SUB-EVENT,attn_1_head_13_Softmax_0:OpId_2253 (cycles)
106260775453,EXECUTE,39502,CYCLES,BACKEND,SUB-EVENT,attn_1_head_0_qkv_MatMul_0:OpId_2256 (cycles)
106260775453,EXECUTE,5022,CYCLES,BACKEND,SUB-EVENT,attn_1_head_1_qkv_MatMul_0:OpId_2260 (cycles)
106260775453,EXECUTE,4445,CYCLES,BACKEND,SUB-EVENT,attn_1_head_2_qkv_MatMul_0:OpId_2264 (cycles)
106260775453,EXECUTE,4515,CYCLES,BACKEND,SUB-EVENT,attn_1_head_3_qkv_MatMul_0:OpId_2268 (cycles)
106260775453,EXECUTE,5278,CYCLES,BACKEND,SUB-EVENT,attn_1_head_4_qkv_MatMul_0:OpId_2272 (cycles)
106260775453,EXECUTE,5022,CYCLES,BACKEND,SUB-EVENT,attn_1_head_5_qkv_MatMul_0:OpId_2276 (cycles)
106260775453,EXECUTE,4576,CYCLES,BACKEND,SUB-EVENT,attn_1_head_6_qkv_MatMul_0:OpId_2280 (cycles)
106260775453,EXECUTE,39993,CYCLES,BACKEND,SUB-EVENT,attn_1_head_7_qkv_MatMul_0:OpId_2284 (cycles)
106260775453,EXECUTE,5078,CYCLES,BACKEND,SUB-EVENT,attn_1_head_8_qkv_MatMul_0:OpId_2288 (cycles)
106260775453,EXECUTE,5142,CYCLES,BACKEND,SUB-EVENT,attn_1_head_9_qkv_MatMul_0:OpId_2292 (cycles)
106260775453,EXECUTE,5154,CYCLES,BACKEND,SUB-EVENT,attn_1_head_10_qkv_MatMul_0:OpId_2296 (cycles)
106260775453,EXECUTE,5199,CYCLES,BACKEND,SUB-EVENT,attn_1_head_11_qkv_MatMul_0:OpId_2300 (cycles)
106260775453,EXECUTE,5236,CYCLES,BACKEND,SUB-EVENT,attn_1_head_12_qkv_MatMul_0:OpId_2304 (cycles)
106260775453,EXECUTE,4310,CYCLES,BACKEND,SUB-EVENT,attn_1_head_13_qkv_MatMul_0:OpId_2308 (cycles)
106260775453,EXECUTE,0,CYCLES,BACKEND,SUB-EVENT,Concat_45:OpId_2312 (cycles)
106260775453,EXECUTE,0,CYCLES,BACKEND,SUB-EVENT,Reshape_3:OpId_2314 (cycles)
106260775453,EXECUTE,0,CYCLES,BACKEND,SUB-EVENT,model_layers_1_self_attn_Transpose_6:OpId_2316 (cycles)
106260775453,EXECUTE,23369,CYCLES,BACKEND,SUB-EVENT,model_layers_1_self_attn_o_proj_conv_Conv:OpId_2324 (cycles)
106260775453,EXECUTE,0,CYCLES,BACKEND,SUB-EVENT,/model_layers_1_self_attn_o_proj_conv_Conv/Conv_output_0.nchw:OpId_2328 (cycles)
106260775453,EXECUTE,0,CYCLES,BACKEND,SUB-EVENT,model_layers_1_self_attn_Reshape_9:OpId_2329 (cycles)
106260775453,EXECUTE,15165,CYCLES,BACKEND,SUB-EVENT,model_layers_1_Add:OpId_2330 (cycles)
106260775453,EXECUTE,93836,CYCLES,BACKEND,SUB-EVENT,rms_norm_4:OpId_2335 (cycles)
106260775453,EXECUTE,0,CYCLES,BACKEND,SUB-EVENT,model_layers_1_mlp_Reshape:OpId_2338 (cycles)
106260775453,EXECUTE,0,CYCLES,BACKEND,SUB-EVENT,model_layers_1_mlp_Transpose:OpId_2340 (cycles)
106260775453,EXECUTE,125650,CYCLES,BACKEND,SUB-EVENT,model_layers_1_mlp_gate_proj_conv_Conv:OpId_2348 (cycles)
106260775453,EXECUTE,142746,CYCLES,BACKEND,SUB-EVENT,model_layers_1_mlp_up_proj_conv_Conv:OpId_2358 (cycles)
106260775453,EXECUTE,0,CYCLES,BACKEND,SUB-EVENT,model_layers_1_mlp_act_fn_Sigmoid:OpId_2361 (cycles)
106260775453,EXECUTE,404102,CYCLES,BACKEND,SUB-EVENT,model_layers_1_mlp_act_fn_Mul:OpId_2368 (cycles)
106260775453,EXECUTE,195800,CYCLES,BACKEND,SUB-EVENT,model_layers_1_mlp_Mul:OpId_2370 (cycles)
106260775453,EXECUTE,78824,CYCLES,BACKEND,SUB-EVENT,model_layers_1_mlp_down_proj_conv_Conv:OpId_2379 (cycles)
106260775453,EXECUTE,0,CYCLES,BACKEND,SUB-EVENT,/model_layers_1_mlp_down_proj_conv_Conv/Conv_output_0.nchw:OpId_2383 (cycles)
106260775453,EXECUTE,0,CYCLES,BACKEND,SUB-EVENT,model_layers_1_mlp_Reshape_1:OpId_2384 (cycles)
106260775453,EXECUTE,15395,CYCLES,BACKEND,SUB-EVENT,model_layers_1_Add_1:OpId_2385 (cycles)
106260775453,EXECUTE,92083,CYCLES,BACKEND,SUB-EVENT,rms_norm_6:OpId_2390 (cycles)
106260775453,EXECUTE,0,CYCLES,BACKEND,SUB-EVENT,model_layers_2_self_attn_Reshape:OpId_2393 (cycles)
106260775453,EXECUTE,0,CYCLES,BACKEND,SUB-EVENT,model_layers_2_self_attn_Transpose:OpId_2395 (cycles)
106260775453,EXECUTE,2627,CYCLES,BACKEND,SUB-EVENT,attn_2_head_0_key_Conv:OpId_2403 (cycles)
106260775453,EXECUTE,1534,CYCLES,BACKEND,SUB-EVENT,attn_2_head_0_value_Conv:OpId_2413 (cycles)
106260775453,EXECUTE,1676,CYCLES,BACKEND,SUB-EVENT,attn_2_head_0_value_Transpose/output_converted_UFIXED_POINT_8:OpId_2416 (cycles)
106260775453,EXECUTE,2667,CYCLES,BACKEND,SUB-EVENT,attn_2_head_1_key_Conv:OpId_2426 (cycles)
106260775453,EXECUTE,1524,CYCLES,BACKEND,SUB-EVENT,attn_2_head_1_value_Conv:OpId_2436 (cycles)
106260775453,EXECUTE,2307,CYCLES,BACKEND,SUB-EVENT,attn_2_head_1_value_Transpose/output_converted_UFIXED_POINT_8:OpId_2439 (cycles)
106260775453,EXECUTE,2518,CYCLES,BACKEND,SUB-EVENT,attn_2_head_0_query_Conv:OpId_2449 (cycles)
106260775453,EXECUTE,2564,CYCLES,BACKEND,SUB-EVENT,attn_2_head_1_query_Conv:OpId_2459 (cycles)
106260775453,EXECUTE,2576,CYCLES,BACKEND,SUB-EVENT,attn_2_head_2_query_Conv:OpId_2469 (cycles)
106260775453,EXECUTE,4112,CYCLES,BACKEND,SUB-EVENT,attn_2_head_3_query_Conv:OpId_2479 (cycles)
106260775453,EXECUTE,3151,CYCLES,BACKEND,SUB-EVENT,attn_2_head_4_query_Conv:OpId_2489 (cycles)
106260775453,EXECUTE,3781,CYCLES,BACKEND,SUB-EVENT,attn_2_head_5_query_Conv:OpId_2499 (cycles)
106260775453,EXECUTE,3569,CYCLES,BACKEND,SUB-EVENT,attn_2_head_6_query_Conv:OpId_2509 (cycles)
106260775453,EXECUTE,3524,CYCLES,BACKEND,SUB-EVENT,attn_2_head_7_query_Conv:OpId_2519 (cycles)
106260775453,EXECUTE,3579,CYCLES,BACKEND,SUB-EVENT,attn_2_head_8_query_Conv:OpId_2529 (cycles)
106260775453,EXECUTE,3040,CYCLES,BACKEND,SUB-EVENT,attn_2_head_9_query_Conv:OpId_2539 (cycles)
106260775453,EXECUTE,3776,CYCLES,BACKEND,SUB-EVENT,attn_2_head_10_query_Conv:OpId_2549 (cycles)
106260775453,EXECUTE,2884,CYCLES,BACKEND,SUB-EVENT,attn_2_head_11_query_Conv:OpId_2559 (cycles)
106260775453,EXECUTE,3513,CYCLES,BACKEND,SUB-EVENT,attn_2_head_12_query_Conv:OpId_2569 (cycles)
106260775453,EXECUTE,2723,CYCLES,BACKEND,SUB-EVENT,attn_2_head_13_query_Conv:OpId_2579 (cycles)
106260775453,EXECUTE,2237,CYCLES,BACKEND,SUB-EVENT,Slice_72:OpId_2583 (cycles)
106260775453,EXECUTE,2011,CYCLES,BACKEND,SUB-EVENT,Slice_73:OpId_2589 (cycles)
106260775453,EXECUTE,1757,CYCLES,BACKEND,SUB-EVENT,Slice_74:OpId_2595 (cycles)
106260775453,EXECUTE,1710,CYCLES,BACKEND,SUB-EVENT,Slice_75:OpId_2601 (cycles)
106260775453,EXECUTE,0,CYCLES,BACKEND,SUB-EVENT,Concat_67:OpId_2606 (cycles)
106260775453,EXECUTE,2409,CYCLES,BACKEND,SUB-EVENT,Slice_80:OpId_2609 (cycles)
106260775453,EXECUTE,2355,CYCLES,BACKEND,SUB-EVENT,Slice_81:OpId_2615 (cycles)
106260775453,EXECUTE,2131,CYCLES,BACKEND,SUB-EVENT,Slice_82:OpId_2621 (cycles)
106260775453,EXECUTE,1695,CYCLES,BACKEND,SUB-EVENT,Slice_83:OpId_2627 (cycles)
106260775453,EXECUTE,1712,CYCLES,BACKEND,SUB-EVENT,Slice_84:OpId_2633 (cycles)
106260775453,EXECUTE,1776,CYCLES,BACKEND,SUB-EVENT,Slice_85:OpId_2639 (cycles)
106260775453,EXECUTE,1730,CYCLES,BACKEND,SUB-EVENT,Slice_86:OpId_2645 (cycles)
106260775453,EXECUTE,1631,CYCLES,BACKEND,SUB-EVENT,Slice_87:OpId_2651 (cycles)
106260775453,EXECUTE,1966,CYCLES,BACKEND,SUB-EVENT,Slice_88:OpId_2657 (cycles)
106260775453,EXECUTE,1752,CYCLES,BACKEND,SUB-EVENT,Slice_89:OpId_2663 (cycles)
106260775453,EXECUTE,1720,CYCLES,BACKEND,SUB-EVENT,Slice_90:OpId_2669 (cycles)
106260775453,EXECUTE,1811,CYCLES,BACKEND,SUB-EVENT,Slice_91:OpId_2675 (cycles)
106260775453,EXECUTE,1731,CYCLES,BACKEND,SUB-EVENT,Slice_92:OpId_2681 (cycles)
106260775453,EXECUTE,1660,CYCLES,BACKEND,SUB-EVENT,Slice_93:OpId_2687 (cycles)
106260775453,EXECUTE,2103,CYCLES,BACKEND,SUB-EVENT,Slice_94:OpId_2693 (cycles)
106260775453,EXECUTE,2053,CYCLES,BACKEND,SUB-EVENT,Slice_95:OpId_2699 (cycles)
106260775453,EXECUTE,1840,CYCLES,BACKEND,SUB-EVENT,Slice_96:OpId_2705 (cycles)
106260775453,EXECUTE,1743,CYCLES,BACKEND,SUB-EVENT,Slice_97:OpId_2711 (cycles)
106260775453,EXECUTE,1770,CYCLES,BACKEND,SUB-EVENT,Slice_98:OpId_2717 (cycles)
106260775453,EXECUTE,1688,CYCLES,BACKEND,SUB-EVENT,Slice_99:OpId_2723 (cycles)
106260775453,EXECUTE,1737,CYCLES,BACKEND,SUB-EVENT,Slice_100:OpId_2729 (cycles)
106260775453,EXECUTE,1657,CYCLES,BACKEND,SUB-EVENT,Slice_101:OpId_2735 (cycles)
106260775453,EXECUTE,2067,CYCLES,BACKEND,SUB-EVENT,Slice_102:OpId_2741 (cycles)
106260775453,EXECUTE,1949,CYCLES,BACKEND,SUB-EVENT,Slice_103:OpId_2747 (cycles)
106260775453,EXECUTE,3022,CYCLES,BACKEND,SUB-EVENT,Slice_104:OpId_2753 (cycles)
106260775453,EXECUTE,2958,CYCLES,BACKEND,SUB-EVENT,Slice_105:OpId_2759 (cycles)
106260775453,EXECUTE,2448,CYCLES,BACKEND,SUB-EVENT,Slice_106:OpId_2765 (cycles)
106260775453,EXECUTE,2372,CYCLES,BACKEND,SUB-EVENT,Slice_107:OpId_2771 (cycles)
106260775453,EXECUTE,7530,CYCLES,BACKEND,SUB-EVENT,Concat_49:OpId_2776 (cycles)
106260775453,EXECUTE,8012,CYCLES,BACKEND,SUB-EVENT,Concat_51:OpId_2778 (cycles)
106260775453,EXECUTE,1940,CYCLES,BACKEND,SUB-EVENT,Mul_128:OpId_2780 (cycles)
106260775453,EXECUTE,1955,CYCLES,BACKEND,SUB-EVENT,Mul_130:OpId_2782 (cycles)
106260775453,EXECUTE,1956,CYCLES,BACKEND,SUB-EVENT,Mul_129:OpId_2784 (cycles)
106260775453,EXECUTE,1947,CYCLES,BACKEND,SUB-EVENT,Mul_131:OpId_2786 (cycles)
106260775453,EXECUTE,1412,CYCLES,BACKEND,SUB-EVENT,Mul_132:OpId_2788 (cycles)
106260775453,EXECUTE,1398,CYCLES,BACKEND,SUB-EVENT,Mul_134:OpId_2790 (cycles)
106260775453,EXECUTE,1486,CYCLES,BACKEND,SUB-EVENT,Mul_133:OpId_2792 (cycles)
106260775453,EXECUTE,1400,CYCLES,BACKEND,SUB-EVENT,Mul_135:OpId_2794 (cycles)
106260775453,EXECUTE,1408,CYCLES,BACKEND,SUB-EVENT,Mul_136:OpId_2796 (cycles)
106260775453,EXECUTE,1410,CYCLES,BACKEND,SUB-EVENT,Mul_138:OpId_2798 (cycles)
106260775453,EXECUTE,1435,CYCLES,BACKEND,SUB-EVENT,Mul_137:OpId_2800 (cycles)
106260775453,EXECUTE,1530,CYCLES,BACKEND,SUB-EVENT,Mul_139:OpId_2802 (cycles)
106260775453,EXECUTE,1727,CYCLES,BACKEND,SUB-EVENT,Mul_140:OpId_2804 (cycles)
106260775453,EXECUTE,1669,CYCLES,BACKEND,SUB-EVENT,Mul_142:OpId_2806 (cycles)
106260775453,EXECUTE,1655,CYCLES,BACKEND,SUB-EVENT,Mul_141:OpId_2808 (cycles)
106260775453,EXECUTE,1669,CYCLES,BACKEND,SUB-EVENT,Mul_143:OpId_2810 (cycles)
106260775453,EXECUTE,1463,CYCLES,BACKEND,SUB-EVENT,Mul_144:OpId_2812 (cycles)
106260775453,EXECUTE,1463,CYCLES,BACKEND,SUB-EVENT,Mul_146:OpId_2814 (cycles)
106260775453,EXECUTE,1649,CYCLES,BACKEND,SUB-EVENT,Mul_145:OpId_2816 (cycles)
106260775453,EXECUTE,1673,CYCLES,BACKEND,SUB-EVENT,Mul_147:OpId_2818 (cycles)
106260775453,EXECUTE,1409,CYCLES,BACKEND,SUB-EVENT,Mul_148:OpId_2820 (cycles)
106260775453,EXECUTE,1533,CYCLES,BACKEND,SUB-EVENT,Mul_150:OpId_2822 (cycles)
106260775453,EXECUTE,1411,CYCLES,BACKEND,SUB-EVENT,Mul_149:OpId_2824 (cycles)
106260775453,EXECUTE,1446,CYCLES,BACKEND,SUB-EVENT,Mul_151:OpId_2826 (cycles)
106260775453,EXECUTE,1427,CYCLES,BACKEND,SUB-EVENT,Mul_152:OpId_2828 (cycles)
106260775453,EXECUTE,1533,CYCLES,BACKEND,SUB-EVENT,Mul_154:OpId_2830 (cycles)
106260775453,EXECUTE,1809,CYCLES,BACKEND,SUB-EVENT,Mul_153:OpId_2832 (cycles)
106260775453,EXECUTE,1953,CYCLES,BACKEND,SUB-EVENT,Mul_155:OpId_2834 (cycles)
106260775453,EXECUTE,1868,CYCLES,BACKEND,SUB-EVENT,Mul_156:OpId_2836 (cycles)
106260775453,EXECUTE,1877,CYCLES,BACKEND,SUB-EVENT,Mul_158:OpId_2838 (cycles)
106260775453,EXECUTE,1700,CYCLES,BACKEND,SUB-EVENT,Mul_157:OpId_2840 (cycles)
106260775453,EXECUTE,1612,CYCLES,BACKEND,SUB-EVENT,Mul_159:OpId_2842 (cycles)
106260775453,EXECUTE,1710,CYCLES,BACKEND,SUB-EVENT,Mul_160:OpId_2844 (cycles)
106260775453,EXECUTE,1571,CYCLES,BACKEND,SUB-EVENT,Mul_162:OpId_2846 (cycles)
106260775453,EXECUTE,1605,CYCLES,BACKEND,SUB-EVENT,Mul_161:OpId_2848 (cycles)
106260775453,EXECUTE,1638,CYCLES,BACKEND,SUB-EVENT,Mul_163:OpId_2850 (cycles)
106260775453,EXECUTE,1431,CYCLES,BACKEND,SUB-EVENT,Mul_164:OpId_2852 (cycles)
106260775453,EXECUTE,1458,CYCLES,BACKEND,SUB-EVENT,Mul_166:OpId_2854 (cycles)
106260775453,EXECUTE,1633,CYCLES,BACKEND,SUB-EVENT,Mul_165:OpId_2856 (cycles)
106260775453,EXECUTE,1680,CYCLES,BACKEND,SUB-EVENT,Mul_167:OpId_2858 (cycles)
106260775453,EXECUTE,1461,CYCLES,BACKEND,SUB-EVENT,Mul_168:OpId_2860 (cycles)
106260775453,EXECUTE,1508,CYCLES,BACKEND,SUB-EVENT,Mul_170:OpId_2862 (cycles)
106260775453,EXECUTE,1444,CYCLES,BACKEND,SUB-EVENT,Mul_169:OpId_2864 (cycles)
106260775453,EXECUTE,1424,CYCLES,BACKEND,SUB-EVENT,Mul_171:OpId_2866 (cycles)
106260775453,EXECUTE,1449,CYCLES,BACKEND,SUB-EVENT,Mul_172:OpId_2868 (cycles)
106260775453,EXECUTE,1402,CYCLES,BACKEND,SUB-EVENT,Mul_174:OpId_2870 (cycles)
106260775453,EXECUTE,1443,CYCLES,BACKEND,SUB-EVENT,Mul_173:OpId_2872 (cycles)
106260775453,EXECUTE,1439,CYCLES,BACKEND,SUB-EVENT,Mul_175:OpId_2874 (cycles)
106260775453,EXECUTE,1697,CYCLES,BACKEND,SUB-EVENT,Mul_176:OpId_2876 (cycles)
106260775453,EXECUTE,1489,CYCLES,BACKEND,SUB-EVENT,Mul_178:OpId_2878 (cycles)
106260775453,EXECUTE,1908,CYCLES,BACKEND,SUB-EVENT,Mul_177:OpId_2880 (cycles)
106260775453,EXECUTE,1922,CYCLES,BACKEND,SUB-EVENT,Mul_179:OpId_2882 (cycles)
106260775453,EXECUTE,1528,CYCLES,BACKEND,SUB-EVENT,Mul_180:OpId_2884 (cycles)
106260775453,EXECUTE,1487,CYCLES,BACKEND,SUB-EVENT,Mul_182:OpId_2886 (cycles)
106260775453,EXECUTE,1459,CYCLES,BACKEND,SUB-EVENT,Mul_181:OpId_2888 (cycles)
106260775453,EXECUTE,1640,CYCLES,BACKEND,SUB-EVENT,Mul_183:OpId_2890 (cycles)
106260775453,EXECUTE,1546,CYCLES,BACKEND,SUB-EVENT,Mul_184:OpId_2892 (cycles)
106260775453,EXECUTE,1606,CYCLES,BACKEND,SUB-EVENT,Mul_186:OpId_2894 (cycles)
106260775453,EXECUTE,1689,CYCLES,BACKEND,SUB-EVENT,Mul_185:OpId_2896 (cycles)
106260775453,EXECUTE,1687,CYCLES,BACKEND,SUB-EVENT,Mul_187:OpId_2898 (cycles)
106260775453,EXECUTE,1412,CYCLES,BACKEND,SUB-EVENT,Mul_188:OpId_2900 (cycles)
106260775453,EXECUTE,1449,CYCLES,BACKEND,SUB-EVENT,Mul_190:OpId_2902 (cycles)
106260775453,EXECUTE,1416,CYCLES,BACKEND,SUB-EVENT,Mul_189:OpId_2904 (cycles)
106260775453,EXECUTE,1425,CYCLES,BACKEND,SUB-EVENT,Mul_191:OpId_2906 (cycles)
106260775453,EXECUTE,1676,CYCLES,BACKEND,SUB-EVENT,Sub_32:OpId_2908 (cycles)
106260775453,EXECUTE,456,CYCLES,BACKEND,SUB-EVENT,Sub_32_converted_UFIXED_POINT_8:OpId_2910 (cycles)
106260775453,EXECUTE,1728,CYCLES,BACKEND,SUB-EVENT,Add_60:OpId_2913 (cycles)
106260775453,EXECUTE,612,CYCLES,BACKEND,SUB-EVENT,Add_60_converted_UFIXED_POINT_8:OpId_2915 (cycles)
106260775453,EXECUTE,1460,CYCLES,BACKEND,SUB-EVENT,Sub_33:OpId_2918 (cycles)
106260775453,EXECUTE,477,CYCLES,BACKEND,SUB-EVENT,Sub_33_converted_UFIXED_POINT_8:OpId_2920 (cycles)
106260775453,EXECUTE,1508,CYCLES,BACKEND,SUB-EVENT,Add_61:OpId_2923 (cycles)
106260775453,EXECUTE,554,CYCLES,BACKEND,SUB-EVENT,Add_61_converted_UFIXED_POINT_8:OpId_2925 (cycles)
106260775453,EXECUTE,1470,CYCLES,BACKEND,SUB-EVENT,Sub_34:OpId_2928 (cycles)
106260775453,EXECUTE,2028,CYCLES,BACKEND,SUB-EVENT,Add_62:OpId_2930 (cycles)
106260775453,EXECUTE,1447,CYCLES,BACKEND,SUB-EVENT,Sub_35:OpId_2932 (cycles)
106260775453,EXECUTE,2054,CYCLES,BACKEND,SUB-EVENT,Add_64:OpId_2934 (cycles)
106260775453,EXECUTE,1735,CYCLES,BACKEND,SUB-EVENT,Sub_36:OpId_2936 (cycles)
106260775453,EXECUTE,3247,CYCLES,BACKEND,SUB-EVENT,Add_66:OpId_2938 (cycles)
106260775453,EXECUTE,1558,CYCLES,BACKEND,SUB-EVENT,Sub_37:OpId_2940 (cycles)
106260775453,EXECUTE,2284,CYCLES,BACKEND,SUB-EVENT,Add_68:OpId_2942 (cycles)
106260775453,EXECUTE,1968,CYCLES,BACKEND,SUB-EVENT,Sub_38:OpId_2944 (cycles)
106260775453,EXECUTE,2182,CYCLES,BACKEND,SUB-EVENT,Add_70:OpId_2946 (cycles)
106260775453,EXECUTE,1853,CYCLES,BACKEND,SUB-EVENT,Sub_39:OpId_2948 (cycles)
106260775453,EXECUTE,2156,CYCLES,BACKEND,SUB-EVENT,Add_72:OpId_2950 (cycles)
106260775453,EXECUTE,1472,CYCLES,BACKEND,SUB-EVENT,Sub_40:OpId_2952 (cycles)
106260775453,EXECUTE,2019,CYCLES,BACKEND,SUB-EVENT,Add_74:OpId_2954 (cycles)
106260775453,EXECUTE,1917,CYCLES,BACKEND,SUB-EVENT,Sub_41:OpId_2956 (cycles)
106260775453,EXECUTE,2193,CYCLES,BACKEND,SUB-EVENT,Add_76:OpId_2958 (cycles)
106260775453,EXECUTE,1552,CYCLES,BACKEND,SUB-EVENT,Sub_42:OpId_2960 (cycles)
106260775453,EXECUTE,2144,CYCLES,BACKEND,SUB-EVENT,Add_78:OpId_2962 (cycles)
106260775453,EXECUTE,1953,CYCLES,BACKEND,SUB-EVENT,Sub_43:OpId_2964 (cycles)
106260775453,EXECUTE,2209,CYCLES,BACKEND,SUB-EVENT,Add_80:OpId_2966 (cycles)
106260775453,EXECUTE,1704,CYCLES,BACKEND,SUB-EVENT,Sub_44:OpId_2968 (cycles)
106260775453,EXECUTE,2290,CYCLES,BACKEND,SUB-EVENT,Add_82:OpId_2970 (cycles)
106260775453,EXECUTE,1580,CYCLES,BACKEND,SUB-EVENT,Sub_45:OpId_2972 (cycles)
106260775453,EXECUTE,2266,CYCLES,BACKEND,SUB-EVENT,Add_84:OpId_2974 (cycles)
106260775453,EXECUTE,1549,CYCLES,BACKEND,SUB-EVENT,Sub_46:OpId_2976 (cycles)
106260775453,EXECUTE,2158,CYCLES,BACKEND,SUB-EVENT,Add_86:OpId_2978 (cycles)
106260775453,EXECUTE,1498,CYCLES,BACKEND,SUB-EVENT,Sub_47:OpId_2980 (cycles)
106260775453,EXECUTE,2639,CYCLES,BACKEND,SUB-EVENT,Add_88:OpId_2982 (cycles)
106260775453,EXECUTE,1667,CYCLES,BACKEND,SUB-EVENT,Concat_46:OpId_2984 (cycles)
106260775453,EXECUTE,2072,CYCLES,BACKEND,SUB-EVENT,Concat_47:OpId_2986 (cycles)
106260775453,EXECUTE,0,CYCLES,BACKEND,SUB-EVENT,Concat_52:OpId_2988 (cycles)
106260775453,EXECUTE,0,CYCLES,BACKEND,SUB-EVENT,Concat_53:OpId_2990 (cycles)
106260775453,EXECUTE,0,CYCLES,BACKEND,SUB-EVENT,Concat_54:OpId_2992 (cycles)
106260775453,EXECUTE,0,CYCLES,BACKEND,SUB-EVENT,Concat_55:OpId_2994 (cycles)
106260775453,EXECUTE,0,CYCLES,BACKEND,SUB-EVENT,Concat_56:OpId_2996 (cycles)
106260775453,EXECUTE,0,CYCLES,BACKEND,SUB-EVENT,Concat_57:OpId_2998 (cycles)
106260775453,EXECUTE,0,CYCLES,BACKEND,SUB-EVENT,Concat_58:OpId_3000 (cycles)
106260775453,EXECUTE,0,CYCLES,BACKEND,SUB-EVENT,Concat_59:OpId_3002 (cycles)
106260775453,EXECUTE,0,CYCLES,BACKEND,SUB-EVENT,Concat_60:OpId_3004 (cycles)
106260775453,EXECUTE,0,CYCLES,BACKEND,SUB-EVENT,Concat_61:OpId_3006 (cycles)
106260775453,EXECUTE,0,CYCLES,BACKEND,SUB-EVENT,Concat_62:OpId_3008 (cycles)
106260775453,EXECUTE,0,CYCLES,BACKEND,SUB-EVENT,Concat_63:OpId_3010 (cycles)
106260775453,EXECUTE,0,CYCLES,BACKEND,SUB-EVENT,Concat_64:OpId_3012 (cycles)
106260775453,EXECUTE,0,CYCLES,BACKEND,SUB-EVENT,Concat_65:OpId_3014 (cycles)
106260775453,EXECUTE,8301,CYCLES,BACKEND,SUB-EVENT,attn_2_head_0_key_Transpose_0:OpId_3017 (cycles)
106260775453,EXECUTE,4917,CYCLES,BACKEND,SUB-EVENT,attn_2_head_1_key_Transpose_0:OpId_3019 (cycles)
106260775453,EXECUTE,0,CYCLES,BACKEND,SUB-EVENT,Concat_48:OpId_3020 (cycles)
106260775453,EXECUTE,0,CYCLES,BACKEND,SUB-EVENT,Concat_50:OpId_3022 (cycles)
106260775453,EXECUTE,0,CYCLES,BACKEND,SUB-EVENT,Concat_66:OpId_3024 (cycles)
106260775453,EXECUTE,125616,CYCLES,BACKEND,SUB-EVENT,attn_2_head_0_qk_MatMul_0:OpId_3026 (cycles)
106260775453,EXECUTE,16740,CYCLES,BACKEND,SUB-EVENT,attn_2_head_1_qk_MatMul_0:OpId_3030 (cycles)
106260775453,EXECUTE,16230,CYCLES,BACKEND,SUB-EVENT,attn_2_head_2_qk_MatMul_0:OpId_3034 (cycles)
106260775453,EXECUTE,16819,CYCLES,BACKEND,SUB-EVENT,attn_2_head_3_qk_MatMul_0:OpId_3038 (cycles)
106260775453,EXECUTE,16984,CYCLES,BACKEND,SUB-EVENT,attn_2_head_4_qk_MatMul_0:OpId_3042 (cycles)
106260775453,EXECUTE,16284,CYCLES,BACKEND,SUB-EVENT,attn_2_head_5_qk_MatMul_0:OpId_3046 (cycles)
106260775453,EXECUTE,16314,CYCLES,BACKEND,SUB-EVENT,attn_2_head_6_qk_MatMul_0:OpId_3050 (cycles)
106260775453,EXECUTE,134915,CYCLES,BACKEND,SUB-EVENT,attn_2_head_7_qk_MatMul_0:OpId_3054 (cycles)
106260775453,EXECUTE,16904,CYCLES,BACKEND,SUB-EVENT,attn_2_head_8_qk_MatMul_0:OpId_3058 (cycles)
106260775453,EXECUTE,16997,CYCLES,BACKEND,SUB-EVENT,attn_2_head_9_qk_MatMul_0:OpId_3062 (cycles)
106260775453,EXECUTE,16433,CYCLES,BACKEND,SUB-EVENT,attn_2_head_10_qk_MatMul_0:OpId_3066 (cycles)
106260775453,EXECUTE,16117,CYCLES,BACKEND,SUB-EVENT,attn_2_head_11_qk_MatMul_0:OpId_3070 (cycles)
106260775453,EXECUTE,15531,CYCLES,BACKEND,SUB-EVENT,attn_2_head_12_qk_MatMul_0:OpId_3074 (cycles)
106260775453,EXECUTE,16588,CYCLES,BACKEND,SUB-EVENT,attn_2_head_13_qk_MatMul_0:OpId_3078 (cycles)
106260775453,EXECUTE,65139,CYCLES,BACKEND,SUB-EVENT,Add_63:OpId_3082 (cycles)
106260775453,EXECUTE,60984,CYCLES,BACKEND,SUB-EVENT,Add_65:OpId_3084 (cycles)
106260775453,EXECUTE,61566,CYCLES,BACKEND,SUB-EVENT,Add_67:OpId_3086 (cycles)
106260775453,EXECUTE,64335,CYCLES,BACKEND,SUB-EVENT,Add_69:OpId_3088 (cycles)
106260775453,EXECUTE,64835,CYCLES,BACKEND,SUB-EVENT,Add_71:OpId_3090 (cycles)
106260775453,EXECUTE,66256,CYCLES,BACKEND,SUB-EVENT,Add_73:OpId_3092 (cycles)
106260775453,EXECUTE,53795,CYCLES,BACKEND,SUB-EVENT,Add_75:OpId_3094 (cycles)
106260775453,EXECUTE,63193,CYCLES,BACKEND,SUB-EVENT,Add_77:OpId_3096 (cycles)
106260775453,EXECUTE,62583,CYCLES,BACKEND,SUB-EVENT,Add_79:OpId_3098 (cycles)
106260775453,EXECUTE,63988,CYCLES,BACKEND,SUB-EVENT,Add_81:OpId_3100 (cycles)
106260775453,EXECUTE,53679,CYCLES,BACKEND,SUB-EVENT,Add_83:OpId_3102 (cycles)
106260775453,EXECUTE,60444,CYCLES,BACKEND,SUB-EVENT,Add_85:OpId_3104 (cycles)
106260775453,EXECUTE,65371,CYCLES,BACKEND,SUB-EVENT,Add_87:OpId_3106 (cycles)
106260775453,EXECUTE,66708,CYCLES,BACKEND,SUB-EVENT,Add_89:OpId_3108 (cycles)
106260775453,EXECUTE,149328,CYCLES,BACKEND,SUB-EVENT,attn_2_head_0_Softmax_0:OpId_3110 (cycles)
106260775453,EXECUTE,165727,CYCLES,BACKEND,SUB-EVENT,attn_2_head_1_Softmax_0:OpId_3113 (cycles)
106260775453,EXECUTE,163872,CYCLES,BACKEND,SUB-EVENT,attn_2_head_2_Softmax_0:OpId_3116 (cycles)
106260775453,EXECUTE,148742,CYCLES,BACKEND,SUB-EVENT,attn_2_head_3_Softmax_0:OpId_3119 (cycles)
106260775453,EXECUTE,165667,CYCLES,BACKEND,SUB-EVENT,attn_2_head_4_Softmax_0:OpId_3122 (cycles)
106260775453,EXECUTE,150532,CYCLES,BACKEND,SUB-EVENT,attn_2_head_5_Softmax_0:OpId_3125 (cycles)
106260775453,EXECUTE,167387,CYCLES,BACKEND,SUB-EVENT,attn_2_head_6_Softmax_0:OpId_3128 (cycles)
106260775453,EXECUTE,150014,CYCLES,BACKEND,SUB-EVENT,attn_2_head_7_Softmax_0:OpId_3131 (cycles)
106260775453,EXECUTE,165826,CYCLES,BACKEND,SUB-EVENT,attn_2_head_8_Softmax_0:OpId_3134 (cycles)
106260775453,EXECUTE,158220,CYCLES,BACKEND,SUB-EVENT,attn_2_head_9_Softmax_0:OpId_3137 (cycles)
106260775453,EXECUTE,157158,CYCLES,BACKEND,SUB-EVENT,attn_2_head_10_Softmax_0:OpId_3140 (cycles)
106260775453,EXECUTE,149757,CYCLES,BACKEND,SUB-EVENT,attn_2_head_11_Softmax_0:OpId_3143 (cycles)
106260775453,EXECUTE,157368,CYCLES,BACKEND,SUB-EVENT,attn_2_head_12_Softmax_0:OpId_3146 (cycles)
106260775453,EXECUTE,148416,CYCLES,BACKEND,SUB-EVENT,attn_2_head_13_Softmax_0:OpId_3149 (cycles)
106260775453,EXECUTE,39935,CYCLES,BACKEND,SUB-EVENT,attn_2_head_0_qkv_MatMul_0:OpId_3152 (cycles)
106260775453,EXECUTE,5023,CYCLES,BACKEND,SUB-EVENT,attn_2_head_1_qkv_MatMul_0:OpId_3156 (cycles)
106260775453,EXECUTE,5239,CYCLES,BACKEND,SUB-EVENT,attn_2_head_2_qkv_MatMul_0:OpId_3160 (cycles)
106260775453,EXECUTE,4790,CYCLES,BACKEND,SUB-EVENT,attn_2_head_3_qkv_MatMul_0:OpId_3164 (cycles)
106260775453,EXECUTE,5243,CYCLES,BACKEND,SUB-EVENT,attn_2_head_4_qkv_MatMul_0:OpId_3168 (cycles)
106260775453,EXECUTE,5169,CYCLES,BACKEND,SUB-EVENT,attn_2_head_5_qkv_MatMul_0:OpId_3172 (cycles)
106260775453,EXECUTE,5211,CYCLES,BACKEND,SUB-EVENT,attn_2_head_6_qkv_MatMul_0:OpId_3176 (cycles)
106260775453,EXECUTE,40594,CYCLES,BACKEND,SUB-EVENT,attn_2_head_7_qkv_MatMul_0:OpId_3180 (cycles)
106260775453,EXECUTE,5251,CYCLES,BACKEND,SUB-EVENT,attn_2_head_8_qkv_MatMul_0:OpId_3184 (cycles)
106260775453,EXECUTE,4987,CYCLES,BACKEND,SUB-EVENT,attn_2_head_9_qkv_MatMul_0:OpId_3188 (cycles)
106260775453,EXECUTE,4801,CYCLES,BACKEND,SUB-EVENT,attn_2_head_10_qkv_MatMul_0:OpId_3192 (cycles)
106260775453,EXECUTE,4447,CYCLES,BACKEND,SUB-EVENT,attn_2_head_11_qkv_MatMul_0:OpId_3196 (cycles)
106260775453,EXECUTE,5140,CYCLES,BACKEND,SUB-EVENT,attn_2_head_12_qkv_MatMul_0:OpId_3200 (cycles)
106260775453,EXECUTE,4336,CYCLES,BACKEND,SUB-EVENT,attn_2_head_13_qkv_MatMul_0:OpId_3204 (cycles)
106260775453,EXECUTE,0,CYCLES,BACKEND,SUB-EVENT,Concat_68:OpId_3208 (cycles)
106260775453,EXECUTE,0,CYCLES,BACKEND,SUB-EVENT,Reshape_4:OpId_3210 (cycles)
106260775453,EXECUTE,0,CYCLES,BACKEND,SUB-EVENT,model_layers_2_self_attn_Transpose_6:OpId_3212 (cycles)
106260775453,EXECUTE,23775,CYCLES,BACKEND,SUB-EVENT,model_layers_2_self_attn_o_proj_conv_Conv:OpId_3220 (cycles)
106260775453,EXECUTE,0,CYCLES,BACKEND,SUB-EVENT,/model_layers_2_self_attn_o_proj_conv_Conv/Conv_output_0.nchw:OpId_3224 (cycles)
106260775453,EXECUTE,0,CYCLES,BACKEND,SUB-EVENT,model_layers_2_self_attn_Reshape_9:OpId_3225 (cycles)
106260775453,EXECUTE,14615,CYCLES,BACKEND,SUB-EVENT,model_layers_2_Add:OpId_3226 (cycles)
106260775453,EXECUTE,95298,CYCLES,BACKEND,SUB-EVENT,rms_norm_8:OpId_3231 (cycles)
106260775453,EXECUTE,0,CYCLES,BACKEND,SUB-EVENT,model_layers_2_mlp_Reshape:OpId_3234 (cycles)
106260775453,EXECUTE,0,CYCLES,BACKEND,SUB-EVENT,model_layers_2_mlp_Transpose:OpId_3236 (cycles)
106260775453,EXECUTE,130149,CYCLES,BACKEND,SUB-EVENT,model_layers_2_mlp_gate_proj_conv_Conv:OpId_3244 (cycles)
106260775453,EXECUTE,139638,CYCLES,BACKEND,SUB-EVENT,model_layers_2_mlp_up_proj_conv_Conv:OpId_3254 (cycles)
106260775453,EXECUTE,0,CYCLES,BACKEND,SUB-EVENT,model_layers_2_mlp_act_fn_Sigmoid:OpId_3257 (cycles)
106260775453,EXECUTE,413909,CYCLES,BACKEND,SUB-EVENT,model_layers_2_mlp_act_fn_Mul:OpId_3264 (cycles)
106260775453,EXECUTE,198734,CYCLES,BACKEND,SUB-EVENT,model_layers_2_mlp_Mul:OpId_3266 (cycles)
106260775453,EXECUTE,79494,CYCLES,BACKEND,SUB-EVENT,model_layers_2_mlp_down_proj_conv_Conv:OpId_3275 (cycles)
106260775453,EXECUTE,0,CYCLES,BACKEND,SUB-EVENT,/model_layers_2_mlp_down_proj_conv_Conv/Conv_output_0.nchw:OpId_3279 (cycles)
106260775453,EXECUTE,0,CYCLES,BACKEND,SUB-EVENT,model_layers_2_mlp_Reshape_1:OpId_3280 (cycles)
106260775453,EXECUTE,15486,CYCLES,BACKEND,SUB-EVENT,model_layers_2_Add_1:OpId_3281 (cycles)
106260775453,EXECUTE,92317,CYCLES,BACKEND,SUB-EVENT,rms_norm_10:OpId_3286 (cycles)
106260775453,EXECUTE,0,CYCLES,BACKEND,SUB-EVENT,model_layers_3_self_attn_Reshape:OpId_3289 (cycles)
106260775453,EXECUTE,0,CYCLES,BACKEND,SUB-EVENT,model_layers_3_self_attn_Transpose:OpId_3291 (cycles)
106260775453,EXECUTE,2799,CYCLES,BACKEND,SUB-EVENT,attn_3_head_0_key_Conv:OpId_3299 (cycles)
106260775453,EXECUTE,1512,CYCLES,BACKEND,SUB-EVENT,attn_3_head_0_value_Conv:OpId_3309 (cycles)
106260775453,EXECUTE,3139,CYCLES,BACKEND,SUB-EVENT,attn_3_head_0_value_Transpose/output_converted_UFIXED_POINT_8:OpId_3312 (cycles)
106260775453,EXECUTE,2720,CYCLES,BACKEND,SUB-EVENT,attn_3_head_1_key_Conv:OpId_3322 (cycles)
106260775453,EXECUTE,1917,CYCLES,BACKEND,SUB-EVENT,attn_3_head_1_value_Conv:OpId_3332 (cycles)
106260775453,EXECUTE,1638,CYCLES,BACKEND,SUB-EVENT,attn_3_head_1_value_Transpose/output_converted_UFIXED_POINT_8:OpId_3335 (cycles)
106260775453,EXECUTE,2468,CYCLES,BACKEND,SUB-EVENT,attn_3_head_0_query_Conv:OpId_3345 (cycles)
106260775453,EXECUTE,3097,CYCLES,BACKEND,SUB-EVENT,attn_3_head_1_query_Conv:OpId_3355 (cycles)
106260775453,EXECUTE,2513,CYCLES,BACKEND,SUB-EVENT,attn_3_head_2_query_Conv:OpId_3365 (cycles)
106260775453,EXECUTE,2790,CYCLES,BACKEND,SUB-EVENT,attn_3_head_3_query_Conv:OpId_3375 (cycles)
106260775453,EXECUTE,3840,CYCLES,BACKEND,SUB-EVENT,attn_3_head_4_query_Conv:OpId_3385 (cycles)
106260775453,EXECUTE,3032,CYCLES,BACKEND,SUB-EVENT,attn_3_head_5_query_Conv:OpId_3395 (cycles)
106260775453,EXECUTE,3778,CYCLES,BACKEND,SUB-EVENT,attn_3_head_6_query_Conv:OpId_3405 (cycles)
106260775453,EXECUTE,3180,CYCLES,BACKEND,SUB-EVENT,attn_3_head_7_query_Conv:OpId_3415 (cycles)
106260775453,EXECUTE,4219,CYCLES,BACKEND,SUB-EVENT,attn_3_head_8_query_Conv:OpId_3425 (cycles)
106260775453,EXECUTE,2977,CYCLES,BACKEND,SUB-EVENT,attn_3_head_9_query_Conv:OpId_3435 (cycles)
106260775453,EXECUTE,3781,CYCLES,BACKEND,SUB-EVENT,attn_3_head_10_query_Conv:OpId_3445 (cycles)
106260775453,EXECUTE,3308,CYCLES,BACKEND,SUB-EVENT,attn_3_head_11_query_Conv:OpId_3455 (cycles)
106260775453,EXECUTE,3960,CYCLES,BACKEND,SUB-EVENT,attn_3_head_12_query_Conv:OpId_3465 (cycles)
106260775453,EXECUTE,2966,CYCLES,BACKEND,SUB-EVENT,attn_3_head_13_query_Conv:OpId_3475 (cycles)
106260775453,EXECUTE,2816,CYCLES,BACKEND,SUB-EVENT,Slice_108:OpId_3479 (cycles)
106260775453,EXECUTE,2865,CYCLES,BACKEND,SUB-EVENT,Slice_109:OpId_3485 (cycles)
106260775453,EXECUTE,1690,CYCLES,BACKEND,SUB-EVENT,Slice_110:OpId_3491 (cycles)
106260775453,EXECUTE,1723,CYCLES,BACKEND,SUB-EVENT,Slice_111:OpId_3497 (cycles)
106260775453,EXECUTE,0,CYCLES,BACKEND,SUB-EVENT,Concat_90:OpId_3502 (cycles)
106260775453,EXECUTE,2074,CYCLES,BACKEND,SUB-EVENT,Slice_116:OpId_3505 (cycles)
106260775453,EXECUTE,1619,CYCLES,BACKEND,SUB-EVENT,Slice_117:OpId_3511 (cycles)
106260775453,EXECUTE,1716,CYCLES,BACKEND,SUB-EVENT,Slice_118:OpId_3517 (cycles)
106260775453,EXECUTE,1779,CYCLES,BACKEND,SUB-EVENT,Slice_119:OpId_3523 (cycles)
106260775453,EXECUTE,1716,CYCLES,BACKEND,SUB-EVENT,Slice_120:OpId_3529 (cycles)
106260775453,EXECUTE,1873,CYCLES,BACKEND,SUB-EVENT,Slice_121:OpId_3535 (cycles)
106260775453,EXECUTE,1692,CYCLES,BACKEND,SUB-EVENT,Slice_122:OpId_3541 (cycles)
106260775453,EXECUTE,1780,CYCLES,BACKEND,SUB-EVENT,Slice_123:OpId_3547 (cycles)
106260775453,EXECUTE,1893,CYCLES,BACKEND,SUB-EVENT,Slice_124:OpId_3553 (cycles)
106260775453,EXECUTE,1838,CYCLES,BACKEND,SUB-EVENT,Slice_125:OpId_3559 (cycles)
106260775453,EXECUTE,1853,CYCLES,BACKEND,SUB-EVENT,Slice_126:OpId_3565 (cycles)
106260775453,EXECUTE,1800,CYCLES,BACKEND,SUB-EVENT,Slice_127:OpId_3571 (cycles)
106260775453,EXECUTE,1641,CYCLES,BACKEND,SUB-EVENT,Slice_128:OpId_3577 (cycles)
106260775453,EXECUTE,1652,CYCLES,BACKEND,SUB-EVENT,Slice_129:OpId_3583 (cycles)
106260775453,EXECUTE,2132,CYCLES,BACKEND,SUB-EVENT,Slice_130:OpId_3589 (cycles)
106260775453,EXECUTE,2004,CYCLES,BACKEND,SUB-EVENT,Slice_131:OpId_3595 (cycles)
106260775453,EXECUTE,1925,CYCLES,BACKEND,SUB-EVENT,Slice_132:OpId_3601 (cycles)
106260775453,EXECUTE,1877,CYCLES,BACKEND,SUB-EVENT,Slice_133:OpId_3607 (cycles)
106260775453,EXECUTE,1886,CYCLES,BACKEND,SUB-EVENT,Slice_134:OpId_3613 (cycles)
106260775453,EXECUTE,1804,CYCLES,BACKEND,SUB-EVENT,Slice_135:OpId_3619 (cycles)
106260775453,EXECUTE,1772,CYCLES,BACKEND,SUB-EVENT,Slice_136:OpId_3625 (cycles)
106260775453,EXECUTE,1776,CYCLES,BACKEND,SUB-EVENT,Slice_137:OpId_3631 (cycles)
106260775453,EXECUTE,2024,CYCLES,BACKEND,SUB-EVENT,Slice_138:OpId_3637 (cycles)
106260775453,EXECUTE,2504,CYCLES,BACKEND,SUB-EVENT,Slice_139:OpId_3643 (cycles)
106260775453,EXECUTE,1974,CYCLES,BACKEND,SUB-EVENT,Slice_140:OpId_3649 (cycles)
106260775453,EXECUTE,1919,CYCLES,BACKEND,SUB-EVENT,Slice_141:OpId_3655 (cycles)
106260775453,EXECUTE,2177,CYCLES,BACKEND,SUB-EVENT,Slice_142:OpId_3661 (cycles)
106260775453,EXECUTE,2108,CYCLES,BACKEND,SUB-EVENT,Slice_143:OpId_3667 (cycles)
106260775453,EXECUTE,7743,CYCLES,BACKEND,SUB-EVENT,Concat_72:OpId_3672 (cycles)
106260775453,EXECUTE,5989,CYCLES,BACKEND,SUB-EVENT,Concat_74:OpId_3674 (cycles)
106260775453,EXECUTE,2359,CYCLES,BACKEND,SUB-EVENT,Mul_192:OpId_3676 (cycles)
106260775453,EXECUTE,1678,CYCLES,BACKEND,SUB-EVENT,Mul_194:OpId_3678 (cycles)
106260775453,EXECUTE,1700,CYCLES,BACKEND,SUB-EVENT,Mul_193:OpId_3680 (cycles)
106260775453,EXECUTE,1633,CYCLES,BACKEND,SUB-EVENT,Mul_195:OpId_3682 (cycles)
106260775453,EXECUTE,1417,CYCLES,BACKEND,SUB-EVENT,Mul_196:OpId_3684 (cycles)
106260775453,EXECUTE,1401,CYCLES,BACKEND,SUB-EVENT,Mul_198:OpId_3686 (cycles)
106260775453,EXECUTE,1447,CYCLES,BACKEND,SUB-EVENT,Mul_197:OpId_3688 (cycles)
106260775453,EXECUTE,1413,CYCLES,BACKEND,SUB-EVENT,Mul_199:OpId_3690 (cycles)
106260775453,EXECUTE,1605,CYCLES,BACKEND,SUB-EVENT,Mul_200:OpId_3692 (cycles)
106260775453,EXECUTE,1668,CYCLES,BACKEND,SUB-EVENT,Mul_202:OpId_3694 (cycles)
106260775453,EXECUTE,1596,CYCLES,BACKEND,SUB-EVENT,Mul_201:OpId_3696 (cycles)
106260775453,EXECUTE,1646,CYCLES,BACKEND,SUB-EVENT,Mul_203:OpId_3698 (cycles)
106260775453,EXECUTE,1417,CYCLES,BACKEND,SUB-EVENT,Mul_204:OpId_3700 (cycles)
106260775453,EXECUTE,1468,CYCLES,BACKEND,SUB-EVENT,Mul_206:OpId_3702 (cycles)
106260775453,EXECUTE,1391,CYCLES,BACKEND,SUB-EVENT,Mul_205:OpId_3704 (cycles)
106260775453,EXECUTE,1448,CYCLES,BACKEND,SUB-EVENT,Mul_207:OpId_3706 (cycles)
106260775453,EXECUTE,1395,CYCLES,BACKEND,SUB-EVENT,Mul_208:OpId_3708 (cycles)
106260775453,EXECUTE,1473,CYCLES,BACKEND,SUB-EVENT,Mul_210:OpId_3710 (cycles)
106260775453,EXECUTE,1439,CYCLES,BACKEND,SUB-EVENT,Mul_209:OpId_3712 (cycles)
106260775453,EXECUTE,1459,CYCLES,BACKEND,SUB-EVENT,Mul_211:OpId_3714 (cycles)
106260775453,EXECUTE,1402,CYCLES,BACKEND,SUB-EVENT,Mul_212:OpId_3716 (cycles)
106260775453,EXECUTE,1446,CYCLES,BACKEND,SUB-EVENT,Mul_214:OpId_3718 (cycles)
106260775453,EXECUTE,1537,CYCLES,BACKEND,SUB-EVENT,Mul_213:OpId_3720 (cycles)
106260775453,EXECUTE,1405,CYCLES,BACKEND,SUB-EVENT,Mul_215:OpId_3722 (cycles)
106260775453,EXECUTE,1484,CYCLES,BACKEND,SUB-EVENT,Mul_216:OpId_3724 (cycles)
106260775453,EXECUTE,1565,CYCLES,BACKEND,SUB-EVENT,Mul_218:OpId_3726 (cycles)
106260775453,EXECUTE,1765,CYCLES,BACKEND,SUB-EVENT,Mul_217:OpId_3728 (cycles)
106260775453,EXECUTE,1786,CYCLES,BACKEND,SUB-EVENT,Mul_219:OpId_3730 (cycles)
106260775453,EXECUTE,1900,CYCLES,BACKEND,SUB-EVENT,Mul_220:OpId_3732 (cycles)
106260775453,EXECUTE,1875,CYCLES,BACKEND,SUB-EVENT,Mul_222:OpId_3734 (cycles)
106260775453,EXECUTE,1567,CYCLES,BACKEND,SUB-EVENT,Mul_221:OpId_3736 (cycles)
106260775453,EXECUTE,1615,CYCLES,BACKEND,SUB-EVENT,Mul_223:OpId_3738 (cycles)
106260775453,EXECUTE,1728,CYCLES,BACKEND,SUB-EVENT,Mul_224:OpId_3740 (cycles)
106260775453,EXECUTE,1750,CYCLES,BACKEND,SUB-EVENT,Mul_226:OpId_3742 (cycles)
106260775453,EXECUTE,1588,CYCLES,BACKEND,SUB-EVENT,Mul_225:OpId_3744 (cycles)
106260775453,EXECUTE,1629,CYCLES,BACKEND,SUB-EVENT,Mul_227:OpId_3746 (cycles)
106260775453,EXECUTE,1661,CYCLES,BACKEND,SUB-EVENT,Mul_228:OpId_3748 (cycles)
106260775453,EXECUTE,1692,CYCLES,BACKEND,SUB-EVENT,Mul_230:OpId_3750 (cycles)
106260775453,EXECUTE,1431,CYCLES,BACKEND,SUB-EVENT,Mul_229:OpId_3752 (cycles)
106260775453,EXECUTE,1475,CYCLES,BACKEND,SUB-EVENT,Mul_231:OpId_3754 (cycles)
106260775453,EXECUTE,1442,CYCLES,BACKEND,SUB-EVENT,Mul_232:OpId_3756 (cycles)
106260775453,EXECUTE,1474,CYCLES,BACKEND,SUB-EVENT,Mul_234:OpId_3758 (cycles)
106260775453,EXECUTE,1429,CYCLES,BACKEND,SUB-EVENT,Mul_233:OpId_3760 (cycles)
106260775453,EXECUTE,1426,CYCLES,BACKEND,SUB-EVENT,Mul_235:OpId_3762 (cycles)
106260775453,EXECUTE,1508,CYCLES,BACKEND,SUB-EVENT,Mul_236:OpId_3764 (cycles)
106260775453,EXECUTE,1446,CYCLES,BACKEND,SUB-EVENT,Mul_238:OpId_3766 (cycles)
106260775453,EXECUTE,1928,CYCLES,BACKEND,SUB-EVENT,Mul_237:OpId_3768 (cycles)
106260775453,EXECUTE,1454,CYCLES,BACKEND,SUB-EVENT,Mul_239:OpId_3770 (cycles)
106260775453,EXECUTE,2240,CYCLES,BACKEND,SUB-EVENT,Mul_240:OpId_3772 (cycles)
106260775453,EXECUTE,2186,CYCLES,BACKEND,SUB-EVENT,Mul_242:OpId_3774 (cycles)
106260775453,EXECUTE,1673,CYCLES,BACKEND,SUB-EVENT,Mul_241:OpId_3776 (cycles)
106260775453,EXECUTE,1695,CYCLES,BACKEND,SUB-EVENT,Mul_243:OpId_3778 (cycles)
106260775453,EXECUTE,1461,CYCLES,BACKEND,SUB-EVENT,Mul_244:OpId_3780 (cycles)
106260775453,EXECUTE,1486,CYCLES,BACKEND,SUB-EVENT,Mul_246:OpId_3782 (cycles)
106260775453,EXECUTE,1515,CYCLES,BACKEND,SUB-EVENT,Mul_245:OpId_3784 (cycles)
106260775453,EXECUTE,1464,CYCLES,BACKEND,SUB-EVENT,Mul_247:OpId_3786 (cycles)
106260775453,EXECUTE,1702,CYCLES,BACKEND,SUB-EVENT,Mul_248:OpId_3788 (cycles)
106260775453,EXECUTE,1802,CYCLES,BACKEND,SUB-EVENT,Mul_250:OpId_3790 (cycles)
106260775453,EXECUTE,1439,CYCLES,BACKEND,SUB-EVENT,Mul_249:OpId_3792 (cycles)
106260775453,EXECUTE,1467,CYCLES,BACKEND,SUB-EVENT,Mul_251:OpId_3794 (cycles)
106260775453,EXECUTE,1367,CYCLES,BACKEND,SUB-EVENT,Mul_252:OpId_3796 (cycles)
106260775453,EXECUTE,1427,CYCLES,BACKEND,SUB-EVENT,Mul_254:OpId_3798 (cycles)
106260775453,EXECUTE,1385,CYCLES,BACKEND,SUB-EVENT,Mul_253:OpId_3800 (cycles)
106260775453,EXECUTE,1430,CYCLES,BACKEND,SUB-EVENT,Mul_255:OpId_3802 (cycles)
106260775453,EXECUTE,1800,CYCLES,BACKEND,SUB-EVENT,Sub_48:OpId_3804 (cycles)
106260775453,EXECUTE,394,CYCLES,BACKEND,SUB-EVENT,Sub_48_converted_UFIXED_POINT_8:OpId_3806 (cycles)
106260775453,EXECUTE,1815,CYCLES,BACKEND,SUB-EVENT,Add_90:OpId_3809 (cycles)
106260775453,EXECUTE,511,CYCLES,BACKEND,SUB-EVENT,Add_90_converted_UFIXED_POINT_8:OpId_3811 (cycles)
106260775453,EXECUTE,1464,CYCLES,BACKEND,SUB-EVENT,Sub_49:OpId_3814 (cycles)
106260775453,EXECUTE,448,CYCLES,BACKEND,SUB-EVENT,Sub_49_converted_UFIXED_POINT_8:OpId_3816 (cycles)
106260775453,EXECUTE,1530,CYCLES,BACKEND,SUB-EVENT,Add_91:OpId_3819 (cycles)
106260775453,EXECUTE,453,CYCLES,BACKEND,SUB-EVENT,Add_91_converted_UFIXED_POINT_8:OpId_3821 (cycles)
106260775453,EXECUTE,1688,CYCLES,BACKEND,SUB-EVENT,Sub_50:OpId_3824 (cycles)
106260775453,EXECUTE,2724,CYCLES,BACKEND,SUB-EVENT,Add_92:OpId_3826 (cycles)
106260775453,EXECUTE,1501,CYCLES,BACKEND,SUB-EVENT,Sub_51:OpId_3828 (cycles)
106260775453,EXECUTE,2170,CYCLES,BACKEND,SUB-EVENT,Add_94:OpId_3830 (cycles)
106260775453,EXECUTE,1437,CYCLES,BACKEND,SUB-EVENT,Sub_52:OpId_3832 (cycles)
106260775453,EXECUTE,2207,CYCLES,BACKEND,SUB-EVENT,Add_96:OpId_3834 (cycles)
106260775453,EXECUTE,1861,CYCLES,BACKEND,SUB-EVENT,Sub_53:OpId_3836 (cycles)
106260775453,EXECUTE,2196,CYCLES,BACKEND,SUB-EVENT,Add_98:OpId_3838 (cycles)
106260775453,EXECUTE,1640,CYCLES,BACKEND,SUB-EVENT,Sub_54:OpId_3840 (cycles)
106260775453,EXECUTE,2275,CYCLES,BACKEND,SUB-EVENT,Add_100:OpId_3842 (cycles)
106260775453,EXECUTE,1791,CYCLES,BACKEND,SUB-EVENT,Sub_55:OpId_3844 (cycles)
106260775453,EXECUTE,2311,CYCLES,BACKEND,SUB-EVENT,Add_102:OpId_3846 (cycles)
106260775453,EXECUTE,1496,CYCLES,BACKEND,SUB-EVENT,Sub_56:OpId_3848 (cycles)
106260775453,EXECUTE,2050,CYCLES,BACKEND,SUB-EVENT,Add_104:OpId_3850 (cycles)
106260775453,EXECUTE,1608,CYCLES,BACKEND,SUB-EVENT,Sub_57:OpId_3852 (cycles)
106260775453,EXECUTE,2252,CYCLES,BACKEND,SUB-EVENT,Add_106:OpId_3854 (cycles)
106260775453,EXECUTE,1544,CYCLES,BACKEND,SUB-EVENT,Sub_58:OpId_3856 (cycles)
106260775453,EXECUTE,2210,CYCLES,BACKEND,SUB-EVENT,Add_108:OpId_3858 (cycles)
106260775453,EXECUTE,1764,CYCLES,BACKEND,SUB-EVENT,Sub_59:OpId_3860 (cycles)
106260775453,EXECUTE,2393,CYCLES,BACKEND,SUB-EVENT,Add_110:OpId_3862 (cycles)
106260775453,EXECUTE,1658,CYCLES,BACKEND,SUB-EVENT,Sub_60:OpId_3864 (cycles)
106260775453,EXECUTE,2376,CYCLES,BACKEND,SUB-EVENT,Add_112:OpId_3866 (cycles)
106260775453,EXECUTE,1608,CYCLES,BACKEND,SUB-EVENT,Sub_61:OpId_3868 (cycles)
106260775453,EXECUTE,2278,CYCLES,BACKEND,SUB-EVENT,Add_114:OpId_3870 (cycles)
106260775453,EXECUTE,1489,CYCLES,BACKEND,SUB-EVENT,Sub_62:OpId_3872 (cycles)
106260775453,EXECUTE,2072,CYCLES,BACKEND,SUB-EVENT,Add_116:OpId_3874 (cycles)
106260775453,EXECUTE,1490,CYCLES,BACKEND,SUB-EVENT,Sub_63:OpId_3876 (cycles)
106260775453,EXECUTE,2112,CYCLES,BACKEND,SUB-EVENT,Add_118:OpId_3878 (cycles)
106260775453,EXECUTE,1882,CYCLES,BACKEND,SUB-EVENT,Concat_69:OpId_3880 (cycles)
106260775453,EXECUTE,1675,CYCLES,BACKEND,SUB-EVENT,Concat_70:OpId_3882 (cycles)
106260775453,EXECUTE,0,CYCLES,BACKEND,SUB-EVENT,Concat_75:OpId_3884 (cycles)
106260775453,EXECUTE,0,CYCLES,BACKEND,SUB-EVENT,Concat_76:OpId_3886 (cycles)
106260775453,EXECUTE,0,CYCLES,BACKEND,SUB-EVENT,Concat_77:OpId_3888 (cycles)
106260775453,EXECUTE,0,CYCLES,BACKEND,SUB-EVENT,Concat_78:OpId_3890 (cycles)
106260775453,EXECUTE,0,CYCLES,BACKEND,SUB-EVENT,Concat_79:OpId_3892 (cycles)
106260775453,EXECUTE,0,CYCLES,BACKEND,SUB-EVENT,Concat_80:OpId_3894 (cycles)
106260775453,EXECUTE,0,CYCLES,BACKEND,SUB-EVENT,Concat_81:OpId_3896 (cycles)
106260775453,EXECUTE,0,CYCLES,BACKEND,SUB-EVENT,Concat_82:OpId_3898 (cycles)
106260775453,EXECUTE,0,CYCLES,BACKEND,SUB-EVENT,Concat_83:OpId_3900 (cycles)
106260775453,EXECUTE,0,CYCLES,BACKEND,SUB-EVENT,Concat_84:OpId_3902 (cycles)
106260775453,EXECUTE,0,CYCLES,BACKEND,SUB-EVENT,Concat_85:OpId_3904 (cycles)
106260775453,EXECUTE,0,CYCLES,BACKEND,SUB-EVENT,Concat_86:OpId_3906 (cycles)
106260775453,EXECUTE,0,CYCLES,BACKEND,SUB-EVENT,Concat_87:OpId_3908 (cycles)
106260775453,EXECUTE,0,CYCLES,BACKEND,SUB-EVENT,Concat_88:OpId_3910 (cycles)
106260775453,EXECUTE,5429,CYCLES,BACKEND,SUB-EVENT,attn_3_head_0_key_Transpose_0:OpId_3913 (cycles)
106260775453,EXECUTE,5210,CYCLES,BACKEND,SUB-EVENT,attn_3_head_1_key_Transpose_0:OpId_3915 (cycles)
106260775453,EXECUTE,0,CYCLES,BACKEND,SUB-EVENT,Concat_71:OpId_3916 (cycles)
106260775453,EXECUTE,0,CYCLES,BACKEND,SUB-EVENT,Concat_73:OpId_3918 (cycles)
106260775453,EXECUTE,0,CYCLES,BACKEND,SUB-EVENT,Concat_89:OpId_3920 (cycles)
106260775453,EXECUTE,129508,CYCLES,BACKEND,SUB-EVENT,attn_3_head_0_qk_MatMul_0:OpId_3922 (cycles)
106260775453,EXECUTE,16839,CYCLES,BACKEND,SUB-EVENT,attn_3_head_1_qk_MatMul_0:OpId_3926 (cycles)
106260775453,EXECUTE,16902,CYCLES,BACKEND,SUB-EVENT,attn_3_head_2_qk_MatMul_0:OpId_3930 (cycles)
106260775453,EXECUTE,17105,CYCLES,BACKEND,SUB-EVENT,attn_3_head_3_qk_MatMul_0:OpId_3934 (cycles)
106260775453,EXECUTE,16648,CYCLES,BACKEND,SUB-EVENT,attn_3_head_4_qk_MatMul_0:OpId_3938 (cycles)
106260775453,EXECUTE,16504,CYCLES,BACKEND,SUB-EVENT,attn_3_head_5_qk_MatMul_0:OpId_3942 (cycles)
106260775453,EXECUTE,17274,CYCLES,BACKEND,SUB-EVENT,attn_3_head_6_qk_MatMul_0:OpId_3946 (cycles)
106260775453,EXECUTE,131022,CYCLES,BACKEND,SUB-EVENT,attn_3_head_7_qk_MatMul_0:OpId_3950 (cycles)
106260775453,EXECUTE,17055,CYCLES,BACKEND,SUB-EVENT,attn_3_head_8_qk_MatMul_0:OpId_3954 (cycles)
106260775453,EXECUTE,16299,CYCLES,BACKEND,SUB-EVENT,attn_3_head_9_qk_MatMul_0:OpId_3958 (cycles)
106260775453,EXECUTE,16183,CYCLES,BACKEND,SUB-EVENT,attn_3_head_10_qk_MatMul_0:OpId_3962 (cycles)
106260775453,EXECUTE,16543,CYCLES,BACKEND,SUB-EVENT,attn_3_head_11_qk_MatMul_0:OpId_3966 (cycles)
106260775453,EXECUTE,15453,CYCLES,BACKEND,SUB-EVENT,attn_3_head_12_qk_MatMul_0:OpId_3970 (cycles)
106260775453,EXECUTE,16408,CYCLES,BACKEND,SUB-EVENT,attn_3_head_13_qk_MatMul_0:OpId_3974 (cycles)
106260775453,EXECUTE,63395,CYCLES,BACKEND,SUB-EVENT,Add_93:OpId_3978 (cycles)
106260775453,EXECUTE,61826,CYCLES,BACKEND,SUB-EVENT,Add_95:OpId_3980 (cycles)
106260775453,EXECUTE,58773,CYCLES,BACKEND,SUB-EVENT,Add_97:OpId_3982 (cycles)
106260775453,EXECUTE,63540,CYCLES,BACKEND,SUB-EVENT,Add_99:OpId_3984 (cycles)
106260775453,EXECUTE,64835,CYCLES,BACKEND,SUB-EVENT,Add_101:OpId_3986 (cycles)
106260775453,EXECUTE,64626,CYCLES,BACKEND,SUB-EVENT,Add_103:OpId_3988 (cycles)
106260775453,EXECUTE,54419,CYCLES,BACKEND,SUB-EVENT,Add_105:OpId_3990 (cycles)
106260775453,EXECUTE,64018,CYCLES,BACKEND,SUB-EVENT,Add_107:OpId_3992 (cycles)
106260775453,EXECUTE,63042,CYCLES,BACKEND,SUB-EVENT,Add_109:OpId_3994 (cycles)
106260775453,EXECUTE,62611,CYCLES,BACKEND,SUB-EVENT,Add_111:OpId_3996 (cycles)
106260775453,EXECUTE,54189,CYCLES,BACKEND,SUB-EVENT,Add_113:OpId_3998 (cycles)
106260775453,EXECUTE,62198,CYCLES,BACKEND,SUB-EVENT,Add_115:OpId_4000 (cycles)
106260775453,EXECUTE,66720,CYCLES,BACKEND,SUB-EVENT,Add_117:OpId_4002 (cycles)
106260775453,EXECUTE,67398,CYCLES,BACKEND,SUB-EVENT,Add_119:OpId_4004 (cycles)
106260775453,EXECUTE,153544,CYCLES,BACKEND,SUB-EVENT,attn_3_head_0_Softmax_0:OpId_4006 (cycles)
106260775453,EXECUTE,163813,CYCLES,BACKEND,SUB-EVENT,attn_3_head_1_Softmax_0:OpId_4009 (cycles)
106260775453,EXECUTE,165643,CYCLES,BACKEND,SUB-EVENT,attn_3_head_2_Softmax_0:OpId_4012 (cycles)
106260775453,EXECUTE,148665,CYCLES,BACKEND,SUB-EVENT,attn_3_head_3_Softmax_0:OpId_4015 (cycles)
106260775453,EXECUTE,166236,CYCLES,BACKEND,SUB-EVENT,attn_3_head_4_Softmax_0:OpId_4018 (cycles)
106260775453,EXECUTE,150573,CYCLES,BACKEND,SUB-EVENT,attn_3_head_5_Softmax_0:OpId_4021 (cycles)
106260775453,EXECUTE,167477,CYCLES,BACKEND,SUB-EVENT,attn_3_head_6_Softmax_0:OpId_4024 (cycles)
106260775453,EXECUTE,150235,CYCLES,BACKEND,SUB-EVENT,attn_3_head_7_Softmax_0:OpId_4027 (cycles)
106260775453,EXECUTE,167289,CYCLES,BACKEND,SUB-EVENT,attn_3_head_8_Softmax_0:OpId_4030 (cycles)
106260775453,EXECUTE,157971,CYCLES,BACKEND,SUB-EVENT,attn_3_head_9_Softmax_0:OpId_4033 (cycles)
106260775453,EXECUTE,159156,CYCLES,BACKEND,SUB-EVENT,attn_3_head_10_Softmax_0:OpId_4036 (cycles)
106260775453,EXECUTE,149018,CYCLES,BACKEND,SUB-EVENT,attn_3_head_11_Softmax_0:OpId_4039 (cycles)
106260775453,EXECUTE,169562,CYCLES,BACKEND,SUB-EVENT,attn_3_head_12_Softmax_0:OpId_4042 (cycles)
106260775453,EXECUTE,151450,CYCLES,BACKEND,SUB-EVENT,attn_3_head_13_Softmax_0:OpId_4045 (cycles)
106260775453,EXECUTE,41633,CYCLES,BACKEND,SUB-EVENT,attn_3_head_0_qkv_MatMul_0:OpId_4048 (cycles)
106260775453,EXECUTE,5408,CYCLES,BACKEND,SUB-EVENT,attn_3_head_1_qkv_MatMul_0:OpId_4052 (cycles)
106260775453,EXECUTE,5244,CYCLES,BACKEND,SUB-EVENT,attn_3_head_2_qkv_MatMul_0:OpId_4056 (cycles)
106260775453,EXECUTE,4828,CYCLES,BACKEND,SUB-EVENT,attn_3_head_3_qkv_MatMul_0:OpId_4060 (cycles)
106260775453,EXECUTE,5167,CYCLES,BACKEND,SUB-EVENT,attn_3_head_4_qkv_MatMul_0:OpId_4064 (cycles)
106260775453,EXECUTE,5083,CYCLES,BACKEND,SUB-EVENT,attn_3_head_5_qkv_MatMul_0:OpId_4068 (cycles)
106260775453,EXECUTE,5205,CYCLES,BACKEND,SUB-EVENT,attn_3_head_6_qkv_MatMul_0:OpId_4072 (cycles)
106260775453,EXECUTE,39327,CYCLES,BACKEND,SUB-EVENT,attn_3_head_7_qkv_MatMul_0:OpId_4076 (cycles)
106260775453,EXECUTE,5241,CYCLES,BACKEND,SUB-EVENT,attn_3_head_8_qkv_MatMul_0:OpId_4080 (cycles)
106260775453,EXECUTE,5110,CYCLES,BACKEND,SUB-EVENT,attn_3_head_9_qkv_MatMul_0:OpId_4084 (cycles)
106260775453,EXECUTE,5167,CYCLES,BACKEND,SUB-EVENT,attn_3_head_10_qkv_MatMul_0:OpId_4088 (cycles)
106260775453,EXECUTE,5103,CYCLES,BACKEND,SUB-EVENT,attn_3_head_11_qkv_MatMul_0:OpId_4092 (cycles)
106260775453,EXECUTE,5177,CYCLES,BACKEND,SUB-EVENT,attn_3_head_12_qkv_MatMul_0:OpId_4096 (cycles)
106260775453,EXECUTE,4389,CYCLES,BACKEND,SUB-EVENT,attn_3_head_13_qkv_MatMul_0:OpId_4100 (cycles)
106260775453,EXECUTE,0,CYCLES,BACKEND,SUB-EVENT,Concat_91:OpId_4104 (cycles)
106260775453,EXECUTE,0,CYCLES,BACKEND,SUB-EVENT,Reshape_5:OpId_4106 (cycles)
106260775453,EXECUTE,0,CYCLES,BACKEND,SUB-EVENT,model_layers_3_self_attn_Transpose_6:OpId_4108 (cycles)
106260775453,EXECUTE,25847,CYCLES,BACKEND,SUB-EVENT,model_layers_3_self_attn_o_proj_conv_Conv:OpId_4116 (cycles)
106260775453,EXECUTE,0,CYCLES,BACKEND,SUB-EVENT,/model_layers_3_self_attn_o_proj_conv_Conv/Conv_output_0.nchw:OpId_4120 (cycles)
106260775453,EXECUTE,0,CYCLES,BACKEND,SUB-EVENT,model_layers_3_self_attn_Reshape_9:OpId_4121 (cycles)
106260775453,EXECUTE,13918,CYCLES,BACKEND,SUB-EVENT,model_layers_3_Add:OpId_4122 (cycles)
106260775453,EXECUTE,94028,CYCLES,BACKEND,SUB-EVENT,rms_norm_12:OpId_4127 (cycles)
106260775453,EXECUTE,0,CYCLES,BACKEND,SUB-EVENT,model_layers_3_mlp_Reshape:OpId_4130 (cycles)
106260775453,EXECUTE,0,CYCLES,BACKEND,SUB-EVENT,model_layers_3_mlp_Transpose:OpId_4132 (cycles)
106260775453,EXECUTE,134600,CYCLES,BACKEND,SUB-EVENT,model_layers_3_mlp_gate_proj_conv_Conv:OpId_4140 (cycles)
106260775453,EXECUTE,139300,CYCLES,BACKEND,SUB-EVENT,model_layers_3_mlp_up_proj_conv_Conv:OpId_4150 (cycles)
106260775453,EXECUTE,0,CYCLES,BACKEND,SUB-EVENT,model_layers_3_mlp_act_fn_Sigmoid:OpId_4153 (cycles)
106260775453,EXECUTE,418439,CYCLES,BACKEND,SUB-EVENT,model_layers_3_mlp_act_fn_Mul:OpId_4160 (cycles)
106260775453,EXECUTE,205947,CYCLES,BACKEND,SUB-EVENT,model_layers_3_mlp_Mul:OpId_4162 (cycles)
106260775453,EXECUTE,78420,CYCLES,BACKEND,SUB-EVENT,model_layers_3_mlp_down_proj_conv_Conv:OpId_4171 (cycles)
106260775453,EXECUTE,0,CYCLES,BACKEND,SUB-EVENT,/model_layers_3_mlp_down_proj_conv_Conv/Conv_output_0.nchw:OpId_4175 (cycles)
106260775453,EXECUTE,0,CYCLES,BACKEND,SUB-EVENT,model_layers_3_mlp_Reshape_1:OpId_4176 (cycles)
106260775453,EXECUTE,15104,CYCLES,BACKEND,SUB-EVENT,model_layers_3_Add_1:OpId_4177 (cycles)
106260775453,EXECUTE,93465,CYCLES,BACKEND,SUB-EVENT,rms_norm_14:OpId_4182 (cycles)
106260775453,EXECUTE,0,CYCLES,BACKEND,SUB-EVENT,model_layers_4_self_attn_Reshape:OpId_4185 (cycles)
106260775453,EXECUTE,0,CYCLES,BACKEND,SUB-EVENT,model_layers_4_self_attn_Transpose:OpId_4187 (cycles)
106260775453,EXECUTE,2573,CYCLES,BACKEND,SUB-EVENT,attn_4_head_0_key_Conv:OpId_4195 (cycles)
106260775453,EXECUTE,1545,CYCLES,BACKEND,SUB-EVENT,attn_4_head_0_value_Conv:OpId_4205 (cycles)
106260775453,EXECUTE,1923,CYCLES,BACKEND,SUB-EVENT,attn_4_head_0_value_Transpose/output_converted_UFIXED_POINT_8:OpId_4208 (cycles)
106260775453,EXECUTE,2542,CYCLES,BACKEND,SUB-EVENT,attn_4_head_1_key_Conv:OpId_4218 (cycles)
106260775453,EXECUTE,1568,CYCLES,BACKEND,SUB-EVENT,attn_4_head_1_value_Conv:OpId_4228 (cycles)
106260775453,EXECUTE,1628,CYCLES,BACKEND,SUB-EVENT,attn_4_head_1_value_Transpose/output_converted_UFIXED_POINT_8:OpId_4231 (cycles)
106260775453,EXECUTE,2411,CYCLES,BACKEND,SUB-EVENT,attn_4_head_0_query_Conv:OpId_4241 (cycles)
106260775453,EXECUTE,2559,CYCLES,BACKEND,SUB-EVENT,attn_4_head_1_query_Conv:OpId_4251 (cycles)
106260775453,EXECUTE,2886,CYCLES,BACKEND,SUB-EVENT,attn_4_head_2_query_Conv:OpId_4261 (cycles)
106260775453,EXECUTE,2845,CYCLES,BACKEND,SUB-EVENT,attn_4_head_3_query_Conv:OpId_4271 (cycles)
106260775453,EXECUTE,4114,CYCLES,BACKEND,SUB-EVENT,attn_4_head_4_query_Conv:OpId_4281 (cycles)
106260775453,EXECUTE,3735,CYCLES,BACKEND,SUB-EVENT,attn_4_head_5_query_Conv:OpId_4291 (cycles)
106260775453,EXECUTE,3944,CYCLES,BACKEND,SUB-EVENT,attn_4_head_6_query_Conv:OpId_4301 (cycles)
106260775453,EXECUTE,3847,CYCLES,BACKEND,SUB-EVENT,attn_4_head_7_query_Conv:OpId_4311 (cycles)
106260775453,EXECUTE,3641,CYCLES,BACKEND,SUB-EVENT,attn_4_head_8_query_Conv:OpId_4321 (cycles)
106260775453,EXECUTE,3602,CYCLES,BACKEND,SUB-EVENT,attn_4_head_9_query_Conv:OpId_4331 (cycles)
106260775453,EXECUTE,3287,CYCLES,BACKEND,SUB-EVENT,attn_4_head_10_query_Conv:OpId_4341 (cycles)
106260775453,EXECUTE,2988,CYCLES,BACKEND,SUB-EVENT,attn_4_head_11_query_Conv:OpId_4351 (cycles)
106260775453,EXECUTE,3002,CYCLES,BACKEND,SUB-EVENT,attn_4_head_12_query_Conv:OpId_4361 (cycles)
106260775453,EXECUTE,3097,CYCLES,BACKEND,SUB-EVENT,attn_4_head_13_query_Conv:OpId_4371 (cycles)
106260775453,EXECUTE,2599,CYCLES,BACKEND,SUB-EVENT,Slice_144:OpId_4375 (cycles)
106260775453,EXECUTE,2535,CYCLES,BACKEND,SUB-EVENT,Slice_145:OpId_4381 (cycles)
106260775453,EXECUTE,1815,CYCLES,BACKEND,SUB-EVENT,Slice_146:OpId_4387 (cycles)
106260775453,EXECUTE,1731,CYCLES,BACKEND,SUB-EVENT,Slice_147:OpId_4393 (cycles)
106260775453,EXECUTE,0,CYCLES,BACKEND,SUB-EVENT,Concat_113:OpId_4398 (cycles)
106260775453,EXECUTE,2030,CYCLES,BACKEND,SUB-EVENT,Slice_152:OpId_4401 (cycles)
106260775453,EXECUTE,2022,CYCLES,BACKEND,SUB-EVENT,Slice_153:OpId_4407 (cycles)
106260775453,EXECUTE,2042,CYCLES,BACKEND,SUB-EVENT,Slice_154:OpId_4413 (cycles)
106260775453,EXECUTE,1826,CYCLES,BACKEND,SUB-EVENT,Slice_155:OpId_4419 (cycles)
106260775453,EXECUTE,2370,CYCLES,BACKEND,SUB-EVENT,Slice_156:OpId_4425 (cycles)
106260775453,EXECUTE,2372,CYCLES,BACKEND,SUB-EVENT,Slice_157:OpId_4431 (cycles)
106260775453,EXECUTE,1955,CYCLES,BACKEND,SUB-EVENT,Slice_158:OpId_4437 (cycles)
106260775453,EXECUTE,1833,CYCLES,BACKEND,SUB-EVENT,Slice_159:OpId_4443 (cycles)
106260775453,EXECUTE,2475,CYCLES,BACKEND,SUB-EVENT,Slice_160:OpId_4449 (cycles)
106260775453,EXECUTE,2669,CYCLES,BACKEND,SUB-EVENT,Slice_161:OpId_4455 (cycles)
106260775453,EXECUTE,2037,CYCLES,BACKEND,SUB-EVENT,Slice_162:OpId_4461 (cycles)
106260775453,EXECUTE,1800,CYCLES,BACKEND,SUB-EVENT,Slice_163:OpId_4467 (cycles)
106260775453,EXECUTE,1791,CYCLES,BACKEND,SUB-EVENT,Slice_164:OpId_4473 (cycles)
106260775453,EXECUTE,1709,CYCLES,BACKEND,SUB-EVENT,Slice_165:OpId_4479 (cycles)
106260775453,EXECUTE,1832,CYCLES,BACKEND,SUB-EVENT,Slice_166:OpId_4485 (cycles)
106260775453,EXECUTE,1913,CYCLES,BACKEND,SUB-EVENT,Slice_167:OpId_4491 (cycles)
106260775453,EXECUTE,1938,CYCLES,BACKEND,SUB-EVENT,Slice_168:OpId_4497 (cycles)
106260775453,EXECUTE,1843,CYCLES,BACKEND,SUB-EVENT,Slice_169:OpId_4503 (cycles)
106260775453,EXECUTE,1841,CYCLES,BACKEND,SUB-EVENT,Slice_170:OpId_4509 (cycles)
106260775453,EXECUTE,1685,CYCLES,BACKEND,SUB-EVENT,Slice_171:OpId_4515 (cycles)
106260775453,EXECUTE,1822,CYCLES,BACKEND,SUB-EVENT,Slice_172:OpId_4521 (cycles)
106260775453,EXECUTE,1769,CYCLES,BACKEND,SUB-EVENT,Slice_173:OpId_4527 (cycles)
106260775453,EXECUTE,2173,CYCLES,BACKEND,SUB-EVENT,Slice_174:OpId_4533 (cycles)
106260775453,EXECUTE,1808,CYCLES,BACKEND,SUB-EVENT,Slice_175:OpId_4539 (cycles)
106260775453,EXECUTE,2064,CYCLES,BACKEND,SUB-EVENT,Slice_176:OpId_4545 (cycles)
106260775453,EXECUTE,2495,CYCLES,BACKEND,SUB-EVENT,Slice_177:OpId_4551 (cycles)
106260775453,EXECUTE,1917,CYCLES,BACKEND,SUB-EVENT,Slice_178:OpId_4557 (cycles)
106260775453,EXECUTE,1790,CYCLES,BACKEND,SUB-EVENT,Slice_179:OpId_4563 (cycles)
106260775453,EXECUTE,9352,CYCLES,BACKEND,SUB-EVENT,Concat_95:OpId_4568 (cycles)
106260775453,EXECUTE,8096,CYCLES,BACKEND,SUB-EVENT,Concat_97:OpId_4570 (cycles)
106260775453,EXECUTE,1766,CYCLES,BACKEND,SUB-EVENT,Mul_256:OpId_4572 (cycles)
106260775453,EXECUTE,1702,CYCLES,BACKEND,SUB-EVENT,Mul_258:OpId_4574 (cycles)
106260775453,EXECUTE,2039,CYCLES,BACKEND,SUB-EVENT,Mul_257:OpId_4576 (cycles)
106260775453,EXECUTE,1882,CYCLES,BACKEND,SUB-EVENT,Mul_259:OpId_4578 (cycles)
106260775453,EXECUTE,1695,CYCLES,BACKEND,SUB-EVENT,Mul_260:OpId_4580 (cycles)
106260775453,EXECUTE,1721,CYCLES,BACKEND,SUB-EVENT,Mul_262:OpId_4582 (cycles)
106260775453,EXECUTE,1420,CYCLES,BACKEND,SUB-EVENT,Mul_261:OpId_4584 (cycles)
106260775453,EXECUTE,1383,CYCLES,BACKEND,SUB-EVENT,Mul_263:OpId_4586 (cycles)
106260775453,EXECUTE,1633,CYCLES,BACKEND,SUB-EVENT,Mul_264:OpId_4588 (cycles)
106260775453,EXECUTE,1720,CYCLES,BACKEND,SUB-EVENT,Mul_266:OpId_4590 (cycles)
106260775453,EXECUTE,1589,CYCLES,BACKEND,SUB-EVENT,Mul_265:OpId_4592 (cycles)
106260775453,EXECUTE,1679,CYCLES,BACKEND,SUB-EVENT,Mul_267:OpId_4594 (cycles)
106260775453,EXECUTE,1422,CYCLES,BACKEND,SUB-EVENT,Mul_268:OpId_4596 (cycles)
106260775453,EXECUTE,1463,CYCLES,BACKEND,SUB-EVENT,Mul_270:OpId_4598 (cycles)
106260775453,EXECUTE,1397,CYCLES,BACKEND,SUB-EVENT,Mul_269:OpId_4600 (cycles)
106260775453,EXECUTE,1459,CYCLES,BACKEND,SUB-EVENT,Mul_271:OpId_4602 (cycles)
106260775453,EXECUTE,1439,CYCLES,BACKEND,SUB-EVENT,Mul_272:OpId_4604 (cycles)
106260775453,EXECUTE,1470,CYCLES,BACKEND,SUB-EVENT,Mul_274:OpId_4606 (cycles)
106260775453,EXECUTE,1396,CYCLES,BACKEND,SUB-EVENT,Mul_273:OpId_4608 (cycles)
106260775453,EXECUTE,1405,CYCLES,BACKEND,SUB-EVENT,Mul_275:OpId_4610 (cycles)
106260775453,EXECUTE,1450,CYCLES,BACKEND,SUB-EVENT,Mul_276:OpId_4612 (cycles)
106260775453,EXECUTE,1501,CYCLES,BACKEND,SUB-EVENT,Mul_278:OpId_4614 (cycles)
106260775453,EXECUTE,1722,CYCLES,BACKEND,SUB-EVENT,Mul_277:OpId_4616 (cycles)
106260775453,EXECUTE,1742,CYCLES,BACKEND,SUB-EVENT,Mul_279:OpId_4618 (cycles)
106260775453,EXECUTE,1494,CYCLES,BACKEND,SUB-EVENT,Mul_280:OpId_4620 (cycles)
106260775453,EXECUTE,1491,CYCLES,BACKEND,SUB-EVENT,Mul_282:OpId_4622 (cycles)
106260775453,EXECUTE,1406,CYCLES,BACKEND,SUB-EVENT,Mul_281:OpId_4624 (cycles)
106260775453,EXECUTE,1598,CYCLES,BACKEND,SUB-EVENT,Mul_283:OpId_4626 (cycles)
106260775453,EXECUTE,1450,CYCLES,BACKEND,SUB-EVENT,Mul_284:OpId_4628 (cycles)
106260775453,EXECUTE,1484,CYCLES,BACKEND,SUB-EVENT,Mul_286:OpId_4630 (cycles)
106260775453,EXECUTE,1450,CYCLES,BACKEND,SUB-EVENT,Mul_285:OpId_4632 (cycles)
106260775453,EXECUTE,1448,CYCLES,BACKEND,SUB-EVENT,Mul_287:OpId_4634 (cycles)
106260775453,EXECUTE,1770,CYCLES,BACKEND,SUB-EVENT,Mul_288:OpId_4636 (cycles)
106260775453,EXECUTE,1887,CYCLES,BACKEND,SUB-EVENT,Mul_290:OpId_4638 (cycles)
106260775453,EXECUTE,1848,CYCLES,BACKEND,SUB-EVENT,Mul_289:OpId_4640 (cycles)
106260775453,EXECUTE,1752,CYCLES,BACKEND,SUB-EVENT,Mul_291:OpId_4642 (cycles)
106260775453,EXECUTE,1753,CYCLES,BACKEND,SUB-EVENT,Mul_292:OpId_4644 (cycles)
106260775453,EXECUTE,1657,CYCLES,BACKEND,SUB-EVENT,Mul_294:OpId_4646 (cycles)
106260775453,EXECUTE,1395,CYCLES,BACKEND,SUB-EVENT,Mul_293:OpId_4648 (cycles)
106260775453,EXECUTE,1487,CYCLES,BACKEND,SUB-EVENT,Mul_295:OpId_4650 (cycles)
106260775453,EXECUTE,1660,CYCLES,BACKEND,SUB-EVENT,Mul_296:OpId_4652 (cycles)
106260775453,EXECUTE,1747,CYCLES,BACKEND,SUB-EVENT,Mul_298:OpId_4654 (cycles)
106260775453,EXECUTE,1459,CYCLES,BACKEND,SUB-EVENT,Mul_297:OpId_4656 (cycles)
106260775453,EXECUTE,1578,CYCLES,BACKEND,SUB-EVENT,Mul_299:OpId_4658 (cycles)
106260775453,EXECUTE,1620,CYCLES,BACKEND,SUB-EVENT,Mul_300:OpId_4660 (cycles)
106260775453,EXECUTE,1528,CYCLES,BACKEND,SUB-EVENT,Mul_302:OpId_4662 (cycles)
106260775453,EXECUTE,1463,CYCLES,BACKEND,SUB-EVENT,Mul_301:OpId_4664 (cycles)
106260775453,EXECUTE,1510,CYCLES,BACKEND,SUB-EVENT,Mul_303:OpId_4666 (cycles)
106260775453,EXECUTE,1405,CYCLES,BACKEND,SUB-EVENT,Mul_304:OpId_4668 (cycles)
106260775453,EXECUTE,1523,CYCLES,BACKEND,SUB-EVENT,Mul_306:OpId_4670 (cycles)
106260775453,EXECUTE,1527,CYCLES,BACKEND,SUB-EVENT,Mul_305:OpId_4672 (cycles)
106260775453,EXECUTE,1438,CYCLES,BACKEND,SUB-EVENT,Mul_307:OpId_4674 (cycles)
106260775453,EXECUTE,1654,CYCLES,BACKEND,SUB-EVENT,Mul_308:OpId_4676 (cycles)
106260775453,EXECUTE,1639,CYCLES,BACKEND,SUB-EVENT,Mul_310:OpId_4678 (cycles)
106260775453,EXECUTE,1495,CYCLES,BACKEND,SUB-EVENT,Mul_309:OpId_4680 (cycles)
106260775453,EXECUTE,1506,CYCLES,BACKEND,SUB-EVENT,Mul_311:OpId_4682 (cycles)
106260775453,EXECUTE,1517,CYCLES,BACKEND,SUB-EVENT,Mul_312:OpId_4684 (cycles)
106260775453,EXECUTE,1609,CYCLES,BACKEND,SUB-EVENT,Mul_314:OpId_4686 (cycles)
106260775453,EXECUTE,1468,CYCLES,BACKEND,SUB-EVENT,Mul_313:OpId_4688 (cycles)
106260775453,EXECUTE,1467,CYCLES,BACKEND,SUB-EVENT,Mul_315:OpId_4690 (cycles)
106260775453,EXECUTE,1657,CYCLES,BACKEND,SUB-EVENT,Mul_316:OpId_4692 (cycles)
106260775453,EXECUTE,1540,CYCLES,BACKEND,SUB-EVENT,Mul_318:OpId_4694 (cycles)
106260775453,EXECUTE,1395,CYCLES,BACKEND,SUB-EVENT,Mul_317:OpId_4696 (cycles)
106260775453,EXECUTE,1435,CYCLES,BACKEND,SUB-EVENT,Mul_319:OpId_4698 (cycles)
106260775453,EXECUTE,1730,CYCLES,BACKEND,SUB-EVENT,Sub_64:OpId_4700 (cycles)
106260775453,EXECUTE,496,CYCLES,BACKEND,SUB-EVENT,Sub_64_converted_UFIXED_POINT_8:OpId_4702 (cycles)
106260775453,EXECUTE,1727,CYCLES,BACKEND,SUB-EVENT,Add_120:OpId_4705 (cycles)
106260775453,EXECUTE,1314,CYCLES,BACKEND,SUB-EVENT,Add_120_converted_UFIXED_POINT_8:OpId_4707 (cycles)
106260775453,EXECUTE,1522,CYCLES,BACKEND,SUB-EVENT,Sub_65:OpId_4710 (cycles)
106260775453,EXECUTE,516,CYCLES,BACKEND,SUB-EVENT,Sub_65_converted_UFIXED_POINT_8:OpId_4712 (cycles)
106260775453,EXECUTE,1513,CYCLES,BACKEND,SUB-EVENT,Add_121:OpId_4715 (cycles)
106260775453,EXECUTE,999,CYCLES,BACKEND,SUB-EVENT,Add_121_converted_UFIXED_POINT_8:OpId_4717 (cycles)
106260775453,EXECUTE,1722,CYCLES,BACKEND,SUB-EVENT,Sub_66:OpId_4720 (cycles)
106260775453,EXECUTE,2682,CYCLES,BACKEND,SUB-EVENT,Add_122:OpId_4722 (cycles)
106260775453,EXECUTE,1474,CYCLES,BACKEND,SUB-EVENT,Sub_67:OpId_4724 (cycles)
106260775453,EXECUTE,2207,CYCLES,BACKEND,SUB-EVENT,Add_124:OpId_4726 (cycles)
106260775453,EXECUTE,1488,CYCLES,BACKEND,SUB-EVENT,Sub_68:OpId_4728 (cycles)
106260775453,EXECUTE,2091,CYCLES,BACKEND,SUB-EVENT,Add_126:OpId_4730 (cycles)
106260775453,EXECUTE,1513,CYCLES,BACKEND,SUB-EVENT,Sub_69:OpId_4732 (cycles)
106260775453,EXECUTE,2690,CYCLES,BACKEND,SUB-EVENT,Add_128:OpId_4734 (cycles)
106260775453,EXECUTE,1794,CYCLES,BACKEND,SUB-EVENT,Sub_70:OpId_4736 (cycles)
106260775453,EXECUTE,2533,CYCLES,BACKEND,SUB-EVENT,Add_130:OpId_4738 (cycles)
106260775453,EXECUTE,1844,CYCLES,BACKEND,SUB-EVENT,Sub_71:OpId_4740 (cycles)
106260775453,EXECUTE,2204,CYCLES,BACKEND,SUB-EVENT,Add_132:OpId_4742 (cycles)
106260775453,EXECUTE,1586,CYCLES,BACKEND,SUB-EVENT,Sub_72:OpId_4744 (cycles)
106260775453,EXECUTE,2271,CYCLES,BACKEND,SUB-EVENT,Add_134:OpId_4746 (cycles)
106260775453,EXECUTE,1492,CYCLES,BACKEND,SUB-EVENT,Sub_73:OpId_4748 (cycles)
106260775453,EXECUTE,2218,CYCLES,BACKEND,SUB-EVENT,Add_136:OpId_4750 (cycles)
106260775453,EXECUTE,1608,CYCLES,BACKEND,SUB-EVENT,Sub_74:OpId_4752 (cycles)
106260775453,EXECUTE,2285,CYCLES,BACKEND,SUB-EVENT,Add_138:OpId_4754 (cycles)
106260775453,EXECUTE,1571,CYCLES,BACKEND,SUB-EVENT,Sub_75:OpId_4756 (cycles)
106260775453,EXECUTE,2301,CYCLES,BACKEND,SUB-EVENT,Add_140:OpId_4758 (cycles)
106260775453,EXECUTE,1837,CYCLES,BACKEND,SUB-EVENT,Sub_76:OpId_4760 (cycles)
106260775453,EXECUTE,2776,CYCLES,BACKEND,SUB-EVENT,Add_142:OpId_4762 (cycles)
106260775453,EXECUTE,1569,CYCLES,BACKEND,SUB-EVENT,Sub_77:OpId_4764 (cycles)
106260775453,EXECUTE,2425,CYCLES,BACKEND,SUB-EVENT,Add_144:OpId_4766 (cycles)
106260775453,EXECUTE,1619,CYCLES,BACKEND,SUB-EVENT,Sub_78:OpId_4768 (cycles)
106260775453,EXECUTE,2270,CYCLES,BACKEND,SUB-EVENT,Add_146:OpId_4770 (cycles)
106260775453,EXECUTE,1506,CYCLES,BACKEND,SUB-EVENT,Sub_79:OpId_4772 (cycles)
106260775453,EXECUTE,2376,CYCLES,BACKEND,SUB-EVENT,Add_148:OpId_4774 (cycles)
106260775453,EXECUTE,1734,CYCLES,BACKEND,SUB-EVENT,Concat_92:OpId_4776 (cycles)
106260775453,EXECUTE,1766,CYCLES,BACKEND,SUB-EVENT,Concat_93:OpId_4778 (cycles)
106260775453,EXECUTE,0,CYCLES,BACKEND,SUB-EVENT,Concat_98:OpId_4780 (cycles)
106260775453,EXECUTE,0,CYCLES,BACKEND,SUB-EVENT,Concat_99:OpId_4782 (cycles)
106260775453,EXECUTE,0,CYCLES,BACKEND,SUB-EVENT,Concat_100:OpId_4784 (cycles)
106260775453,EXECUTE,0,CYCLES,BACKEND,SUB-EVENT,Concat_101:OpId_4786 (cycles)
106260775453,EXECUTE,0,CYCLES,BACKEND,SUB-EVENT,Concat_102:OpId_4788 (cycles)
106260775453,EXECUTE,0,CYCLES,BACKEND,SUB-EVENT,Concat_103:OpId_4790 (cycles)
106260775453,EXECUTE,0,CYCLES,BACKEND,SUB-EVENT,Concat_104:OpId_4792 (cycles)
106260775453,EXECUTE,0,CYCLES,BACKEND,SUB-EVENT,Concat_105:OpId_4794 (cycles)
106260775453,EXECUTE,0,CYCLES,BACKEND,SUB-EVENT,Concat_106:OpId_4796 (cycles)
106260775453,EXECUTE,0,CYCLES,BACKEND,SUB-EVENT,Concat_107:OpId_4798 (cycles)
106260775453,EXECUTE,0,CYCLES,BACKEND,SUB-EVENT,Concat_108:OpId_4800 (cycles)
106260775453,EXECUTE,0,CYCLES,BACKEND,SUB-EVENT,Concat_109:OpId_4802 (cycles)
106260775453,EXECUTE,0,CYCLES,BACKEND,SUB-EVENT,Concat_110:OpId_4804 (cycles)
106260775453,EXECUTE,0,CYCLES,BACKEND,SUB-EVENT,Concat_111:OpId_4806 (cycles)
106260775453,EXECUTE,5911,CYCLES,BACKEND,SUB-EVENT,attn_4_head_0_key_Transpose_0:OpId_4809 (cycles)
106260775453,EXECUTE,5828,CYCLES,BACKEND,SUB-EVENT,attn_4_head_1_key_Transpose_0:OpId_4811 (cycles)
106260775453,EXECUTE,0,CYCLES,BACKEND,SUB-EVENT,Concat_94:OpId_4812 (cycles)
106260775453,EXECUTE,0,CYCLES,BACKEND,SUB-EVENT,Concat_96:OpId_4814 (cycles)
106260775453,EXECUTE,0,CYCLES,BACKEND,SUB-EVENT,Concat_112:OpId_4816 (cycles)
106260775453,EXECUTE,135858,CYCLES,BACKEND,SUB-EVENT,attn_4_head_0_qk_MatMul_0:OpId_4818 (cycles)
106260775453,EXECUTE,16849,CYCLES,BACKEND,SUB-EVENT,attn_4_head_1_qk_MatMul_0:OpId_4822 (cycles)
106260775453,EXECUTE,16456,CYCLES,BACKEND,SUB-EVENT,attn_4_head_2_qk_MatMul_0:OpId_4826 (cycles)
106260775453,EXECUTE,15995,CYCLES,BACKEND,SUB-EVENT,attn_4_head_3_qk_MatMul_0:OpId_4830 (cycles)
106260775453,EXECUTE,16500,CYCLES,BACKEND,SUB-EVENT,attn_4_head_4_qk_MatMul_0:OpId_4834 (cycles)
106260775453,EXECUTE,15559,CYCLES,BACKEND,SUB-EVENT,attn_4_head_5_qk_MatMul_0:OpId_4838 (cycles)
106260775453,EXECUTE,16851,CYCLES,BACKEND,SUB-EVENT,attn_4_head_6_qk_MatMul_0:OpId_4842 (cycles)
106260775453,EXECUTE,125864,CYCLES,BACKEND,SUB-EVENT,attn_4_head_7_qk_MatMul_0:OpId_4846 (cycles)
106260775453,EXECUTE,16256,CYCLES,BACKEND,SUB-EVENT,attn_4_head_8_qk_MatMul_0:OpId_4850 (cycles)
106260775453,EXECUTE,16751,CYCLES,BACKEND,SUB-EVENT,attn_4_head_9_qk_MatMul_0:OpId_4854 (cycles)
106260775453,EXECUTE,17440,CYCLES,BACKEND,SUB-EVENT,attn_4_head_10_qk_MatMul_0:OpId_4858 (cycles)
106260775453,EXECUTE,16878,CYCLES,BACKEND,SUB-EVENT,attn_4_head_11_qk_MatMul_0:OpId_4862 (cycles)
106260775453,EXECUTE,16485,CYCLES,BACKEND,SUB-EVENT,attn_4_head_12_qk_MatMul_0:OpId_4866 (cycles)
106260775453,EXECUTE,15817,CYCLES,BACKEND,SUB-EVENT,attn_4_head_13_qk_MatMul_0:OpId_4870 (cycles)
106260775453,EXECUTE,59884,CYCLES,BACKEND,SUB-EVENT,Add_123:OpId_4874 (cycles)
106260775453,EXECUTE,55975,CYCLES,BACKEND,SUB-EVENT,Add_125:OpId_4876 (cycles)
106260775453,EXECUTE,73064,CYCLES,BACKEND,SUB-EVENT,Add_127:OpId_4878 (cycles)
106260775453,EXECUTE,66479,CYCLES,BACKEND,SUB-EVENT,Add_129:OpId_4880 (cycles)
106260775453,EXECUTE,64340,CYCLES,BACKEND,SUB-EVENT,Add_131:OpId_4882 (cycles)
106260775453,EXECUTE,63275,CYCLES,BACKEND,SUB-EVENT,Add_133:OpId_4884 (cycles)
106260775453,EXECUTE,64694,CYCLES,BACKEND,SUB-EVENT,Add_135:OpId_4886 (cycles)
106260775453,EXECUTE,53753,CYCLES,BACKEND,SUB-EVENT,Add_137:OpId_4888 (cycles)
106260775453,EXECUTE,67439,CYCLES,BACKEND,SUB-EVENT,Add_139:OpId_4890 (cycles)
106260775453,EXECUTE,65081,CYCLES,BACKEND,SUB-EVENT,Add_141:OpId_4892 (cycles)
106260775453,EXECUTE,66767,CYCLES,BACKEND,SUB-EVENT,Add_143:OpId_4894 (cycles)
106260775453,EXECUTE,64309,CYCLES,BACKEND,SUB-EVENT,Add_145:OpId_4896 (cycles)
106260775453,EXECUTE,67793,CYCLES,BACKEND,SUB-EVENT,Add_147:OpId_4898 (cycles)
106260775453,EXECUTE,68674,CYCLES,BACKEND,SUB-EVENT,Add_149:OpId_4900 (cycles)
106260775453,EXECUTE,150626,CYCLES,BACKEND,SUB-EVENT,attn_4_head_0_Softmax_0:OpId_4902 (cycles)
106260775453,EXECUTE,157709,CYCLES,BACKEND,SUB-EVENT,attn_4_head_1_Softmax_0:OpId_4905 (cycles)
106260775453,EXECUTE,159767,CYCLES,BACKEND,SUB-EVENT,attn_4_head_2_Softmax_0:OpId_4908 (cycles)
106260775453,EXECUTE,157708,CYCLES,BACKEND,SUB-EVENT,attn_4_head_3_Softmax_0:OpId_4911 (cycles)
106260775453,EXECUTE,148384,CYCLES,BACKEND,SUB-EVENT,attn_4_head_4_Softmax_0:OpId_4914 (cycles)
106260775453,EXECUTE,169015,CYCLES,BACKEND,SUB-EVENT,attn_4_head_5_Softmax_0:OpId_4917 (cycles)
106260775453,EXECUTE,149039,CYCLES,BACKEND,SUB-EVENT,attn_4_head_6_Softmax_0:OpId_4920 (cycles)
106260775453,EXECUTE,157298,CYCLES,BACKEND,SUB-EVENT,attn_4_head_7_Softmax_0:OpId_4923 (cycles)
106260775453,EXECUTE,150556,CYCLES,BACKEND,SUB-EVENT,attn_4_head_8_Softmax_0:OpId_4926 (cycles)
106260775453,EXECUTE,164207,CYCLES,BACKEND,SUB-EVENT,attn_4_head_9_Softmax_0:OpId_4929 (cycles)
106260775453,EXECUTE,155727,CYCLES,BACKEND,SUB-EVENT,attn_4_head_10_Softmax_0:OpId_4932 (cycles)
106260775453,EXECUTE,161216,CYCLES,BACKEND,SUB-EVENT,attn_4_head_11_Softmax_0:OpId_4935 (cycles)
106260775453,EXECUTE,158522,CYCLES,BACKEND,SUB-EVENT,attn_4_head_12_Softmax_0:OpId_4938 (cycles)
106260775453,EXECUTE,149013,CYCLES,BACKEND,SUB-EVENT,attn_4_head_13_Softmax_0:OpId_4941 (cycles)
106260775453,EXECUTE,41699,CYCLES,BACKEND,SUB-EVENT,attn_4_head_0_qkv_MatMul_0:OpId_4944 (cycles)
106260775453,EXECUTE,5132,CYCLES,BACKEND,SUB-EVENT,attn_4_head_1_qkv_MatMul_0:OpId_4948 (cycles)
106260775453,EXECUTE,5080,CYCLES,BACKEND,SUB-EVENT,attn_4_head_2_qkv_MatMul_0:OpId_4952 (cycles)
106260775453,EXECUTE,5166,CYCLES,BACKEND,SUB-EVENT,attn_4_head_3_qkv_MatMul_0:OpId_4956 (cycles)
106260775453,EXECUTE,4652,CYCLES,BACKEND,SUB-EVENT,attn_4_head_4_qkv_MatMul_0:OpId_4960 (cycles)
106260775453,EXECUTE,5179,CYCLES,BACKEND,SUB-EVENT,attn_4_head_5_qkv_MatMul_0:OpId_4964 (cycles)
106260775453,EXECUTE,5113,CYCLES,BACKEND,SUB-EVENT,attn_4_head_6_qkv_MatMul_0:OpId_4968 (cycles)
106260775453,EXECUTE,39784,CYCLES,BACKEND,SUB-EVENT,attn_4_head_7_qkv_MatMul_0:OpId_4972 (cycles)
106260775453,EXECUTE,5260,CYCLES,BACKEND,SUB-EVENT,attn_4_head_8_qkv_MatMul_0:OpId_4976 (cycles)
106260775453,EXECUTE,5351,CYCLES,BACKEND,SUB-EVENT,attn_4_head_9_qkv_MatMul_0:OpId_4980 (cycles)
106260775453,EXECUTE,5450,CYCLES,BACKEND,SUB-EVENT,attn_4_head_10_qkv_MatMul_0:OpId_4984 (cycles)
106260775453,EXECUTE,5148,CYCLES,BACKEND,SUB-EVENT,attn_4_head_11_qkv_MatMul_0:OpId_4988 (cycles)
106260775453,EXECUTE,5119,CYCLES,BACKEND,SUB-EVENT,attn_4_head_12_qkv_MatMul_0:OpId_4992 (cycles)
106260775453,EXECUTE,4340,CYCLES,BACKEND,SUB-EVENT,attn_4_head_13_qkv_MatMul_0:OpId_4996 (cycles)
106260775453,EXECUTE,0,CYCLES,BACKEND,SUB-EVENT,Concat_114:OpId_5000 (cycles)
106260775453,EXECUTE,0,CYCLES,BACKEND,SUB-EVENT,Reshape_6:OpId_5002 (cycles)
106260775453,EXECUTE,0,CYCLES,BACKEND,SUB-EVENT,model_layers_4_self_attn_Transpose_6:OpId_5004 (cycles)
106260775453,EXECUTE,24678,CYCLES,BACKEND,SUB-EVENT,model_layers_4_self_attn_o_proj_conv_Conv:OpId_5012 (cycles)
106260775453,EXECUTE,0,CYCLES,BACKEND,SUB-EVENT,/model_layers_4_self_attn_o_proj_conv_Conv/Conv_output_0.nchw:OpId_5016 (cycles)
106260775453,EXECUTE,0,CYCLES,BACKEND,SUB-EVENT,model_layers_4_self_attn_Reshape_9:OpId_5017 (cycles)
106260775453,EXECUTE,13949,CYCLES,BACKEND,SUB-EVENT,model_layers_4_Add:OpId_5018 (cycles)
106260775453,EXECUTE,95329,CYCLES,BACKEND,SUB-EVENT,rms_norm_16:OpId_5023 (cycles)
106260775453,EXECUTE,0,CYCLES,BACKEND,SUB-EVENT,model_layers_4_mlp_Reshape:OpId_5026 (cycles)
106260775453,EXECUTE,0,CYCLES,BACKEND,SUB-EVENT,model_layers_4_mlp_Transpose:OpId_5028 (cycles)
106260775453,EXECUTE,129341,CYCLES,BACKEND,SUB-EVENT,model_layers_4_mlp_gate_proj_conv_Conv:OpId_5036 (cycles)
106260775453,EXECUTE,141621,CYCLES,BACKEND,SUB-EVENT,model_layers_4_mlp_up_proj_conv_Conv:OpId_5046 (cycles)
106260775453,EXECUTE,0,CYCLES,BACKEND,SUB-EVENT,model_layers_4_mlp_act_fn_Sigmoid:OpId_5049 (cycles)
106260775453,EXECUTE,419831,CYCLES,BACKEND,SUB-EVENT,model_layers_4_mlp_act_fn_Mul:OpId_5056 (cycles)
106260775453,EXECUTE,193787,CYCLES,BACKEND,SUB-EVENT,model_layers_4_mlp_Mul:OpId_5058 (cycles)
106260775453,EXECUTE,82604,CYCLES,BACKEND,SUB-EVENT,model_layers_4_mlp_down_proj_conv_Conv:OpId_5067 (cycles)
106260775453,EXECUTE,0,CYCLES,BACKEND,SUB-EVENT,/model_layers_4_mlp_down_proj_conv_Conv/Conv_output_0.nchw:OpId_5071 (cycles)
106260775453,EXECUTE,0,CYCLES,BACKEND,SUB-EVENT,model_layers_4_mlp_Reshape_1:OpId_5072 (cycles)
106260775453,EXECUTE,11142,CYCLES,BACKEND,SUB-EVENT,model_layers_4_Add_1:OpId_5073 (cycles)
106260775453,EXECUTE,91678,CYCLES,BACKEND,SUB-EVENT,rms_norm_18:OpId_5078 (cycles)
106260775453,EXECUTE,0,CYCLES,BACKEND,SUB-EVENT,model_layers_5_self_attn_Reshape:OpId_5081 (cycles)
106260775453,EXECUTE,0,CYCLES,BACKEND,SUB-EVENT,model_layers_5_self_attn_Transpose:OpId_5083 (cycles)
106260775453,EXECUTE,2612,CYCLES,BACKEND,SUB-EVENT,attn_5_head_0_key_Conv:OpId_5091 (cycles)
106260775453,EXECUTE,1797,CYCLES,BACKEND,SUB-EVENT,attn_5_head_0_value_Conv:OpId_5101 (cycles)
106260775453,EXECUTE,2566,CYCLES,BACKEND,SUB-EVENT,attn_5_head_0_value_Transpose/output_converted_UFIXED_POINT_8:OpId_5104 (cycles)
106260775453,EXECUTE,2501,CYCLES,BACKEND,SUB-EVENT,attn_5_head_1_key_Conv:OpId_5114 (cycles)
106260775453,EXECUTE,1483,CYCLES,BACKEND,SUB-EVENT,attn_5_head_1_value_Conv:OpId_5124 (cycles)
106260775453,EXECUTE,1906,CYCLES,BACKEND,SUB-EVENT,attn_5_head_1_value_Transpose/output_converted_UFIXED_POINT_8:OpId_5127 (cycles)
106260775453,EXECUTE,2335,CYCLES,BACKEND,SUB-EVENT,attn_5_head_0_query_Conv:OpId_5137 (cycles)
106260775453,EXECUTE,2457,CYCLES,BACKEND,SUB-EVENT,attn_5_head_1_query_Conv:OpId_5147 (cycles)
106260775453,EXECUTE,4081,CYCLES,BACKEND,SUB-EVENT,attn_5_head_2_query_Conv:OpId_5157 (cycles)
106260775453,EXECUTE,3563,CYCLES,BACKEND,SUB-EVENT,attn_5_head_3_query_Conv:OpId_5167 (cycles)
106260775453,EXECUTE,3762,CYCLES,BACKEND,SUB-EVENT,attn_5_head_4_query_Conv:OpId_5177 (cycles)
106260775453,EXECUTE,3277,CYCLES,BACKEND,SUB-EVENT,attn_5_head_5_query_Conv:OpId_5187 (cycles)
106260775453,EXECUTE,3775,CYCLES,BACKEND,SUB-EVENT,attn_5_head_6_query_Conv:OpId_5197 (cycles)
106260775453,EXECUTE,3348,CYCLES,BACKEND,SUB-EVENT,attn_5_head_7_query_Conv:OpId_5207 (cycles)
106260775453,EXECUTE,3660,CYCLES,BACKEND,SUB-EVENT,attn_5_head_8_query_Conv:OpId_5217 (cycles)
106260775453,EXECUTE,2926,CYCLES,BACKEND,SUB-EVENT,attn_5_head_9_query_Conv:OpId_5227 (cycles)
106260775453,EXECUTE,3577,CYCLES,BACKEND,SUB-EVENT,attn_5_head_10_query_Conv:OpId_5237 (cycles)
106260775453,EXECUTE,3286,CYCLES,BACKEND,SUB-EVENT,attn_5_head_11_query_Conv:OpId_5247 (cycles)
106260775453,EXECUTE,3361,CYCLES,BACKEND,SUB-EVENT,attn_5_head_12_query_Conv:OpId_5257 (cycles)
106260775453,EXECUTE,2992,CYCLES,BACKEND,SUB-EVENT,attn_5_head_13_query_Conv:OpId_5267 (cycles)
106260775453,EXECUTE,2475,CYCLES,BACKEND,SUB-EVENT,Slice_180:OpId_5271 (cycles)
106260775453,EXECUTE,2425,CYCLES,BACKEND,SUB-EVENT,Slice_181:OpId_5277 (cycles)
106260775453,EXECUTE,1800,CYCLES,BACKEND,SUB-EVENT,Slice_182:OpId_5283 (cycles)
106260775453,EXECUTE,1685,CYCLES,BACKEND,SUB-EVENT,Slice_183:OpId_5289 (cycles)
106260775453,EXECUTE,0,CYCLES,BACKEND,SUB-EVENT,Concat_136:OpId_5294 (cycles)
106260775453,EXECUTE,2045,CYCLES,BACKEND,SUB-EVENT,Slice_188:OpId_5297 (cycles)
106260775453,EXECUTE,1989,CYCLES,BACKEND,SUB-EVENT,Slice_189:OpId_5303 (cycles)
106260775453,EXECUTE,1775,CYCLES,BACKEND,SUB-EVENT,Slice_190:OpId_5309 (cycles)
106260775453,EXECUTE,1722,CYCLES,BACKEND,SUB-EVENT,Slice_191:OpId_5315 (cycles)
106260775453,EXECUTE,1886,CYCLES,BACKEND,SUB-EVENT,Slice_192:OpId_5321 (cycles)
106260775453,EXECUTE,1932,CYCLES,BACKEND,SUB-EVENT,Slice_193:OpId_5327 (cycles)
106260775453,EXECUTE,2333,CYCLES,BACKEND,SUB-EVENT,Slice_194:OpId_5333 (cycles)
106260775453,EXECUTE,2255,CYCLES,BACKEND,SUB-EVENT,Slice_195:OpId_5339 (cycles)
106260775453,EXECUTE,1930,CYCLES,BACKEND,SUB-EVENT,Slice_196:OpId_5345 (cycles)
106260775453,EXECUTE,1722,CYCLES,BACKEND,SUB-EVENT,Slice_197:OpId_5351 (cycles)
106260775453,EXECUTE,1806,CYCLES,BACKEND,SUB-EVENT,Slice_198:OpId_5357 (cycles)
106260775453,EXECUTE,1755,CYCLES,BACKEND,SUB-EVENT,Slice_199:OpId_5363 (cycles)
106260775453,EXECUTE,1616,CYCLES,BACKEND,SUB-EVENT,Slice_200:OpId_5369 (cycles)
106260775453,EXECUTE,1593,CYCLES,BACKEND,SUB-EVENT,Slice_201:OpId_5375 (cycles)
106260775453,EXECUTE,2081,CYCLES,BACKEND,SUB-EVENT,Slice_202:OpId_5381 (cycles)
106260775453,EXECUTE,1706,CYCLES,BACKEND,SUB-EVENT,Slice_203:OpId_5387 (cycles)
106260775453,EXECUTE,1878,CYCLES,BACKEND,SUB-EVENT,Slice_204:OpId_5393 (cycles)
106260775453,EXECUTE,1683,CYCLES,BACKEND,SUB-EVENT,Slice_205:OpId_5399 (cycles)
106260775453,EXECUTE,1824,CYCLES,BACKEND,SUB-EVENT,Slice_206:OpId_5405 (cycles)
106260775453,EXECUTE,1803,CYCLES,BACKEND,SUB-EVENT,Slice_207:OpId_5411 (cycles)
106260775453,EXECUTE,1735,CYCLES,BACKEND,SUB-EVENT,Slice_208:OpId_5417 (cycles)
106260775453,EXECUTE,1719,CYCLES,BACKEND,SUB-EVENT,Slice_209:OpId_5423 (cycles)
106260775453,EXECUTE,2018,CYCLES,BACKEND,SUB-EVENT,Slice_210:OpId_5429 (cycles)
106260775453,EXECUTE,2406,CYCLES,BACKEND,SUB-EVENT,Slice_211:OpId_5435 (cycles)
106260775453,EXECUTE,2178,CYCLES,BACKEND,SUB-EVENT,Slice_212:OpId_5441 (cycles)
106260775453,EXECUTE,2301,CYCLES,BACKEND,SUB-EVENT,Slice_213:OpId_5447 (cycles)
106260775453,EXECUTE,1989,CYCLES,BACKEND,SUB-EVENT,Slice_214:OpId_5453 (cycles)
106260775453,EXECUTE,2286,CYCLES,BACKEND,SUB-EVENT,Slice_215:OpId_5459 (cycles)
106260775453,EXECUTE,8003,CYCLES,BACKEND,SUB-EVENT,Concat_118:OpId_5464 (cycles)
106260775453,EXECUTE,7478,CYCLES,BACKEND,SUB-EVENT,Concat_120:OpId_5466 (cycles)
106260775453,EXECUTE,1834,CYCLES,BACKEND,SUB-EVENT,Mul_320:OpId_5468 (cycles)
106260775453,EXECUTE,1792,CYCLES,BACKEND,SUB-EVENT,Mul_322:OpId_5470 (cycles)
106260775453,EXECUTE,1684,CYCLES,BACKEND,SUB-EVENT,Mul_321:OpId_5472 (cycles)
106260775453,EXECUTE,1594,CYCLES,BACKEND,SUB-EVENT,Mul_323:OpId_5474 (cycles)
106260775453,EXECUTE,1400,CYCLES,BACKEND,SUB-EVENT,Mul_324:OpId_5476 (cycles)
106260775453,EXECUTE,1392,CYCLES,BACKEND,SUB-EVENT,Mul_326:OpId_5478 (cycles)
106260775453,EXECUTE,1408,CYCLES,BACKEND,SUB-EVENT,Mul_325:OpId_5480 (cycles)
106260775453,EXECUTE,1407,CYCLES,BACKEND,SUB-EVENT,Mul_327:OpId_5482 (cycles)
106260775453,EXECUTE,1641,CYCLES,BACKEND,SUB-EVENT,Mul_328:OpId_5484 (cycles)
106260775453,EXECUTE,1708,CYCLES,BACKEND,SUB-EVENT,Mul_330:OpId_5486 (cycles)
106260775453,EXECUTE,1722,CYCLES,BACKEND,SUB-EVENT,Mul_329:OpId_5488 (cycles)
106260775453,EXECUTE,1663,CYCLES,BACKEND,SUB-EVENT,Mul_331:OpId_5490 (cycles)
106260775453,EXECUTE,1495,CYCLES,BACKEND,SUB-EVENT,Mul_332:OpId_5492 (cycles)
106260775453,EXECUTE,1538,CYCLES,BACKEND,SUB-EVENT,Mul_334:OpId_5494 (cycles)
106260775453,EXECUTE,1758,CYCLES,BACKEND,SUB-EVENT,Mul_333:OpId_5496 (cycles)
106260775453,EXECUTE,1780,CYCLES,BACKEND,SUB-EVENT,Mul_335:OpId_5498 (cycles)
106260775453,EXECUTE,1400,CYCLES,BACKEND,SUB-EVENT,Mul_336:OpId_5500 (cycles)
106260775453,EXECUTE,1442,CYCLES,BACKEND,SUB-EVENT,Mul_338:OpId_5502 (cycles)
106260775453,EXECUTE,1400,CYCLES,BACKEND,SUB-EVENT,Mul_337:OpId_5504 (cycles)
106260775453,EXECUTE,1405,CYCLES,BACKEND,SUB-EVENT,Mul_339:OpId_5506 (cycles)
106260775453,EXECUTE,1486,CYCLES,BACKEND,SUB-EVENT,Mul_340:OpId_5508 (cycles)
106260775453,EXECUTE,1524,CYCLES,BACKEND,SUB-EVENT,Mul_342:OpId_5510 (cycles)
106260775453,EXECUTE,1471,CYCLES,BACKEND,SUB-EVENT,Mul_341:OpId_5512 (cycles)
106260775453,EXECUTE,1672,CYCLES,BACKEND,SUB-EVENT,Mul_343:OpId_5514 (cycles)
106260775453,EXECUTE,1484,CYCLES,BACKEND,SUB-EVENT,Mul_344:OpId_5516 (cycles)
106260775453,EXECUTE,1549,CYCLES,BACKEND,SUB-EVENT,Mul_346:OpId_5518 (cycles)
106260775453,EXECUTE,1820,CYCLES,BACKEND,SUB-EVENT,Mul_345:OpId_5520 (cycles)
106260775453,EXECUTE,1850,CYCLES,BACKEND,SUB-EVENT,Mul_347:OpId_5522 (cycles)
106260775453,EXECUTE,1908,CYCLES,BACKEND,SUB-EVENT,Mul_348:OpId_5524 (cycles)
106260775453,EXECUTE,1915,CYCLES,BACKEND,SUB-EVENT,Mul_350:OpId_5526 (cycles)
106260775453,EXECUTE,1572,CYCLES,BACKEND,SUB-EVENT,Mul_349:OpId_5528 (cycles)
106260775453,EXECUTE,1558,CYCLES,BACKEND,SUB-EVENT,Mul_351:OpId_5530 (cycles)
106260775453,EXECUTE,1689,CYCLES,BACKEND,SUB-EVENT,Mul_352:OpId_5532 (cycles)
106260775453,EXECUTE,1802,CYCLES,BACKEND,SUB-EVENT,Mul_354:OpId_5534 (cycles)
106260775453,EXECUTE,1602,CYCLES,BACKEND,SUB-EVENT,Mul_353:OpId_5536 (cycles)
106260775453,EXECUTE,1646,CYCLES,BACKEND,SUB-EVENT,Mul_355:OpId_5538 (cycles)
106260775453,EXECUTE,1421,CYCLES,BACKEND,SUB-EVENT,Mul_356:OpId_5540 (cycles)
106260775453,EXECUTE,1431,CYCLES,BACKEND,SUB-EVENT,Mul_358:OpId_5542 (cycles)
106260775453,EXECUTE,1686,CYCLES,BACKEND,SUB-EVENT,Mul_357:OpId_5544 (cycles)
106260775453,EXECUTE,1687,CYCLES,BACKEND,SUB-EVENT,Mul_359:OpId_5546 (cycles)
106260775453,EXECUTE,1441,CYCLES,BACKEND,SUB-EVENT,Mul_360:OpId_5548 (cycles)
106260775453,EXECUTE,1519,CYCLES,BACKEND,SUB-EVENT,Mul_362:OpId_5550 (cycles)
106260775453,EXECUTE,1444,CYCLES,BACKEND,SUB-EVENT,Mul_361:OpId_5552 (cycles)
106260775453,EXECUTE,1444,CYCLES,BACKEND,SUB-EVENT,Mul_363:OpId_5554 (cycles)
106260775453,EXECUTE,1446,CYCLES,BACKEND,SUB-EVENT,Mul_364:OpId_5556 (cycles)
106260775453,EXECUTE,1477,CYCLES,BACKEND,SUB-EVENT,Mul_366:OpId_5558 (cycles)
106260775453,EXECUTE,2120,CYCLES,BACKEND,SUB-EVENT,Mul_365:OpId_5560 (cycles)
106260775453,EXECUTE,1450,CYCLES,BACKEND,SUB-EVENT,Mul_367:OpId_5562 (cycles)
106260775453,EXECUTE,2056,CYCLES,BACKEND,SUB-EVENT,Mul_368:OpId_5564 (cycles)
106260775453,EXECUTE,2229,CYCLES,BACKEND,SUB-EVENT,Mul_370:OpId_5566 (cycles)
106260775453,EXECUTE,1799,CYCLES,BACKEND,SUB-EVENT,Mul_369:OpId_5568 (cycles)
106260775453,EXECUTE,1798,CYCLES,BACKEND,SUB-EVENT,Mul_371:OpId_5570 (cycles)
106260775453,EXECUTE,1486,CYCLES,BACKEND,SUB-EVENT,Mul_372:OpId_5572 (cycles)
106260775453,EXECUTE,1506,CYCLES,BACKEND,SUB-EVENT,Mul_374:OpId_5574 (cycles)
106260775453,EXECUTE,1422,CYCLES,BACKEND,SUB-EVENT,Mul_373:OpId_5576 (cycles)
106260775453,EXECUTE,1459,CYCLES,BACKEND,SUB-EVENT,Mul_375:OpId_5578 (cycles)
106260775453,EXECUTE,1542,CYCLES,BACKEND,SUB-EVENT,Mul_376:OpId_5580 (cycles)
106260775453,EXECUTE,1578,CYCLES,BACKEND,SUB-EVENT,Mul_378:OpId_5582 (cycles)
106260775453,EXECUTE,1663,CYCLES,BACKEND,SUB-EVENT,Mul_377:OpId_5584 (cycles)
106260775453,EXECUTE,1655,CYCLES,BACKEND,SUB-EVENT,Mul_379:OpId_5586 (cycles)
106260775453,EXECUTE,1552,CYCLES,BACKEND,SUB-EVENT,Mul_380:OpId_5588 (cycles)
106260775453,EXECUTE,1741,CYCLES,BACKEND,SUB-EVENT,Mul_382:OpId_5590 (cycles)
106260775453,EXECUTE,1470,CYCLES,BACKEND,SUB-EVENT,Mul_381:OpId_5592 (cycles)
106260775453,EXECUTE,1440,CYCLES,BACKEND,SUB-EVENT,Mul_383:OpId_5594 (cycles)
106260775453,EXECUTE,1876,CYCLES,BACKEND,SUB-EVENT,Sub_80:OpId_5596 (cycles)
106260775453,EXECUTE,545,CYCLES,BACKEND,SUB-EVENT,Sub_80_converted_UFIXED_POINT_8:OpId_5598 (cycles)
106260775453,EXECUTE,1990,CYCLES,BACKEND,SUB-EVENT,Add_150:OpId_5601 (cycles)
106260775453,EXECUTE,642,CYCLES,BACKEND,SUB-EVENT,Add_150_converted_UFIXED_POINT_8:OpId_5603 (cycles)
106260775453,EXECUTE,1468,CYCLES,BACKEND,SUB-EVENT,Sub_81:OpId_5606 (cycles)
106260775453,EXECUTE,607,CYCLES,BACKEND,SUB-EVENT,Sub_81_converted_UFIXED_POINT_8:OpId_5608 (cycles)
106260775453,EXECUTE,1532,CYCLES,BACKEND,SUB-EVENT,Add_151:OpId_5611 (cycles)
106260775453,EXECUTE,573,CYCLES,BACKEND,SUB-EVENT,Add_151_converted_UFIXED_POINT_8:OpId_5613 (cycles)
106260775453,EXECUTE,1715,CYCLES,BACKEND,SUB-EVENT,Sub_82:OpId_5616 (cycles)
106260775453,EXECUTE,2646,CYCLES,BACKEND,SUB-EVENT,Add_152:OpId_5618 (cycles)
106260775453,EXECUTE,1521,CYCLES,BACKEND,SUB-EVENT,Sub_83:OpId_5620 (cycles)
106260775453,EXECUTE,2141,CYCLES,BACKEND,SUB-EVENT,Add_154:OpId_5622 (cycles)
106260775453,EXECUTE,1470,CYCLES,BACKEND,SUB-EVENT,Sub_84:OpId_5624 (cycles)
106260775453,EXECUTE,2670,CYCLES,BACKEND,SUB-EVENT,Add_156:OpId_5626 (cycles)
106260775453,EXECUTE,1571,CYCLES,BACKEND,SUB-EVENT,Sub_85:OpId_5628 (cycles)
106260775453,EXECUTE,2334,CYCLES,BACKEND,SUB-EVENT,Add_158:OpId_5630 (cycles)
106260775453,EXECUTE,1658,CYCLES,BACKEND,SUB-EVENT,Sub_86:OpId_5632 (cycles)
106260775453,EXECUTE,2279,CYCLES,BACKEND,SUB-EVENT,Add_160:OpId_5634 (cycles)
106260775453,EXECUTE,1768,CYCLES,BACKEND,SUB-EVENT,Sub_87:OpId_5636 (cycles)
106260775453,EXECUTE,2462,CYCLES,BACKEND,SUB-EVENT,Add_162:OpId_5638 (cycles)
106260775453,EXECUTE,1471,CYCLES,BACKEND,SUB-EVENT,Sub_88:OpId_5640 (cycles)
106260775453,EXECUTE,2353,CYCLES,BACKEND,SUB-EVENT,Add_164:OpId_5642 (cycles)
106260775453,EXECUTE,1591,CYCLES,BACKEND,SUB-EVENT,Sub_89:OpId_5644 (cycles)
106260775453,EXECUTE,2749,CYCLES,BACKEND,SUB-EVENT,Add_166:OpId_5646 (cycles)
106260775453,EXECUTE,1530,CYCLES,BACKEND,SUB-EVENT,Sub_90:OpId_5648 (cycles)
106260775453,EXECUTE,2407,CYCLES,BACKEND,SUB-EVENT,Add_168:OpId_5650 (cycles)
106260775453,EXECUTE,1767,CYCLES,BACKEND,SUB-EVENT,Sub_91:OpId_5652 (cycles)
106260775453,EXECUTE,2426,CYCLES,BACKEND,SUB-EVENT,Add_170:OpId_5654 (cycles)
106260775453,EXECUTE,1578,CYCLES,BACKEND,SUB-EVENT,Sub_92:OpId_5656 (cycles)
106260775453,EXECUTE,2545,CYCLES,BACKEND,SUB-EVENT,Add_172:OpId_5658 (cycles)
106260775453,EXECUTE,1586,CYCLES,BACKEND,SUB-EVENT,Sub_93:OpId_5660 (cycles)
106260775453,EXECUTE,2306,CYCLES,BACKEND,SUB-EVENT,Add_174:OpId_5662 (cycles)
106260775453,EXECUTE,1556,CYCLES,BACKEND,SUB-EVENT,Sub_94:OpId_5664 (cycles)
106260775453,EXECUTE,2345,CYCLES,BACKEND,SUB-EVENT,Add_176:OpId_5666 (cycles)
106260775453,EXECUTE,1762,CYCLES,BACKEND,SUB-EVENT,Sub_95:OpId_5668 (cycles)
106260775453,EXECUTE,2853,CYCLES,BACKEND,SUB-EVENT,Add_178:OpId_5670 (cycles)
106260775453,EXECUTE,2459,CYCLES,BACKEND,SUB-EVENT,Concat_115:OpId_5672 (cycles)
106260775453,EXECUTE,2401,CYCLES,BACKEND,SUB-EVENT,Concat_116:OpId_5674 (cycles)
106260775453,EXECUTE,0,CYCLES,BACKEND,SUB-EVENT,Concat_121:OpId_5676 (cycles)
106260775453,EXECUTE,0,CYCLES,BACKEND,SUB-EVENT,Concat_122:OpId_5678 (cycles)
106260775453,EXECUTE,0,CYCLES,BACKEND,SUB-EVENT,Concat_123:OpId_5680 (cycles)
106260775453,EXECUTE,0,CYCLES,BACKEND,SUB-EVENT,Concat_124:OpId_5682 (cycles)
106260775453,EXECUTE,0,CYCLES,BACKEND,SUB-EVENT,Concat_125:OpId_5684 (cycles)
106260775453,EXECUTE,0,CYCLES,BACKEND,SUB-EVENT,Concat_126:OpId_5686 (cycles)
106260775453,EXECUTE,0,CYCLES,BACKEND,SUB-EVENT,Concat_127:OpId_5688 (cycles)
106260775453,EXECUTE,0,CYCLES,BACKEND,SUB-EVENT,Concat_128:OpId_5690 (cycles)
106260775453,EXECUTE,0,CYCLES,BACKEND,SUB-EVENT,Concat_129:OpId_5692 (cycles)
106260775453,EXECUTE,0,CYCLES,BACKEND,SUB-EVENT,Concat_130:OpId_5694 (cycles)
106260775453,EXECUTE,0,CYCLES,BACKEND,SUB-EVENT,Concat_131:OpId_5696 (cycles)
106260775453,EXECUTE,0,CYCLES,BACKEND,SUB-EVENT,Concat_132:OpId_5698 (cycles)
106260775453,EXECUTE,0,CYCLES,BACKEND,SUB-EVENT,Concat_133:OpId_5700 (cycles)
106260775453,EXECUTE,0,CYCLES,BACKEND,SUB-EVENT,Concat_134:OpId_5702 (cycles)
106260775453,EXECUTE,5590,CYCLES,BACKEND,SUB-EVENT,attn_5_head_0_key_Transpose_0:OpId_5705 (cycles)
106260775453,EXECUTE,5386,CYCLES,BACKEND,SUB-EVENT,attn_5_head_1_key_Transpose_0:OpId_5707 (cycles)
106260775453,EXECUTE,0,CYCLES,BACKEND,SUB-EVENT,Concat_117:OpId_5708 (cycles)
106260775453,EXECUTE,0,CYCLES,BACKEND,SUB-EVENT,Concat_119:OpId_5710 (cycles)
106260775453,EXECUTE,0,CYCLES,BACKEND,SUB-EVENT,Concat_135:OpId_5712 (cycles)
106260775453,EXECUTE,136767,CYCLES,BACKEND,SUB-EVENT,attn_5_head_0_qk_MatMul_0:OpId_5714 (cycles)
106260775453,EXECUTE,16629,CYCLES,BACKEND,SUB-EVENT,attn_5_head_1_qk_MatMul_0:OpId_5718 (cycles)
106260775453,EXECUTE,16768,CYCLES,BACKEND,SUB-EVENT,attn_5_head_2_qk_MatMul_0:OpId_5722 (cycles)
106260775453,EXECUTE,16908,CYCLES,BACKEND,SUB-EVENT,attn_5_head_3_qk_MatMul_0:OpId_5726 (cycles)
106260775453,EXECUTE,16296,CYCLES,BACKEND,SUB-EVENT,attn_5_head_4_qk_MatMul_0:OpId_5730 (cycles)
106260775453,EXECUTE,16765,CYCLES,BACKEND,SUB-EVENT,attn_5_head_5_qk_MatMul_0:OpId_5734 (cycles)
106260775453,EXECUTE,16308,CYCLES,BACKEND,SUB-EVENT,attn_5_head_6_qk_MatMul_0:OpId_5738 (cycles)
106260775453,EXECUTE,133884,CYCLES,BACKEND,SUB-EVENT,attn_5_head_7_qk_MatMul_0:OpId_5742 (cycles)
106260775453,EXECUTE,16857,CYCLES,BACKEND,SUB-EVENT,attn_5_head_8_qk_MatMul_0:OpId_5746 (cycles)
106260775453,EXECUTE,17339,CYCLES,BACKEND,SUB-EVENT,attn_5_head_9_qk_MatMul_0:OpId_5750 (cycles)
106260775453,EXECUTE,16232,CYCLES,BACKEND,SUB-EVENT,attn_5_head_10_qk_MatMul_0:OpId_5754 (cycles)
106260775453,EXECUTE,16247,CYCLES,BACKEND,SUB-EVENT,attn_5_head_11_qk_MatMul_0:OpId_5758 (cycles)
106260775453,EXECUTE,16586,CYCLES,BACKEND,SUB-EVENT,attn_5_head_12_qk_MatMul_0:OpId_5762 (cycles)
106260775453,EXECUTE,15186,CYCLES,BACKEND,SUB-EVENT,attn_5_head_13_qk_MatMul_0:OpId_5766 (cycles)
106260775453,EXECUTE,65833,CYCLES,BACKEND,SUB-EVENT,Add_153:OpId_5770 (cycles)
106260775453,EXECUTE,62337,CYCLES,BACKEND,SUB-EVENT,Add_155:OpId_5772 (cycles)
106260775453,EXECUTE,55997,CYCLES,BACKEND,SUB-EVENT,Add_157:OpId_5774 (cycles)
106260775453,EXECUTE,64270,CYCLES,BACKEND,SUB-EVENT,Add_159:OpId_5776 (cycles)
106260775453,EXECUTE,64804,CYCLES,BACKEND,SUB-EVENT,Add_161:OpId_5778 (cycles)
106260775453,EXECUTE,65491,CYCLES,BACKEND,SUB-EVENT,Add_163:OpId_5780 (cycles)
106260775453,EXECUTE,54233,CYCLES,BACKEND,SUB-EVENT,Add_165:OpId_5782 (cycles)
106260775453,EXECUTE,63953,CYCLES,BACKEND,SUB-EVENT,Add_167:OpId_5784 (cycles)
106260775453,EXECUTE,62903,CYCLES,BACKEND,SUB-EVENT,Add_169:OpId_5786 (cycles)
106260775453,EXECUTE,65016,CYCLES,BACKEND,SUB-EVENT,Add_171:OpId_5788 (cycles)
106260775453,EXECUTE,53876,CYCLES,BACKEND,SUB-EVENT,Add_173:OpId_5790 (cycles)
106260775453,EXECUTE,66080,CYCLES,BACKEND,SUB-EVENT,Add_175:OpId_5792 (cycles)
106260775453,EXECUTE,67730,CYCLES,BACKEND,SUB-EVENT,Add_177:OpId_5794 (cycles)
106260775453,EXECUTE,67443,CYCLES,BACKEND,SUB-EVENT,Add_179:OpId_5796 (cycles)
106260775453,EXECUTE,149654,CYCLES,BACKEND,SUB-EVENT,attn_5_head_0_Softmax_0:OpId_5798 (cycles)
106260775453,EXECUTE,167433,CYCLES,BACKEND,SUB-EVENT,attn_5_head_1_Softmax_0:OpId_5801 (cycles)
106260775453,EXECUTE,165208,CYCLES,BACKEND,SUB-EVENT,attn_5_head_2_Softmax_0:OpId_5804 (cycles)
106260775453,EXECUTE,148919,CYCLES,BACKEND,SUB-EVENT,attn_5_head_3_Softmax_0:OpId_5807 (cycles)
106260775453,EXECUTE,166303,CYCLES,BACKEND,SUB-EVENT,attn_5_head_4_Softmax_0:OpId_5810 (cycles)
106260775453,EXECUTE,149058,CYCLES,BACKEND,SUB-EVENT,attn_5_head_5_Softmax_0:OpId_5813 (cycles)
106260775453,EXECUTE,169434,CYCLES,BACKEND,SUB-EVENT,attn_5_head_6_Softmax_0:OpId_5816 (cycles)
106260775453,EXECUTE,149716,CYCLES,BACKEND,SUB-EVENT,attn_5_head_7_Softmax_0:OpId_5819 (cycles)
106260775453,EXECUTE,167679,CYCLES,BACKEND,SUB-EVENT,attn_5_head_8_Softmax_0:OpId_5822 (cycles)
106260775453,EXECUTE,158724,CYCLES,BACKEND,SUB-EVENT,attn_5_head_9_Softmax_0:OpId_5825 (cycles)
106260775453,EXECUTE,156018,CYCLES,BACKEND,SUB-EVENT,attn_5_head_10_Softmax_0:OpId_5828 (cycles)
106260775453,EXECUTE,158003,CYCLES,BACKEND,SUB-EVENT,attn_5_head_11_Softmax_0:OpId_5831 (cycles)
106260775453,EXECUTE,148861,CYCLES,BACKEND,SUB-EVENT,attn_5_head_12_Softmax_0:OpId_5834 (cycles)
106260775453,EXECUTE,152861,CYCLES,BACKEND,SUB-EVENT,attn_5_head_13_Softmax_0:OpId_5837 (cycles)
106260775453,EXECUTE,39941,CYCLES,BACKEND,SUB-EVENT,attn_5_head_0_qkv_MatMul_0:OpId_5840 (cycles)
106260775453,EXECUTE,5065,CYCLES,BACKEND,SUB-EVENT,attn_5_head_1_qkv_MatMul_0:OpId_5844 (cycles)
106260775453,EXECUTE,5328,CYCLES,BACKEND,SUB-EVENT,attn_5_head_2_qkv_MatMul_0:OpId_5848 (cycles)
106260775453,EXECUTE,4819,CYCLES,BACKEND,SUB-EVENT,attn_5_head_3_qkv_MatMul_0:OpId_5852 (cycles)
106260775453,EXECUTE,5236,CYCLES,BACKEND,SUB-EVENT,attn_5_head_4_qkv_MatMul_0:OpId_5856 (cycles)
106260775453,EXECUTE,5119,CYCLES,BACKEND,SUB-EVENT,attn_5_head_5_qkv_MatMul_0:OpId_5860 (cycles)
106260775453,EXECUTE,5218,CYCLES,BACKEND,SUB-EVENT,attn_5_head_6_qkv_MatMul_0:OpId_5864 (cycles)
106260775453,EXECUTE,40478,CYCLES,BACKEND,SUB-EVENT,attn_5_head_7_qkv_MatMul_0:OpId_5868 (cycles)
106260775453,EXECUTE,5236,CYCLES,BACKEND,SUB-EVENT,attn_5_head_8_qkv_MatMul_0:OpId_5872 (cycles)
106260775453,EXECUTE,5161,CYCLES,BACKEND,SUB-EVENT,attn_5_head_9_qkv_MatMul_0:OpId_5876 (cycles)
106260775453,EXECUTE,5185,CYCLES,BACKEND,SUB-EVENT,attn_5_head_10_qkv_MatMul_0:OpId_5880 (cycles)
106260775453,EXECUTE,5208,CYCLES,BACKEND,SUB-EVENT,attn_5_head_11_qkv_MatMul_0:OpId_5884 (cycles)
106260775453,EXECUTE,5083,CYCLES,BACKEND,SUB-EVENT,attn_5_head_12_qkv_MatMul_0:OpId_5888 (cycles)
106260775453,EXECUTE,4312,CYCLES,BACKEND,SUB-EVENT,attn_5_head_13_qkv_MatMul_0:OpId_5892 (cycles)
106260775453,EXECUTE,0,CYCLES,BACKEND,SUB-EVENT,Concat_137:OpId_5896 (cycles)
106260775453,EXECUTE,0,CYCLES,BACKEND,SUB-EVENT,Reshape_7:OpId_5898 (cycles)
106260775453,EXECUTE,0,CYCLES,BACKEND,SUB-EVENT,model_layers_5_self_attn_Transpose_6:OpId_5900 (cycles)
106260775453,EXECUTE,23818,CYCLES,BACKEND,SUB-EVENT,model_layers_5_self_attn_o_proj_conv_Conv:OpId_5908 (cycles)
106260775453,EXECUTE,0,CYCLES,BACKEND,SUB-EVENT,/model_layers_5_self_attn_o_proj_conv_Conv/Conv_output_0.nchw:OpId_5912 (cycles)
106260775453,EXECUTE,0,CYCLES,BACKEND,SUB-EVENT,model_layers_5_self_attn_Reshape_9:OpId_5913 (cycles)
106260775453,EXECUTE,15191,CYCLES,BACKEND,SUB-EVENT,model_layers_5_Add:OpId_5914 (cycles)
106260775453,EXECUTE,99132,CYCLES,BACKEND,SUB-EVENT,rms_norm_20:OpId_5919 (cycles)
106260775453,EXECUTE,0,CYCLES,BACKEND,SUB-EVENT,model_layers_5_mlp_Reshape:OpId_5922 (cycles)
106260775453,EXECUTE,0,CYCLES,BACKEND,SUB-EVENT,model_layers_5_mlp_Transpose:OpId_5924 (cycles)
106260775453,EXECUTE,135906,CYCLES,BACKEND,SUB-EVENT,model_layers_5_mlp_gate_proj_conv_Conv:OpId_5932 (cycles)
106260775453,EXECUTE,139908,CYCLES,BACKEND,SUB-EVENT,model_layers_5_mlp_up_proj_conv_Conv:OpId_5942 (cycles)
106260775453,EXECUTE,0,CYCLES,BACKEND,SUB-EVENT,model_layers_5_mlp_act_fn_Sigmoid:OpId_5945 (cycles)
106260775453,EXECUTE,409391,CYCLES,BACKEND,SUB-EVENT,model_layers_5_mlp_act_fn_Mul:OpId_5952 (cycles)
106260775453,EXECUTE,198800,CYCLES,BACKEND,SUB-EVENT,model_layers_5_mlp_Mul:OpId_5954 (cycles)
106260775453,EXECUTE,78959,CYCLES,BACKEND,SUB-EVENT,model_layers_5_mlp_down_proj_conv_Conv:OpId_5963 (cycles)
106260775453,EXECUTE,0,CYCLES,BACKEND,SUB-EVENT,/model_layers_5_mlp_down_proj_conv_Conv/Conv_output_0.nchw:OpId_5967 (cycles)
106260775453,EXECUTE,0,CYCLES,BACKEND,SUB-EVENT,model_layers_5_mlp_Reshape_1:OpId_5968 (cycles)
106260775453,EXECUTE,14986,CYCLES,BACKEND,SUB-EVENT,model_layers_5_Add_1:OpId_5969 (cycles)
106260775453,EXECUTE,92331,CYCLES,BACKEND,SUB-EVENT,rms_norm_22:OpId_5974 (cycles)
106260775453,EXECUTE,0,CYCLES,BACKEND,SUB-EVENT,model_layers_6_self_attn_Reshape:OpId_5977 (cycles)
106260775453,EXECUTE,0,CYCLES,BACKEND,SUB-EVENT,model_layers_6_self_attn_Transpose:OpId_5979 (cycles)
106260775453,EXECUTE,2560,CYCLES,BACKEND,SUB-EVENT,attn_6_head_0_key_Conv:OpId_5987 (cycles)
106260775453,EXECUTE,1518,CYCLES,BACKEND,SUB-EVENT,attn_6_head_0_value_Conv:OpId_5997 (cycles)
106260775453,EXECUTE,1672,CYCLES,BACKEND,SUB-EVENT,attn_6_head_0_value_Transpose/output_converted_UFIXED_POINT_8:OpId_6000 (cycles)
106260775453,EXECUTE,2779,CYCLES,BACKEND,SUB-EVENT,attn_6_head_1_key_Conv:OpId_6010 (cycles)
106260775453,EXECUTE,1595,CYCLES,BACKEND,SUB-EVENT,attn_6_head_1_value_Conv:OpId_6020 (cycles)
106260775453,EXECUTE,1618,CYCLES,BACKEND,SUB-EVENT,attn_6_head_1_value_Transpose/output_converted_UFIXED_POINT_8:OpId_6023 (cycles)
106260775453,EXECUTE,2314,CYCLES,BACKEND,SUB-EVENT,attn_6_head_0_query_Conv:OpId_6033 (cycles)
106260775453,EXECUTE,2547,CYCLES,BACKEND,SUB-EVENT,attn_6_head_1_query_Conv:OpId_6043 (cycles)
106260775453,EXECUTE,2790,CYCLES,BACKEND,SUB-EVENT,attn_6_head_2_query_Conv:OpId_6053 (cycles)
106260775453,EXECUTE,3008,CYCLES,BACKEND,SUB-EVENT,attn_6_head_3_query_Conv:OpId_6063 (cycles)
106260775453,EXECUTE,4368,CYCLES,BACKEND,SUB-EVENT,attn_6_head_4_query_Conv:OpId_6073 (cycles)
106260775453,EXECUTE,3603,CYCLES,BACKEND,SUB-EVENT,attn_6_head_5_query_Conv:OpId_6083 (cycles)
106260775453,EXECUTE,3760,CYCLES,BACKEND,SUB-EVENT,attn_6_head_6_query_Conv:OpId_6093 (cycles)
106260775453,EXECUTE,3366,CYCLES,BACKEND,SUB-EVENT,attn_6_head_7_query_Conv:OpId_6103 (cycles)
106260775453,EXECUTE,4191,CYCLES,BACKEND,SUB-EVENT,attn_6_head_8_query_Conv:OpId_6113 (cycles)
106260775453,EXECUTE,3008,CYCLES,BACKEND,SUB-EVENT,attn_6_head_9_query_Conv:OpId_6123 (cycles)
106260775453,EXECUTE,3359,CYCLES,BACKEND,SUB-EVENT,attn_6_head_10_query_Conv:OpId_6133 (cycles)
106260775453,EXECUTE,3527,CYCLES,BACKEND,SUB-EVENT,attn_6_head_11_query_Conv:OpId_6143 (cycles)
106260775453,EXECUTE,3460,CYCLES,BACKEND,SUB-EVENT,attn_6_head_12_query_Conv:OpId_6153 (cycles)
106260775453,EXECUTE,4621,CYCLES,BACKEND,SUB-EVENT,attn_6_head_13_query_Conv:OpId_6163 (cycles)
106260775453,EXECUTE,2256,CYCLES,BACKEND,SUB-EVENT,Slice_216:OpId_6167 (cycles)
106260775453,EXECUTE,2263,CYCLES,BACKEND,SUB-EVENT,Slice_217:OpId_6173 (cycles)
106260775453,EXECUTE,1805,CYCLES,BACKEND,SUB-EVENT,Slice_218:OpId_6179 (cycles)
106260775453,EXECUTE,1684,CYCLES,BACKEND,SUB-EVENT,Slice_219:OpId_6185 (cycles)
106260775453,EXECUTE,0,CYCLES,BACKEND,SUB-EVENT,Concat_159:OpId_6190 (cycles)
106260775453,EXECUTE,1987,CYCLES,BACKEND,SUB-EVENT,Slice_224:OpId_6193 (cycles)
106260775453,EXECUTE,1676,CYCLES,BACKEND,SUB-EVENT,Slice_225:OpId_6199 (cycles)
106260775453,EXECUTE,1855,CYCLES,BACKEND,SUB-EVENT,Slice_226:OpId_6205 (cycles)
106260775453,EXECUTE,2036,CYCLES,BACKEND,SUB-EVENT,Slice_227:OpId_6211 (cycles)
106260775453,EXECUTE,1704,CYCLES,BACKEND,SUB-EVENT,Slice_228:OpId_6217 (cycles)
106260775453,EXECUTE,1731,CYCLES,BACKEND,SUB-EVENT,Slice_229:OpId_6223 (cycles)
106260775453,EXECUTE,1798,CYCLES,BACKEND,SUB-EVENT,Slice_230:OpId_6229 (cycles)
106260775453,EXECUTE,1865,CYCLES,BACKEND,SUB-EVENT,Slice_231:OpId_6235 (cycles)
106260775453,EXECUTE,2009,CYCLES,BACKEND,SUB-EVENT,Slice_232:OpId_6241 (cycles)
106260775453,EXECUTE,1964,CYCLES,BACKEND,SUB-EVENT,Slice_233:OpId_6247 (cycles)
106260775453,EXECUTE,1933,CYCLES,BACKEND,SUB-EVENT,Slice_234:OpId_6253 (cycles)
106260775453,EXECUTE,1770,CYCLES,BACKEND,SUB-EVENT,Slice_235:OpId_6259 (cycles)
106260775453,EXECUTE,2183,CYCLES,BACKEND,SUB-EVENT,Slice_236:OpId_6265 (cycles)
106260775453,EXECUTE,2085,CYCLES,BACKEND,SUB-EVENT,Slice_237:OpId_6271 (cycles)
106260775453,EXECUTE,2008,CYCLES,BACKEND,SUB-EVENT,Slice_238:OpId_6277 (cycles)
106260775453,EXECUTE,2423,CYCLES,BACKEND,SUB-EVENT,Slice_239:OpId_6283 (cycles)
106260775453,EXECUTE,1769,CYCLES,BACKEND,SUB-EVENT,Slice_240:OpId_6289 (cycles)
106260775453,EXECUTE,1749,CYCLES,BACKEND,SUB-EVENT,Slice_241:OpId_6295 (cycles)
106260775453,EXECUTE,1992,CYCLES,BACKEND,SUB-EVENT,Slice_242:OpId_6301 (cycles)
106260775453,EXECUTE,1890,CYCLES,BACKEND,SUB-EVENT,Slice_243:OpId_6307 (cycles)
106260775453,EXECUTE,1927,CYCLES,BACKEND,SUB-EVENT,Slice_244:OpId_6313 (cycles)
106260775453,EXECUTE,1892,CYCLES,BACKEND,SUB-EVENT,Slice_245:OpId_6319 (cycles)
106260775453,EXECUTE,2044,CYCLES,BACKEND,SUB-EVENT,Slice_246:OpId_6325 (cycles)
106260775453,EXECUTE,2356,CYCLES,BACKEND,SUB-EVENT,Slice_247:OpId_6331 (cycles)
106260775453,EXECUTE,1965,CYCLES,BACKEND,SUB-EVENT,Slice_248:OpId_6337 (cycles)
106260775453,EXECUTE,1911,CYCLES,BACKEND,SUB-EVENT,Slice_249:OpId_6343 (cycles)
106260775453,EXECUTE,2308,CYCLES,BACKEND,SUB-EVENT,Slice_250:OpId_6349 (cycles)
106260775453,EXECUTE,2177,CYCLES,BACKEND,SUB-EVENT,Slice_251:OpId_6355 (cycles)
106260775453,EXECUTE,5713,CYCLES,BACKEND,SUB-EVENT,Concat_141:OpId_6360 (cycles)
106260775453,EXECUTE,6568,CYCLES,BACKEND,SUB-EVENT,Concat_143:OpId_6362 (cycles)
106260775453,EXECUTE,2090,CYCLES,BACKEND,SUB-EVENT,Mul_384:OpId_6364 (cycles)
106260775453,EXECUTE,1812,CYCLES,BACKEND,SUB-EVENT,Mul_386:OpId_6366 (cycles)
106260775453,EXECUTE,1762,CYCLES,BACKEND,SUB-EVENT,Mul_385:OpId_6368 (cycles)
106260775453,EXECUTE,1600,CYCLES,BACKEND,SUB-EVENT,Mul_387:OpId_6370 (cycles)
106260775453,EXECUTE,1408,CYCLES,BACKEND,SUB-EVENT,Mul_388:OpId_6372 (cycles)
106260775453,EXECUTE,1402,CYCLES,BACKEND,SUB-EVENT,Mul_390:OpId_6374 (cycles)
106260775453,EXECUTE,1420,CYCLES,BACKEND,SUB-EVENT,Mul_389:OpId_6376 (cycles)
106260775453,EXECUTE,1391,CYCLES,BACKEND,SUB-EVENT,Mul_391:OpId_6378 (cycles)
106260775453,EXECUTE,1605,CYCLES,BACKEND,SUB-EVENT,Mul_392:OpId_6380 (cycles)
106260775453,EXECUTE,1642,CYCLES,BACKEND,SUB-EVENT,Mul_394:OpId_6382 (cycles)
106260775453,EXECUTE,1634,CYCLES,BACKEND,SUB-EVENT,Mul_393:OpId_6384 (cycles)
106260775453,EXECUTE,1633,CYCLES,BACKEND,SUB-EVENT,Mul_395:OpId_6386 (cycles)
106260775453,EXECUTE,1409,CYCLES,BACKEND,SUB-EVENT,Mul_396:OpId_6388 (cycles)
106260775453,EXECUTE,1502,CYCLES,BACKEND,SUB-EVENT,Mul_398:OpId_6390 (cycles)
106260775453,EXECUTE,1458,CYCLES,BACKEND,SUB-EVENT,Mul_397:OpId_6392 (cycles)
106260775453,EXECUTE,1478,CYCLES,BACKEND,SUB-EVENT,Mul_399:OpId_6394 (cycles)
106260775453,EXECUTE,1400,CYCLES,BACKEND,SUB-EVENT,Mul_400:OpId_6396 (cycles)
106260775453,EXECUTE,1466,CYCLES,BACKEND,SUB-EVENT,Mul_402:OpId_6398 (cycles)
106260775453,EXECUTE,1379,CYCLES,BACKEND,SUB-EVENT,Mul_401:OpId_6400 (cycles)
106260775453,EXECUTE,1425,CYCLES,BACKEND,SUB-EVENT,Mul_403:OpId_6402 (cycles)
106260775453,EXECUTE,1418,CYCLES,BACKEND,SUB-EVENT,Mul_404:OpId_6404 (cycles)
106260775453,EXECUTE,1419,CYCLES,BACKEND,SUB-EVENT,Mul_406:OpId_6406 (cycles)
106260775453,EXECUTE,1425,CYCLES,BACKEND,SUB-EVENT,Mul_405:OpId_6408 (cycles)
106260775453,EXECUTE,1424,CYCLES,BACKEND,SUB-EVENT,Mul_407:OpId_6410 (cycles)
106260775453,EXECUTE,1524,CYCLES,BACKEND,SUB-EVENT,Mul_408:OpId_6412 (cycles)
106260775453,EXECUTE,1560,CYCLES,BACKEND,SUB-EVENT,Mul_410:OpId_6414 (cycles)
106260775453,EXECUTE,1441,CYCLES,BACKEND,SUB-EVENT,Mul_409:OpId_6416 (cycles)
106260775453,EXECUTE,1454,CYCLES,BACKEND,SUB-EVENT,Mul_411:OpId_6418 (cycles)
106260775453,EXECUTE,1835,CYCLES,BACKEND,SUB-EVENT,Mul_412:OpId_6420 (cycles)
106260775453,EXECUTE,1956,CYCLES,BACKEND,SUB-EVENT,Mul_414:OpId_6422 (cycles)
106260775453,EXECUTE,1757,CYCLES,BACKEND,SUB-EVENT,Mul_413:OpId_6424 (cycles)
106260775453,EXECUTE,1841,CYCLES,BACKEND,SUB-EVENT,Mul_415:OpId_6426 (cycles)
106260775453,EXECUTE,1454,CYCLES,BACKEND,SUB-EVENT,Mul_416:OpId_6428 (cycles)
106260775453,EXECUTE,1487,CYCLES,BACKEND,SUB-EVENT,Mul_418:OpId_6430 (cycles)
106260775453,EXECUTE,1426,CYCLES,BACKEND,SUB-EVENT,Mul_417:OpId_6432 (cycles)
106260775453,EXECUTE,1526,CYCLES,BACKEND,SUB-EVENT,Mul_419:OpId_6434 (cycles)
106260775453,EXECUTE,1427,CYCLES,BACKEND,SUB-EVENT,Mul_420:OpId_6436 (cycles)
106260775453,EXECUTE,1484,CYCLES,BACKEND,SUB-EVENT,Mul_422:OpId_6438 (cycles)
106260775453,EXECUTE,1428,CYCLES,BACKEND,SUB-EVENT,Mul_421:OpId_6440 (cycles)
106260775453,EXECUTE,1448,CYCLES,BACKEND,SUB-EVENT,Mul_423:OpId_6442 (cycles)
106260775453,EXECUTE,1395,CYCLES,BACKEND,SUB-EVENT,Mul_424:OpId_6444 (cycles)
106260775453,EXECUTE,1445,CYCLES,BACKEND,SUB-EVENT,Mul_426:OpId_6446 (cycles)
106260775453,EXECUTE,1655,CYCLES,BACKEND,SUB-EVENT,Mul_425:OpId_6448 (cycles)
106260775453,EXECUTE,1715,CYCLES,BACKEND,SUB-EVENT,Mul_427:OpId_6450 (cycles)
106260775453,EXECUTE,1475,CYCLES,BACKEND,SUB-EVENT,Mul_428:OpId_6452 (cycles)
106260775453,EXECUTE,1488,CYCLES,BACKEND,SUB-EVENT,Mul_430:OpId_6454 (cycles)
106260775453,EXECUTE,1513,CYCLES,BACKEND,SUB-EVENT,Mul_429:OpId_6456 (cycles)
106260775453,EXECUTE,1441,CYCLES,BACKEND,SUB-EVENT,Mul_431:OpId_6458 (cycles)
106260775453,EXECUTE,1599,CYCLES,BACKEND,SUB-EVENT,Mul_432:OpId_6460 (cycles)
106260775453,EXECUTE,1713,CYCLES,BACKEND,SUB-EVENT,Mul_434:OpId_6462 (cycles)
106260775453,EXECUTE,2056,CYCLES,BACKEND,SUB-EVENT,Mul_433:OpId_6464 (cycles)
106260775453,EXECUTE,1763,CYCLES,BACKEND,SUB-EVENT,Mul_435:OpId_6466 (cycles)
106260775453,EXECUTE,1488,CYCLES,BACKEND,SUB-EVENT,Mul_436:OpId_6468 (cycles)
106260775453,EXECUTE,1583,CYCLES,BACKEND,SUB-EVENT,Mul_438:OpId_6470 (cycles)
106260775453,EXECUTE,1453,CYCLES,BACKEND,SUB-EVENT,Mul_437:OpId_6472 (cycles)
106260775453,EXECUTE,1447,CYCLES,BACKEND,SUB-EVENT,Mul_439:OpId_6474 (cycles)
106260775453,EXECUTE,1915,CYCLES,BACKEND,SUB-EVENT,Mul_440:OpId_6476 (cycles)
106260775453,EXECUTE,1482,CYCLES,BACKEND,SUB-EVENT,Mul_442:OpId_6478 (cycles)
106260775453,EXECUTE,1808,CYCLES,BACKEND,SUB-EVENT,Mul_441:OpId_6480 (cycles)
106260775453,EXECUTE,1941,CYCLES,BACKEND,SUB-EVENT,Mul_443:OpId_6482 (cycles)
106260775453,EXECUTE,1714,CYCLES,BACKEND,SUB-EVENT,Mul_444:OpId_6484 (cycles)
106260775453,EXECUTE,1715,CYCLES,BACKEND,SUB-EVENT,Mul_446:OpId_6486 (cycles)
106260775453,EXECUTE,1452,CYCLES,BACKEND,SUB-EVENT,Mul_445:OpId_6488 (cycles)
106260775453,EXECUTE,1455,CYCLES,BACKEND,SUB-EVENT,Mul_447:OpId_6490 (cycles)
106260775453,EXECUTE,1799,CYCLES,BACKEND,SUB-EVENT,Sub_96:OpId_6492 (cycles)
106260775453,EXECUTE,430,CYCLES,BACKEND,SUB-EVENT,Sub_96_converted_UFIXED_POINT_8:OpId_6494 (cycles)
106260775453,EXECUTE,1775,CYCLES,BACKEND,SUB-EVENT,Add_180:OpId_6497 (cycles)
106260775453,EXECUTE,516,CYCLES,BACKEND,SUB-EVENT,Add_180_converted_UFIXED_POINT_8:OpId_6499 (cycles)
106260775453,EXECUTE,1462,CYCLES,BACKEND,SUB-EVENT,Sub_97:OpId_6502 (cycles)
106260775453,EXECUTE,430,CYCLES,BACKEND,SUB-EVENT,Sub_97_converted_UFIXED_POINT_8:OpId_6504 (cycles)
106260775453,EXECUTE,1502,CYCLES,BACKEND,SUB-EVENT,Add_181:OpId_6507 (cycles)
106260775453,EXECUTE,434,CYCLES,BACKEND,SUB-EVENT,Add_181_converted_UFIXED_POINT_8:OpId_6509 (cycles)
106260775453,EXECUTE,1761,CYCLES,BACKEND,SUB-EVENT,Sub_98:OpId_6512 (cycles)
106260775453,EXECUTE,2341,CYCLES,BACKEND,SUB-EVENT,Add_182:OpId_6514 (cycles)
106260775453,EXECUTE,1512,CYCLES,BACKEND,SUB-EVENT,Sub_99:OpId_6516 (cycles)
106260775453,EXECUTE,2942,CYCLES,BACKEND,SUB-EVENT,Add_184:OpId_6518 (cycles)
106260775453,EXECUTE,1713,CYCLES,BACKEND,SUB-EVENT,Sub_100:OpId_6520 (cycles)
106260775453,EXECUTE,2422,CYCLES,BACKEND,SUB-EVENT,Add_186:OpId_6522 (cycles)
106260775453,EXECUTE,1782,CYCLES,BACKEND,SUB-EVENT,Sub_101:OpId_6524 (cycles)
106260775453,EXECUTE,2484,CYCLES,BACKEND,SUB-EVENT,Add_188:OpId_6526 (cycles)
106260775453,EXECUTE,1689,CYCLES,BACKEND,SUB-EVENT,Sub_102:OpId_6528 (cycles)
106260775453,EXECUTE,2472,CYCLES,BACKEND,SUB-EVENT,Add_190:OpId_6530 (cycles)
106260775453,EXECUTE,1486,CYCLES,BACKEND,SUB-EVENT,Sub_103:OpId_6532 (cycles)
106260775453,EXECUTE,2018,CYCLES,BACKEND,SUB-EVENT,Add_192:OpId_6534 (cycles)
106260775453,EXECUTE,1538,CYCLES,BACKEND,SUB-EVENT,Sub_104:OpId_6536 (cycles)
106260775453,EXECUTE,2675,CYCLES,BACKEND,SUB-EVENT,Add_194:OpId_6538 (cycles)
106260775453,EXECUTE,1482,CYCLES,BACKEND,SUB-EVENT,Sub_105:OpId_6540 (cycles)
106260775453,EXECUTE,2340,CYCLES,BACKEND,SUB-EVENT,Add_196:OpId_6542 (cycles)
106260775453,EXECUTE,1488,CYCLES,BACKEND,SUB-EVENT,Sub_106:OpId_6544 (cycles)
106260775453,EXECUTE,2409,CYCLES,BACKEND,SUB-EVENT,Add_198:OpId_6546 (cycles)
106260775453,EXECUTE,1553,CYCLES,BACKEND,SUB-EVENT,Sub_107:OpId_6548 (cycles)
106260775453,EXECUTE,2287,CYCLES,BACKEND,SUB-EVENT,Add_200:OpId_6550 (cycles)
106260775453,EXECUTE,1520,CYCLES,BACKEND,SUB-EVENT,Sub_108:OpId_6552 (cycles)
106260775453,EXECUTE,2559,CYCLES,BACKEND,SUB-EVENT,Add_202:OpId_6554 (cycles)
106260775453,EXECUTE,1535,CYCLES,BACKEND,SUB-EVENT,Sub_109:OpId_6556 (cycles)
106260775453,EXECUTE,2455,CYCLES,BACKEND,SUB-EVENT,Add_204:OpId_6558 (cycles)
106260775453,EXECUTE,1491,CYCLES,BACKEND,SUB-EVENT,Sub_110:OpId_6560 (cycles)
106260775453,EXECUTE,2710,CYCLES,BACKEND,SUB-EVENT,Add_206:OpId_6562 (cycles)
106260775453,EXECUTE,1535,CYCLES,BACKEND,SUB-EVENT,Sub_111:OpId_6564 (cycles)
106260775453,EXECUTE,3529,CYCLES,BACKEND,SUB-EVENT,Add_208:OpId_6566 (cycles)
106260775453,EXECUTE,5036,CYCLES,BACKEND,SUB-EVENT,Concat_138:OpId_6568 (cycles)
106260775453,EXECUTE,5015,CYCLES,BACKEND,SUB-EVENT,Concat_139:OpId_6570 (cycles)
106260775453,EXECUTE,0,CYCLES,BACKEND,SUB-EVENT,Concat_144:OpId_6572 (cycles)
106260775453,EXECUTE,0,CYCLES,BACKEND,SUB-EVENT,Concat_145:OpId_6574 (cycles)
106260775453,EXECUTE,0,CYCLES,BACKEND,SUB-EVENT,Concat_146:OpId_6576 (cycles)
106260775453,EXECUTE,0,CYCLES,BACKEND,SUB-EVENT,Concat_147:OpId_6578 (cycles)
106260775453,EXECUTE,0,CYCLES,BACKEND,SUB-EVENT,Concat_148:OpId_6580 (cycles)
106260775453,EXECUTE,0,CYCLES,BACKEND,SUB-EVENT,Concat_149:OpId_6582 (cycles)
106260775453,EXECUTE,0,CYCLES,BACKEND,SUB-EVENT,Concat_150:OpId_6584 (cycles)
106260775453,EXECUTE,0,CYCLES,BACKEND,SUB-EVENT,Concat_151:OpId_6586 (cycles)
106260775453,EXECUTE,0,CYCLES,BACKEND,SUB-EVENT,Concat_152:OpId_6588 (cycles)
106260775453,EXECUTE,0,CYCLES,BACKEND,SUB-EVENT,Concat_153:OpId_6590 (cycles)
106260775453,EXECUTE,0,CYCLES,BACKEND,SUB-EVENT,Concat_154:OpId_6592 (cycles)
106260775453,EXECUTE,0,CYCLES,BACKEND,SUB-EVENT,Concat_155:OpId_6594 (cycles)
106260775453,EXECUTE,0,CYCLES,BACKEND,SUB-EVENT,Concat_156:OpId_6596 (cycles)
106260775453,EXECUTE,0,CYCLES,BACKEND,SUB-EVENT,Concat_157:OpId_6598 (cycles)
106260775453,EXECUTE,6693,CYCLES,BACKEND,SUB-EVENT,attn_6_head_0_key_Transpose_0:OpId_6601 (cycles)
106260775453,EXECUTE,6630,CYCLES,BACKEND,SUB-EVENT,attn_6_head_1_key_Transpose_0:OpId_6603 (cycles)
106260775453,EXECUTE,0,CYCLES,BACKEND,SUB-EVENT,Concat_140:OpId_6604 (cycles)
106260775453,EXECUTE,0,CYCLES,BACKEND,SUB-EVENT,Concat_142:OpId_6606 (cycles)
106260775453,EXECUTE,0,CYCLES,BACKEND,SUB-EVENT,Concat_158:OpId_6608 (cycles)
106260775453,EXECUTE,126993,CYCLES,BACKEND,SUB-EVENT,attn_6_head_0_qk_MatMul_0:OpId_6610 (cycles)
106260775453,EXECUTE,16496,CYCLES,BACKEND,SUB-EVENT,attn_6_head_1_qk_MatMul_0:OpId_6614 (cycles)
106260775453,EXECUTE,16563,CYCLES,BACKEND,SUB-EVENT,attn_6_head_2_qk_MatMul_0:OpId_6618 (cycles)
106260775453,EXECUTE,16708,CYCLES,BACKEND,SUB-EVENT,attn_6_head_3_qk_MatMul_0:OpId_6622 (cycles)
106260775453,EXECUTE,16815,CYCLES,BACKEND,SUB-EVENT,attn_6_head_4_qk_MatMul_0:OpId_6626 (cycles)
106260775453,EXECUTE,16890,CYCLES,BACKEND,SUB-EVENT,attn_6_head_5_qk_MatMul_0:OpId_6630 (cycles)
106260775453,EXECUTE,15162,CYCLES,BACKEND,SUB-EVENT,attn_6_head_6_qk_MatMul_0:OpId_6634 (cycles)
106260775453,EXECUTE,130639,CYCLES,BACKEND,SUB-EVENT,attn_6_head_7_qk_MatMul_0:OpId_6638 (cycles)
106260775453,EXECUTE,16575,CYCLES,BACKEND,SUB-EVENT,attn_6_head_8_qk_MatMul_0:OpId_6642 (cycles)
106260775453,EXECUTE,16910,CYCLES,BACKEND,SUB-EVENT,attn_6_head_9_qk_MatMul_0:OpId_6646 (cycles)
106260775453,EXECUTE,16969,CYCLES,BACKEND,SUB-EVENT,attn_6_head_10_qk_MatMul_0:OpId_6650 (cycles)
106260775453,EXECUTE,15370,CYCLES,BACKEND,SUB-EVENT,attn_6_head_11_qk_MatMul_0:OpId_6654 (cycles)
106260775453,EXECUTE,17336,CYCLES,BACKEND,SUB-EVENT,attn_6_head_12_qk_MatMul_0:OpId_6658 (cycles)
106260775453,EXECUTE,16232,CYCLES,BACKEND,SUB-EVENT,attn_6_head_13_qk_MatMul_0:OpId_6662 (cycles)
106260775453,EXECUTE,57832,CYCLES,BACKEND,SUB-EVENT,Add_183:OpId_6666 (cycles)
106260775453,EXECUTE,67306,CYCLES,BACKEND,SUB-EVENT,Add_185:OpId_6668 (cycles)
106260775453,EXECUTE,64985,CYCLES,BACKEND,SUB-EVENT,Add_187:OpId_6670 (cycles)
106260775453,EXECUTE,56802,CYCLES,BACKEND,SUB-EVENT,Add_189:OpId_6672 (cycles)
106260775453,EXECUTE,62867,CYCLES,BACKEND,SUB-EVENT,Add_191:OpId_6674 (cycles)
106260775453,EXECUTE,63408,CYCLES,BACKEND,SUB-EVENT,Add_193:OpId_6676 (cycles)
106260775453,EXECUTE,67564,CYCLES,BACKEND,SUB-EVENT,Add_195:OpId_6678 (cycles)
106260775453,EXECUTE,67339,CYCLES,BACKEND,SUB-EVENT,Add_197:OpId_6680 (cycles)
106260775453,EXECUTE,53927,CYCLES,BACKEND,SUB-EVENT,Add_199:OpId_6682 (cycles)
106260775453,EXECUTE,62408,CYCLES,BACKEND,SUB-EVENT,Add_201:OpId_6684 (cycles)
106260775453,EXECUTE,81814,CYCLES,BACKEND,SUB-EVENT,Add_203:OpId_6686 (cycles)
106260775453,EXECUTE,63564,CYCLES,BACKEND,SUB-EVENT,Add_205:OpId_6688 (cycles)
106260775453,EXECUTE,66297,CYCLES,BACKEND,SUB-EVENT,Add_207:OpId_6690 (cycles)
106260775453,EXECUTE,58628,CYCLES,BACKEND,SUB-EVENT,Add_209:OpId_6692 (cycles)
106260775453,EXECUTE,154485,CYCLES,BACKEND,SUB-EVENT,attn_6_head_0_Softmax_0:OpId_6694 (cycles)
106260775453,EXECUTE,170068,CYCLES,BACKEND,SUB-EVENT,attn_6_head_1_Softmax_0:OpId_6697 (cycles)
106260775453,EXECUTE,153973,CYCLES,BACKEND,SUB-EVENT,attn_6_head_2_Softmax_0:OpId_6700 (cycles)
106260775453,EXECUTE,157698,CYCLES,BACKEND,SUB-EVENT,attn_6_head_3_Softmax_0:OpId_6703 (cycles)
106260775453,EXECUTE,159390,CYCLES,BACKEND,SUB-EVENT,attn_6_head_4_Softmax_0:OpId_6706 (cycles)
106260775453,EXECUTE,148903,CYCLES,BACKEND,SUB-EVENT,attn_6_head_5_Softmax_0:OpId_6709 (cycles)
106260775453,EXECUTE,165990,CYCLES,BACKEND,SUB-EVENT,attn_6_head_6_Softmax_0:OpId_6712 (cycles)
106260775453,EXECUTE,149067,CYCLES,BACKEND,SUB-EVENT,attn_6_head_7_Softmax_0:OpId_6715 (cycles)
106260775453,EXECUTE,157166,CYCLES,BACKEND,SUB-EVENT,attn_6_head_8_Softmax_0:OpId_6718 (cycles)
106260775453,EXECUTE,163347,CYCLES,BACKEND,SUB-EVENT,attn_6_head_9_Softmax_0:OpId_6721 (cycles)
106260775453,EXECUTE,149884,CYCLES,BACKEND,SUB-EVENT,attn_6_head_10_Softmax_0:OpId_6724 (cycles)
106260775453,EXECUTE,167065,CYCLES,BACKEND,SUB-EVENT,attn_6_head_11_Softmax_0:OpId_6727 (cycles)
106260775453,EXECUTE,149346,CYCLES,BACKEND,SUB-EVENT,attn_6_head_12_Softmax_0:OpId_6730 (cycles)
106260775453,EXECUTE,163252,CYCLES,BACKEND,SUB-EVENT,attn_6_head_13_Softmax_0:OpId_6733 (cycles)
106260775453,EXECUTE,40481,CYCLES,BACKEND,SUB-EVENT,attn_6_head_0_qkv_MatMul_0:OpId_6736 (cycles)
106260775453,EXECUTE,5139,CYCLES,BACKEND,SUB-EVENT,attn_6_head_1_qkv_MatMul_0:OpId_6740 (cycles)
106260775453,EXECUTE,5169,CYCLES,BACKEND,SUB-EVENT,attn_6_head_2_qkv_MatMul_0:OpId_6744 (cycles)
106260775453,EXECUTE,4507,CYCLES,BACKEND,SUB-EVENT,attn_6_head_3_qkv_MatMul_0:OpId_6748 (cycles)
106260775453,EXECUTE,5146,CYCLES,BACKEND,SUB-EVENT,attn_6_head_4_qkv_MatMul_0:OpId_6752 (cycles)
106260775453,EXECUTE,5121,CYCLES,BACKEND,SUB-EVENT,attn_6_head_5_qkv_MatMul_0:OpId_6756 (cycles)
106260775453,EXECUTE,5175,CYCLES,BACKEND,SUB-EVENT,attn_6_head_6_qkv_MatMul_0:OpId_6760 (cycles)
106260775453,EXECUTE,46994,CYCLES,BACKEND,SUB-EVENT,attn_6_head_7_qkv_MatMul_0:OpId_6764 (cycles)
106260775453,EXECUTE,5154,CYCLES,BACKEND,SUB-EVENT,attn_6_head_8_qkv_MatMul_0:OpId_6768 (cycles)
106260775453,EXECUTE,5314,CYCLES,BACKEND,SUB-EVENT,attn_6_head_9_qkv_MatMul_0:OpId_6772 (cycles)
106260775453,EXECUTE,5089,CYCLES,BACKEND,SUB-EVENT,attn_6_head_10_qkv_MatMul_0:OpId_6776 (cycles)
106260775453,EXECUTE,5198,CYCLES,BACKEND,SUB-EVENT,attn_6_head_11_qkv_MatMul_0:OpId_6780 (cycles)
106260775453,EXECUTE,5015,CYCLES,BACKEND,SUB-EVENT,attn_6_head_12_qkv_MatMul_0:OpId_6784 (cycles)
106260775453,EXECUTE,4396,CYCLES,BACKEND,SUB-EVENT,attn_6_head_13_qkv_MatMul_0:OpId_6788 (cycles)
106260775453,EXECUTE,0,CYCLES,BACKEND,SUB-EVENT,Concat_160:OpId_6792 (cycles)
106260775453,EXECUTE,0,CYCLES,BACKEND,SUB-EVENT,Reshape_8:OpId_6794 (cycles)
106260775453,EXECUTE,0,CYCLES,BACKEND,SUB-EVENT,model_layers_6_self_attn_Transpose_6:OpId_6796 (cycles)
106260775453,EXECUTE,25948,CYCLES,BACKEND,SUB-EVENT,model_layers_6_self_attn_o_proj_conv_Conv:OpId_6804 (cycles)
106260775453,EXECUTE,0,CYCLES,BACKEND,SUB-EVENT,/model_layers_6_self_attn_o_proj_conv_Conv/Conv_output_0.nchw:OpId_6808 (cycles)
106260775453,EXECUTE,0,CYCLES,BACKEND,SUB-EVENT,model_layers_6_self_attn_Reshape_9:OpId_6809 (cycles)
106260775453,EXECUTE,15287,CYCLES,BACKEND,SUB-EVENT,model_layers_6_Add:OpId_6810 (cycles)
106260775453,EXECUTE,96972,CYCLES,BACKEND,SUB-EVENT,rms_norm_24:OpId_6815 (cycles)
106260775453,EXECUTE,0,CYCLES,BACKEND,SUB-EVENT,model_layers_6_mlp_Reshape:OpId_6818 (cycles)
106260775453,EXECUTE,0,CYCLES,BACKEND,SUB-EVENT,model_layers_6_mlp_Transpose:OpId_6820 (cycles)
106260775453,EXECUTE,131446,CYCLES,BACKEND,SUB-EVENT,model_layers_6_mlp_gate_proj_conv_Conv:OpId_6828 (cycles)
106260775453,EXECUTE,143102,CYCLES,BACKEND,SUB-EVENT,model_layers_6_mlp_up_proj_conv_Conv:OpId_6838 (cycles)
106260775453,EXECUTE,0,CYCLES,BACKEND,SUB-EVENT,model_layers_6_mlp_act_fn_Sigmoid:OpId_6841 (cycles)
106260775453,EXECUTE,405072,CYCLES,BACKEND,SUB-EVENT,model_layers_6_mlp_act_fn_Mul:OpId_6848 (cycles)
106260775453,EXECUTE,199403,CYCLES,BACKEND,SUB-EVENT,model_layers_6_mlp_Mul:OpId_6850 (cycles)
106260775453,EXECUTE,79489,CYCLES,BACKEND,SUB-EVENT,model_layers_6_mlp_down_proj_conv_Conv:OpId_6859 (cycles)
106260775453,EXECUTE,0,CYCLES,BACKEND,SUB-EVENT,/model_layers_6_mlp_down_proj_conv_Conv/Conv_output_0.nchw:OpId_6863 (cycles)
106260775453,EXECUTE,0,CYCLES,BACKEND,SUB-EVENT,model_layers_6_mlp_Reshape_1:OpId_6864 (cycles)
106260775453,EXECUTE,14949,CYCLES,BACKEND,SUB-EVENT,model_layers_6_Add_1:OpId_6865 (cycles)
106260775453,EXECUTE,93121,CYCLES,BACKEND,SUB-EVENT,rms_norm_26:OpId_6870 (cycles)
106260775453,EXECUTE,0,CYCLES,BACKEND,SUB-EVENT,model_layers_7_self_attn_Reshape:OpId_6873 (cycles)
106260775453,EXECUTE,0,CYCLES,BACKEND,SUB-EVENT,model_layers_7_self_attn_Transpose:OpId_6875 (cycles)
106260775453,EXECUTE,2771,CYCLES,BACKEND,SUB-EVENT,attn_7_head_0_key_Conv:OpId_6883 (cycles)
106260775453,EXECUTE,1956,CYCLES,BACKEND,SUB-EVENT,attn_7_head_0_value_Conv:OpId_6893 (cycles)
106260775453,EXECUTE,2274,CYCLES,BACKEND,SUB-EVENT,attn_7_head_0_value_Transpose/output_converted_UFIXED_POINT_8:OpId_6896 (cycles)
106260775453,EXECUTE,2432,CYCLES,BACKEND,SUB-EVENT,attn_7_head_1_key_Conv:OpId_6906 (cycles)
106260775453,EXECUTE,1584,CYCLES,BACKEND,SUB-EVENT,attn_7_head_1_value_Conv:OpId_6916 (cycles)
106260775453,EXECUTE,1540,CYCLES,BACKEND,SUB-EVENT,attn_7_head_1_value_Transpose/output_converted_UFIXED_POINT_8:OpId_6919 (cycles)
106260775453,EXECUTE,2562,CYCLES,BACKEND,SUB-EVENT,attn_7_head_0_query_Conv:OpId_6929 (cycles)
106260775453,EXECUTE,2775,CYCLES,BACKEND,SUB-EVENT,attn_7_head_1_query_Conv:OpId_6939 (cycles)
106260775453,EXECUTE,3022,CYCLES,BACKEND,SUB-EVENT,attn_7_head_2_query_Conv:OpId_6949 (cycles)
106260775453,EXECUTE,2879,CYCLES,BACKEND,SUB-EVENT,attn_7_head_3_query_Conv:OpId_6959 (cycles)
106260775453,EXECUTE,3532,CYCLES,BACKEND,SUB-EVENT,attn_7_head_4_query_Conv:OpId_6969 (cycles)
106260775453,EXECUTE,4751,CYCLES,BACKEND,SUB-EVENT,attn_7_head_5_query_Conv:OpId_6979 (cycles)
106260775453,EXECUTE,3712,CYCLES,BACKEND,SUB-EVENT,attn_7_head_6_query_Conv:OpId_6989 (cycles)
106260775453,EXECUTE,3495,CYCLES,BACKEND,SUB-EVENT,attn_7_head_7_query_Conv:OpId_6999 (cycles)
106260775453,EXECUTE,3918,CYCLES,BACKEND,SUB-EVENT,attn_7_head_8_query_Conv:OpId_7009 (cycles)
106260775453,EXECUTE,3550,CYCLES,BACKEND,SUB-EVENT,attn_7_head_9_query_Conv:OpId_7019 (cycles)
106260775453,EXECUTE,3893,CYCLES,BACKEND,SUB-EVENT,attn_7_head_10_query_Conv:OpId_7029 (cycles)
106260775453,EXECUTE,3840,CYCLES,BACKEND,SUB-EVENT,attn_7_head_11_query_Conv:OpId_7039 (cycles)
106260775453,EXECUTE,3176,CYCLES,BACKEND,SUB-EVENT,attn_7_head_12_query_Conv:OpId_7049 (cycles)
106260775453,EXECUTE,3917,CYCLES,BACKEND,SUB-EVENT,attn_7_head_13_query_Conv:OpId_7059 (cycles)
106260775453,EXECUTE,2819,CYCLES,BACKEND,SUB-EVENT,Slice_252:OpId_7063 (cycles)
106260775453,EXECUTE,2777,CYCLES,BACKEND,SUB-EVENT,Slice_253:OpId_7069 (cycles)
106260775453,EXECUTE,1791,CYCLES,BACKEND,SUB-EVENT,Slice_254:OpId_7075 (cycles)
106260775453,EXECUTE,1710,CYCLES,BACKEND,SUB-EVENT,Slice_255:OpId_7081 (cycles)
106260775453,EXECUTE,0,CYCLES,BACKEND,SUB-EVENT,Concat_182:OpId_7086 (cycles)
106260775453,EXECUTE,2575,CYCLES,BACKEND,SUB-EVENT,Slice_260:OpId_7089 (cycles)
106260775453,EXECUTE,2385,CYCLES,BACKEND,SUB-EVENT,Slice_261:OpId_7095 (cycles)
106260775453,EXECUTE,2257,CYCLES,BACKEND,SUB-EVENT,Slice_262:OpId_7101 (cycles)
106260775453,EXECUTE,1809,CYCLES,BACKEND,SUB-EVENT,Slice_263:OpId_7107 (cycles)
106260775453,EXECUTE,1885,CYCLES,BACKEND,SUB-EVENT,Slice_264:OpId_7113 (cycles)
106260775453,EXECUTE,1856,CYCLES,BACKEND,SUB-EVENT,Slice_265:OpId_7119 (cycles)
106260775453,EXECUTE,1716,CYCLES,BACKEND,SUB-EVENT,Slice_266:OpId_7125 (cycles)
106260775453,EXECUTE,1686,CYCLES,BACKEND,SUB-EVENT,Slice_267:OpId_7131 (cycles)
106260775453,EXECUTE,1981,CYCLES,BACKEND,SUB-EVENT,Slice_268:OpId_7137 (cycles)
106260775453,EXECUTE,1721,CYCLES,BACKEND,SUB-EVENT,Slice_269:OpId_7143 (cycles)
106260775453,EXECUTE,1763,CYCLES,BACKEND,SUB-EVENT,Slice_270:OpId_7149 (cycles)
106260775453,EXECUTE,1762,CYCLES,BACKEND,SUB-EVENT,Slice_271:OpId_7155 (cycles)
106260775453,EXECUTE,1764,CYCLES,BACKEND,SUB-EVENT,Slice_272:OpId_7161 (cycles)
106260775453,EXECUTE,1662,CYCLES,BACKEND,SUB-EVENT,Slice_273:OpId_7167 (cycles)
106260775453,EXECUTE,1737,CYCLES,BACKEND,SUB-EVENT,Slice_274:OpId_7173 (cycles)
106260775453,EXECUTE,1722,CYCLES,BACKEND,SUB-EVENT,Slice_275:OpId_7179 (cycles)
106260775453,EXECUTE,2006,CYCLES,BACKEND,SUB-EVENT,Slice_276:OpId_7185 (cycles)
106260775453,EXECUTE,1843,CYCLES,BACKEND,SUB-EVENT,Slice_277:OpId_7191 (cycles)
106260775453,EXECUTE,1771,CYCLES,BACKEND,SUB-EVENT,Slice_278:OpId_7197 (cycles)
106260775453,EXECUTE,1632,CYCLES,BACKEND,SUB-EVENT,Slice_279:OpId_7203 (cycles)
106260775453,EXECUTE,1684,CYCLES,BACKEND,SUB-EVENT,Slice_280:OpId_7209 (cycles)
106260775453,EXECUTE,1750,CYCLES,BACKEND,SUB-EVENT,Slice_281:OpId_7215 (cycles)
106260775453,EXECUTE,2223,CYCLES,BACKEND,SUB-EVENT,Slice_282:OpId_7221 (cycles)
106260775453,EXECUTE,2281,CYCLES,BACKEND,SUB-EVENT,Slice_283:OpId_7227 (cycles)
106260775453,EXECUTE,2012,CYCLES,BACKEND,SUB-EVENT,Slice_284:OpId_7233 (cycles)
106260775453,EXECUTE,1883,CYCLES,BACKEND,SUB-EVENT,Slice_285:OpId_7239 (cycles)
106260775453,EXECUTE,1881,CYCLES,BACKEND,SUB-EVENT,Slice_286:OpId_7245 (cycles)
106260775453,EXECUTE,1861,CYCLES,BACKEND,SUB-EVENT,Slice_287:OpId_7251 (cycles)
106260775453,EXECUTE,8768,CYCLES,BACKEND,SUB-EVENT,Concat_164:OpId_7256 (cycles)
106260775453,EXECUTE,8617,CYCLES,BACKEND,SUB-EVENT,Concat_166:OpId_7258 (cycles)
106260775453,EXECUTE,2317,CYCLES,BACKEND,SUB-EVENT,Mul_448:OpId_7260 (cycles)
106260775453,EXECUTE,2199,CYCLES,BACKEND,SUB-EVENT,Mul_450:OpId_7262 (cycles)
106260775453,EXECUTE,2077,CYCLES,BACKEND,SUB-EVENT,Mul_449:OpId_7264 (cycles)
106260775453,EXECUTE,2032,CYCLES,BACKEND,SUB-EVENT,Mul_451:OpId_7266 (cycles)
106260775453,EXECUTE,1736,CYCLES,BACKEND,SUB-EVENT,Mul_452:OpId_7268 (cycles)
106260775453,EXECUTE,1485,CYCLES,BACKEND,SUB-EVENT,Mul_454:OpId_7270 (cycles)
106260775453,EXECUTE,1521,CYCLES,BACKEND,SUB-EVENT,Mul_453:OpId_7272 (cycles)
106260775453,EXECUTE,1696,CYCLES,BACKEND,SUB-EVENT,Mul_455:OpId_7274 (cycles)
106260775453,EXECUTE,1669,CYCLES,BACKEND,SUB-EVENT,Mul_456:OpId_7276 (cycles)
106260775453,EXECUTE,1657,CYCLES,BACKEND,SUB-EVENT,Mul_458:OpId_7278 (cycles)
106260775453,EXECUTE,1605,CYCLES,BACKEND,SUB-EVENT,Mul_457:OpId_7280 (cycles)
106260775453,EXECUTE,1666,CYCLES,BACKEND,SUB-EVENT,Mul_459:OpId_7282 (cycles)
106260775453,EXECUTE,1376,CYCLES,BACKEND,SUB-EVENT,Mul_460:OpId_7284 (cycles)
106260775453,EXECUTE,1441,CYCLES,BACKEND,SUB-EVENT,Mul_462:OpId_7286 (cycles)
106260775453,EXECUTE,1428,CYCLES,BACKEND,SUB-EVENT,Mul_461:OpId_7288 (cycles)
106260775453,EXECUTE,1422,CYCLES,BACKEND,SUB-EVENT,Mul_463:OpId_7290 (cycles)
106260775453,EXECUTE,1423,CYCLES,BACKEND,SUB-EVENT,Mul_464:OpId_7292 (cycles)
106260775453,EXECUTE,1483,CYCLES,BACKEND,SUB-EVENT,Mul_466:OpId_7294 (cycles)
106260775453,EXECUTE,1401,CYCLES,BACKEND,SUB-EVENT,Mul_465:OpId_7296 (cycles)
106260775453,EXECUTE,1392,CYCLES,BACKEND,SUB-EVENT,Mul_467:OpId_7298 (cycles)
106260775453,EXECUTE,1395,CYCLES,BACKEND,SUB-EVENT,Mul_468:OpId_7300 (cycles)
106260775453,EXECUTE,1471,CYCLES,BACKEND,SUB-EVENT,Mul_470:OpId_7302 (cycles)
106260775453,EXECUTE,1390,CYCLES,BACKEND,SUB-EVENT,Mul_469:OpId_7304 (cycles)
106260775453,EXECUTE,1411,CYCLES,BACKEND,SUB-EVENT,Mul_471:OpId_7306 (cycles)
106260775453,EXECUTE,1446,CYCLES,BACKEND,SUB-EVENT,Mul_472:OpId_7308 (cycles)
106260775453,EXECUTE,1532,CYCLES,BACKEND,SUB-EVENT,Mul_474:OpId_7310 (cycles)
106260775453,EXECUTE,1982,CYCLES,BACKEND,SUB-EVENT,Mul_473:OpId_7312 (cycles)
106260775453,EXECUTE,1960,CYCLES,BACKEND,SUB-EVENT,Mul_475:OpId_7314 (cycles)
106260775453,EXECUTE,1810,CYCLES,BACKEND,SUB-EVENT,Mul_476:OpId_7316 (cycles)
106260775453,EXECUTE,1849,CYCLES,BACKEND,SUB-EVENT,Mul_478:OpId_7318 (cycles)
106260775453,EXECUTE,1675,CYCLES,BACKEND,SUB-EVENT,Mul_477:OpId_7320 (cycles)
106260775453,EXECUTE,1780,CYCLES,BACKEND,SUB-EVENT,Mul_479:OpId_7322 (cycles)
106260775453,EXECUTE,1588,CYCLES,BACKEND,SUB-EVENT,Mul_480:OpId_7324 (cycles)
106260775453,EXECUTE,1680,CYCLES,BACKEND,SUB-EVENT,Mul_482:OpId_7326 (cycles)
106260775453,EXECUTE,1536,CYCLES,BACKEND,SUB-EVENT,Mul_481:OpId_7328 (cycles)
106260775453,EXECUTE,1566,CYCLES,BACKEND,SUB-EVENT,Mul_483:OpId_7330 (cycles)
106260775453,EXECUTE,1394,CYCLES,BACKEND,SUB-EVENT,Mul_484:OpId_7332 (cycles)
106260775453,EXECUTE,1436,CYCLES,BACKEND,SUB-EVENT,Mul_486:OpId_7334 (cycles)
106260775453,EXECUTE,1655,CYCLES,BACKEND,SUB-EVENT,Mul_485:OpId_7336 (cycles)
106260775453,EXECUTE,1694,CYCLES,BACKEND,SUB-EVENT,Mul_487:OpId_7338 (cycles)
106260775453,EXECUTE,1440,CYCLES,BACKEND,SUB-EVENT,Mul_488:OpId_7340 (cycles)
106260775453,EXECUTE,1488,CYCLES,BACKEND,SUB-EVENT,Mul_490:OpId_7342 (cycles)
106260775453,EXECUTE,1418,CYCLES,BACKEND,SUB-EVENT,Mul_489:OpId_7344 (cycles)
106260775453,EXECUTE,1455,CYCLES,BACKEND,SUB-EVENT,Mul_491:OpId_7346 (cycles)
106260775453,EXECUTE,1799,CYCLES,BACKEND,SUB-EVENT,Mul_492:OpId_7348 (cycles)
106260775453,EXECUTE,1801,CYCLES,BACKEND,SUB-EVENT,Mul_494:OpId_7350 (cycles)
106260775453,EXECUTE,1697,CYCLES,BACKEND,SUB-EVENT,Mul_493:OpId_7352 (cycles)
106260775453,EXECUTE,1698,CYCLES,BACKEND,SUB-EVENT,Mul_495:OpId_7354 (cycles)
106260775453,EXECUTE,1398,CYCLES,BACKEND,SUB-EVENT,Mul_496:OpId_7356 (cycles)
106260775453,EXECUTE,1457,CYCLES,BACKEND,SUB-EVENT,Mul_498:OpId_7358 (cycles)
106260775453,EXECUTE,1369,CYCLES,BACKEND,SUB-EVENT,Mul_497:OpId_7360 (cycles)
106260775453,EXECUTE,1411,CYCLES,BACKEND,SUB-EVENT,Mul_499:OpId_7362 (cycles)
106260775453,EXECUTE,1519,CYCLES,BACKEND,SUB-EVENT,Mul_500:OpId_7364 (cycles)
106260775453,EXECUTE,1510,CYCLES,BACKEND,SUB-EVENT,Mul_502:OpId_7366 (cycles)
106260775453,EXECUTE,1447,CYCLES,BACKEND,SUB-EVENT,Mul_501:OpId_7368 (cycles)
106260775453,EXECUTE,1505,CYCLES,BACKEND,SUB-EVENT,Mul_503:OpId_7370 (cycles)
106260775453,EXECUTE,1538,CYCLES,BACKEND,SUB-EVENT,Mul_504:OpId_7372 (cycles)
106260775453,EXECUTE,1597,CYCLES,BACKEND,SUB-EVENT,Mul_506:OpId_7374 (cycles)
106260775453,EXECUTE,1673,CYCLES,BACKEND,SUB-EVENT,Mul_505:OpId_7376 (cycles)
106260775453,EXECUTE,1712,CYCLES,BACKEND,SUB-EVENT,Mul_507:OpId_7378 (cycles)
106260775453,EXECUTE,1645,CYCLES,BACKEND,SUB-EVENT,Mul_508:OpId_7380 (cycles)
106260775453,EXECUTE,1721,CYCLES,BACKEND,SUB-EVENT,Mul_510:OpId_7382 (cycles)
106260775453,EXECUTE,1476,CYCLES,BACKEND,SUB-EVENT,Mul_509:OpId_7384 (cycles)
106260775453,EXECUTE,1497,CYCLES,BACKEND,SUB-EVENT,Mul_511:OpId_7386 (cycles)
106260775453,EXECUTE,1723,CYCLES,BACKEND,SUB-EVENT,Sub_112:OpId_7388 (cycles)
106260775453,EXECUTE,445,CYCLES,BACKEND,SUB-EVENT,Sub_112_converted_UFIXED_POINT_8:OpId_7390 (cycles)
106260775453,EXECUTE,2233,CYCLES,BACKEND,SUB-EVENT,Add_210:OpId_7393 (cycles)
106260775453,EXECUTE,544,CYCLES,BACKEND,SUB-EVENT,Add_210_converted_UFIXED_POINT_8:OpId_7395 (cycles)
106260775453,EXECUTE,1475,CYCLES,BACKEND,SUB-EVENT,Sub_113:OpId_7398 (cycles)
106260775453,EXECUTE,465,CYCLES,BACKEND,SUB-EVENT,Sub_113_converted_UFIXED_POINT_8:OpId_7400 (cycles)
106260775453,EXECUTE,1708,CYCLES,BACKEND,SUB-EVENT,Add_211:OpId_7403 (cycles)
106260775453,EXECUTE,450,CYCLES,BACKEND,SUB-EVENT,Add_211_converted_UFIXED_POINT_8:OpId_7405 (cycles)
106260775453,EXECUTE,1779,CYCLES,BACKEND,SUB-EVENT,Sub_114:OpId_7408 (cycles)
106260775453,EXECUTE,2418,CYCLES,BACKEND,SUB-EVENT,Add_212:OpId_7410 (cycles)
106260775453,EXECUTE,1499,CYCLES,BACKEND,SUB-EVENT,Sub_115:OpId_7412 (cycles)
106260775453,EXECUTE,2016,CYCLES,BACKEND,SUB-EVENT,Add_214:OpId_7414 (cycles)
106260775453,EXECUTE,1464,CYCLES,BACKEND,SUB-EVENT,Sub_116:OpId_7416 (cycles)
106260775453,EXECUTE,2420,CYCLES,BACKEND,SUB-EVENT,Add_216:OpId_7418 (cycles)
106260775453,EXECUTE,1813,CYCLES,BACKEND,SUB-EVENT,Sub_117:OpId_7420 (cycles)
106260775453,EXECUTE,2366,CYCLES,BACKEND,SUB-EVENT,Add_218:OpId_7422 (cycles)
106260775453,EXECUTE,1558,CYCLES,BACKEND,SUB-EVENT,Sub_118:OpId_7424 (cycles)
106260775453,EXECUTE,2749,CYCLES,BACKEND,SUB-EVENT,Add_220:OpId_7426 (cycles)
106260775453,EXECUTE,1565,CYCLES,BACKEND,SUB-EVENT,Sub_119:OpId_7428 (cycles)
106260775453,EXECUTE,2109,CYCLES,BACKEND,SUB-EVENT,Add_222:OpId_7430 (cycles)
106260775453,EXECUTE,1485,CYCLES,BACKEND,SUB-EVENT,Sub_120:OpId_7432 (cycles)
106260775453,EXECUTE,2043,CYCLES,BACKEND,SUB-EVENT,Add_224:OpId_7434 (cycles)
106260775453,EXECUTE,1840,CYCLES,BACKEND,SUB-EVENT,Sub_121:OpId_7436 (cycles)
106260775453,EXECUTE,2496,CYCLES,BACKEND,SUB-EVENT,Add_226:OpId_7438 (cycles)
106260775453,EXECUTE,1522,CYCLES,BACKEND,SUB-EVENT,Sub_122:OpId_7440 (cycles)
106260775453,EXECUTE,2280,CYCLES,BACKEND,SUB-EVENT,Add_228:OpId_7442 (cycles)
106260775453,EXECUTE,1634,CYCLES,BACKEND,SUB-EVENT,Sub_123:OpId_7444 (cycles)
106260775453,EXECUTE,2157,CYCLES,BACKEND,SUB-EVENT,Add_230:OpId_7446 (cycles)
106260775453,EXECUTE,1504,CYCLES,BACKEND,SUB-EVENT,Sub_124:OpId_7448 (cycles)
106260775453,EXECUTE,2266,CYCLES,BACKEND,SUB-EVENT,Add_232:OpId_7450 (cycles)
106260775453,EXECUTE,1543,CYCLES,BACKEND,SUB-EVENT,Sub_125:OpId_7452 (cycles)
106260775453,EXECUTE,2167,CYCLES,BACKEND,SUB-EVENT,Add_234:OpId_7454 (cycles)
106260775453,EXECUTE,1758,CYCLES,BACKEND,SUB-EVENT,Sub_126:OpId_7456 (cycles)
106260775453,EXECUTE,2391,CYCLES,BACKEND,SUB-EVENT,Add_236:OpId_7458 (cycles)
106260775453,EXECUTE,1534,CYCLES,BACKEND,SUB-EVENT,Sub_127:OpId_7460 (cycles)
106260775453,EXECUTE,2247,CYCLES,BACKEND,SUB-EVENT,Add_238:OpId_7462 (cycles)
106260775453,EXECUTE,1717,CYCLES,BACKEND,SUB-EVENT,Concat_161:OpId_7464 (cycles)
106260775453,EXECUTE,1542,CYCLES,BACKEND,SUB-EVENT,Concat_162:OpId_7466 (cycles)
106260775453,EXECUTE,0,CYCLES,BACKEND,SUB-EVENT,Concat_167:OpId_7468 (cycles)
106260775453,EXECUTE,0,CYCLES,BACKEND,SUB-EVENT,Concat_168:OpId_7470 (cycles)
106260775453,EXECUTE,0,CYCLES,BACKEND,SUB-EVENT,Concat_169:OpId_7472 (cycles)
106260775453,EXECUTE,0,CYCLES,BACKEND,SUB-EVENT,Concat_170:OpId_7474 (cycles)
106260775453,EXECUTE,0,CYCLES,BACKEND,SUB-EVENT,Concat_171:OpId_7476 (cycles)
106260775453,EXECUTE,0,CYCLES,BACKEND,SUB-EVENT,Concat_172:OpId_7478 (cycles)
106260775453,EXECUTE,0,CYCLES,BACKEND,SUB-EVENT,Concat_173:OpId_7480 (cycles)
106260775453,EXECUTE,0,CYCLES,BACKEND,SUB-EVENT,Concat_174:OpId_7482 (cycles)
106260775453,EXECUTE,0,CYCLES,BACKEND,SUB-EVENT,Concat_175:OpId_7484 (cycles)
106260775453,EXECUTE,0,CYCLES,BACKEND,SUB-EVENT,Concat_176:OpId_7486 (cycles)
106260775453,EXECUTE,0,CYCLES,BACKEND,SUB-EVENT,Concat_177:OpId_7488 (cycles)
106260775453,EXECUTE,0,CYCLES,BACKEND,SUB-EVENT,Concat_178:OpId_7490 (cycles)
106260775453,EXECUTE,0,CYCLES,BACKEND,SUB-EVENT,Concat_179:OpId_7492 (cycles)
106260775453,EXECUTE,0,CYCLES,BACKEND,SUB-EVENT,Concat_180:OpId_7494 (cycles)
106260775453,EXECUTE,5177,CYCLES,BACKEND,SUB-EVENT,attn_7_head_0_key_Transpose_0:OpId_7497 (cycles)
106260775453,EXECUTE,4950,CYCLES,BACKEND,SUB-EVENT,attn_7_head_1_key_Transpose_0:OpId_7499 (cycles)
106260775453,EXECUTE,0,CYCLES,BACKEND,SUB-EVENT,Concat_163:OpId_7500 (cycles)
106260775453,EXECUTE,0,CYCLES,BACKEND,SUB-EVENT,Concat_165:OpId_7502 (cycles)
106260775453,EXECUTE,0,CYCLES,BACKEND,SUB-EVENT,Concat_181:OpId_7504 (cycles)
106260775453,EXECUTE,130242,CYCLES,BACKEND,SUB-EVENT,attn_7_head_0_qk_MatMul_0:OpId_7506 (cycles)
106260775453,EXECUTE,16998,CYCLES,BACKEND,SUB-EVENT,attn_7_head_1_qk_MatMul_0:OpId_7510 (cycles)
106260775453,EXECUTE,17589,CYCLES,BACKEND,SUB-EVENT,attn_7_head_2_qk_MatMul_0:OpId_7514 (cycles)
106260775453,EXECUTE,16360,CYCLES,BACKEND,SUB-EVENT,attn_7_head_3_qk_MatMul_0:OpId_7518 (cycles)
106260775453,EXECUTE,16023,CYCLES,BACKEND,SUB-EVENT,attn_7_head_4_qk_MatMul_0:OpId_7522 (cycles)
106260775453,EXECUTE,17061,CYCLES,BACKEND,SUB-EVENT,attn_7_head_5_qk_MatMul_0:OpId_7526 (cycles)
106260775453,EXECUTE,16454,CYCLES,BACKEND,SUB-EVENT,attn_7_head_6_qk_MatMul_0:OpId_7530 (cycles)
106260775453,EXECUTE,139681,CYCLES,BACKEND,SUB-EVENT,attn_7_head_7_qk_MatMul_0:OpId_7534 (cycles)
106260775453,EXECUTE,17297,CYCLES,BACKEND,SUB-EVENT,attn_7_head_8_qk_MatMul_0:OpId_7538 (cycles)
106260775453,EXECUTE,17262,CYCLES,BACKEND,SUB-EVENT,attn_7_head_9_qk_MatMul_0:OpId_7542 (cycles)
106260775453,EXECUTE,16468,CYCLES,BACKEND,SUB-EVENT,attn_7_head_10_qk_MatMul_0:OpId_7546 (cycles)
106260775453,EXECUTE,16378,CYCLES,BACKEND,SUB-EVENT,attn_7_head_11_qk_MatMul_0:OpId_7550 (cycles)
106260775453,EXECUTE,16432,CYCLES,BACKEND,SUB-EVENT,attn_7_head_12_qk_MatMul_0:OpId_7554 (cycles)
106260775453,EXECUTE,16137,CYCLES,BACKEND,SUB-EVENT,attn_7_head_13_qk_MatMul_0:OpId_7558 (cycles)
106260775453,EXECUTE,64747,CYCLES,BACKEND,SUB-EVENT,Add_213:OpId_7562 (cycles)
106260775453,EXECUTE,63751,CYCLES,BACKEND,SUB-EVENT,Add_215:OpId_7564 (cycles)
106260775453,EXECUTE,57700,CYCLES,BACKEND,SUB-EVENT,Add_217:OpId_7566 (cycles)
106260775453,EXECUTE,63087,CYCLES,BACKEND,SUB-EVENT,Add_219:OpId_7568 (cycles)
106260775453,EXECUTE,64780,CYCLES,BACKEND,SUB-EVENT,Add_221:OpId_7570 (cycles)
106260775453,EXECUTE,64956,CYCLES,BACKEND,SUB-EVENT,Add_223:OpId_7572 (cycles)
106260775453,EXECUTE,55196,CYCLES,BACKEND,SUB-EVENT,Add_225:OpId_7574 (cycles)
106260775453,EXECUTE,63640,CYCLES,BACKEND,SUB-EVENT,Add_227:OpId_7576 (cycles)
106260775453,EXECUTE,61685,CYCLES,BACKEND,SUB-EVENT,Add_229:OpId_7578 (cycles)
106260775453,EXECUTE,64260,CYCLES,BACKEND,SUB-EVENT,Add_231:OpId_7580 (cycles)
106260775453,EXECUTE,53659,CYCLES,BACKEND,SUB-EVENT,Add_233:OpId_7582 (cycles)
106260775453,EXECUTE,61665,CYCLES,BACKEND,SUB-EVENT,Add_235:OpId_7584 (cycles)
106260775453,EXECUTE,67770,CYCLES,BACKEND,SUB-EVENT,Add_237:OpId_7586 (cycles)
106260775453,EXECUTE,67702,CYCLES,BACKEND,SUB-EVENT,Add_239:OpId_7588 (cycles)
106260775453,EXECUTE,163459,CYCLES,BACKEND,SUB-EVENT,attn_7_head_0_Softmax_0:OpId_7590 (cycles)
106260775453,EXECUTE,164500,CYCLES,BACKEND,SUB-EVENT,attn_7_head_1_Softmax_0:OpId_7593 (cycles)
106260775453,EXECUTE,164545,CYCLES,BACKEND,SUB-EVENT,attn_7_head_2_Softmax_0:OpId_7596 (cycles)
106260775453,EXECUTE,149336,CYCLES,BACKEND,SUB-EVENT,attn_7_head_3_Softmax_0:OpId_7599 (cycles)
106260775453,EXECUTE,165847,CYCLES,BACKEND,SUB-EVENT,attn_7_head_4_Softmax_0:OpId_7602 (cycles)
106260775453,EXECUTE,160257,CYCLES,BACKEND,SUB-EVENT,attn_7_head_5_Softmax_0:OpId_7605 (cycles)
106260775453,EXECUTE,157342,CYCLES,BACKEND,SUB-EVENT,attn_7_head_6_Softmax_0:OpId_7608 (cycles)
106260775453,EXECUTE,149491,CYCLES,BACKEND,SUB-EVENT,attn_7_head_7_Softmax_0:OpId_7611 (cycles)
106260775453,EXECUTE,169515,CYCLES,BACKEND,SUB-EVENT,attn_7_head_8_Softmax_0:OpId_7614 (cycles)
106260775453,EXECUTE,158698,CYCLES,BACKEND,SUB-EVENT,attn_7_head_9_Softmax_0:OpId_7617 (cycles)
106260775453,EXECUTE,159072,CYCLES,BACKEND,SUB-EVENT,attn_7_head_10_Softmax_0:OpId_7620 (cycles)
106260775453,EXECUTE,159331,CYCLES,BACKEND,SUB-EVENT,attn_7_head_11_Softmax_0:OpId_7623 (cycles)
106260775453,EXECUTE,158700,CYCLES,BACKEND,SUB-EVENT,attn_7_head_12_Softmax_0:OpId_7626 (cycles)
106260775453,EXECUTE,148594,CYCLES,BACKEND,SUB-EVENT,attn_7_head_13_Softmax_0:OpId_7629 (cycles)
106260775453,EXECUTE,43242,CYCLES,BACKEND,SUB-EVENT,attn_7_head_0_qkv_MatMul_0:OpId_7632 (cycles)
106260775453,EXECUTE,5157,CYCLES,BACKEND,SUB-EVENT,attn_7_head_1_qkv_MatMul_0:OpId_7636 (cycles)
106260775453,EXECUTE,5200,CYCLES,BACKEND,SUB-EVENT,attn_7_head_2_qkv_MatMul_0:OpId_7640 (cycles)
106260775453,EXECUTE,4756,CYCLES,BACKEND,SUB-EVENT,attn_7_head_3_qkv_MatMul_0:OpId_7644 (cycles)
106260775453,EXECUTE,5297,CYCLES,BACKEND,SUB-EVENT,attn_7_head_4_qkv_MatMul_0:OpId_7648 (cycles)
106260775453,EXECUTE,4968,CYCLES,BACKEND,SUB-EVENT,attn_7_head_5_qkv_MatMul_0:OpId_7652 (cycles)
106260775453,EXECUTE,5286,CYCLES,BACKEND,SUB-EVENT,attn_7_head_6_qkv_MatMul_0:OpId_7656 (cycles)
106260775453,EXECUTE,40216,CYCLES,BACKEND,SUB-EVENT,attn_7_head_7_qkv_MatMul_0:OpId_7660 (cycles)
106260775453,EXECUTE,5247,CYCLES,BACKEND,SUB-EVENT,attn_7_head_8_qkv_MatMul_0:OpId_7664 (cycles)
106260775453,EXECUTE,5107,CYCLES,BACKEND,SUB-EVENT,attn_7_head_9_qkv_MatMul_0:OpId_7668 (cycles)
106260775453,EXECUTE,4610,CYCLES,BACKEND,SUB-EVENT,attn_7_head_10_qkv_MatMul_0:OpId_7672 (cycles)
106260775453,EXECUTE,5186,CYCLES,BACKEND,SUB-EVENT,attn_7_head_11_qkv_MatMul_0:OpId_7676 (cycles)
106260775453,EXECUTE,5194,CYCLES,BACKEND,SUB-EVENT,attn_7_head_12_qkv_MatMul_0:OpId_7680 (cycles)
106260775453,EXECUTE,4373,CYCLES,BACKEND,SUB-EVENT,attn_7_head_13_qkv_MatMul_0:OpId_7684 (cycles)
106260775453,EXECUTE,0,CYCLES,BACKEND,SUB-EVENT,Concat_183:OpId_7688 (cycles)
106260775453,EXECUTE,0,CYCLES,BACKEND,SUB-EVENT,Reshape_9:OpId_7690 (cycles)
106260775453,EXECUTE,0,CYCLES,BACKEND,SUB-EVENT,model_layers_7_self_attn_Transpose_6:OpId_7692 (cycles)
106260775453,EXECUTE,24577,CYCLES,BACKEND,SUB-EVENT,model_layers_7_self_attn_o_proj_conv_Conv:OpId_7700 (cycles)
106260775453,EXECUTE,0,CYCLES,BACKEND,SUB-EVENT,/model_layers_7_self_attn_o_proj_conv_Conv/Conv_output_0.nchw:OpId_7704 (cycles)
106260775453,EXECUTE,0,CYCLES,BACKEND,SUB-EVENT,model_layers_7_self_attn_Reshape_9:OpId_7705 (cycles)
106260775453,EXECUTE,14600,CYCLES,BACKEND,SUB-EVENT,model_layers_7_Add:OpId_7706 (cycles)
106260775453,EXECUTE,96165,CYCLES,BACKEND,SUB-EVENT,rms_norm_28:OpId_7711 (cycles)
106260775453,EXECUTE,0,CYCLES,BACKEND,SUB-EVENT,model_layers_7_mlp_Reshape:OpId_7714 (cycles)
106260775453,EXECUTE,0,CYCLES,BACKEND,SUB-EVENT,model_layers_7_mlp_Transpose:OpId_7716 (cycles)
106260775453,EXECUTE,142962,CYCLES,BACKEND,SUB-EVENT,model_layers_7_mlp_gate_proj_conv_Conv:OpId_7724 (cycles)
106260775453,EXECUTE,145700,CYCLES,BACKEND,SUB-EVENT,model_layers_7_mlp_up_proj_conv_Conv:OpId_7734 (cycles)
106260775453,EXECUTE,0,CYCLES,BACKEND,SUB-EVENT,model_layers_7_mlp_act_fn_Sigmoid:OpId_7737 (cycles)
106260775453,EXECUTE,402918,CYCLES,BACKEND,SUB-EVENT,model_layers_7_mlp_act_fn_Mul:OpId_7744 (cycles)
106260775453,EXECUTE,187074,CYCLES,BACKEND,SUB-EVENT,model_layers_7_mlp_Mul:OpId_7746 (cycles)
106260775453,EXECUTE,79637,CYCLES,BACKEND,SUB-EVENT,model_layers_7_mlp_down_proj_conv_Conv:OpId_7755 (cycles)
106260775453,EXECUTE,0,CYCLES,BACKEND,SUB-EVENT,/model_layers_7_mlp_down_proj_conv_Conv/Conv_output_0.nchw:OpId_7759 (cycles)
106260775453,EXECUTE,0,CYCLES,BACKEND,SUB-EVENT,model_layers_7_mlp_Reshape_1:OpId_7760 (cycles)
106260775453,EXECUTE,14713,CYCLES,BACKEND,SUB-EVENT,model_layers_7_Add_1:OpId_7761 (cycles)
106260775453,EXECUTE,93126,CYCLES,BACKEND,SUB-EVENT,rms_norm_30:OpId_7766 (cycles)
106260775453,EXECUTE,0,CYCLES,BACKEND,SUB-EVENT,model_layers_8_self_attn_Reshape:OpId_7769 (cycles)
106260775453,EXECUTE,0,CYCLES,BACKEND,SUB-EVENT,model_layers_8_self_attn_Transpose:OpId_7771 (cycles)
106260775453,EXECUTE,2574,CYCLES,BACKEND,SUB-EVENT,attn_8_head_0_key_Conv:OpId_7779 (cycles)
106260775453,EXECUTE,1397,CYCLES,BACKEND,SUB-EVENT,attn_8_head_0_value_Conv:OpId_7789 (cycles)
106260775453,EXECUTE,3194,CYCLES,BACKEND,SUB-EVENT,attn_8_head_0_value_Transpose/output_converted_UFIXED_POINT_8:OpId_7792 (cycles)
106260775453,EXECUTE,2518,CYCLES,BACKEND,SUB-EVENT,attn_8_head_1_key_Conv:OpId_7802 (cycles)
106260775453,EXECUTE,2313,CYCLES,BACKEND,SUB-EVENT,attn_8_head_1_value_Conv:OpId_7812 (cycles)
106260775453,EXECUTE,1421,CYCLES,BACKEND,SUB-EVENT,attn_8_head_1_value_Transpose/output_converted_UFIXED_POINT_8:OpId_7815 (cycles)
106260775453,EXECUTE,3883,CYCLES,BACKEND,SUB-EVENT,attn_8_head_0_query_Conv:OpId_7825 (cycles)
106260775453,EXECUTE,2554,CYCLES,BACKEND,SUB-EVENT,attn_8_head_1_query_Conv:OpId_7835 (cycles)
106260775453,EXECUTE,2923,CYCLES,BACKEND,SUB-EVENT,attn_8_head_2_query_Conv:OpId_7845 (cycles)
106260775453,EXECUTE,3346,CYCLES,BACKEND,SUB-EVENT,attn_8_head_3_query_Conv:OpId_7855 (cycles)
106260775453,EXECUTE,3216,CYCLES,BACKEND,SUB-EVENT,attn_8_head_4_query_Conv:OpId_7865 (cycles)
106260775453,EXECUTE,3637,CYCLES,BACKEND,SUB-EVENT,attn_8_head_5_query_Conv:OpId_7875 (cycles)
106260775453,EXECUTE,2830,CYCLES,BACKEND,SUB-EVENT,attn_8_head_6_query_Conv:OpId_7885 (cycles)
106260775453,EXECUTE,2546,CYCLES,BACKEND,SUB-EVENT,attn_8_head_7_query_Conv:OpId_7895 (cycles)
106260775453,EXECUTE,3661,CYCLES,BACKEND,SUB-EVENT,attn_8_head_8_query_Conv:OpId_7905 (cycles)
106260775453,EXECUTE,3133,CYCLES,BACKEND,SUB-EVENT,attn_8_head_9_query_Conv:OpId_7915 (cycles)
106260775453,EXECUTE,3857,CYCLES,BACKEND,SUB-EVENT,attn_8_head_10_query_Conv:OpId_7925 (cycles)
106260775453,EXECUTE,3246,CYCLES,BACKEND,SUB-EVENT,attn_8_head_11_query_Conv:OpId_7935 (cycles)
106260775453,EXECUTE,2999,CYCLES,BACKEND,SUB-EVENT,attn_8_head_12_query_Conv:OpId_7945 (cycles)
106260775453,EXECUTE,2924,CYCLES,BACKEND,SUB-EVENT,attn_8_head_13_query_Conv:OpId_7955 (cycles)
106260775453,EXECUTE,2526,CYCLES,BACKEND,SUB-EVENT,Slice_288:OpId_7959 (cycles)
106260775453,EXECUTE,2505,CYCLES,BACKEND,SUB-EVENT,Slice_289:OpId_7965 (cycles)
106260775453,EXECUTE,1763,CYCLES,BACKEND,SUB-EVENT,Slice_290:OpId_7971 (cycles)
106260775453,EXECUTE,1670,CYCLES,BACKEND,SUB-EVENT,Slice_291:OpId_7977 (cycles)
106260775453,EXECUTE,0,CYCLES,BACKEND,SUB-EVENT,Concat_205:OpId_7982 (cycles)
106260775453,EXECUTE,1819,CYCLES,BACKEND,SUB-EVENT,Slice_296:OpId_7985 (cycles)
106260775453,EXECUTE,1776,CYCLES,BACKEND,SUB-EVENT,Slice_297:OpId_7991 (cycles)
106260775453,EXECUTE,1999,CYCLES,BACKEND,SUB-EVENT,Slice_298:OpId_7997 (cycles)
106260775453,EXECUTE,2010,CYCLES,BACKEND,SUB-EVENT,Slice_299:OpId_8003 (cycles)
106260775453,EXECUTE,1980,CYCLES,BACKEND,SUB-EVENT,Slice_300:OpId_8009 (cycles)
106260775453,EXECUTE,1886,CYCLES,BACKEND,SUB-EVENT,Slice_301:OpId_8015 (cycles)
106260775453,EXECUTE,1838,CYCLES,BACKEND,SUB-EVENT,Slice_302:OpId_8021 (cycles)
106260775453,EXECUTE,1787,CYCLES,BACKEND,SUB-EVENT,Slice_303:OpId_8027 (cycles)
106260775453,EXECUTE,2027,CYCLES,BACKEND,SUB-EVENT,Slice_304:OpId_8033 (cycles)
106260775453,EXECUTE,1945,CYCLES,BACKEND,SUB-EVENT,Slice_305:OpId_8039 (cycles)
106260775453,EXECUTE,1719,CYCLES,BACKEND,SUB-EVENT,Slice_306:OpId_8045 (cycles)
106260775453,EXECUTE,1660,CYCLES,BACKEND,SUB-EVENT,Slice_307:OpId_8051 (cycles)
106260775453,EXECUTE,2040,CYCLES,BACKEND,SUB-EVENT,Slice_308:OpId_8057 (cycles)
106260775453,EXECUTE,2445,CYCLES,BACKEND,SUB-EVENT,Slice_309:OpId_8063 (cycles)
106260775453,EXECUTE,2011,CYCLES,BACKEND,SUB-EVENT,Slice_310:OpId_8069 (cycles)
106260775453,EXECUTE,2399,CYCLES,BACKEND,SUB-EVENT,Slice_311:OpId_8075 (cycles)
106260775453,EXECUTE,2226,CYCLES,BACKEND,SUB-EVENT,Slice_312:OpId_8081 (cycles)
106260775453,EXECUTE,2459,CYCLES,BACKEND,SUB-EVENT,Slice_313:OpId_8087 (cycles)
106260775453,EXECUTE,1972,CYCLES,BACKEND,SUB-EVENT,Slice_314:OpId_8093 (cycles)
106260775453,EXECUTE,1862,CYCLES,BACKEND,SUB-EVENT,Slice_315:OpId_8099 (cycles)
106260775453,EXECUTE,1890,CYCLES,BACKEND,SUB-EVENT,Slice_316:OpId_8105 (cycles)
106260775453,EXECUTE,1870,CYCLES,BACKEND,SUB-EVENT,Slice_317:OpId_8111 (cycles)
106260775453,EXECUTE,2216,CYCLES,BACKEND,SUB-EVENT,Slice_318:OpId_8117 (cycles)
106260775453,EXECUTE,1767,CYCLES,BACKEND,SUB-EVENT,Slice_319:OpId_8123 (cycles)
106260775453,EXECUTE,2680,CYCLES,BACKEND,SUB-EVENT,Slice_320:OpId_8129 (cycles)
106260775453,EXECUTE,2327,CYCLES,BACKEND,SUB-EVENT,Slice_321:OpId_8135 (cycles)
106260775453,EXECUTE,2184,CYCLES,BACKEND,SUB-EVENT,Slice_322:OpId_8141 (cycles)
106260775453,EXECUTE,2410,CYCLES,BACKEND,SUB-EVENT,Slice_323:OpId_8147 (cycles)
106260775453,EXECUTE,8943,CYCLES,BACKEND,SUB-EVENT,Concat_187:OpId_8152 (cycles)
106260775453,EXECUTE,8400,CYCLES,BACKEND,SUB-EVENT,Concat_189:OpId_8154 (cycles)
106260775453,EXECUTE,2096,CYCLES,BACKEND,SUB-EVENT,Mul_512:OpId_8156 (cycles)
106260775453,EXECUTE,2024,CYCLES,BACKEND,SUB-EVENT,Mul_514:OpId_8158 (cycles)
106260775453,EXECUTE,1581,CYCLES,BACKEND,SUB-EVENT,Mul_513:OpId_8160 (cycles)
106260775453,EXECUTE,1588,CYCLES,BACKEND,SUB-EVENT,Mul_515:OpId_8162 (cycles)
106260775453,EXECUTE,1439,CYCLES,BACKEND,SUB-EVENT,Mul_516:OpId_8164 (cycles)
106260775453,EXECUTE,1505,CYCLES,BACKEND,SUB-EVENT,Mul_518:OpId_8166 (cycles)
106260775453,EXECUTE,1455,CYCLES,BACKEND,SUB-EVENT,Mul_517:OpId_8168 (cycles)
106260775453,EXECUTE,1416,CYCLES,BACKEND,SUB-EVENT,Mul_519:OpId_8170 (cycles)
106260775453,EXECUTE,1397,CYCLES,BACKEND,SUB-EVENT,Mul_520:OpId_8172 (cycles)
106260775453,EXECUTE,1421,CYCLES,BACKEND,SUB-EVENT,Mul_522:OpId_8174 (cycles)
106260775453,EXECUTE,1405,CYCLES,BACKEND,SUB-EVENT,Mul_521:OpId_8176 (cycles)
106260775453,EXECUTE,1412,CYCLES,BACKEND,SUB-EVENT,Mul_523:OpId_8178 (cycles)
106260775453,EXECUTE,1578,CYCLES,BACKEND,SUB-EVENT,Mul_524:OpId_8180 (cycles)
106260775453,EXECUTE,1702,CYCLES,BACKEND,SUB-EVENT,Mul_526:OpId_8182 (cycles)
106260775453,EXECUTE,1578,CYCLES,BACKEND,SUB-EVENT,Mul_525:OpId_8184 (cycles)
106260775453,EXECUTE,1663,CYCLES,BACKEND,SUB-EVENT,Mul_527:OpId_8186 (cycles)
106260775453,EXECUTE,1404,CYCLES,BACKEND,SUB-EVENT,Mul_528:OpId_8188 (cycles)
106260775453,EXECUTE,1500,CYCLES,BACKEND,SUB-EVENT,Mul_530:OpId_8190 (cycles)
106260775453,EXECUTE,1657,CYCLES,BACKEND,SUB-EVENT,Mul_529:OpId_8192 (cycles)
106260775453,EXECUTE,1640,CYCLES,BACKEND,SUB-EVENT,Mul_531:OpId_8194 (cycles)
106260775453,EXECUTE,1592,CYCLES,BACKEND,SUB-EVENT,Mul_532:OpId_8196 (cycles)
106260775453,EXECUTE,1416,CYCLES,BACKEND,SUB-EVENT,Mul_534:OpId_8198 (cycles)
106260775453,EXECUTE,1398,CYCLES,BACKEND,SUB-EVENT,Mul_533:OpId_8200 (cycles)
106260775453,EXECUTE,1432,CYCLES,BACKEND,SUB-EVENT,Mul_535:OpId_8202 (cycles)
106260775453,EXECUTE,1431,CYCLES,BACKEND,SUB-EVENT,Mul_536:OpId_8204 (cycles)
106260775453,EXECUTE,1550,CYCLES,BACKEND,SUB-EVENT,Mul_538:OpId_8206 (cycles)
106260775453,EXECUTE,1422,CYCLES,BACKEND,SUB-EVENT,Mul_537:OpId_8208 (cycles)
106260775453,EXECUTE,1446,CYCLES,BACKEND,SUB-EVENT,Mul_539:OpId_8210 (cycles)
106260775453,EXECUTE,1376,CYCLES,BACKEND,SUB-EVENT,Mul_540:OpId_8212 (cycles)
106260775453,EXECUTE,1409,CYCLES,BACKEND,SUB-EVENT,Mul_542:OpId_8214 (cycles)
106260775453,EXECUTE,1416,CYCLES,BACKEND,SUB-EVENT,Mul_541:OpId_8216 (cycles)
106260775453,EXECUTE,1412,CYCLES,BACKEND,SUB-EVENT,Mul_543:OpId_8218 (cycles)
106260775453,EXECUTE,1444,CYCLES,BACKEND,SUB-EVENT,Mul_544:OpId_8220 (cycles)
106260775453,EXECUTE,1671,CYCLES,BACKEND,SUB-EVENT,Mul_546:OpId_8222 (cycles)
106260775453,EXECUTE,1421,CYCLES,BACKEND,SUB-EVENT,Mul_545:OpId_8224 (cycles)
106260775453,EXECUTE,1420,CYCLES,BACKEND,SUB-EVENT,Mul_547:OpId_8226 (cycles)
106260775453,EXECUTE,1398,CYCLES,BACKEND,SUB-EVENT,Mul_548:OpId_8228 (cycles)
106260775453,EXECUTE,1434,CYCLES,BACKEND,SUB-EVENT,Mul_550:OpId_8230 (cycles)
106260775453,EXECUTE,1414,CYCLES,BACKEND,SUB-EVENT,Mul_549:OpId_8232 (cycles)
106260775453,EXECUTE,1422,CYCLES,BACKEND,SUB-EVENT,Mul_551:OpId_8234 (cycles)
106260775453,EXECUTE,1406,CYCLES,BACKEND,SUB-EVENT,Mul_552:OpId_8236 (cycles)
106260775453,EXECUTE,1479,CYCLES,BACKEND,SUB-EVENT,Mul_554:OpId_8238 (cycles)
106260775453,EXECUTE,1645,CYCLES,BACKEND,SUB-EVENT,Mul_553:OpId_8240 (cycles)
106260775453,EXECUTE,1703,CYCLES,BACKEND,SUB-EVENT,Mul_555:OpId_8242 (cycles)
106260775453,EXECUTE,1433,CYCLES,BACKEND,SUB-EVENT,Mul_556:OpId_8244 (cycles)
106260775453,EXECUTE,1494,CYCLES,BACKEND,SUB-EVENT,Mul_558:OpId_8246 (cycles)
106260775453,EXECUTE,1422,CYCLES,BACKEND,SUB-EVENT,Mul_557:OpId_8248 (cycles)
106260775453,EXECUTE,1463,CYCLES,BACKEND,SUB-EVENT,Mul_559:OpId_8250 (cycles)
106260775453,EXECUTE,1471,CYCLES,BACKEND,SUB-EVENT,Mul_560:OpId_8252 (cycles)
106260775453,EXECUTE,1561,CYCLES,BACKEND,SUB-EVENT,Mul_562:OpId_8254 (cycles)
106260775453,EXECUTE,1455,CYCLES,BACKEND,SUB-EVENT,Mul_561:OpId_8256 (cycles)
106260775453,EXECUTE,1550,CYCLES,BACKEND,SUB-EVENT,Mul_563:OpId_8258 (cycles)
106260775453,EXECUTE,1545,CYCLES,BACKEND,SUB-EVENT,Mul_564:OpId_8260 (cycles)
106260775453,EXECUTE,1578,CYCLES,BACKEND,SUB-EVENT,Mul_566:OpId_8262 (cycles)
106260775453,EXECUTE,1718,CYCLES,BACKEND,SUB-EVENT,Mul_565:OpId_8264 (cycles)
106260775453,EXECUTE,1718,CYCLES,BACKEND,SUB-EVENT,Mul_567:OpId_8266 (cycles)
106260775453,EXECUTE,1559,CYCLES,BACKEND,SUB-EVENT,Mul_568:OpId_8268 (cycles)
106260775453,EXECUTE,1548,CYCLES,BACKEND,SUB-EVENT,Mul_570:OpId_8270 (cycles)
106260775453,EXECUTE,1649,CYCLES,BACKEND,SUB-EVENT,Mul_569:OpId_8272 (cycles)
106260775453,EXECUTE,1675,CYCLES,BACKEND,SUB-EVENT,Mul_571:OpId_8274 (cycles)
106260775453,EXECUTE,1404,CYCLES,BACKEND,SUB-EVENT,Mul_572:OpId_8276 (cycles)
106260775453,EXECUTE,1420,CYCLES,BACKEND,SUB-EVENT,Mul_574:OpId_8278 (cycles)
106260775453,EXECUTE,1603,CYCLES,BACKEND,SUB-EVENT,Mul_573:OpId_8280 (cycles)
106260775453,EXECUTE,1646,CYCLES,BACKEND,SUB-EVENT,Mul_575:OpId_8282 (cycles)
106260775453,EXECUTE,2051,CYCLES,BACKEND,SUB-EVENT,Sub_128:OpId_8284 (cycles)
106260775453,EXECUTE,431,CYCLES,BACKEND,SUB-EVENT,Sub_128_converted_UFIXED_POINT_8:OpId_8286 (cycles)
106260775453,EXECUTE,2007,CYCLES,BACKEND,SUB-EVENT,Add_240:OpId_8289 (cycles)
106260775453,EXECUTE,484,CYCLES,BACKEND,SUB-EVENT,Add_240_converted_UFIXED_POINT_8:OpId_8291 (cycles)
106260775453,EXECUTE,1879,CYCLES,BACKEND,SUB-EVENT,Sub_129:OpId_8294 (cycles)
106260775453,EXECUTE,420,CYCLES,BACKEND,SUB-EVENT,Sub_129_converted_UFIXED_POINT_8:OpId_8296 (cycles)
106260775453,EXECUTE,1572,CYCLES,BACKEND,SUB-EVENT,Add_241:OpId_8299 (cycles)
106260775453,EXECUTE,443,CYCLES,BACKEND,SUB-EVENT,Add_241_converted_UFIXED_POINT_8:OpId_8301 (cycles)
106260775453,EXECUTE,1452,CYCLES,BACKEND,SUB-EVENT,Sub_130:OpId_8304 (cycles)
106260775453,EXECUTE,2384,CYCLES,BACKEND,SUB-EVENT,Add_242:OpId_8306 (cycles)
106260775453,EXECUTE,1748,CYCLES,BACKEND,SUB-EVENT,Sub_131:OpId_8308 (cycles)
106260775453,EXECUTE,2390,CYCLES,BACKEND,SUB-EVENT,Add_244:OpId_8310 (cycles)
106260775453,EXECUTE,2031,CYCLES,BACKEND,SUB-EVENT,Sub_132:OpId_8312 (cycles)
106260775453,EXECUTE,2808,CYCLES,BACKEND,SUB-EVENT,Add_246:OpId_8314 (cycles)
106260775453,EXECUTE,1737,CYCLES,BACKEND,SUB-EVENT,Sub_133:OpId_8316 (cycles)
106260775453,EXECUTE,2120,CYCLES,BACKEND,SUB-EVENT,Add_248:OpId_8318 (cycles)
106260775453,EXECUTE,1553,CYCLES,BACKEND,SUB-EVENT,Sub_134:OpId_8320 (cycles)
106260775453,EXECUTE,2758,CYCLES,BACKEND,SUB-EVENT,Add_250:OpId_8322 (cycles)
106260775453,EXECUTE,1896,CYCLES,BACKEND,SUB-EVENT,Sub_135:OpId_8324 (cycles)
106260775453,EXECUTE,2744,CYCLES,BACKEND,SUB-EVENT,Add_252:OpId_8326 (cycles)
106260775453,EXECUTE,1536,CYCLES,BACKEND,SUB-EVENT,Sub_136:OpId_8328 (cycles)
106260775453,EXECUTE,2144,CYCLES,BACKEND,SUB-EVENT,Add_254:OpId_8330 (cycles)
106260775453,EXECUTE,1509,CYCLES,BACKEND,SUB-EVENT,Sub_137:OpId_8332 (cycles)
106260775453,EXECUTE,2557,CYCLES,BACKEND,SUB-EVENT,Add_256:OpId_8334 (cycles)
106260775453,EXECUTE,1726,CYCLES,BACKEND,SUB-EVENT,Sub_138:OpId_8336 (cycles)
106260775453,EXECUTE,2392,CYCLES,BACKEND,SUB-EVENT,Add_258:OpId_8338 (cycles)
106260775453,EXECUTE,2454,CYCLES,BACKEND,SUB-EVENT,Sub_139:OpId_8340 (cycles)
106260775453,EXECUTE,3179,CYCLES,BACKEND,SUB-EVENT,Add_260:OpId_8342 (cycles)
106260775453,EXECUTE,1620,CYCLES,BACKEND,SUB-EVENT,Sub_140:OpId_8344 (cycles)
106260775453,EXECUTE,2421,CYCLES,BACKEND,SUB-EVENT,Add_262:OpId_8346 (cycles)
106260775453,EXECUTE,1661,CYCLES,BACKEND,SUB-EVENT,Sub_141:OpId_8348 (cycles)
106260775453,EXECUTE,2244,CYCLES,BACKEND,SUB-EVENT,Add_264:OpId_8350 (cycles)
106260775453,EXECUTE,1478,CYCLES,BACKEND,SUB-EVENT,Sub_142:OpId_8352 (cycles)
106260775453,EXECUTE,2152,CYCLES,BACKEND,SUB-EVENT,Add_266:OpId_8354 (cycles)
106260775453,EXECUTE,1719,CYCLES,BACKEND,SUB-EVENT,Sub_143:OpId_8356 (cycles)
106260775453,EXECUTE,2606,CYCLES,BACKEND,SUB-EVENT,Add_268:OpId_8358 (cycles)
106260775453,EXECUTE,1656,CYCLES,BACKEND,SUB-EVENT,Concat_184:OpId_8360 (cycles)
106260775453,EXECUTE,1598,CYCLES,BACKEND,SUB-EVENT,Concat_185:OpId_8362 (cycles)
106260775453,EXECUTE,0,CYCLES,BACKEND,SUB-EVENT,Concat_190:OpId_8364 (cycles)
106260775453,EXECUTE,0,CYCLES,BACKEND,SUB-EVENT,Concat_191:OpId_8366 (cycles)
106260775453,EXECUTE,0,CYCLES,BACKEND,SUB-EVENT,Concat_192:OpId_8368 (cycles)
106260775453,EXECUTE,0,CYCLES,BACKEND,SUB-EVENT,Concat_193:OpId_8370 (cycles)
106260775453,EXECUTE,0,CYCLES,BACKEND,SUB-EVENT,Concat_194:OpId_8372 (cycles)
106260775453,EXECUTE,0,CYCLES,BACKEND,SUB-EVENT,Concat_195:OpId_8374 (cycles)
106260775453,EXECUTE,0,CYCLES,BACKEND,SUB-EVENT,Concat_196:OpId_8376 (cycles)
106260775453,EXECUTE,0,CYCLES,BACKEND,SUB-EVENT,Concat_197:OpId_8378 (cycles)
106260775453,EXECUTE,0,CYCLES,BACKEND,SUB-EVENT,Concat_198:OpId_8380 (cycles)
106260775453,EXECUTE,0,CYCLES,BACKEND,SUB-EVENT,Concat_199:OpId_8382 (cycles)
106260775453,EXECUTE,0,CYCLES,BACKEND,SUB-EVENT,Concat_200:OpId_8384 (cycles)
106260775453,EXECUTE,0,CYCLES,BACKEND,SUB-EVENT,Concat_201:OpId_8386 (cycles)
106260775453,EXECUTE,0,CYCLES,BACKEND,SUB-EVENT,Concat_202:OpId_8388 (cycles)
106260775453,EXECUTE,0,CYCLES,BACKEND,SUB-EVENT,Concat_203:OpId_8390 (cycles)
106260775453,EXECUTE,5189,CYCLES,BACKEND,SUB-EVENT,attn_8_head_0_key_Transpose_0:OpId_8393 (cycles)
106260775453,EXECUTE,3844,CYCLES,BACKEND,SUB-EVENT,attn_8_head_1_key_Transpose_0:OpId_8395 (cycles)
106260775453,EXECUTE,0,CYCLES,BACKEND,SUB-EVENT,Concat_186:OpId_8396 (cycles)
106260775453,EXECUTE,0,CYCLES,BACKEND,SUB-EVENT,Concat_188:OpId_8398 (cycles)
106260775453,EXECUTE,0,CYCLES,BACKEND,SUB-EVENT,Concat_204:OpId_8400 (cycles)
106260775453,EXECUTE,127958,CYCLES,BACKEND,SUB-EVENT,attn_8_head_0_qk_MatMul_0:OpId_8402 (cycles)
106260775453,EXECUTE,16093,CYCLES,BACKEND,SUB-EVENT,attn_8_head_1_qk_MatMul_0:OpId_8406 (cycles)
106260775453,EXECUTE,17451,CYCLES,BACKEND,SUB-EVENT,attn_8_head_2_qk_MatMul_0:OpId_8410 (cycles)
106260775453,EXECUTE,16620,CYCLES,BACKEND,SUB-EVENT,attn_8_head_3_qk_MatMul_0:OpId_8414 (cycles)
106260775453,EXECUTE,15603,CYCLES,BACKEND,SUB-EVENT,attn_8_head_4_qk_MatMul_0:OpId_8418 (cycles)
106260775453,EXECUTE,17284,CYCLES,BACKEND,SUB-EVENT,attn_8_head_5_qk_MatMul_0:OpId_8422 (cycles)
106260775453,EXECUTE,16895,CYCLES,BACKEND,SUB-EVENT,attn_8_head_6_qk_MatMul_0:OpId_8426 (cycles)
106260775453,EXECUTE,145165,CYCLES,BACKEND,SUB-EVENT,attn_8_head_7_qk_MatMul_0:OpId_8430 (cycles)
106260775453,EXECUTE,16821,CYCLES,BACKEND,SUB-EVENT,attn_8_head_8_qk_MatMul_0:OpId_8434 (cycles)
106260775453,EXECUTE,17077,CYCLES,BACKEND,SUB-EVENT,attn_8_head_9_qk_MatMul_0:OpId_8438 (cycles)
106260775453,EXECUTE,16842,CYCLES,BACKEND,SUB-EVENT,attn_8_head_10_qk_MatMul_0:OpId_8442 (cycles)
106260775453,EXECUTE,16122,CYCLES,BACKEND,SUB-EVENT,attn_8_head_11_qk_MatMul_0:OpId_8446 (cycles)
106260775453,EXECUTE,16570,CYCLES,BACKEND,SUB-EVENT,attn_8_head_12_qk_MatMul_0:OpId_8450 (cycles)
106260775453,EXECUTE,16491,CYCLES,BACKEND,SUB-EVENT,attn_8_head_13_qk_MatMul_0:OpId_8454 (cycles)
106260775453,EXECUTE,64514,CYCLES,BACKEND,SUB-EVENT,Add_243:OpId_8458 (cycles)
106260775453,EXECUTE,56506,CYCLES,BACKEND,SUB-EVENT,Add_245:OpId_8460 (cycles)
106260775453,EXECUTE,61912,CYCLES,BACKEND,SUB-EVENT,Add_247:OpId_8462 (cycles)
106260775453,EXECUTE,72681,CYCLES,BACKEND,SUB-EVENT,Add_249:OpId_8464 (cycles)
106260775453,EXECUTE,63803,CYCLES,BACKEND,SUB-EVENT,Add_251:OpId_8466 (cycles)
106260775453,EXECUTE,66762,CYCLES,BACKEND,SUB-EVENT,Add_253:OpId_8468 (cycles)
106260775453,EXECUTE,66506,CYCLES,BACKEND,SUB-EVENT,Add_255:OpId_8470 (cycles)
106260775453,EXECUTE,66886,CYCLES,BACKEND,SUB-EVENT,Add_257:OpId_8472 (cycles)
106260775453,EXECUTE,53926,CYCLES,BACKEND,SUB-EVENT,Add_259:OpId_8474 (cycles)
106260775453,EXECUTE,61665,CYCLES,BACKEND,SUB-EVENT,Add_261:OpId_8476 (cycles)
106260775453,EXECUTE,67951,CYCLES,BACKEND,SUB-EVENT,Add_263:OpId_8478 (cycles)
106260775453,EXECUTE,63149,CYCLES,BACKEND,SUB-EVENT,Add_265:OpId_8480 (cycles)
106260775453,EXECUTE,66832,CYCLES,BACKEND,SUB-EVENT,Add_267:OpId_8482 (cycles)
106260775453,EXECUTE,56252,CYCLES,BACKEND,SUB-EVENT,Add_269:OpId_8484 (cycles)
106260775453,EXECUTE,156808,CYCLES,BACKEND,SUB-EVENT,attn_8_head_0_Softmax_0:OpId_8486 (cycles)
106260775453,EXECUTE,160340,CYCLES,BACKEND,SUB-EVENT,attn_8_head_1_Softmax_0:OpId_8489 (cycles)
106260775453,EXECUTE,149559,CYCLES,BACKEND,SUB-EVENT,attn_8_head_2_Softmax_0:OpId_8492 (cycles)
106260775453,EXECUTE,161619,CYCLES,BACKEND,SUB-EVENT,attn_8_head_3_Softmax_0:OpId_8495 (cycles)
106260775453,EXECUTE,153235,CYCLES,BACKEND,SUB-EVENT,attn_8_head_4_Softmax_0:OpId_8498 (cycles)
106260775453,EXECUTE,148513,CYCLES,BACKEND,SUB-EVENT,attn_8_head_5_Softmax_0:OpId_8501 (cycles)
106260775453,EXECUTE,165856,CYCLES,BACKEND,SUB-EVENT,attn_8_head_6_Softmax_0:OpId_8504 (cycles)
106260775453,EXECUTE,149408,CYCLES,BACKEND,SUB-EVENT,attn_8_head_7_Softmax_0:OpId_8507 (cycles)
106260775453,EXECUTE,157894,CYCLES,BACKEND,SUB-EVENT,attn_8_head_8_Softmax_0:OpId_8510 (cycles)
106260775453,EXECUTE,163498,CYCLES,BACKEND,SUB-EVENT,attn_8_head_9_Softmax_0:OpId_8513 (cycles)
106260775453,EXECUTE,149800,CYCLES,BACKEND,SUB-EVENT,attn_8_head_10_Softmax_0:OpId_8516 (cycles)
106260775453,EXECUTE,171369,CYCLES,BACKEND,SUB-EVENT,attn_8_head_11_Softmax_0:OpId_8519 (cycles)
106260775453,EXECUTE,149973,CYCLES,BACKEND,SUB-EVENT,attn_8_head_12_Softmax_0:OpId_8522 (cycles)
106260775453,EXECUTE,164335,CYCLES,BACKEND,SUB-EVENT,attn_8_head_13_Softmax_0:OpId_8525 (cycles)
106260775453,EXECUTE,41952,CYCLES,BACKEND,SUB-EVENT,attn_8_head_0_qkv_MatMul_0:OpId_8528 (cycles)
106260775453,EXECUTE,5307,CYCLES,BACKEND,SUB-EVENT,attn_8_head_1_qkv_MatMul_0:OpId_8532 (cycles)
106260775453,EXECUTE,4565,CYCLES,BACKEND,SUB-EVENT,attn_8_head_2_qkv_MatMul_0:OpId_8536 (cycles)
106260775453,EXECUTE,5168,CYCLES,BACKEND,SUB-EVENT,attn_8_head_3_qkv_MatMul_0:OpId_8540 (cycles)
106260775453,EXECUTE,5185,CYCLES,BACKEND,SUB-EVENT,attn_8_head_4_qkv_MatMul_0:OpId_8544 (cycles)
106260775453,EXECUTE,4575,CYCLES,BACKEND,SUB-EVENT,attn_8_head_5_qkv_MatMul_0:OpId_8548 (cycles)
106260775453,EXECUTE,5206,CYCLES,BACKEND,SUB-EVENT,attn_8_head_6_qkv_MatMul_0:OpId_8552 (cycles)
106260775453,EXECUTE,40288,CYCLES,BACKEND,SUB-EVENT,attn_8_head_7_qkv_MatMul_0:OpId_8556 (cycles)
106260775453,EXECUTE,5037,CYCLES,BACKEND,SUB-EVENT,attn_8_head_8_qkv_MatMul_0:OpId_8560 (cycles)
106260775453,EXECUTE,5289,CYCLES,BACKEND,SUB-EVENT,attn_8_head_9_qkv_MatMul_0:OpId_8564 (cycles)
106260775453,EXECUTE,4803,CYCLES,BACKEND,SUB-EVENT,attn_8_head_10_qkv_MatMul_0:OpId_8568 (cycles)
106260775453,EXECUTE,5228,CYCLES,BACKEND,SUB-EVENT,attn_8_head_11_qkv_MatMul_0:OpId_8572 (cycles)
106260775453,EXECUTE,5335,CYCLES,BACKEND,SUB-EVENT,attn_8_head_12_qkv_MatMul_0:OpId_8576 (cycles)
106260775453,EXECUTE,4461,CYCLES,BACKEND,SUB-EVENT,attn_8_head_13_qkv_MatMul_0:OpId_8580 (cycles)
106260775453,EXECUTE,0,CYCLES,BACKEND,SUB-EVENT,Concat_206:OpId_8584 (cycles)
106260775453,EXECUTE,0,CYCLES,BACKEND,SUB-EVENT,Reshape_10:OpId_8586 (cycles)
106260775453,EXECUTE,0,CYCLES,BACKEND,SUB-EVENT,model_layers_8_self_attn_Transpose_6:OpId_8588 (cycles)
106260775453,EXECUTE,25052,CYCLES,BACKEND,SUB-EVENT,model_layers_8_self_attn_o_proj_conv_Conv:OpId_8596 (cycles)
106260775453,EXECUTE,0,CYCLES,BACKEND,SUB-EVENT,/model_layers_8_self_attn_o_proj_conv_Conv/Conv_output_0.nchw:OpId_8600 (cycles)
106260775453,EXECUTE,0,CYCLES,BACKEND,SUB-EVENT,model_layers_8_self_attn_Reshape_9:OpId_8601 (cycles)
106260775453,EXECUTE,14944,CYCLES,BACKEND,SUB-EVENT,model_layers_8_Add:OpId_8602 (cycles)
106260775453,EXECUTE,95345,CYCLES,BACKEND,SUB-EVENT,rms_norm_32:OpId_8607 (cycles)
106260775453,EXECUTE,0,CYCLES,BACKEND,SUB-EVENT,model_layers_8_mlp_Reshape:OpId_8610 (cycles)
106260775453,EXECUTE,0,CYCLES,BACKEND,SUB-EVENT,model_layers_8_mlp_Transpose:OpId_8612 (cycles)
106260775453,EXECUTE,130259,CYCLES,BACKEND,SUB-EVENT,model_layers_8_mlp_gate_proj_conv_Conv:OpId_8620 (cycles)
106260775453,EXECUTE,150814,CYCLES,BACKEND,SUB-EVENT,model_layers_8_mlp_up_proj_conv_Conv:OpId_8630 (cycles)
106260775453,EXECUTE,0,CYCLES,BACKEND,SUB-EVENT,model_layers_8_mlp_act_fn_Sigmoid:OpId_8633 (cycles)
106260775453,EXECUTE,404932,CYCLES,BACKEND,SUB-EVENT,model_layers_8_mlp_act_fn_Mul:OpId_8640 (cycles)
106260775453,EXECUTE,197480,CYCLES,BACKEND,SUB-EVENT,model_layers_8_mlp_Mul:OpId_8642 (cycles)
106260775453,EXECUTE,80626,CYCLES,BACKEND,SUB-EVENT,model_layers_8_mlp_down_proj_conv_Conv:OpId_8651 (cycles)
106260775453,EXECUTE,0,CYCLES,BACKEND,SUB-EVENT,/model_layers_8_mlp_down_proj_conv_Conv/Conv_output_0.nchw:OpId_8655 (cycles)
106260775453,EXECUTE,0,CYCLES,BACKEND,SUB-EVENT,model_layers_8_mlp_Reshape_1:OpId_8656 (cycles)
106260775453,EXECUTE,15027,CYCLES,BACKEND,SUB-EVENT,model_layers_8_Add_1:OpId_8657 (cycles)
106260775453,EXECUTE,94083,CYCLES,BACKEND,SUB-EVENT,rms_norm_34:OpId_8662 (cycles)
106260775453,EXECUTE,0,CYCLES,BACKEND,SUB-EVENT,model_layers_9_self_attn_Reshape:OpId_8665 (cycles)
106260775453,EXECUTE,0,CYCLES,BACKEND,SUB-EVENT,model_layers_9_self_attn_Transpose:OpId_8667 (cycles)
106260775453,EXECUTE,2514,CYCLES,BACKEND,SUB-EVENT,attn_9_head_0_key_Conv:OpId_8675 (cycles)
106260775453,EXECUTE,1469,CYCLES,BACKEND,SUB-EVENT,attn_9_head_0_value_Conv:OpId_8685 (cycles)
106260775453,EXECUTE,2215,CYCLES,BACKEND,SUB-EVENT,attn_9_head_0_value_Transpose/output_converted_UFIXED_POINT_8:OpId_8688 (cycles)
106260775453,EXECUTE,2668,CYCLES,BACKEND,SUB-EVENT,attn_9_head_1_key_Conv:OpId_8698 (cycles)
106260775453,EXECUTE,1563,CYCLES,BACKEND,SUB-EVENT,attn_9_head_1_value_Conv:OpId_8708 (cycles)
106260775453,EXECUTE,1596,CYCLES,BACKEND,SUB-EVENT,attn_9_head_1_value_Transpose/output_converted_UFIXED_POINT_8:OpId_8711 (cycles)
106260775453,EXECUTE,2408,CYCLES,BACKEND,SUB-EVENT,attn_9_head_0_query_Conv:OpId_8721 (cycles)
106260775453,EXECUTE,2960,CYCLES,BACKEND,SUB-EVENT,attn_9_head_1_query_Conv:OpId_8731 (cycles)
106260775453,EXECUTE,2496,CYCLES,BACKEND,SUB-EVENT,attn_9_head_2_query_Conv:OpId_8741 (cycles)
106260775453,EXECUTE,4164,CYCLES,BACKEND,SUB-EVENT,attn_9_head_3_query_Conv:OpId_8751 (cycles)
106260775453,EXECUTE,4675,CYCLES,BACKEND,SUB-EVENT,attn_9_head_4_query_Conv:OpId_8761 (cycles)
106260775453,EXECUTE,3692,CYCLES,BACKEND,SUB-EVENT,attn_9_head_5_query_Conv:OpId_8771 (cycles)
106260775453,EXECUTE,3651,CYCLES,BACKEND,SUB-EVENT,attn_9_head_6_query_Conv:OpId_8781 (cycles)
106260775453,EXECUTE,3408,CYCLES,BACKEND,SUB-EVENT,attn_9_head_7_query_Conv:OpId_8791 (cycles)
106260775453,EXECUTE,3818,CYCLES,BACKEND,SUB-EVENT,attn_9_head_8_query_Conv:OpId_8801 (cycles)
106260775453,EXECUTE,3322,CYCLES,BACKEND,SUB-EVENT,attn_9_head_9_query_Conv:OpId_8811 (cycles)
106260775453,EXECUTE,3512,CYCLES,BACKEND,SUB-EVENT,attn_9_head_10_query_Conv:OpId_8821 (cycles)
106260775453,EXECUTE,4290,CYCLES,BACKEND,SUB-EVENT,attn_9_head_11_query_Conv:OpId_8831 (cycles)
106260775453,EXECUTE,3064,CYCLES,BACKEND,SUB-EVENT,attn_9_head_12_query_Conv:OpId_8841 (cycles)
106260775453,EXECUTE,2920,CYCLES,BACKEND,SUB-EVENT,attn_9_head_13_query_Conv:OpId_8851 (cycles)
106260775453,EXECUTE,2411,CYCLES,BACKEND,SUB-EVENT,Slice_324:OpId_8855 (cycles)
106260775453,EXECUTE,2328,CYCLES,BACKEND,SUB-EVENT,Slice_325:OpId_8861 (cycles)
106260775453,EXECUTE,1829,CYCLES,BACKEND,SUB-EVENT,Slice_326:OpId_8867 (cycles)
106260775453,EXECUTE,1723,CYCLES,BACKEND,SUB-EVENT,Slice_327:OpId_8873 (cycles)
106260775453,EXECUTE,0,CYCLES,BACKEND,SUB-EVENT,Concat_228:OpId_8878 (cycles)
106260775453,EXECUTE,2073,CYCLES,BACKEND,SUB-EVENT,Slice_332:OpId_8881 (cycles)
106260775453,EXECUTE,1830,CYCLES,BACKEND,SUB-EVENT,Slice_333:OpId_8887 (cycles)
106260775453,EXECUTE,2435,CYCLES,BACKEND,SUB-EVENT,Slice_334:OpId_8893 (cycles)
106260775453,EXECUTE,1727,CYCLES,BACKEND,SUB-EVENT,Slice_335:OpId_8899 (cycles)
106260775453,EXECUTE,1921,CYCLES,BACKEND,SUB-EVENT,Slice_336:OpId_8905 (cycles)
106260775453,EXECUTE,1873,CYCLES,BACKEND,SUB-EVENT,Slice_337:OpId_8911 (cycles)
106260775453,EXECUTE,1859,CYCLES,BACKEND,SUB-EVENT,Slice_338:OpId_8917 (cycles)
106260775453,EXECUTE,1895,CYCLES,BACKEND,SUB-EVENT,Slice_339:OpId_8923 (cycles)
106260775453,EXECUTE,1983,CYCLES,BACKEND,SUB-EVENT,Slice_340:OpId_8929 (cycles)
106260775453,EXECUTE,1840,CYCLES,BACKEND,SUB-EVENT,Slice_341:OpId_8935 (cycles)
106260775453,EXECUTE,1832,CYCLES,BACKEND,SUB-EVENT,Slice_342:OpId_8941 (cycles)
106260775453,EXECUTE,1704,CYCLES,BACKEND,SUB-EVENT,Slice_343:OpId_8947 (cycles)
106260775453,EXECUTE,1807,CYCLES,BACKEND,SUB-EVENT,Slice_344:OpId_8953 (cycles)
106260775453,EXECUTE,1714,CYCLES,BACKEND,SUB-EVENT,Slice_345:OpId_8959 (cycles)
106260775453,EXECUTE,1964,CYCLES,BACKEND,SUB-EVENT,Slice_346:OpId_8965 (cycles)
106260775453,EXECUTE,1827,CYCLES,BACKEND,SUB-EVENT,Slice_347:OpId_8971 (cycles)
106260775453,EXECUTE,1869,CYCLES,BACKEND,SUB-EVENT,Slice_348:OpId_8977 (cycles)
106260775453,EXECUTE,1837,CYCLES,BACKEND,SUB-EVENT,Slice_349:OpId_8983 (cycles)
106260775453,EXECUTE,1856,CYCLES,BACKEND,SUB-EVENT,Slice_350:OpId_8989 (cycles)
106260775453,EXECUTE,1728,CYCLES,BACKEND,SUB-EVENT,Slice_351:OpId_8995 (cycles)
106260775453,EXECUTE,1965,CYCLES,BACKEND,SUB-EVENT,Slice_352:OpId_9001 (cycles)
106260775453,EXECUTE,1935,CYCLES,BACKEND,SUB-EVENT,Slice_353:OpId_9007 (cycles)
106260775453,EXECUTE,1964,CYCLES,BACKEND,SUB-EVENT,Slice_354:OpId_9013 (cycles)
106260775453,EXECUTE,1865,CYCLES,BACKEND,SUB-EVENT,Slice_355:OpId_9019 (cycles)
106260775453,EXECUTE,2038,CYCLES,BACKEND,SUB-EVENT,Slice_356:OpId_9025 (cycles)
106260775453,EXECUTE,1936,CYCLES,BACKEND,SUB-EVENT,Slice_357:OpId_9031 (cycles)
106260775453,EXECUTE,1908,CYCLES,BACKEND,SUB-EVENT,Slice_358:OpId_9037 (cycles)
106260775453,EXECUTE,1911,CYCLES,BACKEND,SUB-EVENT,Slice_359:OpId_9043 (cycles)
106260775453,EXECUTE,6991,CYCLES,BACKEND,SUB-EVENT,Concat_210:OpId_9048 (cycles)
106260775453,EXECUTE,6367,CYCLES,BACKEND,SUB-EVENT,Concat_212:OpId_9050 (cycles)
106260775453,EXECUTE,2013,CYCLES,BACKEND,SUB-EVENT,Mul_576:OpId_9052 (cycles)
106260775453,EXECUTE,1581,CYCLES,BACKEND,SUB-EVENT,Mul_578:OpId_9054 (cycles)
106260775453,EXECUTE,1597,CYCLES,BACKEND,SUB-EVENT,Mul_577:OpId_9056 (cycles)
106260775453,EXECUTE,1641,CYCLES,BACKEND,SUB-EVENT,Mul_579:OpId_9058 (cycles)
106260775453,EXECUTE,1424,CYCLES,BACKEND,SUB-EVENT,Mul_580:OpId_9060 (cycles)
106260775453,EXECUTE,1369,CYCLES,BACKEND,SUB-EVENT,Mul_582:OpId_9062 (cycles)
106260775453,EXECUTE,1428,CYCLES,BACKEND,SUB-EVENT,Mul_581:OpId_9064 (cycles)
106260775453,EXECUTE,1381,CYCLES,BACKEND,SUB-EVENT,Mul_583:OpId_9066 (cycles)
106260775453,EXECUTE,1600,CYCLES,BACKEND,SUB-EVENT,Mul_584:OpId_9068 (cycles)
106260775453,EXECUTE,1768,CYCLES,BACKEND,SUB-EVENT,Mul_586:OpId_9070 (cycles)
106260775453,EXECUTE,1713,CYCLES,BACKEND,SUB-EVENT,Mul_585:OpId_9072 (cycles)
106260775453,EXECUTE,1627,CYCLES,BACKEND,SUB-EVENT,Mul_587:OpId_9074 (cycles)
106260775453,EXECUTE,1422,CYCLES,BACKEND,SUB-EVENT,Mul_588:OpId_9076 (cycles)
106260775453,EXECUTE,1476,CYCLES,BACKEND,SUB-EVENT,Mul_590:OpId_9078 (cycles)
106260775453,EXECUTE,1435,CYCLES,BACKEND,SUB-EVENT,Mul_589:OpId_9080 (cycles)
106260775453,EXECUTE,1407,CYCLES,BACKEND,SUB-EVENT,Mul_591:OpId_9082 (cycles)
106260775453,EXECUTE,1437,CYCLES,BACKEND,SUB-EVENT,Mul_592:OpId_9084 (cycles)
106260775453,EXECUTE,1476,CYCLES,BACKEND,SUB-EVENT,Mul_594:OpId_9086 (cycles)
106260775453,EXECUTE,1449,CYCLES,BACKEND,SUB-EVENT,Mul_593:OpId_9088 (cycles)
106260775453,EXECUTE,1450,CYCLES,BACKEND,SUB-EVENT,Mul_595:OpId_9090 (cycles)
106260775453,EXECUTE,1704,CYCLES,BACKEND,SUB-EVENT,Mul_596:OpId_9092 (cycles)
106260775453,EXECUTE,1499,CYCLES,BACKEND,SUB-EVENT,Mul_598:OpId_9094 (cycles)
106260775453,EXECUTE,1403,CYCLES,BACKEND,SUB-EVENT,Mul_597:OpId_9096 (cycles)
106260775453,EXECUTE,1672,CYCLES,BACKEND,SUB-EVENT,Mul_599:OpId_9098 (cycles)
106260775453,EXECUTE,1444,CYCLES,BACKEND,SUB-EVENT,Mul_600:OpId_9100 (cycles)
106260775453,EXECUTE,1474,CYCLES,BACKEND,SUB-EVENT,Mul_602:OpId_9102 (cycles)
106260775453,EXECUTE,1453,CYCLES,BACKEND,SUB-EVENT,Mul_601:OpId_9104 (cycles)
106260775453,EXECUTE,1406,CYCLES,BACKEND,SUB-EVENT,Mul_603:OpId_9106 (cycles)
106260775453,EXECUTE,1407,CYCLES,BACKEND,SUB-EVENT,Mul_604:OpId_9108 (cycles)
106260775453,EXECUTE,1458,CYCLES,BACKEND,SUB-EVENT,Mul_606:OpId_9110 (cycles)
106260775453,EXECUTE,1385,CYCLES,BACKEND,SUB-EVENT,Mul_605:OpId_9112 (cycles)
106260775453,EXECUTE,1408,CYCLES,BACKEND,SUB-EVENT,Mul_607:OpId_9114 (cycles)
106260775453,EXECUTE,1858,CYCLES,BACKEND,SUB-EVENT,Mul_608:OpId_9116 (cycles)
106260775453,EXECUTE,1819,CYCLES,BACKEND,SUB-EVENT,Mul_610:OpId_9118 (cycles)
106260775453,EXECUTE,1728,CYCLES,BACKEND,SUB-EVENT,Mul_609:OpId_9120 (cycles)
106260775453,EXECUTE,1860,CYCLES,BACKEND,SUB-EVENT,Mul_611:OpId_9122 (cycles)
106260775453,EXECUTE,1430,CYCLES,BACKEND,SUB-EVENT,Mul_612:OpId_9124 (cycles)
106260775453,EXECUTE,1497,CYCLES,BACKEND,SUB-EVENT,Mul_614:OpId_9126 (cycles)
106260775453,EXECUTE,1468,CYCLES,BACKEND,SUB-EVENT,Mul_613:OpId_9128 (cycles)
106260775453,EXECUTE,1446,CYCLES,BACKEND,SUB-EVENT,Mul_615:OpId_9130 (cycles)
106260775453,EXECUTE,1801,CYCLES,BACKEND,SUB-EVENT,Mul_616:OpId_9132 (cycles)
106260775453,EXECUTE,2022,CYCLES,BACKEND,SUB-EVENT,Mul_618:OpId_9134 (cycles)
106260775453,EXECUTE,1809,CYCLES,BACKEND,SUB-EVENT,Mul_617:OpId_9136 (cycles)
106260775453,EXECUTE,1837,CYCLES,BACKEND,SUB-EVENT,Mul_619:OpId_9138 (cycles)
106260775453,EXECUTE,1397,CYCLES,BACKEND,SUB-EVENT,Mul_620:OpId_9140 (cycles)
106260775453,EXECUTE,1413,CYCLES,BACKEND,SUB-EVENT,Mul_622:OpId_9142 (cycles)
106260775453,EXECUTE,1714,CYCLES,BACKEND,SUB-EVENT,Mul_621:OpId_9144 (cycles)
106260775453,EXECUTE,1691,CYCLES,BACKEND,SUB-EVENT,Mul_623:OpId_9146 (cycles)
106260775453,EXECUTE,1682,CYCLES,BACKEND,SUB-EVENT,Mul_624:OpId_9148 (cycles)
106260775453,EXECUTE,1580,CYCLES,BACKEND,SUB-EVENT,Mul_626:OpId_9150 (cycles)
106260775453,EXECUTE,1481,CYCLES,BACKEND,SUB-EVENT,Mul_625:OpId_9152 (cycles)
106260775453,EXECUTE,1458,CYCLES,BACKEND,SUB-EVENT,Mul_627:OpId_9154 (cycles)
106260775453,EXECUTE,1524,CYCLES,BACKEND,SUB-EVENT,Mul_628:OpId_9156 (cycles)
106260775453,EXECUTE,1716,CYCLES,BACKEND,SUB-EVENT,Mul_630:OpId_9158 (cycles)
106260775453,EXECUTE,1699,CYCLES,BACKEND,SUB-EVENT,Mul_629:OpId_9160 (cycles)
106260775453,EXECUTE,1730,CYCLES,BACKEND,SUB-EVENT,Mul_631:OpId_9162 (cycles)
106260775453,EXECUTE,1795,CYCLES,BACKEND,SUB-EVENT,Mul_632:OpId_9164 (cycles)
106260775453,EXECUTE,1878,CYCLES,BACKEND,SUB-EVENT,Mul_634:OpId_9166 (cycles)
106260775453,EXECUTE,1897,CYCLES,BACKEND,SUB-EVENT,Mul_633:OpId_9168 (cycles)
106260775453,EXECUTE,1914,CYCLES,BACKEND,SUB-EVENT,Mul_635:OpId_9170 (cycles)
106260775453,EXECUTE,1642,CYCLES,BACKEND,SUB-EVENT,Mul_636:OpId_9172 (cycles)
106260775453,EXECUTE,1644,CYCLES,BACKEND,SUB-EVENT,Mul_638:OpId_9174 (cycles)
106260775453,EXECUTE,1757,CYCLES,BACKEND,SUB-EVENT,Mul_637:OpId_9176 (cycles)
106260775453,EXECUTE,1693,CYCLES,BACKEND,SUB-EVENT,Mul_639:OpId_9178 (cycles)
106260775453,EXECUTE,2164,CYCLES,BACKEND,SUB-EVENT,Sub_144:OpId_9180 (cycles)
106260775453,EXECUTE,714,CYCLES,BACKEND,SUB-EVENT,Sub_144_converted_UFIXED_POINT_8:OpId_9182 (cycles)
106260775453,EXECUTE,2079,CYCLES,BACKEND,SUB-EVENT,Add_270:OpId_9185 (cycles)
106260775453,EXECUTE,963,CYCLES,BACKEND,SUB-EVENT,Add_270_converted_UFIXED_POINT_8:OpId_9187 (cycles)
106260775453,EXECUTE,1506,CYCLES,BACKEND,SUB-EVENT,Sub_145:OpId_9190 (cycles)
106260775453,EXECUTE,481,CYCLES,BACKEND,SUB-EVENT,Sub_145_converted_UFIXED_POINT_8:OpId_9192 (cycles)
106260775453,EXECUTE,1468,CYCLES,BACKEND,SUB-EVENT,Add_271:OpId_9195 (cycles)
106260775453,EXECUTE,456,CYCLES,BACKEND,SUB-EVENT,Add_271_converted_UFIXED_POINT_8:OpId_9197 (cycles)
106260775453,EXECUTE,1713,CYCLES,BACKEND,SUB-EVENT,Sub_146:OpId_9200 (cycles)
106260775453,EXECUTE,2616,CYCLES,BACKEND,SUB-EVENT,Add_272:OpId_9202 (cycles)
106260775453,EXECUTE,1463,CYCLES,BACKEND,SUB-EVENT,Sub_147:OpId_9204 (cycles)
106260775453,EXECUTE,2105,CYCLES,BACKEND,SUB-EVENT,Add_274:OpId_9206 (cycles)
106260775453,EXECUTE,1509,CYCLES,BACKEND,SUB-EVENT,Sub_148:OpId_9208 (cycles)
106260775453,EXECUTE,2670,CYCLES,BACKEND,SUB-EVENT,Add_276:OpId_9210 (cycles)
106260775453,EXECUTE,1476,CYCLES,BACKEND,SUB-EVENT,Sub_149:OpId_9212 (cycles)
106260775453,EXECUTE,2368,CYCLES,BACKEND,SUB-EVENT,Add_278:OpId_9214 (cycles)
106260775453,EXECUTE,1548,CYCLES,BACKEND,SUB-EVENT,Sub_150:OpId_9216 (cycles)
106260775453,EXECUTE,3010,CYCLES,BACKEND,SUB-EVENT,Add_280:OpId_9218 (cycles)
106260775453,EXECUTE,1877,CYCLES,BACKEND,SUB-EVENT,Sub_151:OpId_9220 (cycles)
106260775453,EXECUTE,2203,CYCLES,BACKEND,SUB-EVENT,Add_282:OpId_9222 (cycles)
106260775453,EXECUTE,1626,CYCLES,BACKEND,SUB-EVENT,Sub_152:OpId_9224 (cycles)
106260775453,EXECUTE,2477,CYCLES,BACKEND,SUB-EVENT,Add_284:OpId_9226 (cycles)
106260775453,EXECUTE,1802,CYCLES,BACKEND,SUB-EVENT,Sub_153:OpId_9228 (cycles)
106260775453,EXECUTE,2801,CYCLES,BACKEND,SUB-EVENT,Add_286:OpId_9230 (cycles)
106260775453,EXECUTE,1655,CYCLES,BACKEND,SUB-EVENT,Sub_154:OpId_9232 (cycles)
106260775453,EXECUTE,2186,CYCLES,BACKEND,SUB-EVENT,Add_288:OpId_9234 (cycles)
106260775453,EXECUTE,1543,CYCLES,BACKEND,SUB-EVENT,Sub_155:OpId_9236 (cycles)
106260775453,EXECUTE,2415,CYCLES,BACKEND,SUB-EVENT,Add_290:OpId_9238 (cycles)
106260775453,EXECUTE,1533,CYCLES,BACKEND,SUB-EVENT,Sub_156:OpId_9240 (cycles)
106260775453,EXECUTE,2258,CYCLES,BACKEND,SUB-EVENT,Add_292:OpId_9242 (cycles)
106260775453,EXECUTE,1558,CYCLES,BACKEND,SUB-EVENT,Sub_157:OpId_9244 (cycles)
106260775453,EXECUTE,2264,CYCLES,BACKEND,SUB-EVENT,Add_294:OpId_9246 (cycles)
106260775453,EXECUTE,1557,CYCLES,BACKEND,SUB-EVENT,Sub_158:OpId_9248 (cycles)
106260775453,EXECUTE,2357,CYCLES,BACKEND,SUB-EVENT,Add_296:OpId_9250 (cycles)
106260775453,EXECUTE,1517,CYCLES,BACKEND,SUB-EVENT,Sub_159:OpId_9252 (cycles)
106260775453,EXECUTE,2485,CYCLES,BACKEND,SUB-EVENT,Add_298:OpId_9254 (cycles)
106260775453,EXECUTE,1947,CYCLES,BACKEND,SUB-EVENT,Concat_207:OpId_9256 (cycles)
106260775453,EXECUTE,1951,CYCLES,BACKEND,SUB-EVENT,Concat_208:OpId_9258 (cycles)
106260775453,EXECUTE,0,CYCLES,BACKEND,SUB-EVENT,Concat_213:OpId_9260 (cycles)
106260775453,EXECUTE,0,CYCLES,BACKEND,SUB-EVENT,Concat_214:OpId_9262 (cycles)
106260775453,EXECUTE,0,CYCLES,BACKEND,SUB-EVENT,Concat_215:OpId_9264 (cycles)
106260775453,EXECUTE,0,CYCLES,BACKEND,SUB-EVENT,Concat_216:OpId_9266 (cycles)
106260775453,EXECUTE,0,CYCLES,BACKEND,SUB-EVENT,Concat_217:OpId_9268 (cycles)
106260775453,EXECUTE,0,CYCLES,BACKEND,SUB-EVENT,Concat_218:OpId_9270 (cycles)
106260775453,EXECUTE,0,CYCLES,BACKEND,SUB-EVENT,Concat_219:OpId_9272 (cycles)
106260775453,EXECUTE,0,CYCLES,BACKEND,SUB-EVENT,Concat_220:OpId_9274 (cycles)
106260775453,EXECUTE,0,CYCLES,BACKEND,SUB-EVENT,Concat_221:OpId_9276 (cycles)
106260775453,EXECUTE,0,CYCLES,BACKEND,SUB-EVENT,Concat_222:OpId_9278 (cycles)
106260775453,EXECUTE,0,CYCLES,BACKEND,SUB-EVENT,Concat_223:OpId_9280 (cycles)
106260775453,EXECUTE,0,CYCLES,BACKEND,SUB-EVENT,Concat_224:OpId_9282 (cycles)
106260775453,EXECUTE,0,CYCLES,BACKEND,SUB-EVENT,Concat_225:OpId_9284 (cycles)
106260775453,EXECUTE,0,CYCLES,BACKEND,SUB-EVENT,Concat_226:OpId_9286 (cycles)
106260775453,EXECUTE,5605,CYCLES,BACKEND,SUB-EVENT,attn_9_head_0_key_Transpose_0:OpId_9289 (cycles)
106260775453,EXECUTE,5975,CYCLES,BACKEND,SUB-EVENT,attn_9_head_1_key_Transpose_0:OpId_9291 (cycles)
106260775453,EXECUTE,0,CYCLES,BACKEND,SUB-EVENT,Concat_209:OpId_9292 (cycles)
106260775453,EXECUTE,0,CYCLES,BACKEND,SUB-EVENT,Concat_211:OpId_9294 (cycles)
106260775453,EXECUTE,0,CYCLES,BACKEND,SUB-EVENT,Concat_227:OpId_9296 (cycles)
106260775453,EXECUTE,129966,CYCLES,BACKEND,SUB-EVENT,attn_9_head_0_qk_MatMul_0:OpId_9298 (cycles)
106260775453,EXECUTE,16999,CYCLES,BACKEND,SUB-EVENT,attn_9_head_1_qk_MatMul_0:OpId_9302 (cycles)
106260775453,EXECUTE,16396,CYCLES,BACKEND,SUB-EVENT,attn_9_head_2_qk_MatMul_0:OpId_9306 (cycles)
106260775453,EXECUTE,15981,CYCLES,BACKEND,SUB-EVENT,attn_9_head_3_qk_MatMul_0:OpId_9310 (cycles)
106260775453,EXECUTE,15860,CYCLES,BACKEND,SUB-EVENT,attn_9_head_4_qk_MatMul_0:OpId_9314 (cycles)
106260775453,EXECUTE,16951,CYCLES,BACKEND,SUB-EVENT,attn_9_head_5_qk_MatMul_0:OpId_9318 (cycles)
106260775453,EXECUTE,17225,CYCLES,BACKEND,SUB-EVENT,attn_9_head_6_qk_MatMul_0:OpId_9322 (cycles)
106260775453,EXECUTE,131525,CYCLES,BACKEND,SUB-EVENT,attn_9_head_7_qk_MatMul_0:OpId_9326 (cycles)
106260775453,EXECUTE,17524,CYCLES,BACKEND,SUB-EVENT,attn_9_head_8_qk_MatMul_0:OpId_9330 (cycles)
106260775453,EXECUTE,17776,CYCLES,BACKEND,SUB-EVENT,attn_9_head_9_qk_MatMul_0:OpId_9334 (cycles)
106260775453,EXECUTE,16530,CYCLES,BACKEND,SUB-EVENT,attn_9_head_10_qk_MatMul_0:OpId_9338 (cycles)
106260775453,EXECUTE,14312,CYCLES,BACKEND,SUB-EVENT,attn_9_head_11_qk_MatMul_0:OpId_9342 (cycles)
106260775453,EXECUTE,16603,CYCLES,BACKEND,SUB-EVENT,attn_9_head_12_qk_MatMul_0:OpId_9346 (cycles)
106260775453,EXECUTE,16284,CYCLES,BACKEND,SUB-EVENT,attn_9_head_13_qk_MatMul_0:OpId_9350 (cycles)
106260775453,EXECUTE,61430,CYCLES,BACKEND,SUB-EVENT,Add_273:OpId_9354 (cycles)
106260775453,EXECUTE,56516,CYCLES,BACKEND,SUB-EVENT,Add_275:OpId_9356 (cycles)
106260775453,EXECUTE,70823,CYCLES,BACKEND,SUB-EVENT,Add_277:OpId_9358 (cycles)
106260775453,EXECUTE,67062,CYCLES,BACKEND,SUB-EVENT,Add_279:OpId_9360 (cycles)
106260775453,EXECUTE,65287,CYCLES,BACKEND,SUB-EVENT,Add_281:OpId_9362 (cycles)
106260775453,EXECUTE,66384,CYCLES,BACKEND,SUB-EVENT,Add_283:OpId_9364 (cycles)
106260775453,EXECUTE,54198,CYCLES,BACKEND,SUB-EVENT,Add_285:OpId_9366 (cycles)
106260775453,EXECUTE,63378,CYCLES,BACKEND,SUB-EVENT,Add_287:OpId_9368 (cycles)
106260775453,EXECUTE,64760,CYCLES,BACKEND,SUB-EVENT,Add_289:OpId_9370 (cycles)
106260775453,EXECUTE,63829,CYCLES,BACKEND,SUB-EVENT,Add_291:OpId_9372 (cycles)
106260775453,EXECUTE,68970,CYCLES,BACKEND,SUB-EVENT,Add_293:OpId_9374 (cycles)
106260775453,EXECUTE,65065,CYCLES,BACKEND,SUB-EVENT,Add_295:OpId_9376 (cycles)
106260775453,EXECUTE,66715,CYCLES,BACKEND,SUB-EVENT,Add_297:OpId_9378 (cycles)
106260775453,EXECUTE,58932,CYCLES,BACKEND,SUB-EVENT,Add_299:OpId_9380 (cycles)
106260775453,EXECUTE,161100,CYCLES,BACKEND,SUB-EVENT,attn_9_head_0_Softmax_0:OpId_9382 (cycles)
106260775453,EXECUTE,158077,CYCLES,BACKEND,SUB-EVENT,attn_9_head_1_Softmax_0:OpId_9385 (cycles)
106260775453,EXECUTE,155920,CYCLES,BACKEND,SUB-EVENT,attn_9_head_2_Softmax_0:OpId_9388 (cycles)
106260775453,EXECUTE,149282,CYCLES,BACKEND,SUB-EVENT,attn_9_head_3_Softmax_0:OpId_9391 (cycles)
106260775453,EXECUTE,165810,CYCLES,BACKEND,SUB-EVENT,attn_9_head_4_Softmax_0:OpId_9394 (cycles)
106260775453,EXECUTE,149789,CYCLES,BACKEND,SUB-EVENT,attn_9_head_5_Softmax_0:OpId_9397 (cycles)
106260775453,EXECUTE,157925,CYCLES,BACKEND,SUB-EVENT,attn_9_head_6_Softmax_0:OpId_9400 (cycles)
106260775453,EXECUTE,157839,CYCLES,BACKEND,SUB-EVENT,attn_9_head_7_Softmax_0:OpId_9403 (cycles)
106260775453,EXECUTE,154670,CYCLES,BACKEND,SUB-EVENT,attn_9_head_8_Softmax_0:OpId_9406 (cycles)
106260775453,EXECUTE,157906,CYCLES,BACKEND,SUB-EVENT,attn_9_head_9_Softmax_0:OpId_9409 (cycles)
106260775453,EXECUTE,148784,CYCLES,BACKEND,SUB-EVENT,attn_9_head_10_Softmax_0:OpId_9412 (cycles)
106260775453,EXECUTE,166295,CYCLES,BACKEND,SUB-EVENT,attn_9_head_11_Softmax_0:OpId_9415 (cycles)
106260775453,EXECUTE,150203,CYCLES,BACKEND,SUB-EVENT,attn_9_head_12_Softmax_0:OpId_9418 (cycles)
106260775453,EXECUTE,163015,CYCLES,BACKEND,SUB-EVENT,attn_9_head_13_Softmax_0:OpId_9421 (cycles)
106260775453,EXECUTE,39790,CYCLES,BACKEND,SUB-EVENT,attn_9_head_0_qkv_MatMul_0:OpId_9424 (cycles)
106260775453,EXECUTE,5262,CYCLES,BACKEND,SUB-EVENT,attn_9_head_1_qkv_MatMul_0:OpId_9428 (cycles)
106260775453,EXECUTE,5191,CYCLES,BACKEND,SUB-EVENT,attn_9_head_2_qkv_MatMul_0:OpId_9432 (cycles)
106260775453,EXECUTE,4750,CYCLES,BACKEND,SUB-EVENT,attn_9_head_3_qkv_MatMul_0:OpId_9436 (cycles)
106260775453,EXECUTE,5215,CYCLES,BACKEND,SUB-EVENT,attn_9_head_4_qkv_MatMul_0:OpId_9440 (cycles)
106260775453,EXECUTE,5018,CYCLES,BACKEND,SUB-EVENT,attn_9_head_5_qkv_MatMul_0:OpId_9444 (cycles)
106260775453,EXECUTE,4624,CYCLES,BACKEND,SUB-EVENT,attn_9_head_6_qkv_MatMul_0:OpId_9448 (cycles)
106260775453,EXECUTE,40166,CYCLES,BACKEND,SUB-EVENT,attn_9_head_7_qkv_MatMul_0:OpId_9452 (cycles)
106260775453,EXECUTE,5171,CYCLES,BACKEND,SUB-EVENT,attn_9_head_8_qkv_MatMul_0:OpId_9456 (cycles)
106260775453,EXECUTE,5270,CYCLES,BACKEND,SUB-EVENT,attn_9_head_9_qkv_MatMul_0:OpId_9460 (cycles)
106260775453,EXECUTE,4722,CYCLES,BACKEND,SUB-EVENT,attn_9_head_10_qkv_MatMul_0:OpId_9464 (cycles)
106260775453,EXECUTE,5234,CYCLES,BACKEND,SUB-EVENT,attn_9_head_11_qkv_MatMul_0:OpId_9468 (cycles)
106260775453,EXECUTE,4987,CYCLES,BACKEND,SUB-EVENT,attn_9_head_12_qkv_MatMul_0:OpId_9472 (cycles)
106260775453,EXECUTE,4402,CYCLES,BACKEND,SUB-EVENT,attn_9_head_13_qkv_MatMul_0:OpId_9476 (cycles)
106260775453,EXECUTE,0,CYCLES,BACKEND,SUB-EVENT,Concat_229:OpId_9480 (cycles)
106260775453,EXECUTE,0,CYCLES,BACKEND,SUB-EVENT,Reshape_11:OpId_9482 (cycles)
106260775453,EXECUTE,0,CYCLES,BACKEND,SUB-EVENT,model_layers_9_self_attn_Transpose_6:OpId_9484 (cycles)
106260775453,EXECUTE,25234,CYCLES,BACKEND,SUB-EVENT,model_layers_9_self_attn_o_proj_conv_Conv:OpId_9492 (cycles)
106260775453,EXECUTE,0,CYCLES,BACKEND,SUB-EVENT,/model_layers_9_self_attn_o_proj_conv_Conv/Conv_output_0.nchw:OpId_9496 (cycles)
106260775453,EXECUTE,0,CYCLES,BACKEND,SUB-EVENT,model_layers_9_self_attn_Reshape_9:OpId_9497 (cycles)
106260775453,EXECUTE,15508,CYCLES,BACKEND,SUB-EVENT,model_layers_9_Add:OpId_9498 (cycles)
106260775453,EXECUTE,96640,CYCLES,BACKEND,SUB-EVENT,rms_norm_36:OpId_9503 (cycles)
106260775453,EXECUTE,0,CYCLES,BACKEND,SUB-EVENT,model_layers_9_mlp_Reshape:OpId_9506 (cycles)
106260775453,EXECUTE,0,CYCLES,BACKEND,SUB-EVENT,model_layers_9_mlp_Transpose:OpId_9508 (cycles)
106260775453,EXECUTE,132658,CYCLES,BACKEND,SUB-EVENT,model_layers_9_mlp_gate_proj_conv_Conv:OpId_9516 (cycles)
106260775453,EXECUTE,140614,CYCLES,BACKEND,SUB-EVENT,model_layers_9_mlp_up_proj_conv_Conv:OpId_9526 (cycles)
106260775453,EXECUTE,0,CYCLES,BACKEND,SUB-EVENT,model_layers_9_mlp_act_fn_Sigmoid:OpId_9529 (cycles)
106260775453,EXECUTE,414992,CYCLES,BACKEND,SUB-EVENT,model_layers_9_mlp_act_fn_Mul:OpId_9536 (cycles)
106260775453,EXECUTE,192170,CYCLES,BACKEND,SUB-EVENT,model_layers_9_mlp_Mul:OpId_9538 (cycles)
106260775453,EXECUTE,78951,CYCLES,BACKEND,SUB-EVENT,model_layers_9_mlp_down_proj_conv_Conv:OpId_9547 (cycles)
106260775453,EXECUTE,0,CYCLES,BACKEND,SUB-EVENT,/model_layers_9_mlp_down_proj_conv_Conv/Conv_output_0.nchw:OpId_9551 (cycles)
106260775453,EXECUTE,0,CYCLES,BACKEND,SUB-EVENT,model_layers_9_mlp_Reshape_1:OpId_9552 (cycles)
106260775453,EXECUTE,14606,CYCLES,BACKEND,SUB-EVENT,model_layers_9_Add_1:OpId_9553 (cycles)
106260775453,EXECUTE,94123,CYCLES,BACKEND,SUB-EVENT,rms_norm_38:OpId_9558 (cycles)
106260775453,EXECUTE,0,CYCLES,BACKEND,SUB-EVENT,model_layers_10_self_attn_Reshape:OpId_9561 (cycles)
106260775453,EXECUTE,0,CYCLES,BACKEND,SUB-EVENT,model_layers_10_self_attn_Transpose:OpId_9563 (cycles)
106260775453,EXECUTE,2555,CYCLES,BACKEND,SUB-EVENT,attn_10_head_0_key_Conv:OpId_9571 (cycles)
106260775453,EXECUTE,1539,CYCLES,BACKEND,SUB-EVENT,attn_10_head_0_value_Conv:OpId_9581 (cycles)
106260775453,EXECUTE,1911,CYCLES,BACKEND,SUB-EVENT,attn_10_head_0_value_Transpose/output_converted_UFIXED_POINT_8:OpId_9584 (cycles)
106260775453,EXECUTE,2519,CYCLES,BACKEND,SUB-EVENT,attn_10_head_1_key_Conv:OpId_9594 (cycles)
106260775453,EXECUTE,1385,CYCLES,BACKEND,SUB-EVENT,attn_10_head_1_value_Conv:OpId_9604 (cycles)
106260775453,EXECUTE,1455,CYCLES,BACKEND,SUB-EVENT,attn_10_head_1_value_Transpose/output_converted_UFIXED_POINT_8:OpId_9607 (cycles)
106260775453,EXECUTE,2187,CYCLES,BACKEND,SUB-EVENT,attn_10_head_0_query_Conv:OpId_9617 (cycles)
106260775453,EXECUTE,3386,CYCLES,BACKEND,SUB-EVENT,attn_10_head_1_query_Conv:OpId_9627 (cycles)
106260775453,EXECUTE,2659,CYCLES,BACKEND,SUB-EVENT,attn_10_head_2_query_Conv:OpId_9637 (cycles)
106260775453,EXECUTE,2606,CYCLES,BACKEND,SUB-EVENT,attn_10_head_3_query_Conv:OpId_9647 (cycles)
106260775453,EXECUTE,3562,CYCLES,BACKEND,SUB-EVENT,attn_10_head_4_query_Conv:OpId_9657 (cycles)
106260775453,EXECUTE,3399,CYCLES,BACKEND,SUB-EVENT,attn_10_head_5_query_Conv:OpId_9667 (cycles)
106260775453,EXECUTE,3729,CYCLES,BACKEND,SUB-EVENT,attn_10_head_6_query_Conv:OpId_9677 (cycles)
106260775453,EXECUTE,3177,CYCLES,BACKEND,SUB-EVENT,attn_10_head_7_query_Conv:OpId_9687 (cycles)
106260775453,EXECUTE,4482,CYCLES,BACKEND,SUB-EVENT,attn_10_head_8_query_Conv:OpId_9697 (cycles)
106260775453,EXECUTE,3833,CYCLES,BACKEND,SUB-EVENT,attn_10_head_9_query_Conv:OpId_9707 (cycles)
106260775453,EXECUTE,3376,CYCLES,BACKEND,SUB-EVENT,attn_10_head_10_query_Conv:OpId_9717 (cycles)
106260775453,EXECUTE,3301,CYCLES,BACKEND,SUB-EVENT,attn_10_head_11_query_Conv:OpId_9727 (cycles)
106260775453,EXECUTE,2786,CYCLES,BACKEND,SUB-EVENT,attn_10_head_12_query_Conv:OpId_9737 (cycles)
106260775453,EXECUTE,4190,CYCLES,BACKEND,SUB-EVENT,attn_10_head_13_query_Conv:OpId_9747 (cycles)
106260775453,EXECUTE,2647,CYCLES,BACKEND,SUB-EVENT,Slice_360:OpId_9751 (cycles)
106260775453,EXECUTE,2499,CYCLES,BACKEND,SUB-EVENT,Slice_361:OpId_9757 (cycles)
106260775453,EXECUTE,1745,CYCLES,BACKEND,SUB-EVENT,Slice_362:OpId_9763 (cycles)
106260775453,EXECUTE,1709,CYCLES,BACKEND,SUB-EVENT,Slice_363:OpId_9769 (cycles)
106260775453,EXECUTE,0,CYCLES,BACKEND,SUB-EVENT,Concat_251:OpId_9774 (cycles)
106260775453,EXECUTE,2097,CYCLES,BACKEND,SUB-EVENT,Slice_368:OpId_9777 (cycles)
106260775453,EXECUTE,1683,CYCLES,BACKEND,SUB-EVENT,Slice_369:OpId_9783 (cycles)
106260775453,EXECUTE,1777,CYCLES,BACKEND,SUB-EVENT,Slice_370:OpId_9789 (cycles)
106260775453,EXECUTE,1682,CYCLES,BACKEND,SUB-EVENT,Slice_371:OpId_9795 (cycles)
106260775453,EXECUTE,1690,CYCLES,BACKEND,SUB-EVENT,Slice_372:OpId_9801 (cycles)
106260775453,EXECUTE,1668,CYCLES,BACKEND,SUB-EVENT,Slice_373:OpId_9807 (cycles)
106260775453,EXECUTE,2461,CYCLES,BACKEND,SUB-EVENT,Slice_374:OpId_9813 (cycles)
106260775453,EXECUTE,2240,CYCLES,BACKEND,SUB-EVENT,Slice_375:OpId_9819 (cycles)
106260775453,EXECUTE,1923,CYCLES,BACKEND,SUB-EVENT,Slice_376:OpId_9825 (cycles)
106260775453,EXECUTE,1893,CYCLES,BACKEND,SUB-EVENT,Slice_377:OpId_9831 (cycles)
106260775453,EXECUTE,1799,CYCLES,BACKEND,SUB-EVENT,Slice_378:OpId_9837 (cycles)
106260775453,EXECUTE,1731,CYCLES,BACKEND,SUB-EVENT,Slice_379:OpId_9843 (cycles)
106260775453,EXECUTE,1667,CYCLES,BACKEND,SUB-EVENT,Slice_380:OpId_9849 (cycles)
106260775453,EXECUTE,1644,CYCLES,BACKEND,SUB-EVENT,Slice_381:OpId_9855 (cycles)
106260775453,EXECUTE,1876,CYCLES,BACKEND,SUB-EVENT,Slice_382:OpId_9861 (cycles)
106260775453,EXECUTE,1723,CYCLES,BACKEND,SUB-EVENT,Slice_383:OpId_9867 (cycles)
106260775453,EXECUTE,1968,CYCLES,BACKEND,SUB-EVENT,Slice_384:OpId_9873 (cycles)
106260775453,EXECUTE,1816,CYCLES,BACKEND,SUB-EVENT,Slice_385:OpId_9879 (cycles)
106260775453,EXECUTE,1670,CYCLES,BACKEND,SUB-EVENT,Slice_386:OpId_9885 (cycles)
106260775453,EXECUTE,1690,CYCLES,BACKEND,SUB-EVENT,Slice_387:OpId_9891 (cycles)
106260775453,EXECUTE,1702,CYCLES,BACKEND,SUB-EVENT,Slice_388:OpId_9897 (cycles)
106260775453,EXECUTE,1631,CYCLES,BACKEND,SUB-EVENT,Slice_389:OpId_9903 (cycles)
106260775453,EXECUTE,2084,CYCLES,BACKEND,SUB-EVENT,Slice_390:OpId_9909 (cycles)
106260775453,EXECUTE,2426,CYCLES,BACKEND,SUB-EVENT,Slice_391:OpId_9915 (cycles)
106260775453,EXECUTE,2037,CYCLES,BACKEND,SUB-EVENT,Slice_392:OpId_9921 (cycles)
106260775453,EXECUTE,1991,CYCLES,BACKEND,SUB-EVENT,Slice_393:OpId_9927 (cycles)
106260775453,EXECUTE,2311,CYCLES,BACKEND,SUB-EVENT,Slice_394:OpId_9933 (cycles)
106260775453,EXECUTE,2243,CYCLES,BACKEND,SUB-EVENT,Slice_395:OpId_9939 (cycles)
106260775453,EXECUTE,6679,CYCLES,BACKEND,SUB-EVENT,Concat_233:OpId_9944 (cycles)
106260775453,EXECUTE,5700,CYCLES,BACKEND,SUB-EVENT,Concat_235:OpId_9946 (cycles)
106260775453,EXECUTE,1788,CYCLES,BACKEND,SUB-EVENT,Mul_640:OpId_9948 (cycles)
106260775453,EXECUTE,1677,CYCLES,BACKEND,SUB-EVENT,Mul_642:OpId_9950 (cycles)
106260775453,EXECUTE,1662,CYCLES,BACKEND,SUB-EVENT,Mul_641:OpId_9952 (cycles)
106260775453,EXECUTE,1570,CYCLES,BACKEND,SUB-EVENT,Mul_643:OpId_9954 (cycles)
106260775453,EXECUTE,1443,CYCLES,BACKEND,SUB-EVENT,Mul_644:OpId_9956 (cycles)
106260775453,EXECUTE,1397,CYCLES,BACKEND,SUB-EVENT,Mul_646:OpId_9958 (cycles)
106260775453,EXECUTE,1442,CYCLES,BACKEND,SUB-EVENT,Mul_645:OpId_9960 (cycles)
106260775453,EXECUTE,1408,CYCLES,BACKEND,SUB-EVENT,Mul_647:OpId_9962 (cycles)
106260775453,EXECUTE,1564,CYCLES,BACKEND,SUB-EVENT,Mul_648:OpId_9964 (cycles)
106260775453,EXECUTE,1658,CYCLES,BACKEND,SUB-EVENT,Mul_650:OpId_9966 (cycles)
106260775453,EXECUTE,1593,CYCLES,BACKEND,SUB-EVENT,Mul_649:OpId_9968 (cycles)
106260775453,EXECUTE,1613,CYCLES,BACKEND,SUB-EVENT,Mul_651:OpId_9970 (cycles)
106260775453,EXECUTE,1418,CYCLES,BACKEND,SUB-EVENT,Mul_652:OpId_9972 (cycles)
106260775453,EXECUTE,1411,CYCLES,BACKEND,SUB-EVENT,Mul_654:OpId_9974 (cycles)
106260775453,EXECUTE,1426,CYCLES,BACKEND,SUB-EVENT,Mul_653:OpId_9976 (cycles)
106260775453,EXECUTE,1434,CYCLES,BACKEND,SUB-EVENT,Mul_655:OpId_9978 (cycles)
106260775453,EXECUTE,1414,CYCLES,BACKEND,SUB-EVENT,Mul_656:OpId_9980 (cycles)
106260775453,EXECUTE,1449,CYCLES,BACKEND,SUB-EVENT,Mul_658:OpId_9982 (cycles)
106260775453,EXECUTE,1395,CYCLES,BACKEND,SUB-EVENT,Mul_657:OpId_9984 (cycles)
106260775453,EXECUTE,1411,CYCLES,BACKEND,SUB-EVENT,Mul_659:OpId_9986 (cycles)
106260775453,EXECUTE,1549,CYCLES,BACKEND,SUB-EVENT,Mul_660:OpId_9988 (cycles)
106260775453,EXECUTE,1785,CYCLES,BACKEND,SUB-EVENT,Mul_662:OpId_9990 (cycles)
106260775453,EXECUTE,1536,CYCLES,BACKEND,SUB-EVENT,Mul_661:OpId_9992 (cycles)
106260775453,EXECUTE,1499,CYCLES,BACKEND,SUB-EVENT,Mul_663:OpId_9994 (cycles)
106260775453,EXECUTE,1447,CYCLES,BACKEND,SUB-EVENT,Mul_664:OpId_9996 (cycles)
106260775453,EXECUTE,1521,CYCLES,BACKEND,SUB-EVENT,Mul_666:OpId_9998 (cycles)
106260775453,EXECUTE,1848,CYCLES,BACKEND,SUB-EVENT,Mul_665:OpId_10000 (cycles)
106260775453,EXECUTE,1892,CYCLES,BACKEND,SUB-EVENT,Mul_667:OpId_10002 (cycles)
106260775453,EXECUTE,1911,CYCLES,BACKEND,SUB-EVENT,Mul_668:OpId_10004 (cycles)
106260775453,EXECUTE,1966,CYCLES,BACKEND,SUB-EVENT,Mul_670:OpId_10006 (cycles)
106260775453,EXECUTE,1555,CYCLES,BACKEND,SUB-EVENT,Mul_669:OpId_10008 (cycles)
106260775453,EXECUTE,1654,CYCLES,BACKEND,SUB-EVENT,Mul_671:OpId_10010 (cycles)
106260775453,EXECUTE,1721,CYCLES,BACKEND,SUB-EVENT,Mul_672:OpId_10012 (cycles)
106260775453,EXECUTE,1713,CYCLES,BACKEND,SUB-EVENT,Mul_674:OpId_10014 (cycles)
106260775453,EXECUTE,1586,CYCLES,BACKEND,SUB-EVENT,Mul_673:OpId_10016 (cycles)
106260775453,EXECUTE,1653,CYCLES,BACKEND,SUB-EVENT,Mul_675:OpId_10018 (cycles)
106260775453,EXECUTE,1601,CYCLES,BACKEND,SUB-EVENT,Mul_676:OpId_10020 (cycles)
106260775453,EXECUTE,1668,CYCLES,BACKEND,SUB-EVENT,Mul_678:OpId_10022 (cycles)
106260775453,EXECUTE,1484,CYCLES,BACKEND,SUB-EVENT,Mul_677:OpId_10024 (cycles)
106260775453,EXECUTE,1454,CYCLES,BACKEND,SUB-EVENT,Mul_679:OpId_10026 (cycles)
106260775453,EXECUTE,1436,CYCLES,BACKEND,SUB-EVENT,Mul_680:OpId_10028 (cycles)
106260775453,EXECUTE,1457,CYCLES,BACKEND,SUB-EVENT,Mul_682:OpId_10030 (cycles)
106260775453,EXECUTE,1414,CYCLES,BACKEND,SUB-EVENT,Mul_681:OpId_10032 (cycles)
106260775453,EXECUTE,1448,CYCLES,BACKEND,SUB-EVENT,Mul_683:OpId_10034 (cycles)
106260775453,EXECUTE,1986,CYCLES,BACKEND,SUB-EVENT,Mul_684:OpId_10036 (cycles)
106260775453,EXECUTE,2048,CYCLES,BACKEND,SUB-EVENT,Mul_686:OpId_10038 (cycles)
106260775453,EXECUTE,1719,CYCLES,BACKEND,SUB-EVENT,Mul_685:OpId_10040 (cycles)
106260775453,EXECUTE,1751,CYCLES,BACKEND,SUB-EVENT,Mul_687:OpId_10042 (cycles)
106260775453,EXECUTE,1564,CYCLES,BACKEND,SUB-EVENT,Mul_688:OpId_10044 (cycles)
106260775453,EXECUTE,1590,CYCLES,BACKEND,SUB-EVENT,Mul_690:OpId_10046 (cycles)
106260775453,EXECUTE,1393,CYCLES,BACKEND,SUB-EVENT,Mul_689:OpId_10048 (cycles)
106260775453,EXECUTE,1401,CYCLES,BACKEND,SUB-EVENT,Mul_691:OpId_10050 (cycles)
106260775453,EXECUTE,1503,CYCLES,BACKEND,SUB-EVENT,Mul_692:OpId_10052 (cycles)
106260775453,EXECUTE,1519,CYCLES,BACKEND,SUB-EVENT,Mul_694:OpId_10054 (cycles)
106260775453,EXECUTE,1443,CYCLES,BACKEND,SUB-EVENT,Mul_693:OpId_10056 (cycles)
106260775453,EXECUTE,1437,CYCLES,BACKEND,SUB-EVENT,Mul_695:OpId_10058 (cycles)
106260775453,EXECUTE,1487,CYCLES,BACKEND,SUB-EVENT,Mul_696:OpId_10060 (cycles)
106260775453,EXECUTE,1555,CYCLES,BACKEND,SUB-EVENT,Mul_698:OpId_10062 (cycles)
106260775453,EXECUTE,1615,CYCLES,BACKEND,SUB-EVENT,Mul_697:OpId_10064 (cycles)
106260775453,EXECUTE,1634,CYCLES,BACKEND,SUB-EVENT,Mul_699:OpId_10066 (cycles)
106260775453,EXECUTE,1494,CYCLES,BACKEND,SUB-EVENT,Mul_700:OpId_10068 (cycles)
106260775453,EXECUTE,1562,CYCLES,BACKEND,SUB-EVENT,Mul_702:OpId_10070 (cycles)
106260775453,EXECUTE,1654,CYCLES,BACKEND,SUB-EVENT,Mul_701:OpId_10072 (cycles)
106260775453,EXECUTE,1734,CYCLES,BACKEND,SUB-EVENT,Mul_703:OpId_10074 (cycles)
106260775453,EXECUTE,1719,CYCLES,BACKEND,SUB-EVENT,Sub_160:OpId_10076 (cycles)
106260775453,EXECUTE,434,CYCLES,BACKEND,SUB-EVENT,Sub_160_converted_UFIXED_POINT_8:OpId_10078 (cycles)
106260775453,EXECUTE,1778,CYCLES,BACKEND,SUB-EVENT,Add_300:OpId_10081 (cycles)
106260775453,EXECUTE,499,CYCLES,BACKEND,SUB-EVENT,Add_300_converted_UFIXED_POINT_8:OpId_10083 (cycles)
106260775453,EXECUTE,1466,CYCLES,BACKEND,SUB-EVENT,Sub_161:OpId_10086 (cycles)
106260775453,EXECUTE,445,CYCLES,BACKEND,SUB-EVENT,Sub_161_converted_UFIXED_POINT_8:OpId_10088 (cycles)
106260775453,EXECUTE,1499,CYCLES,BACKEND,SUB-EVENT,Add_301:OpId_10091 (cycles)
106260775453,EXECUTE,504,CYCLES,BACKEND,SUB-EVENT,Add_301_converted_UFIXED_POINT_8:OpId_10093 (cycles)
106260775453,EXECUTE,1648,CYCLES,BACKEND,SUB-EVENT,Sub_162:OpId_10096 (cycles)
106260775453,EXECUTE,2391,CYCLES,BACKEND,SUB-EVENT,Add_302:OpId_10098 (cycles)
106260775453,EXECUTE,1503,CYCLES,BACKEND,SUB-EVENT,Sub_163:OpId_10100 (cycles)
106260775453,EXECUTE,2471,CYCLES,BACKEND,SUB-EVENT,Add_304:OpId_10102 (cycles)
106260775453,EXECUTE,2006,CYCLES,BACKEND,SUB-EVENT,Sub_164:OpId_10104 (cycles)
106260775453,EXECUTE,2951,CYCLES,BACKEND,SUB-EVENT,Add_306:OpId_10106 (cycles)
106260775453,EXECUTE,1543,CYCLES,BACKEND,SUB-EVENT,Sub_165:OpId_10108 (cycles)
106260775453,EXECUTE,2225,CYCLES,BACKEND,SUB-EVENT,Add_308:OpId_10110 (cycles)
106260775453,EXECUTE,1887,CYCLES,BACKEND,SUB-EVENT,Sub_166:OpId_10112 (cycles)
106260775453,EXECUTE,2348,CYCLES,BACKEND,SUB-EVENT,Add_310:OpId_10114 (cycles)
106260775453,EXECUTE,1617,CYCLES,BACKEND,SUB-EVENT,Sub_167:OpId_10116 (cycles)
106260775453,EXECUTE,2692,CYCLES,BACKEND,SUB-EVENT,Add_312:OpId_10118 (cycles)
106260775453,EXECUTE,1532,CYCLES,BACKEND,SUB-EVENT,Sub_168:OpId_10120 (cycles)
106260775453,EXECUTE,2365,CYCLES,BACKEND,SUB-EVENT,Add_314:OpId_10122 (cycles)
106260775453,EXECUTE,1806,CYCLES,BACKEND,SUB-EVENT,Sub_169:OpId_10124 (cycles)
106260775453,EXECUTE,2575,CYCLES,BACKEND,SUB-EVENT,Add_316:OpId_10126 (cycles)
106260775453,EXECUTE,1493,CYCLES,BACKEND,SUB-EVENT,Sub_170:OpId_10128 (cycles)
106260775453,EXECUTE,2314,CYCLES,BACKEND,SUB-EVENT,Add_318:OpId_10130 (cycles)
106260775453,EXECUTE,1587,CYCLES,BACKEND,SUB-EVENT,Sub_171:OpId_10132 (cycles)
106260775453,EXECUTE,2238,CYCLES,BACKEND,SUB-EVENT,Add_320:OpId_10134 (cycles)
106260775453,EXECUTE,1503,CYCLES,BACKEND,SUB-EVENT,Sub_172:OpId_10136 (cycles)
106260775453,EXECUTE,2112,CYCLES,BACKEND,SUB-EVENT,Add_322:OpId_10138 (cycles)
106260775453,EXECUTE,1534,CYCLES,BACKEND,SUB-EVENT,Sub_173:OpId_10140 (cycles)
106260775453,EXECUTE,2409,CYCLES,BACKEND,SUB-EVENT,Add_324:OpId_10142 (cycles)
106260775453,EXECUTE,1519,CYCLES,BACKEND,SUB-EVENT,Sub_174:OpId_10144 (cycles)
106260775453,EXECUTE,2177,CYCLES,BACKEND,SUB-EVENT,Add_326:OpId_10146 (cycles)
106260775453,EXECUTE,1725,CYCLES,BACKEND,SUB-EVENT,Sub_175:OpId_10148 (cycles)
106260775453,EXECUTE,2453,CYCLES,BACKEND,SUB-EVENT,Add_328:OpId_10150 (cycles)
106260775453,EXECUTE,1657,CYCLES,BACKEND,SUB-EVENT,Concat_230:OpId_10152 (cycles)
106260775453,EXECUTE,1745,CYCLES,BACKEND,SUB-EVENT,Concat_231:OpId_10154 (cycles)
106260775453,EXECUTE,0,CYCLES,BACKEND,SUB-EVENT,Concat_236:OpId_10156 (cycles)
106260775453,EXECUTE,0,CYCLES,BACKEND,SUB-EVENT,Concat_237:OpId_10158 (cycles)
106260775453,EXECUTE,0,CYCLES,BACKEND,SUB-EVENT,Concat_238:OpId_10160 (cycles)
106260775453,EXECUTE,0,CYCLES,BACKEND,SUB-EVENT,Concat_239:OpId_10162 (cycles)
106260775453,EXECUTE,0,CYCLES,BACKEND,SUB-EVENT,Concat_240:OpId_10164 (cycles)
106260775453,EXECUTE,0,CYCLES,BACKEND,SUB-EVENT,Concat_241:OpId_10166 (cycles)
106260775453,EXECUTE,0,CYCLES,BACKEND,SUB-EVENT,Concat_242:OpId_10168 (cycles)
106260775453,EXECUTE,0,CYCLES,BACKEND,SUB-EVENT,Concat_243:OpId_10170 (cycles)
106260775453,EXECUTE,0,CYCLES,BACKEND,SUB-EVENT,Concat_244:OpId_10172 (cycles)
106260775453,EXECUTE,0,CYCLES,BACKEND,SUB-EVENT,Concat_245:OpId_10174 (cycles)
106260775453,EXECUTE,0,CYCLES,BACKEND,SUB-EVENT,Concat_246:OpId_10176 (cycles)
106260775453,EXECUTE,0,CYCLES,BACKEND,SUB-EVENT,Concat_247:OpId_10178 (cycles)
106260775453,EXECUTE,0,CYCLES,BACKEND,SUB-EVENT,Concat_248:OpId_10180 (cycles)
106260775453,EXECUTE,0,CYCLES,BACKEND,SUB-EVENT,Concat_249:OpId_10182 (cycles)
106260775453,EXECUTE,5300,CYCLES,BACKEND,SUB-EVENT,attn_10_head_0_key_Transpose_0:OpId_10185 (cycles)
106260775453,EXECUTE,3984,CYCLES,BACKEND,SUB-EVENT,attn_10_head_1_key_Transpose_0:OpId_10187 (cycles)
106260775453,EXECUTE,0,CYCLES,BACKEND,SUB-EVENT,Concat_232:OpId_10188 (cycles)
106260775453,EXECUTE,0,CYCLES,BACKEND,SUB-EVENT,Concat_234:OpId_10190 (cycles)
106260775453,EXECUTE,0,CYCLES,BACKEND,SUB-EVENT,Concat_250:OpId_10192 (cycles)
106260775453,EXECUTE,130087,CYCLES,BACKEND,SUB-EVENT,attn_10_head_0_qk_MatMul_0:OpId_10194 (cycles)
106260775453,EXECUTE,17007,CYCLES,BACKEND,SUB-EVENT,attn_10_head_1_qk_MatMul_0:OpId_10198 (cycles)
106260775453,EXECUTE,17859,CYCLES,BACKEND,SUB-EVENT,attn_10_head_2_qk_MatMul_0:OpId_10202 (cycles)
106260775453,EXECUTE,17262,CYCLES,BACKEND,SUB-EVENT,attn_10_head_3_qk_MatMul_0:OpId_10206 (cycles)
106260775453,EXECUTE,16834,CYCLES,BACKEND,SUB-EVENT,attn_10_head_4_qk_MatMul_0:OpId_10210 (cycles)
106260775453,EXECUTE,16548,CYCLES,BACKEND,SUB-EVENT,attn_10_head_5_qk_MatMul_0:OpId_10214 (cycles)
106260775453,EXECUTE,16501,CYCLES,BACKEND,SUB-EVENT,attn_10_head_6_qk_MatMul_0:OpId_10218 (cycles)
106260775453,EXECUTE,131944,CYCLES,BACKEND,SUB-EVENT,attn_10_head_7_qk_MatMul_0:OpId_10222 (cycles)
106260775453,EXECUTE,17638,CYCLES,BACKEND,SUB-EVENT,attn_10_head_8_qk_MatMul_0:OpId_10226 (cycles)
106260775453,EXECUTE,16611,CYCLES,BACKEND,SUB-EVENT,attn_10_head_9_qk_MatMul_0:OpId_10230 (cycles)
106260775453,EXECUTE,15558,CYCLES,BACKEND,SUB-EVENT,attn_10_head_10_qk_MatMul_0:OpId_10234 (cycles)
106260775453,EXECUTE,15131,CYCLES,BACKEND,SUB-EVENT,attn_10_head_11_qk_MatMul_0:OpId_10238 (cycles)
106260775453,EXECUTE,16586,CYCLES,BACKEND,SUB-EVENT,attn_10_head_12_qk_MatMul_0:OpId_10242 (cycles)
106260775453,EXECUTE,16389,CYCLES,BACKEND,SUB-EVENT,attn_10_head_13_qk_MatMul_0:OpId_10246 (cycles)
106260775453,EXECUTE,64109,CYCLES,BACKEND,SUB-EVENT,Add_303:OpId_10250 (cycles)
106260775453,EXECUTE,60420,CYCLES,BACKEND,SUB-EVENT,Add_305:OpId_10252 (cycles)
106260775453,EXECUTE,57978,CYCLES,BACKEND,SUB-EVENT,Add_307:OpId_10254 (cycles)
106260775453,EXECUTE,66181,CYCLES,BACKEND,SUB-EVENT,Add_309:OpId_10256 (cycles)
106260775453,EXECUTE,65370,CYCLES,BACKEND,SUB-EVENT,Add_311:OpId_10258 (cycles)
106260775453,EXECUTE,66261,CYCLES,BACKEND,SUB-EVENT,Add_313:OpId_10260 (cycles)
106260775453,EXECUTE,53818,CYCLES,BACKEND,SUB-EVENT,Add_315:OpId_10262 (cycles)
106260775453,EXECUTE,63952,CYCLES,BACKEND,SUB-EVENT,Add_317:OpId_10264 (cycles)
106260775453,EXECUTE,62528,CYCLES,BACKEND,SUB-EVENT,Add_319:OpId_10266 (cycles)
106260775453,EXECUTE,60890,CYCLES,BACKEND,SUB-EVENT,Add_321:OpId_10268 (cycles)
106260775453,EXECUTE,62893,CYCLES,BACKEND,SUB-EVENT,Add_323:OpId_10270 (cycles)
106260775453,EXECUTE,62337,CYCLES,BACKEND,SUB-EVENT,Add_325:OpId_10272 (cycles)
106260775453,EXECUTE,61747,CYCLES,BACKEND,SUB-EVENT,Add_327:OpId_10274 (cycles)
106260775453,EXECUTE,67585,CYCLES,BACKEND,SUB-EVENT,Add_329:OpId_10276 (cycles)
106260775453,EXECUTE,150451,CYCLES,BACKEND,SUB-EVENT,attn_10_head_0_Softmax_0:OpId_10278 (cycles)
106260775453,EXECUTE,175824,CYCLES,BACKEND,SUB-EVENT,attn_10_head_1_Softmax_0:OpId_10281 (cycles)
106260775453,EXECUTE,156688,CYCLES,BACKEND,SUB-EVENT,attn_10_head_2_Softmax_0:OpId_10284 (cycles)
106260775453,EXECUTE,148895,CYCLES,BACKEND,SUB-EVENT,attn_10_head_3_Softmax_0:OpId_10287 (cycles)
106260775453,EXECUTE,165713,CYCLES,BACKEND,SUB-EVENT,attn_10_head_4_Softmax_0:OpId_10290 (cycles)
106260775453,EXECUTE,160214,CYCLES,BACKEND,SUB-EVENT,attn_10_head_5_Softmax_0:OpId_10293 (cycles)
106260775453,EXECUTE,158208,CYCLES,BACKEND,SUB-EVENT,attn_10_head_6_Softmax_0:OpId_10296 (cycles)
106260775453,EXECUTE,149916,CYCLES,BACKEND,SUB-EVENT,attn_10_head_7_Softmax_0:OpId_10299 (cycles)
106260775453,EXECUTE,177100,CYCLES,BACKEND,SUB-EVENT,attn_10_head_8_Softmax_0:OpId_10302 (cycles)
106260775453,EXECUTE,149112,CYCLES,BACKEND,SUB-EVENT,attn_10_head_9_Softmax_0:OpId_10305 (cycles)
106260775453,EXECUTE,157364,CYCLES,BACKEND,SUB-EVENT,attn_10_head_10_Softmax_0:OpId_10308 (cycles)
106260775453,EXECUTE,161235,CYCLES,BACKEND,SUB-EVENT,attn_10_head_11_Softmax_0:OpId_10311 (cycles)
106260775453,EXECUTE,162223,CYCLES,BACKEND,SUB-EVENT,attn_10_head_12_Softmax_0:OpId_10314 (cycles)
106260775453,EXECUTE,149390,CYCLES,BACKEND,SUB-EVENT,attn_10_head_13_Softmax_0:OpId_10317 (cycles)
106260775453,EXECUTE,39936,CYCLES,BACKEND,SUB-EVENT,attn_10_head_0_qkv_MatMul_0:OpId_10320 (cycles)
106260775453,EXECUTE,5134,CYCLES,BACKEND,SUB-EVENT,attn_10_head_1_qkv_MatMul_0:OpId_10324 (cycles)
106260775453,EXECUTE,5170,CYCLES,BACKEND,SUB-EVENT,attn_10_head_2_qkv_MatMul_0:OpId_10328 (cycles)
106260775453,EXECUTE,4739,CYCLES,BACKEND,SUB-EVENT,attn_10_head_3_qkv_MatMul_0:OpId_10332 (cycles)
106260775453,EXECUTE,5209,CYCLES,BACKEND,SUB-EVENT,attn_10_head_4_qkv_MatMul_0:OpId_10336 (cycles)
106260775453,EXECUTE,5069,CYCLES,BACKEND,SUB-EVENT,attn_10_head_5_qkv_MatMul_0:OpId_10340 (cycles)
106260775453,EXECUTE,5219,CYCLES,BACKEND,SUB-EVENT,attn_10_head_6_qkv_MatMul_0:OpId_10344 (cycles)
106260775453,EXECUTE,39186,CYCLES,BACKEND,SUB-EVENT,attn_10_head_7_qkv_MatMul_0:OpId_10348 (cycles)
106260775453,EXECUTE,5305,CYCLES,BACKEND,SUB-EVENT,attn_10_head_8_qkv_MatMul_0:OpId_10352 (cycles)
106260775453,EXECUTE,5057,CYCLES,BACKEND,SUB-EVENT,attn_10_head_9_qkv_MatMul_0:OpId_10356 (cycles)
106260775453,EXECUTE,5156,CYCLES,BACKEND,SUB-EVENT,attn_10_head_10_qkv_MatMul_0:OpId_10360 (cycles)
106260775453,EXECUTE,5192,CYCLES,BACKEND,SUB-EVENT,attn_10_head_11_qkv_MatMul_0:OpId_10364 (cycles)
106260775453,EXECUTE,4381,CYCLES,BACKEND,SUB-EVENT,attn_10_head_12_qkv_MatMul_0:OpId_10368 (cycles)
106260775453,EXECUTE,5058,CYCLES,BACKEND,SUB-EVENT,attn_10_head_13_qkv_MatMul_0:OpId_10372 (cycles)
106260775453,EXECUTE,0,CYCLES,BACKEND,SUB-EVENT,Concat_252:OpId_10376 (cycles)
106260775453,EXECUTE,0,CYCLES,BACKEND,SUB-EVENT,Reshape_12:OpId_10378 (cycles)
106260775453,EXECUTE,0,CYCLES,BACKEND,SUB-EVENT,model_layers_10_self_attn_Transpose_6:OpId_10380 (cycles)
106260775453,EXECUTE,22676,CYCLES,BACKEND,SUB-EVENT,model_layers_10_self_attn_o_proj_conv_Conv:OpId_10388 (cycles)
106260775453,EXECUTE,0,CYCLES,BACKEND,SUB-EVENT,/model_layers_10_self_attn_o_proj_conv_Conv/Conv_output_0.nchw:OpId_10392 (cycles)
106260775453,EXECUTE,0,CYCLES,BACKEND,SUB-EVENT,model_layers_10_self_attn_Reshape_9:OpId_10393 (cycles)
106260775453,EXECUTE,16723,CYCLES,BACKEND,SUB-EVENT,model_layers_10_Add:OpId_10394 (cycles)
106260775453,EXECUTE,96699,CYCLES,BACKEND,SUB-EVENT,rms_norm_40:OpId_10399 (cycles)
106260775453,EXECUTE,0,CYCLES,BACKEND,SUB-EVENT,model_layers_10_mlp_Reshape:OpId_10402 (cycles)
106260775453,EXECUTE,0,CYCLES,BACKEND,SUB-EVENT,model_layers_10_mlp_Transpose:OpId_10404 (cycles)
106260775453,EXECUTE,128793,CYCLES,BACKEND,SUB-EVENT,model_layers_10_mlp_gate_proj_conv_Conv:OpId_10412 (cycles)
106260775453,EXECUTE,143083,CYCLES,BACKEND,SUB-EVENT,model_layers_10_mlp_up_proj_conv_Conv:OpId_10422 (cycles)
106260775453,EXECUTE,0,CYCLES,BACKEND,SUB-EVENT,model_layers_10_mlp_act_fn_Sigmoid:OpId_10425 (cycles)
106260775453,EXECUTE,412744,CYCLES,BACKEND,SUB-EVENT,model_layers_10_mlp_act_fn_Mul:OpId_10432 (cycles)
106260775453,EXECUTE,192257,CYCLES,BACKEND,SUB-EVENT,model_layers_10_mlp_Mul:OpId_10434 (cycles)
106260775453,EXECUTE,78903,CYCLES,BACKEND,SUB-EVENT,model_layers_10_mlp_down_proj_conv_Conv:OpId_10443 (cycles)
106260775453,EXECUTE,0,CYCLES,BACKEND,SUB-EVENT,/model_layers_10_mlp_down_proj_conv_Conv/Conv_output_0.nchw:OpId_10447 (cycles)
106260775453,EXECUTE,0,CYCLES,BACKEND,SUB-EVENT,model_layers_10_mlp_Reshape_1:OpId_10448 (cycles)
106260775453,EXECUTE,18014,CYCLES,BACKEND,SUB-EVENT,model_layers_10_Add_1:OpId_10449 (cycles)
106260775453,EXECUTE,93315,CYCLES,BACKEND,SUB-EVENT,rms_norm_42:OpId_10454 (cycles)
106260775453,EXECUTE,0,CYCLES,BACKEND,SUB-EVENT,model_layers_11_self_attn_Reshape:OpId_10457 (cycles)
106260775453,EXECUTE,0,CYCLES,BACKEND,SUB-EVENT,model_layers_11_self_attn_Transpose:OpId_10459 (cycles)
106260775453,EXECUTE,2666,CYCLES,BACKEND,SUB-EVENT,attn_11_head_0_key_Conv:OpId_10467 (cycles)
106260775453,EXECUTE,1740,CYCLES,BACKEND,SUB-EVENT,attn_11_head_0_value_Conv:OpId_10477 (cycles)
106260775453,EXECUTE,2204,CYCLES,BACKEND,SUB-EVENT,attn_11_head_0_value_Transpose/output_converted_UFIXED_POINT_8:OpId_10480 (cycles)
106260775453,EXECUTE,2693,CYCLES,BACKEND,SUB-EVENT,attn_11_head_1_key_Conv:OpId_10490 (cycles)
106260775453,EXECUTE,1539,CYCLES,BACKEND,SUB-EVENT,attn_11_head_1_value_Conv:OpId_10500 (cycles)
106260775453,EXECUTE,1992,CYCLES,BACKEND,SUB-EVENT,attn_11_head_1_value_Transpose/output_converted_UFIXED_POINT_8:OpId_10503 (cycles)
106260775453,EXECUTE,2425,CYCLES,BACKEND,SUB-EVENT,attn_11_head_0_query_Conv:OpId_10513 (cycles)
106260775453,EXECUTE,2522,CYCLES,BACKEND,SUB-EVENT,attn_11_head_1_query_Conv:OpId_10523 (cycles)
106260775453,EXECUTE,3424,CYCLES,BACKEND,SUB-EVENT,attn_11_head_2_query_Conv:OpId_10533 (cycles)
106260775453,EXECUTE,2663,CYCLES,BACKEND,SUB-EVENT,attn_11_head_3_query_Conv:OpId_10543 (cycles)
106260775453,EXECUTE,4023,CYCLES,BACKEND,SUB-EVENT,attn_11_head_4_query_Conv:OpId_10553 (cycles)
106260775453,EXECUTE,3683,CYCLES,BACKEND,SUB-EVENT,attn_11_head_5_query_Conv:OpId_10563 (cycles)
106260775453,EXECUTE,2691,CYCLES,BACKEND,SUB-EVENT,attn_11_head_6_query_Conv:OpId_10573 (cycles)
106260775453,EXECUTE,3228,CYCLES,BACKEND,SUB-EVENT,attn_11_head_7_query_Conv:OpId_10583 (cycles)
106260775453,EXECUTE,3830,CYCLES,BACKEND,SUB-EVENT,attn_11_head_8_query_Conv:OpId_10593 (cycles)
106260775453,EXECUTE,3314,CYCLES,BACKEND,SUB-EVENT,attn_11_head_9_query_Conv:OpId_10603 (cycles)
106260775453,EXECUTE,3904,CYCLES,BACKEND,SUB-EVENT,attn_11_head_10_query_Conv:OpId_10613 (cycles)
106260775453,EXECUTE,3375,CYCLES,BACKEND,SUB-EVENT,attn_11_head_11_query_Conv:OpId_10623 (cycles)
106260775453,EXECUTE,3153,CYCLES,BACKEND,SUB-EVENT,attn_11_head_12_query_Conv:OpId_10633 (cycles)
106260775453,EXECUTE,3270,CYCLES,BACKEND,SUB-EVENT,attn_11_head_13_query_Conv:OpId_10643 (cycles)
106260775453,EXECUTE,2391,CYCLES,BACKEND,SUB-EVENT,Slice_396:OpId_10647 (cycles)
106260775453,EXECUTE,2354,CYCLES,BACKEND,SUB-EVENT,Slice_397:OpId_10653 (cycles)
106260775453,EXECUTE,1726,CYCLES,BACKEND,SUB-EVENT,Slice_398:OpId_10659 (cycles)
106260775453,EXECUTE,1727,CYCLES,BACKEND,SUB-EVENT,Slice_399:OpId_10665 (cycles)
106260775453,EXECUTE,0,CYCLES,BACKEND,SUB-EVENT,Concat_274:OpId_10670 (cycles)
106260775453,EXECUTE,2260,CYCLES,BACKEND,SUB-EVENT,Slice_404:OpId_10673 (cycles)
106260775453,EXECUTE,2150,CYCLES,BACKEND,SUB-EVENT,Slice_405:OpId_10679 (cycles)
106260775453,EXECUTE,1840,CYCLES,BACKEND,SUB-EVENT,Slice_406:OpId_10685 (cycles)
106260775453,EXECUTE,1735,CYCLES,BACKEND,SUB-EVENT,Slice_407:OpId_10691 (cycles)
106260775453,EXECUTE,2442,CYCLES,BACKEND,SUB-EVENT,Slice_408:OpId_10697 (cycles)
106260775453,EXECUTE,2294,CYCLES,BACKEND,SUB-EVENT,Slice_409:OpId_10703 (cycles)
106260775453,EXECUTE,1913,CYCLES,BACKEND,SUB-EVENT,Slice_410:OpId_10709 (cycles)
106260775453,EXECUTE,1942,CYCLES,BACKEND,SUB-EVENT,Slice_411:OpId_10715 (cycles)
106260775453,EXECUTE,1971,CYCLES,BACKEND,SUB-EVENT,Slice_412:OpId_10721 (cycles)
106260775453,EXECUTE,2621,CYCLES,BACKEND,SUB-EVENT,Slice_413:OpId_10727 (cycles)
106260775453,EXECUTE,1818,CYCLES,BACKEND,SUB-EVENT,Slice_414:OpId_10733 (cycles)
106260775453,EXECUTE,1710,CYCLES,BACKEND,SUB-EVENT,Slice_415:OpId_10739 (cycles)
106260775453,EXECUTE,2047,CYCLES,BACKEND,SUB-EVENT,Slice_416:OpId_10745 (cycles)
106260775453,EXECUTE,2438,CYCLES,BACKEND,SUB-EVENT,Slice_417:OpId_10751 (cycles)
106260775453,EXECUTE,1966,CYCLES,BACKEND,SUB-EVENT,Slice_418:OpId_10757 (cycles)
106260775453,EXECUTE,1772,CYCLES,BACKEND,SUB-EVENT,Slice_419:OpId_10763 (cycles)
106260775453,EXECUTE,2352,CYCLES,BACKEND,SUB-EVENT,Slice_420:OpId_10769 (cycles)
106260775453,EXECUTE,2256,CYCLES,BACKEND,SUB-EVENT,Slice_421:OpId_10775 (cycles)
106260775453,EXECUTE,2046,CYCLES,BACKEND,SUB-EVENT,Slice_422:OpId_10781 (cycles)
106260775453,EXECUTE,1862,CYCLES,BACKEND,SUB-EVENT,Slice_423:OpId_10787 (cycles)
106260775453,EXECUTE,1810,CYCLES,BACKEND,SUB-EVENT,Slice_424:OpId_10793 (cycles)
106260775453,EXECUTE,1743,CYCLES,BACKEND,SUB-EVENT,Slice_425:OpId_10799 (cycles)
106260775453,EXECUTE,1847,CYCLES,BACKEND,SUB-EVENT,Slice_426:OpId_10805 (cycles)
106260775453,EXECUTE,1724,CYCLES,BACKEND,SUB-EVENT,Slice_427:OpId_10811 (cycles)
106260775453,EXECUTE,2499,CYCLES,BACKEND,SUB-EVENT,Slice_428:OpId_10817 (cycles)
106260775453,EXECUTE,2059,CYCLES,BACKEND,SUB-EVENT,Slice_429:OpId_10823 (cycles)
106260775453,EXECUTE,2000,CYCLES,BACKEND,SUB-EVENT,Slice_430:OpId_10829 (cycles)
106260775453,EXECUTE,1776,CYCLES,BACKEND,SUB-EVENT,Slice_431:OpId_10835 (cycles)
106260775453,EXECUTE,8991,CYCLES,BACKEND,SUB-EVENT,Concat_256:OpId_10840 (cycles)
106260775453,EXECUTE,7829,CYCLES,BACKEND,SUB-EVENT,Concat_258:OpId_10842 (cycles)
106260775453,EXECUTE,1731,CYCLES,BACKEND,SUB-EVENT,Mul_704:OpId_10844 (cycles)
106260775453,EXECUTE,1682,CYCLES,BACKEND,SUB-EVENT,Mul_706:OpId_10846 (cycles)
106260775453,EXECUTE,1657,CYCLES,BACKEND,SUB-EVENT,Mul_705:OpId_10848 (cycles)
106260775453,EXECUTE,1558,CYCLES,BACKEND,SUB-EVENT,Mul_707:OpId_10850 (cycles)
106260775453,EXECUTE,1421,CYCLES,BACKEND,SUB-EVENT,Mul_708:OpId_10852 (cycles)
106260775453,EXECUTE,1420,CYCLES,BACKEND,SUB-EVENT,Mul_710:OpId_10854 (cycles)
106260775453,EXECUTE,1401,CYCLES,BACKEND,SUB-EVENT,Mul_709:OpId_10856 (cycles)
106260775453,EXECUTE,1396,CYCLES,BACKEND,SUB-EVENT,Mul_711:OpId_10858 (cycles)
106260775453,EXECUTE,1665,CYCLES,BACKEND,SUB-EVENT,Mul_712:OpId_10860 (cycles)
106260775453,EXECUTE,1728,CYCLES,BACKEND,SUB-EVENT,Mul_714:OpId_10862 (cycles)
106260775453,EXECUTE,1956,CYCLES,BACKEND,SUB-EVENT,Mul_713:OpId_10864 (cycles)
106260775453,EXECUTE,1985,CYCLES,BACKEND,SUB-EVENT,Mul_715:OpId_10866 (cycles)
106260775453,EXECUTE,1406,CYCLES,BACKEND,SUB-EVENT,Mul_716:OpId_10868 (cycles)
106260775453,EXECUTE,1448,CYCLES,BACKEND,SUB-EVENT,Mul_718:OpId_10870 (cycles)
106260775453,EXECUTE,1453,CYCLES,BACKEND,SUB-EVENT,Mul_717:OpId_10872 (cycles)
106260775453,EXECUTE,1426,CYCLES,BACKEND,SUB-EVENT,Mul_719:OpId_10874 (cycles)
106260775453,EXECUTE,1451,CYCLES,BACKEND,SUB-EVENT,Mul_720:OpId_10876 (cycles)
106260775453,EXECUTE,1512,CYCLES,BACKEND,SUB-EVENT,Mul_722:OpId_10878 (cycles)
106260775453,EXECUTE,1566,CYCLES,BACKEND,SUB-EVENT,Mul_721:OpId_10880 (cycles)
106260775453,EXECUTE,1638,CYCLES,BACKEND,SUB-EVENT,Mul_723:OpId_10882 (cycles)
106260775453,EXECUTE,1428,CYCLES,BACKEND,SUB-EVENT,Mul_724:OpId_10884 (cycles)
106260775453,EXECUTE,1494,CYCLES,BACKEND,SUB-EVENT,Mul_726:OpId_10886 (cycles)
106260775453,EXECUTE,1535,CYCLES,BACKEND,SUB-EVENT,Mul_725:OpId_10888 (cycles)
106260775453,EXECUTE,1494,CYCLES,BACKEND,SUB-EVENT,Mul_727:OpId_10890 (cycles)
106260775453,EXECUTE,1536,CYCLES,BACKEND,SUB-EVENT,Mul_728:OpId_10892 (cycles)
106260775453,EXECUTE,3434,CYCLES,BACKEND,SUB-EVENT,Mul_730:OpId_10894 (cycles)
106260775453,EXECUTE,1568,CYCLES,BACKEND,SUB-EVENT,Mul_729:OpId_10896 (cycles)
106260775453,EXECUTE,1688,CYCLES,BACKEND,SUB-EVENT,Mul_731:OpId_10898 (cycles)
106260775453,EXECUTE,1456,CYCLES,BACKEND,SUB-EVENT,Mul_732:OpId_10900 (cycles)
106260775453,EXECUTE,1503,CYCLES,BACKEND,SUB-EVENT,Mul_734:OpId_10902 (cycles)
106260775453,EXECUTE,1420,CYCLES,BACKEND,SUB-EVENT,Mul_733:OpId_10904 (cycles)
106260775453,EXECUTE,1484,CYCLES,BACKEND,SUB-EVENT,Mul_735:OpId_10906 (cycles)
106260775453,EXECUTE,1432,CYCLES,BACKEND,SUB-EVENT,Mul_736:OpId_10908 (cycles)
106260775453,EXECUTE,1532,CYCLES,BACKEND,SUB-EVENT,Mul_738:OpId_10910 (cycles)
106260775453,EXECUTE,1412,CYCLES,BACKEND,SUB-EVENT,Mul_737:OpId_10912 (cycles)
106260775453,EXECUTE,1434,CYCLES,BACKEND,SUB-EVENT,Mul_739:OpId_10914 (cycles)
106260775453,EXECUTE,1399,CYCLES,BACKEND,SUB-EVENT,Mul_740:OpId_10916 (cycles)
106260775453,EXECUTE,1412,CYCLES,BACKEND,SUB-EVENT,Mul_742:OpId_10918 (cycles)
106260775453,EXECUTE,1431,CYCLES,BACKEND,SUB-EVENT,Mul_741:OpId_10920 (cycles)
106260775453,EXECUTE,1401,CYCLES,BACKEND,SUB-EVENT,Mul_743:OpId_10922 (cycles)
106260775453,EXECUTE,1417,CYCLES,BACKEND,SUB-EVENT,Mul_744:OpId_10924 (cycles)
106260775453,EXECUTE,1488,CYCLES,BACKEND,SUB-EVENT,Mul_746:OpId_10926 (cycles)
106260775453,EXECUTE,1650,CYCLES,BACKEND,SUB-EVENT,Mul_745:OpId_10928 (cycles)
106260775453,EXECUTE,1703,CYCLES,BACKEND,SUB-EVENT,Mul_747:OpId_10930 (cycles)
106260775453,EXECUTE,1447,CYCLES,BACKEND,SUB-EVENT,Mul_748:OpId_10932 (cycles)
106260775453,EXECUTE,1474,CYCLES,BACKEND,SUB-EVENT,Mul_750:OpId_10934 (cycles)
106260775453,EXECUTE,1429,CYCLES,BACKEND,SUB-EVENT,Mul_749:OpId_10936 (cycles)
106260775453,EXECUTE,1451,CYCLES,BACKEND,SUB-EVENT,Mul_751:OpId_10938 (cycles)
106260775453,EXECUTE,1835,CYCLES,BACKEND,SUB-EVENT,Mul_752:OpId_10940 (cycles)
106260775453,EXECUTE,1833,CYCLES,BACKEND,SUB-EVENT,Mul_754:OpId_10942 (cycles)
106260775453,EXECUTE,1488,CYCLES,BACKEND,SUB-EVENT,Mul_753:OpId_10944 (cycles)
106260775453,EXECUTE,1568,CYCLES,BACKEND,SUB-EVENT,Mul_755:OpId_10946 (cycles)
106260775453,EXECUTE,1440,CYCLES,BACKEND,SUB-EVENT,Mul_756:OpId_10948 (cycles)
106260775453,EXECUTE,1503,CYCLES,BACKEND,SUB-EVENT,Mul_758:OpId_10950 (cycles)
106260775453,EXECUTE,1441,CYCLES,BACKEND,SUB-EVENT,Mul_757:OpId_10952 (cycles)
106260775453,EXECUTE,1680,CYCLES,BACKEND,SUB-EVENT,Mul_759:OpId_10954 (cycles)
106260775453,EXECUTE,1637,CYCLES,BACKEND,SUB-EVENT,Mul_760:OpId_10956 (cycles)
106260775453,EXECUTE,1537,CYCLES,BACKEND,SUB-EVENT,Mul_762:OpId_10958 (cycles)
106260775453,EXECUTE,1471,CYCLES,BACKEND,SUB-EVENT,Mul_761:OpId_10960 (cycles)
106260775453,EXECUTE,1719,CYCLES,BACKEND,SUB-EVENT,Mul_763:OpId_10962 (cycles)
106260775453,EXECUTE,1697,CYCLES,BACKEND,SUB-EVENT,Mul_764:OpId_10964 (cycles)
106260775453,EXECUTE,1564,CYCLES,BACKEND,SUB-EVENT,Mul_766:OpId_10966 (cycles)
106260775453,EXECUTE,1449,CYCLES,BACKEND,SUB-EVENT,Mul_765:OpId_10968 (cycles)
106260775453,EXECUTE,1717,CYCLES,BACKEND,SUB-EVENT,Mul_767:OpId_10970 (cycles)
106260775453,EXECUTE,1835,CYCLES,BACKEND,SUB-EVENT,Sub_176:OpId_10972 (cycles)
106260775453,EXECUTE,460,CYCLES,BACKEND,SUB-EVENT,Sub_176_converted_UFIXED_POINT_8:OpId_10974 (cycles)
106260775453,EXECUTE,1706,CYCLES,BACKEND,SUB-EVENT,Add_330:OpId_10977 (cycles)
106260775453,EXECUTE,549,CYCLES,BACKEND,SUB-EVENT,Add_330_converted_UFIXED_POINT_8:OpId_10979 (cycles)
106260775453,EXECUTE,1473,CYCLES,BACKEND,SUB-EVENT,Sub_177:OpId_10982 (cycles)
106260775453,EXECUTE,413,CYCLES,BACKEND,SUB-EVENT,Sub_177_converted_UFIXED_POINT_8:OpId_10984 (cycles)
106260775453,EXECUTE,1517,CYCLES,BACKEND,SUB-EVENT,Add_331:OpId_10987 (cycles)
106260775453,EXECUTE,454,CYCLES,BACKEND,SUB-EVENT,Add_331_converted_UFIXED_POINT_8:OpId_10989 (cycles)
106260775453,EXECUTE,1689,CYCLES,BACKEND,SUB-EVENT,Sub_178:OpId_10992 (cycles)
106260775453,EXECUTE,2384,CYCLES,BACKEND,SUB-EVENT,Add_332:OpId_10994 (cycles)
106260775453,EXECUTE,1531,CYCLES,BACKEND,SUB-EVENT,Sub_179:OpId_10996 (cycles)
106260775453,EXECUTE,2302,CYCLES,BACKEND,SUB-EVENT,Add_334:OpId_10998 (cycles)
106260775453,EXECUTE,1509,CYCLES,BACKEND,SUB-EVENT,Sub_180:OpId_11000 (cycles)
106260775453,EXECUTE,2369,CYCLES,BACKEND,SUB-EVENT,Add_336:OpId_11002 (cycles)
106260775453,EXECUTE,1470,CYCLES,BACKEND,SUB-EVENT,Sub_181:OpId_11004 (cycles)
106260775453,EXECUTE,2319,CYCLES,BACKEND,SUB-EVENT,Add_338:OpId_11006 (cycles)
106260775453,EXECUTE,1557,CYCLES,BACKEND,SUB-EVENT,Sub_182:OpId_11008 (cycles)
106260775453,EXECUTE,2497,CYCLES,BACKEND,SUB-EVENT,Add_340:OpId_11010 (cycles)
106260775453,EXECUTE,1475,CYCLES,BACKEND,SUB-EVENT,Sub_183:OpId_11012 (cycles)
106260775453,EXECUTE,2534,CYCLES,BACKEND,SUB-EVENT,Add_342:OpId_11014 (cycles)
106260775453,EXECUTE,1523,CYCLES,BACKEND,SUB-EVENT,Sub_184:OpId_11016 (cycles)
106260775453,EXECUTE,2664,CYCLES,BACKEND,SUB-EVENT,Add_344:OpId_11018 (cycles)
106260775453,EXECUTE,1971,CYCLES,BACKEND,SUB-EVENT,Sub_185:OpId_11020 (cycles)
106260775453,EXECUTE,2555,CYCLES,BACKEND,SUB-EVENT,Add_346:OpId_11022 (cycles)
106260775453,EXECUTE,1691,CYCLES,BACKEND,SUB-EVENT,Sub_186:OpId_11024 (cycles)
106260775453,EXECUTE,2365,CYCLES,BACKEND,SUB-EVENT,Add_348:OpId_11026 (cycles)
106260775453,EXECUTE,1661,CYCLES,BACKEND,SUB-EVENT,Sub_187:OpId_11028 (cycles)
106260775453,EXECUTE,2825,CYCLES,BACKEND,SUB-EVENT,Add_350:OpId_11030 (cycles)
106260775453,EXECUTE,1483,CYCLES,BACKEND,SUB-EVENT,Sub_188:OpId_11032 (cycles)
106260775453,EXECUTE,2490,CYCLES,BACKEND,SUB-EVENT,Add_352:OpId_11034 (cycles)
106260775453,EXECUTE,1832,CYCLES,BACKEND,SUB-EVENT,Sub_189:OpId_11036 (cycles)
106260775453,EXECUTE,2469,CYCLES,BACKEND,SUB-EVENT,Add_354:OpId_11038 (cycles)
106260775453,EXECUTE,1622,CYCLES,BACKEND,SUB-EVENT,Sub_190:OpId_11040 (cycles)
106260775453,EXECUTE,2613,CYCLES,BACKEND,SUB-EVENT,Add_356:OpId_11042 (cycles)
106260775453,EXECUTE,1506,CYCLES,BACKEND,SUB-EVENT,Sub_191:OpId_11044 (cycles)
106260775453,EXECUTE,2334,CYCLES,BACKEND,SUB-EVENT,Add_358:OpId_11046 (cycles)
106260775453,EXECUTE,2500,CYCLES,BACKEND,SUB-EVENT,Concat_253:OpId_11048 (cycles)
106260775453,EXECUTE,2476,CYCLES,BACKEND,SUB-EVENT,Concat_254:OpId_11050 (cycles)
106260775453,EXECUTE,0,CYCLES,BACKEND,SUB-EVENT,Concat_259:OpId_11052 (cycles)
106260775453,EXECUTE,0,CYCLES,BACKEND,SUB-EVENT,Concat_260:OpId_11054 (cycles)
106260775453,EXECUTE,0,CYCLES,BACKEND,SUB-EVENT,Concat_261:OpId_11056 (cycles)
106260775453,EXECUTE,0,CYCLES,BACKEND,SUB-EVENT,Concat_262:OpId_11058 (cycles)
106260775453,EXECUTE,0,CYCLES,BACKEND,SUB-EVENT,Concat_263:OpId_11060 (cycles)
106260775453,EXECUTE,0,CYCLES,BACKEND,SUB-EVENT,Concat_264:OpId_11062 (cycles)
106260775453,EXECUTE,0,CYCLES,BACKEND,SUB-EVENT,Concat_265:OpId_11064 (cycles)
106260775453,EXECUTE,0,CYCLES,BACKEND,SUB-EVENT,Concat_266:OpId_11066 (cycles)
106260775453,EXECUTE,0,CYCLES,BACKEND,SUB-EVENT,Concat_267:OpId_11068 (cycles)
106260775453,EXECUTE,0,CYCLES,BACKEND,SUB-EVENT,Concat_268:OpId_11070 (cycles)
106260775453,EXECUTE,0,CYCLES,BACKEND,SUB-EVENT,Concat_269:OpId_11072 (cycles)
106260775453,EXECUTE,0,CYCLES,BACKEND,SUB-EVENT,Concat_270:OpId_11074 (cycles)
106260775453,EXECUTE,0,CYCLES,BACKEND,SUB-EVENT,Concat_271:OpId_11076 (cycles)
106260775453,EXECUTE,0,CYCLES,BACKEND,SUB-EVENT,Concat_272:OpId_11078 (cycles)
106260775453,EXECUTE,6390,CYCLES,BACKEND,SUB-EVENT,attn_11_head_0_key_Transpose_0:OpId_11081 (cycles)
106260775453,EXECUTE,6358,CYCLES,BACKEND,SUB-EVENT,attn_11_head_1_key_Transpose_0:OpId_11083 (cycles)
106260775453,EXECUTE,0,CYCLES,BACKEND,SUB-EVENT,Concat_255:OpId_11084 (cycles)
106260775453,EXECUTE,0,CYCLES,BACKEND,SUB-EVENT,Concat_257:OpId_11086 (cycles)
106260775453,EXECUTE,0,CYCLES,BACKEND,SUB-EVENT,Concat_273:OpId_11088 (cycles)
106260775453,EXECUTE,129677,CYCLES,BACKEND,SUB-EVENT,attn_11_head_0_qk_MatMul_0:OpId_11090 (cycles)
106260775453,EXECUTE,16692,CYCLES,BACKEND,SUB-EVENT,attn_11_head_1_qk_MatMul_0:OpId_11094 (cycles)
106260775453,EXECUTE,16464,CYCLES,BACKEND,SUB-EVENT,attn_11_head_2_qk_MatMul_0:OpId_11098 (cycles)
106260775453,EXECUTE,17107,CYCLES,BACKEND,SUB-EVENT,attn_11_head_3_qk_MatMul_0:OpId_11102 (cycles)
106260775453,EXECUTE,15757,CYCLES,BACKEND,SUB-EVENT,attn_11_head_4_qk_MatMul_0:OpId_11106 (cycles)
106260775453,EXECUTE,16549,CYCLES,BACKEND,SUB-EVENT,attn_11_head_5_qk_MatMul_0:OpId_11110 (cycles)
106260775453,EXECUTE,16411,CYCLES,BACKEND,SUB-EVENT,attn_11_head_6_qk_MatMul_0:OpId_11114 (cycles)
106260775453,EXECUTE,128045,CYCLES,BACKEND,SUB-EVENT,attn_11_head_7_qk_MatMul_0:OpId_11118 (cycles)
106260775453,EXECUTE,16666,CYCLES,BACKEND,SUB-EVENT,attn_11_head_8_qk_MatMul_0:OpId_11122 (cycles)
106260775453,EXECUTE,17265,CYCLES,BACKEND,SUB-EVENT,attn_11_head_9_qk_MatMul_0:OpId_11126 (cycles)
106260775453,EXECUTE,17212,CYCLES,BACKEND,SUB-EVENT,attn_11_head_10_qk_MatMul_0:OpId_11130 (cycles)
106260775453,EXECUTE,16077,CYCLES,BACKEND,SUB-EVENT,attn_11_head_11_qk_MatMul_0:OpId_11134 (cycles)
106260775453,EXECUTE,16140,CYCLES,BACKEND,SUB-EVENT,attn_11_head_12_qk_MatMul_0:OpId_11138 (cycles)
106260775453,EXECUTE,17584,CYCLES,BACKEND,SUB-EVENT,attn_11_head_13_qk_MatMul_0:OpId_11142 (cycles)
106260775453,EXECUTE,65375,CYCLES,BACKEND,SUB-EVENT,Add_333:OpId_11146 (cycles)
106260775453,EXECUTE,57540,CYCLES,BACKEND,SUB-EVENT,Add_335:OpId_11148 (cycles)
106260775453,EXECUTE,61867,CYCLES,BACKEND,SUB-EVENT,Add_337:OpId_11150 (cycles)
106260775453,EXECUTE,78073,CYCLES,BACKEND,SUB-EVENT,Add_339:OpId_11152 (cycles)
106260775453,EXECUTE,63881,CYCLES,BACKEND,SUB-EVENT,Add_341:OpId_11154 (cycles)
106260775453,EXECUTE,66456,CYCLES,BACKEND,SUB-EVENT,Add_343:OpId_11156 (cycles)
106260775453,EXECUTE,66342,CYCLES,BACKEND,SUB-EVENT,Add_345:OpId_11158 (cycles)
106260775453,EXECUTE,66727,CYCLES,BACKEND,SUB-EVENT,Add_347:OpId_11160 (cycles)
106260775453,EXECUTE,54513,CYCLES,BACKEND,SUB-EVENT,Add_349:OpId_11162 (cycles)
106260775453,EXECUTE,61952,CYCLES,BACKEND,SUB-EVENT,Add_351:OpId_11164 (cycles)
106260775453,EXECUTE,68262,CYCLES,BACKEND,SUB-EVENT,Add_353:OpId_11166 (cycles)
106260775453,EXECUTE,60349,CYCLES,BACKEND,SUB-EVENT,Add_355:OpId_11168 (cycles)
106260775453,EXECUTE,65366,CYCLES,BACKEND,SUB-EVENT,Add_357:OpId_11170 (cycles)
106260775453,EXECUTE,67812,CYCLES,BACKEND,SUB-EVENT,Add_359:OpId_11172 (cycles)
106260775453,EXECUTE,149494,CYCLES,BACKEND,SUB-EVENT,attn_11_head_0_Softmax_0:OpId_11174 (cycles)
106260775453,EXECUTE,156751,CYCLES,BACKEND,SUB-EVENT,attn_11_head_1_Softmax_0:OpId_11177 (cycles)
106260775453,EXECUTE,148488,CYCLES,BACKEND,SUB-EVENT,attn_11_head_2_Softmax_0:OpId_11180 (cycles)
106260775453,EXECUTE,155994,CYCLES,BACKEND,SUB-EVENT,attn_11_head_3_Softmax_0:OpId_11183 (cycles)
106260775453,EXECUTE,152948,CYCLES,BACKEND,SUB-EVENT,attn_11_head_4_Softmax_0:OpId_11186 (cycles)
106260775453,EXECUTE,149372,CYCLES,BACKEND,SUB-EVENT,attn_11_head_5_Softmax_0:OpId_11189 (cycles)
106260775453,EXECUTE,165353,CYCLES,BACKEND,SUB-EVENT,attn_11_head_6_Softmax_0:OpId_11192 (cycles)
106260775453,EXECUTE,149587,CYCLES,BACKEND,SUB-EVENT,attn_11_head_7_Softmax_0:OpId_11195 (cycles)
106260775453,EXECUTE,157123,CYCLES,BACKEND,SUB-EVENT,attn_11_head_8_Softmax_0:OpId_11198 (cycles)
106260775453,EXECUTE,165130,CYCLES,BACKEND,SUB-EVENT,attn_11_head_9_Softmax_0:OpId_11201 (cycles)
106260775453,EXECUTE,163965,CYCLES,BACKEND,SUB-EVENT,attn_11_head_10_Softmax_0:OpId_11204 (cycles)
106260775453,EXECUTE,157183,CYCLES,BACKEND,SUB-EVENT,attn_11_head_11_Softmax_0:OpId_11207 (cycles)
106260775453,EXECUTE,161103,CYCLES,BACKEND,SUB-EVENT,attn_11_head_12_Softmax_0:OpId_11210 (cycles)
106260775453,EXECUTE,149041,CYCLES,BACKEND,SUB-EVENT,attn_11_head_13_Softmax_0:OpId_11213 (cycles)
106260775453,EXECUTE,40006,CYCLES,BACKEND,SUB-EVENT,attn_11_head_0_qkv_MatMul_0:OpId_11216 (cycles)
106260775453,EXECUTE,5204,CYCLES,BACKEND,SUB-EVENT,attn_11_head_1_qkv_MatMul_0:OpId_11220 (cycles)
106260775453,EXECUTE,4486,CYCLES,BACKEND,SUB-EVENT,attn_11_head_2_qkv_MatMul_0:OpId_11224 (cycles)
106260775453,EXECUTE,5365,CYCLES,BACKEND,SUB-EVENT,attn_11_head_3_qkv_MatMul_0:OpId_11228 (cycles)
106260775453,EXECUTE,5256,CYCLES,BACKEND,SUB-EVENT,attn_11_head_4_qkv_MatMul_0:OpId_11232 (cycles)
106260775453,EXECUTE,4739,CYCLES,BACKEND,SUB-EVENT,attn_11_head_5_qkv_MatMul_0:OpId_11236 (cycles)
106260775453,EXECUTE,5204,CYCLES,BACKEND,SUB-EVENT,attn_11_head_6_qkv_MatMul_0:OpId_11240 (cycles)
106260775453,EXECUTE,39568,CYCLES,BACKEND,SUB-EVENT,attn_11_head_7_qkv_MatMul_0:OpId_11244 (cycles)
106260775453,EXECUTE,4967,CYCLES,BACKEND,SUB-EVENT,attn_11_head_8_qkv_MatMul_0:OpId_11248 (cycles)
106260775453,EXECUTE,5231,CYCLES,BACKEND,SUB-EVENT,attn_11_head_9_qkv_MatMul_0:OpId_11252 (cycles)
106260775453,EXECUTE,5463,CYCLES,BACKEND,SUB-EVENT,attn_11_head_10_qkv_MatMul_0:OpId_11256 (cycles)
106260775453,EXECUTE,5171,CYCLES,BACKEND,SUB-EVENT,attn_11_head_11_qkv_MatMul_0:OpId_11260 (cycles)
106260775453,EXECUTE,5236,CYCLES,BACKEND,SUB-EVENT,attn_11_head_12_qkv_MatMul_0:OpId_11264 (cycles)
106260775453,EXECUTE,4406,CYCLES,BACKEND,SUB-EVENT,attn_11_head_13_qkv_MatMul_0:OpId_11268 (cycles)
106260775453,EXECUTE,0,CYCLES,BACKEND,SUB-EVENT,Concat_275:OpId_11272 (cycles)
106260775453,EXECUTE,0,CYCLES,BACKEND,SUB-EVENT,Reshape_13:OpId_11274 (cycles)
106260775453,EXECUTE,0,CYCLES,BACKEND,SUB-EVENT,model_layers_11_self_attn_Transpose_6:OpId_11276 (cycles)
106260775453,EXECUTE,25891,CYCLES,BACKEND,SUB-EVENT,model_layers_11_self_attn_o_proj_conv_Conv:OpId_11284 (cycles)
106260775453,EXECUTE,0,CYCLES,BACKEND,SUB-EVENT,/model_layers_11_self_attn_o_proj_conv_Conv/Conv_output_0.nchw:OpId_11288 (cycles)
106260775453,EXECUTE,0,CYCLES,BACKEND,SUB-EVENT,model_layers_11_self_attn_Reshape_9:OpId_11289 (cycles)
106260775453,EXECUTE,13725,CYCLES,BACKEND,SUB-EVENT,model_layers_11_Add:OpId_11290 (cycles)
106260775453,EXECUTE,99160,CYCLES,BACKEND,SUB-EVENT,rms_norm_44:OpId_11295 (cycles)
106260775453,EXECUTE,0,CYCLES,BACKEND,SUB-EVENT,model_layers_11_mlp_Reshape:OpId_11298 (cycles)
106260775453,EXECUTE,0,CYCLES,BACKEND,SUB-EVENT,model_layers_11_mlp_Transpose:OpId_11300 (cycles)
106260775453,EXECUTE,130765,CYCLES,BACKEND,SUB-EVENT,model_layers_11_mlp_gate_proj_conv_Conv:OpId_11308 (cycles)
106260775453,EXECUTE,137016,CYCLES,BACKEND,SUB-EVENT,model_layers_11_mlp_up_proj_conv_Conv:OpId_11318 (cycles)
106260775453,EXECUTE,0,CYCLES,BACKEND,SUB-EVENT,model_layers_11_mlp_act_fn_Sigmoid:OpId_11321 (cycles)
106260775453,EXECUTE,404441,CYCLES,BACKEND,SUB-EVENT,model_layers_11_mlp_act_fn_Mul:OpId_11328 (cycles)
106260775453,EXECUTE,200000,CYCLES,BACKEND,SUB-EVENT,model_layers_11_mlp_Mul:OpId_11330 (cycles)
106260775453,EXECUTE,78854,CYCLES,BACKEND,SUB-EVENT,model_layers_11_mlp_down_proj_conv_Conv:OpId_11339 (cycles)
106260775453,EXECUTE,0,CYCLES,BACKEND,SUB-EVENT,/model_layers_11_mlp_down_proj_conv_Conv/Conv_output_0.nchw:OpId_11343 (cycles)
106260775453,EXECUTE,0,CYCLES,BACKEND,SUB-EVENT,model_layers_11_mlp_Reshape_1:OpId_11344 (cycles)
106260775453,EXECUTE,15570,CYCLES,BACKEND,SUB-EVENT,model_layers_11_Add_1:OpId_11345 (cycles)
106260775453,EXECUTE,94542,CYCLES,BACKEND,SUB-EVENT,rms_norm_46:OpId_11350 (cycles)
106260775453,EXECUTE,0,CYCLES,BACKEND,SUB-EVENT,model_layers_12_self_attn_Reshape:OpId_11353 (cycles)
106260775453,EXECUTE,0,CYCLES,BACKEND,SUB-EVENT,model_layers_12_self_attn_Transpose:OpId_11355 (cycles)
106260775453,EXECUTE,2684,CYCLES,BACKEND,SUB-EVENT,attn_12_head_0_key_Conv:OpId_11363 (cycles)
106260775453,EXECUTE,1420,CYCLES,BACKEND,SUB-EVENT,attn_12_head_0_value_Conv:OpId_11373 (cycles)
106260775453,EXECUTE,1898,CYCLES,BACKEND,SUB-EVENT,attn_12_head_0_value_Transpose/output_converted_UFIXED_POINT_8:OpId_11376 (cycles)
106260775453,EXECUTE,2428,CYCLES,BACKEND,SUB-EVENT,attn_12_head_1_key_Conv:OpId_11386 (cycles)
106260775453,EXECUTE,1696,CYCLES,BACKEND,SUB-EVENT,attn_12_head_1_value_Conv:OpId_11396 (cycles)
106260775453,EXECUTE,2007,CYCLES,BACKEND,SUB-EVENT,attn_12_head_1_value_Transpose/output_converted_UFIXED_POINT_8:OpId_11399 (cycles)
106260775453,EXECUTE,2333,CYCLES,BACKEND,SUB-EVENT,attn_12_head_0_query_Conv:OpId_11409 (cycles)
106260775453,EXECUTE,3024,CYCLES,BACKEND,SUB-EVENT,attn_12_head_1_query_Conv:OpId_11419 (cycles)
106260775453,EXECUTE,2561,CYCLES,BACKEND,SUB-EVENT,attn_12_head_2_query_Conv:OpId_11429 (cycles)
106260775453,EXECUTE,3512,CYCLES,BACKEND,SUB-EVENT,attn_12_head_3_query_Conv:OpId_11439 (cycles)
106260775453,EXECUTE,3090,CYCLES,BACKEND,SUB-EVENT,attn_12_head_4_query_Conv:OpId_11449 (cycles)
106260775453,EXECUTE,3092,CYCLES,BACKEND,SUB-EVENT,attn_12_head_5_query_Conv:OpId_11459 (cycles)
106260775453,EXECUTE,3797,CYCLES,BACKEND,SUB-EVENT,attn_12_head_6_query_Conv:OpId_11469 (cycles)
106260775453,EXECUTE,3941,CYCLES,BACKEND,SUB-EVENT,attn_12_head_7_query_Conv:OpId_11479 (cycles)
106260775453,EXECUTE,3936,CYCLES,BACKEND,SUB-EVENT,attn_12_head_8_query_Conv:OpId_11489 (cycles)
106260775453,EXECUTE,3861,CYCLES,BACKEND,SUB-EVENT,attn_12_head_9_query_Conv:OpId_11499 (cycles)
106260775453,EXECUTE,2906,CYCLES,BACKEND,SUB-EVENT,attn_12_head_10_query_Conv:OpId_11509 (cycles)
106260775453,EXECUTE,4137,CYCLES,BACKEND,SUB-EVENT,attn_12_head_11_query_Conv:OpId_11519 (cycles)
106260775453,EXECUTE,2861,CYCLES,BACKEND,SUB-EVENT,attn_12_head_12_query_Conv:OpId_11529 (cycles)
106260775453,EXECUTE,3193,CYCLES,BACKEND,SUB-EVENT,attn_12_head_13_query_Conv:OpId_11539 (cycles)
106260775453,EXECUTE,2379,CYCLES,BACKEND,SUB-EVENT,Slice_432:OpId_11543 (cycles)
106260775453,EXECUTE,2368,CYCLES,BACKEND,SUB-EVENT,Slice_433:OpId_11549 (cycles)
106260775453,EXECUTE,1808,CYCLES,BACKEND,SUB-EVENT,Slice_434:OpId_11555 (cycles)
106260775453,EXECUTE,1707,CYCLES,BACKEND,SUB-EVENT,Slice_435:OpId_11561 (cycles)
106260775453,EXECUTE,0,CYCLES,BACKEND,SUB-EVENT,Concat_297:OpId_11566 (cycles)
106260775453,EXECUTE,2077,CYCLES,BACKEND,SUB-EVENT,Slice_440:OpId_11569 (cycles)
106260775453,EXECUTE,1739,CYCLES,BACKEND,SUB-EVENT,Slice_441:OpId_11575 (cycles)
106260775453,EXECUTE,1818,CYCLES,BACKEND,SUB-EVENT,Slice_442:OpId_11581 (cycles)
106260775453,EXECUTE,1804,CYCLES,BACKEND,SUB-EVENT,Slice_443:OpId_11587 (cycles)
106260775453,EXECUTE,1722,CYCLES,BACKEND,SUB-EVENT,Slice_444:OpId_11593 (cycles)
106260775453,EXECUTE,1641,CYCLES,BACKEND,SUB-EVENT,Slice_445:OpId_11599 (cycles)
106260775453,EXECUTE,1819,CYCLES,BACKEND,SUB-EVENT,Slice_446:OpId_11605 (cycles)
106260775453,EXECUTE,1916,CYCLES,BACKEND,SUB-EVENT,Slice_447:OpId_11611 (cycles)
106260775453,EXECUTE,1971,CYCLES,BACKEND,SUB-EVENT,Slice_448:OpId_11617 (cycles)
106260775453,EXECUTE,1823,CYCLES,BACKEND,SUB-EVENT,Slice_449:OpId_11623 (cycles)
106260775453,EXECUTE,1845,CYCLES,BACKEND,SUB-EVENT,Slice_450:OpId_11629 (cycles)
106260775453,EXECUTE,1746,CYCLES,BACKEND,SUB-EVENT,Slice_451:OpId_11635 (cycles)
106260775453,EXECUTE,1832,CYCLES,BACKEND,SUB-EVENT,Slice_452:OpId_11641 (cycles)
106260775453,EXECUTE,2140,CYCLES,BACKEND,SUB-EVENT,Slice_453:OpId_11647 (cycles)
106260775453,EXECUTE,1777,CYCLES,BACKEND,SUB-EVENT,Slice_454:OpId_11653 (cycles)
106260775453,EXECUTE,1668,CYCLES,BACKEND,SUB-EVENT,Slice_455:OpId_11659 (cycles)
106260775453,EXECUTE,2031,CYCLES,BACKEND,SUB-EVENT,Slice_456:OpId_11665 (cycles)
106260775453,EXECUTE,2353,CYCLES,BACKEND,SUB-EVENT,Slice_457:OpId_11671 (cycles)
106260775453,EXECUTE,1913,CYCLES,BACKEND,SUB-EVENT,Slice_458:OpId_11677 (cycles)
106260775453,EXECUTE,1982,CYCLES,BACKEND,SUB-EVENT,Slice_459:OpId_11683 (cycles)
106260775453,EXECUTE,2003,CYCLES,BACKEND,SUB-EVENT,Slice_460:OpId_11689 (cycles)
106260775453,EXECUTE,1893,CYCLES,BACKEND,SUB-EVENT,Slice_461:OpId_11695 (cycles)
106260775453,EXECUTE,2494,CYCLES,BACKEND,SUB-EVENT,Slice_462:OpId_11701 (cycles)
106260775453,EXECUTE,1919,CYCLES,BACKEND,SUB-EVENT,Slice_463:OpId_11707 (cycles)
106260775453,EXECUTE,2100,CYCLES,BACKEND,SUB-EVENT,Slice_464:OpId_11713 (cycles)
106260775453,EXECUTE,1805,CYCLES,BACKEND,SUB-EVENT,Slice_465:OpId_11719 (cycles)
106260775453,EXECUTE,1877,CYCLES,BACKEND,SUB-EVENT,Slice_466:OpId_11725 (cycles)
106260775453,EXECUTE,1777,CYCLES,BACKEND,SUB-EVENT,Slice_467:OpId_11731 (cycles)
106260775453,EXECUTE,9025,CYCLES,BACKEND,SUB-EVENT,Concat_279:OpId_11736 (cycles)
106260775453,EXECUTE,8387,CYCLES,BACKEND,SUB-EVENT,Concat_281:OpId_11738 (cycles)
106260775453,EXECUTE,1737,CYCLES,BACKEND,SUB-EVENT,Mul_768:OpId_11740 (cycles)
106260775453,EXECUTE,1953,CYCLES,BACKEND,SUB-EVENT,Mul_770:OpId_11742 (cycles)
106260775453,EXECUTE,1637,CYCLES,BACKEND,SUB-EVENT,Mul_769:OpId_11744 (cycles)
106260775453,EXECUTE,1682,CYCLES,BACKEND,SUB-EVENT,Mul_771:OpId_11746 (cycles)
106260775453,EXECUTE,1418,CYCLES,BACKEND,SUB-EVENT,Mul_772:OpId_11748 (cycles)
106260775453,EXECUTE,1394,CYCLES,BACKEND,SUB-EVENT,Mul_774:OpId_11750 (cycles)
106260775453,EXECUTE,1414,CYCLES,BACKEND,SUB-EVENT,Mul_773:OpId_11752 (cycles)
106260775453,EXECUTE,1391,CYCLES,BACKEND,SUB-EVENT,Mul_775:OpId_11754 (cycles)
106260775453,EXECUTE,1688,CYCLES,BACKEND,SUB-EVENT,Mul_776:OpId_11756 (cycles)
106260775453,EXECUTE,1767,CYCLES,BACKEND,SUB-EVENT,Mul_778:OpId_11758 (cycles)
106260775453,EXECUTE,1819,CYCLES,BACKEND,SUB-EVENT,Mul_777:OpId_11760 (cycles)
106260775453,EXECUTE,1846,CYCLES,BACKEND,SUB-EVENT,Mul_779:OpId_11762 (cycles)
106260775453,EXECUTE,1408,CYCLES,BACKEND,SUB-EVENT,Mul_780:OpId_11764 (cycles)
106260775453,EXECUTE,1465,CYCLES,BACKEND,SUB-EVENT,Mul_782:OpId_11766 (cycles)
106260775453,EXECUTE,1385,CYCLES,BACKEND,SUB-EVENT,Mul_781:OpId_11768 (cycles)
106260775453,EXECUTE,1450,CYCLES,BACKEND,SUB-EVENT,Mul_783:OpId_11770 (cycles)
106260775453,EXECUTE,1652,CYCLES,BACKEND,SUB-EVENT,Mul_784:OpId_11772 (cycles)
106260775453,EXECUTE,1720,CYCLES,BACKEND,SUB-EVENT,Mul_786:OpId_11774 (cycles)
106260775453,EXECUTE,1455,CYCLES,BACKEND,SUB-EVENT,Mul_785:OpId_11776 (cycles)
106260775453,EXECUTE,1475,CYCLES,BACKEND,SUB-EVENT,Mul_787:OpId_11778 (cycles)
106260775453,EXECUTE,1407,CYCLES,BACKEND,SUB-EVENT,Mul_788:OpId_11780 (cycles)
106260775453,EXECUTE,1426,CYCLES,BACKEND,SUB-EVENT,Mul_790:OpId_11782 (cycles)
106260775453,EXECUTE,1415,CYCLES,BACKEND,SUB-EVENT,Mul_789:OpId_11784 (cycles)
106260775453,EXECUTE,1404,CYCLES,BACKEND,SUB-EVENT,Mul_791:OpId_11786 (cycles)
106260775453,EXECUTE,1563,CYCLES,BACKEND,SUB-EVENT,Mul_792:OpId_11788 (cycles)
106260775453,EXECUTE,1509,CYCLES,BACKEND,SUB-EVENT,Mul_794:OpId_11790 (cycles)
106260775453,EXECUTE,1927,CYCLES,BACKEND,SUB-EVENT,Mul_793:OpId_11792 (cycles)
106260775453,EXECUTE,1914,CYCLES,BACKEND,SUB-EVENT,Mul_795:OpId_11794 (cycles)
106260775453,EXECUTE,1654,CYCLES,BACKEND,SUB-EVENT,Mul_796:OpId_11796 (cycles)
106260775453,EXECUTE,1870,CYCLES,BACKEND,SUB-EVENT,Mul_798:OpId_11798 (cycles)
106260775453,EXECUTE,1753,CYCLES,BACKEND,SUB-EVENT,Mul_797:OpId_11800 (cycles)
106260775453,EXECUTE,1777,CYCLES,BACKEND,SUB-EVENT,Mul_799:OpId_11802 (cycles)
106260775453,EXECUTE,1404,CYCLES,BACKEND,SUB-EVENT,Mul_800:OpId_11804 (cycles)
106260775453,EXECUTE,1467,CYCLES,BACKEND,SUB-EVENT,Mul_802:OpId_11806 (cycles)
106260775453,EXECUTE,1393,CYCLES,BACKEND,SUB-EVENT,Mul_801:OpId_11808 (cycles)
106260775453,EXECUTE,1411,CYCLES,BACKEND,SUB-EVENT,Mul_803:OpId_11810 (cycles)
106260775453,EXECUTE,1413,CYCLES,BACKEND,SUB-EVENT,Mul_804:OpId_11812 (cycles)
106260775453,EXECUTE,1556,CYCLES,BACKEND,SUB-EVENT,Mul_806:OpId_11814 (cycles)
106260775453,EXECUTE,1605,CYCLES,BACKEND,SUB-EVENT,Mul_805:OpId_11816 (cycles)
106260775453,EXECUTE,1444,CYCLES,BACKEND,SUB-EVENT,Mul_807:OpId_11818 (cycles)
106260775453,EXECUTE,1672,CYCLES,BACKEND,SUB-EVENT,Mul_808:OpId_11820 (cycles)
106260775453,EXECUTE,1492,CYCLES,BACKEND,SUB-EVENT,Mul_810:OpId_11822 (cycles)
106260775453,EXECUTE,1794,CYCLES,BACKEND,SUB-EVENT,Mul_809:OpId_11824 (cycles)
106260775453,EXECUTE,1633,CYCLES,BACKEND,SUB-EVENT,Mul_811:OpId_11826 (cycles)
106260775453,EXECUTE,1553,CYCLES,BACKEND,SUB-EVENT,Mul_812:OpId_11828 (cycles)
106260775453,EXECUTE,1485,CYCLES,BACKEND,SUB-EVENT,Mul_814:OpId_11830 (cycles)
106260775453,EXECUTE,1488,CYCLES,BACKEND,SUB-EVENT,Mul_813:OpId_11832 (cycles)
106260775453,EXECUTE,1461,CYCLES,BACKEND,SUB-EVENT,Mul_815:OpId_11834 (cycles)
106260775453,EXECUTE,1435,CYCLES,BACKEND,SUB-EVENT,Mul_816:OpId_11836 (cycles)
106260775453,EXECUTE,1509,CYCLES,BACKEND,SUB-EVENT,Mul_818:OpId_11838 (cycles)
106260775453,EXECUTE,1440,CYCLES,BACKEND,SUB-EVENT,Mul_817:OpId_11840 (cycles)
106260775453,EXECUTE,1452,CYCLES,BACKEND,SUB-EVENT,Mul_819:OpId_11842 (cycles)
106260775453,EXECUTE,1719,CYCLES,BACKEND,SUB-EVENT,Mul_820:OpId_11844 (cycles)
106260775453,EXECUTE,1751,CYCLES,BACKEND,SUB-EVENT,Mul_822:OpId_11846 (cycles)
106260775453,EXECUTE,1449,CYCLES,BACKEND,SUB-EVENT,Mul_821:OpId_11848 (cycles)
106260775453,EXECUTE,1472,CYCLES,BACKEND,SUB-EVENT,Mul_823:OpId_11850 (cycles)
106260775453,EXECUTE,1447,CYCLES,BACKEND,SUB-EVENT,Mul_824:OpId_11852 (cycles)
106260775453,EXECUTE,1510,CYCLES,BACKEND,SUB-EVENT,Mul_826:OpId_11854 (cycles)
106260775453,EXECUTE,1424,CYCLES,BACKEND,SUB-EVENT,Mul_825:OpId_11856 (cycles)
106260775453,EXECUTE,1414,CYCLES,BACKEND,SUB-EVENT,Mul_827:OpId_11858 (cycles)
106260775453,EXECUTE,1379,CYCLES,BACKEND,SUB-EVENT,Mul_828:OpId_11860 (cycles)
106260775453,EXECUTE,1435,CYCLES,BACKEND,SUB-EVENT,Mul_830:OpId_11862 (cycles)
106260775453,EXECUTE,1391,CYCLES,BACKEND,SUB-EVENT,Mul_829:OpId_11864 (cycles)
106260775453,EXECUTE,1449,CYCLES,BACKEND,SUB-EVENT,Mul_831:OpId_11866 (cycles)
106260775453,EXECUTE,1924,CYCLES,BACKEND,SUB-EVENT,Sub_192:OpId_11868 (cycles)
106260775453,EXECUTE,516,CYCLES,BACKEND,SUB-EVENT,Sub_192_converted_UFIXED_POINT_8:OpId_11870 (cycles)
106260775453,EXECUTE,2066,CYCLES,BACKEND,SUB-EVENT,Add_360:OpId_11873 (cycles)
106260775453,EXECUTE,663,CYCLES,BACKEND,SUB-EVENT,Add_360_converted_UFIXED_POINT_8:OpId_11875 (cycles)
106260775453,EXECUTE,1810,CYCLES,BACKEND,SUB-EVENT,Sub_193:OpId_11878 (cycles)
106260775453,EXECUTE,484,CYCLES,BACKEND,SUB-EVENT,Sub_193_converted_UFIXED_POINT_8:OpId_11880 (cycles)
106260775453,EXECUTE,1815,CYCLES,BACKEND,SUB-EVENT,Add_361:OpId_11883 (cycles)
106260775453,EXECUTE,678,CYCLES,BACKEND,SUB-EVENT,Add_361_converted_UFIXED_POINT_8:OpId_11885 (cycles)
106260775453,EXECUTE,2098,CYCLES,BACKEND,SUB-EVENT,Sub_194:OpId_11888 (cycles)
106260775453,EXECUTE,2709,CYCLES,BACKEND,SUB-EVENT,Add_362:OpId_11890 (cycles)
106260775453,EXECUTE,1506,CYCLES,BACKEND,SUB-EVENT,Sub_195:OpId_11892 (cycles)
106260775453,EXECUTE,2440,CYCLES,BACKEND,SUB-EVENT,Add_364:OpId_11894 (cycles)
106260775453,EXECUTE,1568,CYCLES,BACKEND,SUB-EVENT,Sub_196:OpId_11896 (cycles)
106260775453,EXECUTE,2234,CYCLES,BACKEND,SUB-EVENT,Add_366:OpId_11898 (cycles)
106260775453,EXECUTE,1525,CYCLES,BACKEND,SUB-EVENT,Sub_197:OpId_11900 (cycles)
106260775453,EXECUTE,2436,CYCLES,BACKEND,SUB-EVENT,Add_368:OpId_11902 (cycles)
106260775453,EXECUTE,1654,CYCLES,BACKEND,SUB-EVENT,Sub_198:OpId_11904 (cycles)
106260775453,EXECUTE,2441,CYCLES,BACKEND,SUB-EVENT,Add_370:OpId_11906 (cycles)
106260775453,EXECUTE,1714,CYCLES,BACKEND,SUB-EVENT,Sub_199:OpId_11908 (cycles)
106260775453,EXECUTE,2727,CYCLES,BACKEND,SUB-EVENT,Add_372:OpId_11910 (cycles)
106260775453,EXECUTE,1528,CYCLES,BACKEND,SUB-EVENT,Sub_200:OpId_11912 (cycles)
106260775453,EXECUTE,3135,CYCLES,BACKEND,SUB-EVENT,Add_374:OpId_11914 (cycles)
106260775453,EXECUTE,1618,CYCLES,BACKEND,SUB-EVENT,Sub_201:OpId_11916 (cycles)
106260775453,EXECUTE,2173,CYCLES,BACKEND,SUB-EVENT,Add_376:OpId_11918 (cycles)
106260775453,EXECUTE,1531,CYCLES,BACKEND,SUB-EVENT,Sub_202:OpId_11920 (cycles)
106260775453,EXECUTE,2574,CYCLES,BACKEND,SUB-EVENT,Add_378:OpId_11922 (cycles)
106260775453,EXECUTE,1580,CYCLES,BACKEND,SUB-EVENT,Sub_203:OpId_11924 (cycles)
106260775453,EXECUTE,2887,CYCLES,BACKEND,SUB-EVENT,Add_380:OpId_11926 (cycles)
106260775453,EXECUTE,1528,CYCLES,BACKEND,SUB-EVENT,Sub_204:OpId_11928 (cycles)
106260775453,EXECUTE,2864,CYCLES,BACKEND,SUB-EVENT,Add_382:OpId_11930 (cycles)
106260775453,EXECUTE,1563,CYCLES,BACKEND,SUB-EVENT,Sub_205:OpId_11932 (cycles)
106260775453,EXECUTE,2268,CYCLES,BACKEND,SUB-EVENT,Add_384:OpId_11934 (cycles)
106260775453,EXECUTE,1895,CYCLES,BACKEND,SUB-EVENT,Sub_206:OpId_11936 (cycles)
106260775453,EXECUTE,2581,CYCLES,BACKEND,SUB-EVENT,Add_386:OpId_11938 (cycles)
106260775453,EXECUTE,1951,CYCLES,BACKEND,SUB-EVENT,Sub_207:OpId_11940 (cycles)
106260775453,EXECUTE,2750,CYCLES,BACKEND,SUB-EVENT,Add_388:OpId_11942 (cycles)
106260775453,EXECUTE,1944,CYCLES,BACKEND,SUB-EVENT,Concat_276:OpId_11944 (cycles)
106260775453,EXECUTE,1852,CYCLES,BACKEND,SUB-EVENT,Concat_277:OpId_11946 (cycles)
106260775453,EXECUTE,0,CYCLES,BACKEND,SUB-EVENT,Concat_282:OpId_11948 (cycles)
106260775453,EXECUTE,0,CYCLES,BACKEND,SUB-EVENT,Concat_283:OpId_11950 (cycles)
106260775453,EXECUTE,0,CYCLES,BACKEND,SUB-EVENT,Concat_284:OpId_11952 (cycles)
106260775453,EXECUTE,0,CYCLES,BACKEND,SUB-EVENT,Concat_285:OpId_11954 (cycles)
106260775453,EXECUTE,0,CYCLES,BACKEND,SUB-EVENT,Concat_286:OpId_11956 (cycles)
106260775453,EXECUTE,0,CYCLES,BACKEND,SUB-EVENT,Concat_287:OpId_11958 (cycles)
106260775453,EXECUTE,0,CYCLES,BACKEND,SUB-EVENT,Concat_288:OpId_11960 (cycles)
106260775453,EXECUTE,0,CYCLES,BACKEND,SUB-EVENT,Concat_289:OpId_11962 (cycles)
106260775453,EXECUTE,0,CYCLES,BACKEND,SUB-EVENT,Concat_290:OpId_11964 (cycles)
106260775453,EXECUTE,0,CYCLES,BACKEND,SUB-EVENT,Concat_291:OpId_11966 (cycles)
106260775453,EXECUTE,0,CYCLES,BACKEND,SUB-EVENT,Concat_292:OpId_11968 (cycles)
106260775453,EXECUTE,0,CYCLES,BACKEND,SUB-EVENT,Concat_293:OpId_11970 (cycles)
106260775453,EXECUTE,0,CYCLES,BACKEND,SUB-EVENT,Concat_294:OpId_11972 (cycles)
106260775453,EXECUTE,0,CYCLES,BACKEND,SUB-EVENT,Concat_295:OpId_11974 (cycles)
106260775453,EXECUTE,5639,CYCLES,BACKEND,SUB-EVENT,attn_12_head_0_key_Transpose_0:OpId_11977 (cycles)
106260775453,EXECUTE,5156,CYCLES,BACKEND,SUB-EVENT,attn_12_head_1_key_Transpose_0:OpId_11979 (cycles)
106260775453,EXECUTE,0,CYCLES,BACKEND,SUB-EVENT,Concat_278:OpId_11980 (cycles)
106260775453,EXECUTE,0,CYCLES,BACKEND,SUB-EVENT,Concat_280:OpId_11982 (cycles)
106260775453,EXECUTE,0,CYCLES,BACKEND,SUB-EVENT,Concat_296:OpId_11984 (cycles)
106260775453,EXECUTE,132727,CYCLES,BACKEND,SUB-EVENT,attn_12_head_0_qk_MatMul_0:OpId_11986 (cycles)
106260775453,EXECUTE,16888,CYCLES,BACKEND,SUB-EVENT,attn_12_head_1_qk_MatMul_0:OpId_11990 (cycles)
106260775453,EXECUTE,17163,CYCLES,BACKEND,SUB-EVENT,attn_12_head_2_qk_MatMul_0:OpId_11994 (cycles)
106260775453,EXECUTE,17075,CYCLES,BACKEND,SUB-EVENT,attn_12_head_3_qk_MatMul_0:OpId_11998 (cycles)
106260775453,EXECUTE,16190,CYCLES,BACKEND,SUB-EVENT,attn_12_head_4_qk_MatMul_0:OpId_12002 (cycles)
106260775453,EXECUTE,16621,CYCLES,BACKEND,SUB-EVENT,attn_12_head_5_qk_MatMul_0:OpId_12006 (cycles)
106260775453,EXECUTE,16330,CYCLES,BACKEND,SUB-EVENT,attn_12_head_6_qk_MatMul_0:OpId_12010 (cycles)
106260775453,EXECUTE,134658,CYCLES,BACKEND,SUB-EVENT,attn_12_head_7_qk_MatMul_0:OpId_12014 (cycles)
106260775453,EXECUTE,16835,CYCLES,BACKEND,SUB-EVENT,attn_12_head_8_qk_MatMul_0:OpId_12018 (cycles)
106260775453,EXECUTE,17037,CYCLES,BACKEND,SUB-EVENT,attn_12_head_9_qk_MatMul_0:OpId_12022 (cycles)
106260775453,EXECUTE,16422,CYCLES,BACKEND,SUB-EVENT,attn_12_head_10_qk_MatMul_0:OpId_12026 (cycles)
106260775453,EXECUTE,16774,CYCLES,BACKEND,SUB-EVENT,attn_12_head_11_qk_MatMul_0:OpId_12030 (cycles)
106260775453,EXECUTE,14800,CYCLES,BACKEND,SUB-EVENT,attn_12_head_12_qk_MatMul_0:OpId_12034 (cycles)
106260775453,EXECUTE,16603,CYCLES,BACKEND,SUB-EVENT,attn_12_head_13_qk_MatMul_0:OpId_12038 (cycles)
106260775453,EXECUTE,65055,CYCLES,BACKEND,SUB-EVENT,Add_363:OpId_12042 (cycles)
106260775453,EXECUTE,61531,CYCLES,BACKEND,SUB-EVENT,Add_365:OpId_12044 (cycles)
106260775453,EXECUTE,74037,CYCLES,BACKEND,SUB-EVENT,Add_367:OpId_12046 (cycles)
106260775453,EXECUTE,54648,CYCLES,BACKEND,SUB-EVENT,Add_369:OpId_12048 (cycles)
106260775453,EXECUTE,64574,CYCLES,BACKEND,SUB-EVENT,Add_371:OpId_12050 (cycles)
106260775453,EXECUTE,66071,CYCLES,BACKEND,SUB-EVENT,Add_373:OpId_12052 (cycles)
106260775453,EXECUTE,57519,CYCLES,BACKEND,SUB-EVENT,Add_375:OpId_12054 (cycles)
106260775453,EXECUTE,66664,CYCLES,BACKEND,SUB-EVENT,Add_377:OpId_12056 (cycles)
106260775453,EXECUTE,66048,CYCLES,BACKEND,SUB-EVENT,Add_379:OpId_12058 (cycles)
106260775453,EXECUTE,60578,CYCLES,BACKEND,SUB-EVENT,Add_381:OpId_12060 (cycles)
106260775453,EXECUTE,70315,CYCLES,BACKEND,SUB-EVENT,Add_383:OpId_12062 (cycles)
106260775453,EXECUTE,65860,CYCLES,BACKEND,SUB-EVENT,Add_385:OpId_12064 (cycles)
106260775453,EXECUTE,63643,CYCLES,BACKEND,SUB-EVENT,Add_387:OpId_12066 (cycles)
106260775453,EXECUTE,68477,CYCLES,BACKEND,SUB-EVENT,Add_389:OpId_12068 (cycles)
106260775453,EXECUTE,158753,CYCLES,BACKEND,SUB-EVENT,attn_12_head_0_Softmax_0:OpId_12070 (cycles)
106260775453,EXECUTE,160554,CYCLES,BACKEND,SUB-EVENT,attn_12_head_1_Softmax_0:OpId_12073 (cycles)
106260775453,EXECUTE,149200,CYCLES,BACKEND,SUB-EVENT,attn_12_head_2_Softmax_0:OpId_12076 (cycles)
106260775453,EXECUTE,158119,CYCLES,BACKEND,SUB-EVENT,attn_12_head_3_Softmax_0:OpId_12079 (cycles)
106260775453,EXECUTE,163007,CYCLES,BACKEND,SUB-EVENT,attn_12_head_4_Softmax_0:OpId_12082 (cycles)
106260775453,EXECUTE,149374,CYCLES,BACKEND,SUB-EVENT,attn_12_head_5_Softmax_0:OpId_12085 (cycles)
106260775453,EXECUTE,158527,CYCLES,BACKEND,SUB-EVENT,attn_12_head_6_Softmax_0:OpId_12088 (cycles)
106260775453,EXECUTE,157379,CYCLES,BACKEND,SUB-EVENT,attn_12_head_7_Softmax_0:OpId_12091 (cycles)
106260775453,EXECUTE,148556,CYCLES,BACKEND,SUB-EVENT,attn_12_head_8_Softmax_0:OpId_12094 (cycles)
106260775453,EXECUTE,164305,CYCLES,BACKEND,SUB-EVENT,attn_12_head_9_Softmax_0:OpId_12097 (cycles)
106260775453,EXECUTE,159869,CYCLES,BACKEND,SUB-EVENT,attn_12_head_10_Softmax_0:OpId_12100 (cycles)
106260775453,EXECUTE,148681,CYCLES,BACKEND,SUB-EVENT,attn_12_head_11_Softmax_0:OpId_12103 (cycles)
106260775453,EXECUTE,156163,CYCLES,BACKEND,SUB-EVENT,attn_12_head_12_Softmax_0:OpId_12106 (cycles)
106260775453,EXECUTE,149342,CYCLES,BACKEND,SUB-EVENT,attn_12_head_13_Softmax_0:OpId_12109 (cycles)
106260775453,EXECUTE,43251,CYCLES,BACKEND,SUB-EVENT,attn_12_head_0_qkv_MatMul_0:OpId_12112 (cycles)
106260775453,EXECUTE,5101,CYCLES,BACKEND,SUB-EVENT,attn_12_head_1_qkv_MatMul_0:OpId_12116 (cycles)
106260775453,EXECUTE,4989,CYCLES,BACKEND,SUB-EVENT,attn_12_head_2_qkv_MatMul_0:OpId_12120 (cycles)
106260775453,EXECUTE,4657,CYCLES,BACKEND,SUB-EVENT,attn_12_head_3_qkv_MatMul_0:OpId_12124 (cycles)
106260775453,EXECUTE,5230,CYCLES,BACKEND,SUB-EVENT,attn_12_head_4_qkv_MatMul_0:OpId_12128 (cycles)
106260775453,EXECUTE,5166,CYCLES,BACKEND,SUB-EVENT,attn_12_head_5_qkv_MatMul_0:OpId_12132 (cycles)
106260775453,EXECUTE,5118,CYCLES,BACKEND,SUB-EVENT,attn_12_head_6_qkv_MatMul_0:OpId_12136 (cycles)
106260775453,EXECUTE,40015,CYCLES,BACKEND,SUB-EVENT,attn_12_head_7_qkv_MatMul_0:OpId_12140 (cycles)
106260775453,EXECUTE,5313,CYCLES,BACKEND,SUB-EVENT,attn_12_head_8_qkv_MatMul_0:OpId_12144 (cycles)
106260775453,EXECUTE,5305,CYCLES,BACKEND,SUB-EVENT,attn_12_head_9_qkv_MatMul_0:OpId_12148 (cycles)
106260775453,EXECUTE,5176,CYCLES,BACKEND,SUB-EVENT,attn_12_head_10_qkv_MatMul_0:OpId_12152 (cycles)
106260775453,EXECUTE,4608,CYCLES,BACKEND,SUB-EVENT,attn_12_head_11_qkv_MatMul_0:OpId_12156 (cycles)
106260775453,EXECUTE,5213,CYCLES,BACKEND,SUB-EVENT,attn_12_head_12_qkv_MatMul_0:OpId_12160 (cycles)
106260775453,EXECUTE,4378,CYCLES,BACKEND,SUB-EVENT,attn_12_head_13_qkv_MatMul_0:OpId_12164 (cycles)
106260775453,EXECUTE,0,CYCLES,BACKEND,SUB-EVENT,Concat_298:OpId_12168 (cycles)
106260775453,EXECUTE,0,CYCLES,BACKEND,SUB-EVENT,Reshape_14:OpId_12170 (cycles)
106260775453,EXECUTE,0,CYCLES,BACKEND,SUB-EVENT,model_layers_12_self_attn_Transpose_6:OpId_12172 (cycles)
106260775453,EXECUTE,36966,CYCLES,BACKEND,SUB-EVENT,model_layers_12_self_attn_o_proj_conv_Conv:OpId_12180 (cycles)
106260775453,EXECUTE,0,CYCLES,BACKEND,SUB-EVENT,/model_layers_12_self_attn_o_proj_conv_Conv/Conv_output_0.nchw:OpId_12184 (cycles)
106260775453,EXECUTE,0,CYCLES,BACKEND,SUB-EVENT,model_layers_12_self_attn_Reshape_9:OpId_12185 (cycles)
106260775453,EXECUTE,14105,CYCLES,BACKEND,SUB-EVENT,model_layers_12_Add:OpId_12186 (cycles)
106260775453,EXECUTE,104595,CYCLES,BACKEND,SUB-EVENT,rms_norm_48:OpId_12191 (cycles)
106260775453,EXECUTE,0,CYCLES,BACKEND,SUB-EVENT,model_layers_12_mlp_Reshape:OpId_12194 (cycles)
106260775453,EXECUTE,0,CYCLES,BACKEND,SUB-EVENT,model_layers_12_mlp_Transpose:OpId_12196 (cycles)
106260775453,EXECUTE,129383,CYCLES,BACKEND,SUB-EVENT,model_layers_12_mlp_gate_proj_conv_Conv:OpId_12204 (cycles)
106260775453,EXECUTE,153390,CYCLES,BACKEND,SUB-EVENT,model_layers_12_mlp_up_proj_conv_Conv:OpId_12214 (cycles)
106260775453,EXECUTE,0,CYCLES,BACKEND,SUB-EVENT,model_layers_12_mlp_act_fn_Sigmoid:OpId_12217 (cycles)
106260775453,EXECUTE,414855,CYCLES,BACKEND,SUB-EVENT,model_layers_12_mlp_act_fn_Mul:OpId_12224 (cycles)
106260775453,EXECUTE,192068,CYCLES,BACKEND,SUB-EVENT,model_layers_12_mlp_Mul:OpId_12226 (cycles)
106260775453,EXECUTE,81011,CYCLES,BACKEND,SUB-EVENT,model_layers_12_mlp_down_proj_conv_Conv:OpId_12235 (cycles)
106260775453,EXECUTE,0,CYCLES,BACKEND,SUB-EVENT,/model_layers_12_mlp_down_proj_conv_Conv/Conv_output_0.nchw:OpId_12239 (cycles)
106260775453,EXECUTE,0,CYCLES,BACKEND,SUB-EVENT,model_layers_12_mlp_Reshape_1:OpId_12240 (cycles)
106260775453,EXECUTE,15365,CYCLES,BACKEND,SUB-EVENT,model_layers_12_Add_1:OpId_12241 (cycles)
106260775453,EXECUTE,94399,CYCLES,BACKEND,SUB-EVENT,rms_norm_50:OpId_12246 (cycles)
106260775453,EXECUTE,0,CYCLES,BACKEND,SUB-EVENT,model_layers_13_self_attn_Reshape:OpId_12249 (cycles)
106260775453,EXECUTE,0,CYCLES,BACKEND,SUB-EVENT,model_layers_13_self_attn_Transpose:OpId_12251 (cycles)
106260775453,EXECUTE,2546,CYCLES,BACKEND,SUB-EVENT,attn_13_head_0_key_Conv:OpId_12259 (cycles)
106260775453,EXECUTE,1846,CYCLES,BACKEND,SUB-EVENT,attn_13_head_0_value_Conv:OpId_12269 (cycles)
106260775453,EXECUTE,1803,CYCLES,BACKEND,SUB-EVENT,attn_13_head_0_value_Transpose/output_converted_UFIXED_POINT_8:OpId_12272 (cycles)
106260775453,EXECUTE,2321,CYCLES,BACKEND,SUB-EVENT,attn_13_head_1_key_Conv:OpId_12282 (cycles)
106260775453,EXECUTE,1438,CYCLES,BACKEND,SUB-EVENT,attn_13_head_1_value_Conv:OpId_12292 (cycles)
106260775453,EXECUTE,1740,CYCLES,BACKEND,SUB-EVENT,attn_13_head_1_value_Transpose/output_converted_UFIXED_POINT_8:OpId_12295 (cycles)
106260775453,EXECUTE,2263,CYCLES,BACKEND,SUB-EVENT,attn_13_head_0_query_Conv:OpId_12305 (cycles)
106260775453,EXECUTE,2540,CYCLES,BACKEND,SUB-EVENT,attn_13_head_1_query_Conv:OpId_12315 (cycles)
106260775453,EXECUTE,2639,CYCLES,BACKEND,SUB-EVENT,attn_13_head_2_query_Conv:OpId_12325 (cycles)
106260775453,EXECUTE,4172,CYCLES,BACKEND,SUB-EVENT,attn_13_head_3_query_Conv:OpId_12335 (cycles)
106260775453,EXECUTE,3454,CYCLES,BACKEND,SUB-EVENT,attn_13_head_4_query_Conv:OpId_12345 (cycles)
106260775453,EXECUTE,3877,CYCLES,BACKEND,SUB-EVENT,attn_13_head_5_query_Conv:OpId_12355 (cycles)
106260775453,EXECUTE,3313,CYCLES,BACKEND,SUB-EVENT,attn_13_head_6_query_Conv:OpId_12365 (cycles)
106260775453,EXECUTE,3321,CYCLES,BACKEND,SUB-EVENT,attn_13_head_7_query_Conv:OpId_12375 (cycles)
106260775453,EXECUTE,4249,CYCLES,BACKEND,SUB-EVENT,attn_13_head_8_query_Conv:OpId_12385 (cycles)
106260775453,EXECUTE,3743,CYCLES,BACKEND,SUB-EVENT,attn_13_head_9_query_Conv:OpId_12395 (cycles)
106260775453,EXECUTE,2864,CYCLES,BACKEND,SUB-EVENT,attn_13_head_10_query_Conv:OpId_12405 (cycles)
106260775453,EXECUTE,3140,CYCLES,BACKEND,SUB-EVENT,attn_13_head_11_query_Conv:OpId_12415 (cycles)
106260775453,EXECUTE,3757,CYCLES,BACKEND,SUB-EVENT,attn_13_head_12_query_Conv:OpId_12425 (cycles)
106260775453,EXECUTE,2840,CYCLES,BACKEND,SUB-EVENT,attn_13_head_13_query_Conv:OpId_12435 (cycles)
106260775453,EXECUTE,2835,CYCLES,BACKEND,SUB-EVENT,Slice_468:OpId_12439 (cycles)
106260775453,EXECUTE,2841,CYCLES,BACKEND,SUB-EVENT,Slice_469:OpId_12445 (cycles)
106260775453,EXECUTE,1781,CYCLES,BACKEND,SUB-EVENT,Slice_470:OpId_12451 (cycles)
106260775453,EXECUTE,1790,CYCLES,BACKEND,SUB-EVENT,Slice_471:OpId_12457 (cycles)
106260775453,EXECUTE,0,CYCLES,BACKEND,SUB-EVENT,Concat_320:OpId_12462 (cycles)
106260775453,EXECUTE,1915,CYCLES,BACKEND,SUB-EVENT,Slice_476:OpId_12465 (cycles)
106260775453,EXECUTE,1838,CYCLES,BACKEND,SUB-EVENT,Slice_477:OpId_12471 (cycles)
106260775453,EXECUTE,1814,CYCLES,BACKEND,SUB-EVENT,Slice_478:OpId_12477 (cycles)
106260775453,EXECUTE,1688,CYCLES,BACKEND,SUB-EVENT,Slice_479:OpId_12483 (cycles)
106260775453,EXECUTE,1752,CYCLES,BACKEND,SUB-EVENT,Slice_480:OpId_12489 (cycles)
106260775453,EXECUTE,1655,CYCLES,BACKEND,SUB-EVENT,Slice_481:OpId_12495 (cycles)
106260775453,EXECUTE,1806,CYCLES,BACKEND,SUB-EVENT,Slice_482:OpId_12501 (cycles)
106260775453,EXECUTE,2102,CYCLES,BACKEND,SUB-EVENT,Slice_483:OpId_12507 (cycles)
106260775453,EXECUTE,1895,CYCLES,BACKEND,SUB-EVENT,Slice_484:OpId_12513 (cycles)
106260775453,EXECUTE,1752,CYCLES,BACKEND,SUB-EVENT,Slice_485:OpId_12519 (cycles)
106260775453,EXECUTE,1837,CYCLES,BACKEND,SUB-EVENT,Slice_486:OpId_12525 (cycles)
106260775453,EXECUTE,1786,CYCLES,BACKEND,SUB-EVENT,Slice_487:OpId_12531 (cycles)
106260775453,EXECUTE,1782,CYCLES,BACKEND,SUB-EVENT,Slice_488:OpId_12537 (cycles)
106260775453,EXECUTE,1734,CYCLES,BACKEND,SUB-EVENT,Slice_489:OpId_12543 (cycles)
106260775453,EXECUTE,1697,CYCLES,BACKEND,SUB-EVENT,Slice_490:OpId_12549 (cycles)
106260775453,EXECUTE,1694,CYCLES,BACKEND,SUB-EVENT,Slice_491:OpId_12555 (cycles)
106260775453,EXECUTE,1979,CYCLES,BACKEND,SUB-EVENT,Slice_492:OpId_12561 (cycles)
106260775453,EXECUTE,1800,CYCLES,BACKEND,SUB-EVENT,Slice_493:OpId_12567 (cycles)
106260775453,EXECUTE,1770,CYCLES,BACKEND,SUB-EVENT,Slice_494:OpId_12573 (cycles)
106260775453,EXECUTE,1700,CYCLES,BACKEND,SUB-EVENT,Slice_495:OpId_12579 (cycles)
106260775453,EXECUTE,1673,CYCLES,BACKEND,SUB-EVENT,Slice_496:OpId_12585 (cycles)
106260775453,EXECUTE,1709,CYCLES,BACKEND,SUB-EVENT,Slice_497:OpId_12591 (cycles)
106260775453,EXECUTE,2598,CYCLES,BACKEND,SUB-EVENT,Slice_498:OpId_12597 (cycles)
106260775453,EXECUTE,2075,CYCLES,BACKEND,SUB-EVENT,Slice_499:OpId_12603 (cycles)
106260775453,EXECUTE,1995,CYCLES,BACKEND,SUB-EVENT,Slice_500:OpId_12609 (cycles)
106260775453,EXECUTE,1935,CYCLES,BACKEND,SUB-EVENT,Slice_501:OpId_12615 (cycles)
106260775453,EXECUTE,2506,CYCLES,BACKEND,SUB-EVENT,Slice_502:OpId_12621 (cycles)
106260775453,EXECUTE,2376,CYCLES,BACKEND,SUB-EVENT,Slice_503:OpId_12627 (cycles)
106260775453,EXECUTE,7255,CYCLES,BACKEND,SUB-EVENT,Concat_302:OpId_12632 (cycles)
106260775453,EXECUTE,6443,CYCLES,BACKEND,SUB-EVENT,Concat_304:OpId_12634 (cycles)
106260775453,EXECUTE,1903,CYCLES,BACKEND,SUB-EVENT,Mul_832:OpId_12636 (cycles)
106260775453,EXECUTE,1620,CYCLES,BACKEND,SUB-EVENT,Mul_834:OpId_12638 (cycles)
106260775453,EXECUTE,1635,CYCLES,BACKEND,SUB-EVENT,Mul_833:OpId_12640 (cycles)
106260775453,EXECUTE,1568,CYCLES,BACKEND,SUB-EVENT,Mul_835:OpId_12642 (cycles)
106260775453,EXECUTE,1429,CYCLES,BACKEND,SUB-EVENT,Mul_836:OpId_12644 (cycles)
106260775453,EXECUTE,1418,CYCLES,BACKEND,SUB-EVENT,Mul_838:OpId_12646 (cycles)
106260775453,EXECUTE,1418,CYCLES,BACKEND,SUB-EVENT,Mul_837:OpId_12648 (cycles)
106260775453,EXECUTE,1398,CYCLES,BACKEND,SUB-EVENT,Mul_839:OpId_12650 (cycles)
106260775453,EXECUTE,1622,CYCLES,BACKEND,SUB-EVENT,Mul_840:OpId_12652 (cycles)
106260775453,EXECUTE,1626,CYCLES,BACKEND,SUB-EVENT,Mul_842:OpId_12654 (cycles)
106260775453,EXECUTE,1599,CYCLES,BACKEND,SUB-EVENT,Mul_841:OpId_12656 (cycles)
106260775453,EXECUTE,1568,CYCLES,BACKEND,SUB-EVENT,Mul_843:OpId_12658 (cycles)
106260775453,EXECUTE,1438,CYCLES,BACKEND,SUB-EVENT,Mul_844:OpId_12660 (cycles)
106260775453,EXECUTE,1574,CYCLES,BACKEND,SUB-EVENT,Mul_846:OpId_12662 (cycles)
106260775453,EXECUTE,1425,CYCLES,BACKEND,SUB-EVENT,Mul_845:OpId_12664 (cycles)
106260775453,EXECUTE,1437,CYCLES,BACKEND,SUB-EVENT,Mul_847:OpId_12666 (cycles)
106260775453,EXECUTE,1699,CYCLES,BACKEND,SUB-EVENT,Mul_848:OpId_12668 (cycles)
106260775453,EXECUTE,1832,CYCLES,BACKEND,SUB-EVENT,Mul_850:OpId_12670 (cycles)
106260775453,EXECUTE,1506,CYCLES,BACKEND,SUB-EVENT,Mul_849:OpId_12672 (cycles)
106260775453,EXECUTE,1440,CYCLES,BACKEND,SUB-EVENT,Mul_851:OpId_12674 (cycles)
106260775453,EXECUTE,1476,CYCLES,BACKEND,SUB-EVENT,Mul_852:OpId_12676 (cycles)
106260775453,EXECUTE,1804,CYCLES,BACKEND,SUB-EVENT,Mul_854:OpId_12678 (cycles)
106260775453,EXECUTE,1440,CYCLES,BACKEND,SUB-EVENT,Mul_853:OpId_12680 (cycles)
106260775453,EXECUTE,1514,CYCLES,BACKEND,SUB-EVENT,Mul_855:OpId_12682 (cycles)
106260775453,EXECUTE,1432,CYCLES,BACKEND,SUB-EVENT,Mul_856:OpId_12684 (cycles)
106260775453,EXECUTE,1511,CYCLES,BACKEND,SUB-EVENT,Mul_858:OpId_12686 (cycles)
106260775453,EXECUTE,1918,CYCLES,BACKEND,SUB-EVENT,Mul_857:OpId_12688 (cycles)
106260775453,EXECUTE,1945,CYCLES,BACKEND,SUB-EVENT,Mul_859:OpId_12690 (cycles)
106260775453,EXECUTE,1798,CYCLES,BACKEND,SUB-EVENT,Mul_860:OpId_12692 (cycles)
106260775453,EXECUTE,1839,CYCLES,BACKEND,SUB-EVENT,Mul_862:OpId_12694 (cycles)
106260775453,EXECUTE,1577,CYCLES,BACKEND,SUB-EVENT,Mul_861:OpId_12696 (cycles)
106260775453,EXECUTE,1634,CYCLES,BACKEND,SUB-EVENT,Mul_863:OpId_12698 (cycles)
106260775453,EXECUTE,1677,CYCLES,BACKEND,SUB-EVENT,Mul_864:OpId_12700 (cycles)
106260775453,EXECUTE,1720,CYCLES,BACKEND,SUB-EVENT,Mul_866:OpId_12702 (cycles)
106260775453,EXECUTE,1612,CYCLES,BACKEND,SUB-EVENT,Mul_865:OpId_12704 (cycles)
106260775453,EXECUTE,1601,CYCLES,BACKEND,SUB-EVENT,Mul_867:OpId_12706 (cycles)
106260775453,EXECUTE,1424,CYCLES,BACKEND,SUB-EVENT,Mul_868:OpId_12708 (cycles)
106260775453,EXECUTE,1541,CYCLES,BACKEND,SUB-EVENT,Mul_870:OpId_12710 (cycles)
106260775453,EXECUTE,1589,CYCLES,BACKEND,SUB-EVENT,Mul_869:OpId_12712 (cycles)
106260775453,EXECUTE,1424,CYCLES,BACKEND,SUB-EVENT,Mul_871:OpId_12714 (cycles)
106260775453,EXECUTE,1424,CYCLES,BACKEND,SUB-EVENT,Mul_872:OpId_12716 (cycles)
106260775453,EXECUTE,1469,CYCLES,BACKEND,SUB-EVENT,Mul_874:OpId_12718 (cycles)
106260775453,EXECUTE,1405,CYCLES,BACKEND,SUB-EVENT,Mul_873:OpId_12720 (cycles)
106260775453,EXECUTE,1433,CYCLES,BACKEND,SUB-EVENT,Mul_875:OpId_12722 (cycles)
106260775453,EXECUTE,1850,CYCLES,BACKEND,SUB-EVENT,Mul_876:OpId_12724 (cycles)
106260775453,EXECUTE,1780,CYCLES,BACKEND,SUB-EVENT,Mul_878:OpId_12726 (cycles)
106260775453,EXECUTE,1686,CYCLES,BACKEND,SUB-EVENT,Mul_877:OpId_12728 (cycles)
106260775453,EXECUTE,1646,CYCLES,BACKEND,SUB-EVENT,Mul_879:OpId_12730 (cycles)
106260775453,EXECUTE,1405,CYCLES,BACKEND,SUB-EVENT,Mul_880:OpId_12732 (cycles)
106260775453,EXECUTE,1502,CYCLES,BACKEND,SUB-EVENT,Mul_882:OpId_12734 (cycles)
106260775453,EXECUTE,1386,CYCLES,BACKEND,SUB-EVENT,Mul_881:OpId_12736 (cycles)
106260775453,EXECUTE,1444,CYCLES,BACKEND,SUB-EVENT,Mul_883:OpId_12738 (cycles)
106260775453,EXECUTE,1497,CYCLES,BACKEND,SUB-EVENT,Mul_884:OpId_12740 (cycles)
106260775453,EXECUTE,1530,CYCLES,BACKEND,SUB-EVENT,Mul_886:OpId_12742 (cycles)
106260775453,EXECUTE,1472,CYCLES,BACKEND,SUB-EVENT,Mul_885:OpId_12744 (cycles)
106260775453,EXECUTE,1519,CYCLES,BACKEND,SUB-EVENT,Mul_887:OpId_12746 (cycles)
106260775453,EXECUTE,1530,CYCLES,BACKEND,SUB-EVENT,Mul_888:OpId_12748 (cycles)
106260775453,EXECUTE,1544,CYCLES,BACKEND,SUB-EVENT,Mul_890:OpId_12750 (cycles)
106260775453,EXECUTE,1478,CYCLES,BACKEND,SUB-EVENT,Mul_889:OpId_12752 (cycles)
106260775453,EXECUTE,1462,CYCLES,BACKEND,SUB-EVENT,Mul_891:OpId_12754 (cycles)
106260775453,EXECUTE,1522,CYCLES,BACKEND,SUB-EVENT,Mul_892:OpId_12756 (cycles)
106260775453,EXECUTE,1531,CYCLES,BACKEND,SUB-EVENT,Mul_894:OpId_12758 (cycles)
106260775453,EXECUTE,1450,CYCLES,BACKEND,SUB-EVENT,Mul_893:OpId_12760 (cycles)
106260775453,EXECUTE,1469,CYCLES,BACKEND,SUB-EVENT,Mul_895:OpId_12762 (cycles)
106260775453,EXECUTE,1847,CYCLES,BACKEND,SUB-EVENT,Sub_208:OpId_12764 (cycles)
106260775453,EXECUTE,414,CYCLES,BACKEND,SUB-EVENT,Sub_208_converted_UFIXED_POINT_8:OpId_12766 (cycles)
106260775453,EXECUTE,1910,CYCLES,BACKEND,SUB-EVENT,Add_390:OpId_12769 (cycles)
106260775453,EXECUTE,702,CYCLES,BACKEND,SUB-EVENT,Add_390_converted_UFIXED_POINT_8:OpId_12771 (cycles)
106260775453,EXECUTE,1470,CYCLES,BACKEND,SUB-EVENT,Sub_209:OpId_12774 (cycles)
106260775453,EXECUTE,446,CYCLES,BACKEND,SUB-EVENT,Sub_209_converted_UFIXED_POINT_8:OpId_12776 (cycles)
106260775453,EXECUTE,1564,CYCLES,BACKEND,SUB-EVENT,Add_391:OpId_12779 (cycles)
106260775453,EXECUTE,419,CYCLES,BACKEND,SUB-EVENT,Add_391_converted_UFIXED_POINT_8:OpId_12781 (cycles)
106260775453,EXECUTE,2083,CYCLES,BACKEND,SUB-EVENT,Sub_210:OpId_12784 (cycles)
106260775453,EXECUTE,2562,CYCLES,BACKEND,SUB-EVENT,Add_392:OpId_12786 (cycles)
106260775453,EXECUTE,1528,CYCLES,BACKEND,SUB-EVENT,Sub_211:OpId_12788 (cycles)
106260775453,EXECUTE,2105,CYCLES,BACKEND,SUB-EVENT,Add_394:OpId_12790 (cycles)
106260775453,EXECUTE,1505,CYCLES,BACKEND,SUB-EVENT,Sub_212:OpId_12792 (cycles)
106260775453,EXECUTE,2758,CYCLES,BACKEND,SUB-EVENT,Add_396:OpId_12794 (cycles)
106260775453,EXECUTE,1736,CYCLES,BACKEND,SUB-EVENT,Sub_213:OpId_12796 (cycles)
106260775453,EXECUTE,2844,CYCLES,BACKEND,SUB-EVENT,Add_398:OpId_12798 (cycles)
106260775453,EXECUTE,1565,CYCLES,BACKEND,SUB-EVENT,Sub_214:OpId_12800 (cycles)
106260775453,EXECUTE,2486,CYCLES,BACKEND,SUB-EVENT,Add_400:OpId_12802 (cycles)
106260775453,EXECUTE,1499,CYCLES,BACKEND,SUB-EVENT,Sub_215:OpId_12804 (cycles)
106260775453,EXECUTE,2235,CYCLES,BACKEND,SUB-EVENT,Add_402:OpId_12806 (cycles)
106260775453,EXECUTE,1471,CYCLES,BACKEND,SUB-EVENT,Sub_216:OpId_12808 (cycles)
106260775453,EXECUTE,2524,CYCLES,BACKEND,SUB-EVENT,Add_404:OpId_12810 (cycles)
106260775453,EXECUTE,1836,CYCLES,BACKEND,SUB-EVENT,Sub_217:OpId_12812 (cycles)
106260775453,EXECUTE,2871,CYCLES,BACKEND,SUB-EVENT,Add_406:OpId_12814 (cycles)
106260775453,EXECUTE,1521,CYCLES,BACKEND,SUB-EVENT,Sub_218:OpId_12816 (cycles)
106260775453,EXECUTE,2726,CYCLES,BACKEND,SUB-EVENT,Add_408:OpId_12818 (cycles)
106260775453,EXECUTE,1689,CYCLES,BACKEND,SUB-EVENT,Sub_219:OpId_12820 (cycles)
106260775453,EXECUTE,2506,CYCLES,BACKEND,SUB-EVENT,Add_410:OpId_12822 (cycles)
106260775453,EXECUTE,1518,CYCLES,BACKEND,SUB-EVENT,Sub_220:OpId_12824 (cycles)
106260775453,EXECUTE,2556,CYCLES,BACKEND,SUB-EVENT,Add_412:OpId_12826 (cycles)
106260775453,EXECUTE,1656,CYCLES,BACKEND,SUB-EVENT,Sub_221:OpId_12828 (cycles)
106260775453,EXECUTE,2428,CYCLES,BACKEND,SUB-EVENT,Add_414:OpId_12830 (cycles)
106260775453,EXECUTE,1533,CYCLES,BACKEND,SUB-EVENT,Sub_222:OpId_12832 (cycles)
106260775453,EXECUTE,2975,CYCLES,BACKEND,SUB-EVENT,Add_416:OpId_12834 (cycles)
106260775453,EXECUTE,1515,CYCLES,BACKEND,SUB-EVENT,Sub_223:OpId_12836 (cycles)
106260775453,EXECUTE,2145,CYCLES,BACKEND,SUB-EVENT,Add_418:OpId_12838 (cycles)
106260775453,EXECUTE,1599,CYCLES,BACKEND,SUB-EVENT,Concat_299:OpId_12840 (cycles)
106260775453,EXECUTE,1595,CYCLES,BACKEND,SUB-EVENT,Concat_300:OpId_12842 (cycles)
106260775453,EXECUTE,0,CYCLES,BACKEND,SUB-EVENT,Concat_305:OpId_12844 (cycles)
106260775453,EXECUTE,0,CYCLES,BACKEND,SUB-EVENT,Concat_306:OpId_12846 (cycles)
106260775453,EXECUTE,0,CYCLES,BACKEND,SUB-EVENT,Concat_307:OpId_12848 (cycles)
106260775453,EXECUTE,0,CYCLES,BACKEND,SUB-EVENT,Concat_308:OpId_12850 (cycles)
106260775453,EXECUTE,0,CYCLES,BACKEND,SUB-EVENT,Concat_309:OpId_12852 (cycles)
106260775453,EXECUTE,0,CYCLES,BACKEND,SUB-EVENT,Concat_310:OpId_12854 (cycles)
106260775453,EXECUTE,0,CYCLES,BACKEND,SUB-EVENT,Concat_311:OpId_12856 (cycles)
106260775453,EXECUTE,0,CYCLES,BACKEND,SUB-EVENT,Concat_312:OpId_12858 (cycles)
106260775453,EXECUTE,0,CYCLES,BACKEND,SUB-EVENT,Concat_313:OpId_12860 (cycles)
106260775453,EXECUTE,0,CYCLES,BACKEND,SUB-EVENT,Concat_314:OpId_12862 (cycles)
106260775453,EXECUTE,0,CYCLES,BACKEND,SUB-EVENT,Concat_315:OpId_12864 (cycles)
106260775453,EXECUTE,0,CYCLES,BACKEND,SUB-EVENT,Concat_316:OpId_12866 (cycles)
106260775453,EXECUTE,0,CYCLES,BACKEND,SUB-EVENT,Concat_317:OpId_12868 (cycles)
106260775453,EXECUTE,0,CYCLES,BACKEND,SUB-EVENT,Concat_318:OpId_12870 (cycles)
106260775453,EXECUTE,5940,CYCLES,BACKEND,SUB-EVENT,attn_13_head_0_key_Transpose_0:OpId_12873 (cycles)
106260775453,EXECUTE,4821,CYCLES,BACKEND,SUB-EVENT,attn_13_head_1_key_Transpose_0:OpId_12875 (cycles)
106260775453,EXECUTE,0,CYCLES,BACKEND,SUB-EVENT,Concat_301:OpId_12876 (cycles)
106260775453,EXECUTE,0,CYCLES,BACKEND,SUB-EVENT,Concat_303:OpId_12878 (cycles)
106260775453,EXECUTE,0,CYCLES,BACKEND,SUB-EVENT,Concat_319:OpId_12880 (cycles)
106260775453,EXECUTE,130630,CYCLES,BACKEND,SUB-EVENT,attn_13_head_0_qk_MatMul_0:OpId_12882 (cycles)
106260775453,EXECUTE,17393,CYCLES,BACKEND,SUB-EVENT,attn_13_head_1_qk_MatMul_0:OpId_12886 (cycles)
106260775453,EXECUTE,17436,CYCLES,BACKEND,SUB-EVENT,attn_13_head_2_qk_MatMul_0:OpId_12890 (cycles)
106260775453,EXECUTE,17151,CYCLES,BACKEND,SUB-EVENT,attn_13_head_3_qk_MatMul_0:OpId_12894 (cycles)
106260775453,EXECUTE,16798,CYCLES,BACKEND,SUB-EVENT,attn_13_head_4_qk_MatMul_0:OpId_12898 (cycles)
106260775453,EXECUTE,16708,CYCLES,BACKEND,SUB-EVENT,attn_13_head_5_qk_MatMul_0:OpId_12902 (cycles)
106260775453,EXECUTE,16818,CYCLES,BACKEND,SUB-EVENT,attn_13_head_6_qk_MatMul_0:OpId_12906 (cycles)
106260775453,EXECUTE,132354,CYCLES,BACKEND,SUB-EVENT,attn_13_head_7_qk_MatMul_0:OpId_12910 (cycles)
106260775453,EXECUTE,16748,CYCLES,BACKEND,SUB-EVENT,attn_13_head_8_qk_MatMul_0:OpId_12914 (cycles)
106260775453,EXECUTE,16301,CYCLES,BACKEND,SUB-EVENT,attn_13_head_9_qk_MatMul_0:OpId_12918 (cycles)
106260775453,EXECUTE,16655,CYCLES,BACKEND,SUB-EVENT,attn_13_head_10_qk_MatMul_0:OpId_12922 (cycles)
106260775453,EXECUTE,16202,CYCLES,BACKEND,SUB-EVENT,attn_13_head_11_qk_MatMul_0:OpId_12926 (cycles)
106260775453,EXECUTE,16378,CYCLES,BACKEND,SUB-EVENT,attn_13_head_12_qk_MatMul_0:OpId_12930 (cycles)
106260775453,EXECUTE,18136,CYCLES,BACKEND,SUB-EVENT,attn_13_head_13_qk_MatMul_0:OpId_12934 (cycles)
106260775453,EXECUTE,62741,CYCLES,BACKEND,SUB-EVENT,Add_393:OpId_12938 (cycles)
106260775453,EXECUTE,61816,CYCLES,BACKEND,SUB-EVENT,Add_395:OpId_12940 (cycles)
106260775453,EXECUTE,59034,CYCLES,BACKEND,SUB-EVENT,Add_397:OpId_12942 (cycles)
106260775453,EXECUTE,63976,CYCLES,BACKEND,SUB-EVENT,Add_399:OpId_12944 (cycles)
106260775453,EXECUTE,64750,CYCLES,BACKEND,SUB-EVENT,Add_401:OpId_12946 (cycles)
106260775453,EXECUTE,65907,CYCLES,BACKEND,SUB-EVENT,Add_403:OpId_12948 (cycles)
106260775453,EXECUTE,54842,CYCLES,BACKEND,SUB-EVENT,Add_405:OpId_12950 (cycles)
106260775453,EXECUTE,63799,CYCLES,BACKEND,SUB-EVENT,Add_407:OpId_12952 (cycles)
106260775453,EXECUTE,61891,CYCLES,BACKEND,SUB-EVENT,Add_409:OpId_12954 (cycles)
106260775453,EXECUTE,67918,CYCLES,BACKEND,SUB-EVENT,Add_411:OpId_12956 (cycles)
106260775453,EXECUTE,55802,CYCLES,BACKEND,SUB-EVENT,Add_413:OpId_12958 (cycles)
106260775453,EXECUTE,61938,CYCLES,BACKEND,SUB-EVENT,Add_415:OpId_12960 (cycles)
106260775453,EXECUTE,67884,CYCLES,BACKEND,SUB-EVENT,Add_417:OpId_12962 (cycles)
106260775453,EXECUTE,68321,CYCLES,BACKEND,SUB-EVENT,Add_419:OpId_12964 (cycles)
106260775453,EXECUTE,149785,CYCLES,BACKEND,SUB-EVENT,attn_13_head_0_Softmax_0:OpId_12966 (cycles)
106260775453,EXECUTE,175965,CYCLES,BACKEND,SUB-EVENT,attn_13_head_1_Softmax_0:OpId_12969 (cycles)
106260775453,EXECUTE,158720,CYCLES,BACKEND,SUB-EVENT,attn_13_head_2_Softmax_0:OpId_12972 (cycles)
106260775453,EXECUTE,147949,CYCLES,BACKEND,SUB-EVENT,attn_13_head_3_Softmax_0:OpId_12975 (cycles)
106260775453,EXECUTE,165348,CYCLES,BACKEND,SUB-EVENT,attn_13_head_4_Softmax_0:OpId_12978 (cycles)
106260775453,EXECUTE,160200,CYCLES,BACKEND,SUB-EVENT,attn_13_head_5_Softmax_0:OpId_12981 (cycles)
106260775453,EXECUTE,158113,CYCLES,BACKEND,SUB-EVENT,attn_13_head_6_Softmax_0:OpId_12984 (cycles)
106260775453,EXECUTE,149951,CYCLES,BACKEND,SUB-EVENT,attn_13_head_7_Softmax_0:OpId_12987 (cycles)
106260775453,EXECUTE,169236,CYCLES,BACKEND,SUB-EVENT,attn_13_head_8_Softmax_0:OpId_12990 (cycles)
106260775453,EXECUTE,151501,CYCLES,BACKEND,SUB-EVENT,attn_13_head_9_Softmax_0:OpId_12993 (cycles)
106260775453,EXECUTE,160864,CYCLES,BACKEND,SUB-EVENT,attn_13_head_10_Softmax_0:OpId_12996 (cycles)
106260775453,EXECUTE,161178,CYCLES,BACKEND,SUB-EVENT,attn_13_head_11_Softmax_0:OpId_12999 (cycles)
106260775453,EXECUTE,158873,CYCLES,BACKEND,SUB-EVENT,attn_13_head_12_Softmax_0:OpId_13002 (cycles)
106260775453,EXECUTE,148797,CYCLES,BACKEND,SUB-EVENT,attn_13_head_13_Softmax_0:OpId_13005 (cycles)
106260775453,EXECUTE,40441,CYCLES,BACKEND,SUB-EVENT,attn_13_head_0_qkv_MatMul_0:OpId_13008 (cycles)
106260775453,EXECUTE,5254,CYCLES,BACKEND,SUB-EVENT,attn_13_head_1_qkv_MatMul_0:OpId_13012 (cycles)
106260775453,EXECUTE,5211,CYCLES,BACKEND,SUB-EVENT,attn_13_head_2_qkv_MatMul_0:OpId_13016 (cycles)
106260775453,EXECUTE,4771,CYCLES,BACKEND,SUB-EVENT,attn_13_head_3_qkv_MatMul_0:OpId_13020 (cycles)
106260775453,EXECUTE,5181,CYCLES,BACKEND,SUB-EVENT,attn_13_head_4_qkv_MatMul_0:OpId_13024 (cycles)
106260775453,EXECUTE,4968,CYCLES,BACKEND,SUB-EVENT,attn_13_head_5_qkv_MatMul_0:OpId_13028 (cycles)
106260775453,EXECUTE,5158,CYCLES,BACKEND,SUB-EVENT,attn_13_head_6_qkv_MatMul_0:OpId_13032 (cycles)
106260775453,EXECUTE,38989,CYCLES,BACKEND,SUB-EVENT,attn_13_head_7_qkv_MatMul_0:OpId_13036 (cycles)
106260775453,EXECUTE,5112,CYCLES,BACKEND,SUB-EVENT,attn_13_head_8_qkv_MatMul_0:OpId_13040 (cycles)
106260775453,EXECUTE,4905,CYCLES,BACKEND,SUB-EVENT,attn_13_head_9_qkv_MatMul_0:OpId_13044 (cycles)
106260775453,EXECUTE,5160,CYCLES,BACKEND,SUB-EVENT,attn_13_head_10_qkv_MatMul_0:OpId_13048 (cycles)
106260775453,EXECUTE,5169,CYCLES,BACKEND,SUB-EVENT,attn_13_head_11_qkv_MatMul_0:OpId_13052 (cycles)
106260775453,EXECUTE,5238,CYCLES,BACKEND,SUB-EVENT,attn_13_head_12_qkv_MatMul_0:OpId_13056 (cycles)
106260775453,EXECUTE,4502,CYCLES,BACKEND,SUB-EVENT,attn_13_head_13_qkv_MatMul_0:OpId_13060 (cycles)
106260775453,EXECUTE,0,CYCLES,BACKEND,SUB-EVENT,Concat_321:OpId_13064 (cycles)
106260775453,EXECUTE,0,CYCLES,BACKEND,SUB-EVENT,Reshape_15:OpId_13066 (cycles)
106260775453,EXECUTE,0,CYCLES,BACKEND,SUB-EVENT,model_layers_13_self_attn_Transpose_6:OpId_13068 (cycles)
106260775453,EXECUTE,23990,CYCLES,BACKEND,SUB-EVENT,model_layers_13_self_attn_o_proj_conv_Conv:OpId_13076 (cycles)
106260775453,EXECUTE,0,CYCLES,BACKEND,SUB-EVENT,/model_layers_13_self_attn_o_proj_conv_Conv/Conv_output_0.nchw:OpId_13080 (cycles)
106260775453,EXECUTE,0,CYCLES,BACKEND,SUB-EVENT,model_layers_13_self_attn_Reshape_9:OpId_13081 (cycles)
106260775453,EXECUTE,14812,CYCLES,BACKEND,SUB-EVENT,model_layers_13_Add:OpId_13082 (cycles)
106260775453,EXECUTE,98955,CYCLES,BACKEND,SUB-EVENT,rms_norm_52:OpId_13087 (cycles)
106260775453,EXECUTE,0,CYCLES,BACKEND,SUB-EVENT,model_layers_13_mlp_Reshape:OpId_13090 (cycles)
106260775453,EXECUTE,0,CYCLES,BACKEND,SUB-EVENT,model_layers_13_mlp_Transpose:OpId_13092 (cycles)
106260775453,EXECUTE,135336,CYCLES,BACKEND,SUB-EVENT,model_layers_13_mlp_gate_proj_conv_Conv:OpId_13100 (cycles)
106260775453,EXECUTE,143260,CYCLES,BACKEND,SUB-EVENT,model_layers_13_mlp_up_proj_conv_Conv:OpId_13110 (cycles)
106260775453,EXECUTE,0,CYCLES,BACKEND,SUB-EVENT,model_layers_13_mlp_act_fn_Sigmoid:OpId_13113 (cycles)
106260775453,EXECUTE,417209,CYCLES,BACKEND,SUB-EVENT,model_layers_13_mlp_act_fn_Mul:OpId_13120 (cycles)
106260775453,EXECUTE,197861,CYCLES,BACKEND,SUB-EVENT,model_layers_13_mlp_Mul:OpId_13122 (cycles)
106260775453,EXECUTE,79794,CYCLES,BACKEND,SUB-EVENT,model_layers_13_mlp_down_proj_conv_Conv:OpId_13131 (cycles)
106260775453,EXECUTE,0,CYCLES,BACKEND,SUB-EVENT,/model_layers_13_mlp_down_proj_conv_Conv/Conv_output_0.nchw:OpId_13135 (cycles)
106260775453,EXECUTE,0,CYCLES,BACKEND,SUB-EVENT,model_layers_13_mlp_Reshape_1:OpId_13136 (cycles)
106260775453,EXECUTE,15939,CYCLES,BACKEND,SUB-EVENT,model_layers_13_Add_1:OpId_13137 (cycles)
106260775453,EXECUTE,93845,CYCLES,BACKEND,SUB-EVENT,rms_norm_54:OpId_13142 (cycles)
106260775453,EXECUTE,0,CYCLES,BACKEND,SUB-EVENT,model_layers_14_self_attn_Reshape:OpId_13145 (cycles)
106260775453,EXECUTE,0,CYCLES,BACKEND,SUB-EVENT,model_layers_14_self_attn_Transpose:OpId_13147 (cycles)
106260775453,EXECUTE,2526,CYCLES,BACKEND,SUB-EVENT,attn_14_head_0_key_Conv:OpId_13155 (cycles)
106260775453,EXECUTE,1815,CYCLES,BACKEND,SUB-EVENT,attn_14_head_0_value_Conv:OpId_13165 (cycles)
106260775453,EXECUTE,2200,CYCLES,BACKEND,SUB-EVENT,attn_14_head_0_value_Transpose/output_converted_UFIXED_POINT_8:OpId_13168 (cycles)
106260775453,EXECUTE,2510,CYCLES,BACKEND,SUB-EVENT,attn_14_head_1_key_Conv:OpId_13178 (cycles)
106260775453,EXECUTE,2207,CYCLES,BACKEND,SUB-EVENT,attn_14_head_1_value_Conv:OpId_13188 (cycles)
106260775453,EXECUTE,2094,CYCLES,BACKEND,SUB-EVENT,attn_14_head_1_value_Transpose/output_converted_UFIXED_POINT_8:OpId_13191 (cycles)
106260775453,EXECUTE,2198,CYCLES,BACKEND,SUB-EVENT,attn_14_head_0_query_Conv:OpId_13201 (cycles)
106260775453,EXECUTE,2632,CYCLES,BACKEND,SUB-EVENT,attn_14_head_1_query_Conv:OpId_13211 (cycles)
106260775453,EXECUTE,2491,CYCLES,BACKEND,SUB-EVENT,attn_14_head_2_query_Conv:OpId_13221 (cycles)
106260775453,EXECUTE,3101,CYCLES,BACKEND,SUB-EVENT,attn_14_head_3_query_Conv:OpId_13231 (cycles)
106260775453,EXECUTE,3315,CYCLES,BACKEND,SUB-EVENT,attn_14_head_4_query_Conv:OpId_13241 (cycles)
106260775453,EXECUTE,4734,CYCLES,BACKEND,SUB-EVENT,attn_14_head_5_query_Conv:OpId_13251 (cycles)
106260775453,EXECUTE,3571,CYCLES,BACKEND,SUB-EVENT,attn_14_head_6_query_Conv:OpId_13261 (cycles)
106260775453,EXECUTE,3668,CYCLES,BACKEND,SUB-EVENT,attn_14_head_7_query_Conv:OpId_13271 (cycles)
106260775453,EXECUTE,3593,CYCLES,BACKEND,SUB-EVENT,attn_14_head_8_query_Conv:OpId_13281 (cycles)
106260775453,EXECUTE,3553,CYCLES,BACKEND,SUB-EVENT,attn_14_head_9_query_Conv:OpId_13291 (cycles)
106260775453,EXECUTE,3787,CYCLES,BACKEND,SUB-EVENT,attn_14_head_10_query_Conv:OpId_13301 (cycles)
106260775453,EXECUTE,3119,CYCLES,BACKEND,SUB-EVENT,attn_14_head_11_query_Conv:OpId_13311 (cycles)
106260775453,EXECUTE,3854,CYCLES,BACKEND,SUB-EVENT,attn_14_head_12_query_Conv:OpId_13321 (cycles)
106260775453,EXECUTE,3481,CYCLES,BACKEND,SUB-EVENT,attn_14_head_13_query_Conv:OpId_13331 (cycles)
106260775453,EXECUTE,2401,CYCLES,BACKEND,SUB-EVENT,Slice_504:OpId_13335 (cycles)
106260775453,EXECUTE,2379,CYCLES,BACKEND,SUB-EVENT,Slice_505:OpId_13341 (cycles)
106260775453,EXECUTE,1789,CYCLES,BACKEND,SUB-EVENT,Slice_506:OpId_13347 (cycles)
106260775453,EXECUTE,1696,CYCLES,BACKEND,SUB-EVENT,Slice_507:OpId_13353 (cycles)
106260775453,EXECUTE,0,CYCLES,BACKEND,SUB-EVENT,Concat_343:OpId_13358 (cycles)
106260775453,EXECUTE,2196,CYCLES,BACKEND,SUB-EVENT,Slice_512:OpId_13361 (cycles)
106260775453,EXECUTE,2190,CYCLES,BACKEND,SUB-EVENT,Slice_513:OpId_13367 (cycles)
106260775453,EXECUTE,1766,CYCLES,BACKEND,SUB-EVENT,Slice_514:OpId_13373 (cycles)
106260775453,EXECUTE,1722,CYCLES,BACKEND,SUB-EVENT,Slice_515:OpId_13379 (cycles)
106260775453,EXECUTE,1767,CYCLES,BACKEND,SUB-EVENT,Slice_516:OpId_13385 (cycles)
106260775453,EXECUTE,2252,CYCLES,BACKEND,SUB-EVENT,Slice_517:OpId_13391 (cycles)
106260775453,EXECUTE,1811,CYCLES,BACKEND,SUB-EVENT,Slice_518:OpId_13397 (cycles)
106260775453,EXECUTE,2297,CYCLES,BACKEND,SUB-EVENT,Slice_519:OpId_13403 (cycles)
106260775453,EXECUTE,1888,CYCLES,BACKEND,SUB-EVENT,Slice_520:OpId_13409 (cycles)
106260775453,EXECUTE,1762,CYCLES,BACKEND,SUB-EVENT,Slice_521:OpId_13415 (cycles)
106260775453,EXECUTE,1770,CYCLES,BACKEND,SUB-EVENT,Slice_522:OpId_13421 (cycles)
106260775453,EXECUTE,1731,CYCLES,BACKEND,SUB-EVENT,Slice_523:OpId_13427 (cycles)
106260775453,EXECUTE,1632,CYCLES,BACKEND,SUB-EVENT,Slice_524:OpId_13433 (cycles)
106260775453,EXECUTE,1553,CYCLES,BACKEND,SUB-EVENT,Slice_525:OpId_13439 (cycles)
106260775453,EXECUTE,1799,CYCLES,BACKEND,SUB-EVENT,Slice_526:OpId_13445 (cycles)
106260775453,EXECUTE,1726,CYCLES,BACKEND,SUB-EVENT,Slice_527:OpId_13451 (cycles)
106260775453,EXECUTE,1968,CYCLES,BACKEND,SUB-EVENT,Slice_528:OpId_13457 (cycles)
106260775453,EXECUTE,1802,CYCLES,BACKEND,SUB-EVENT,Slice_529:OpId_13463 (cycles)
106260775453,EXECUTE,1776,CYCLES,BACKEND,SUB-EVENT,Slice_530:OpId_13469 (cycles)
106260775453,EXECUTE,1714,CYCLES,BACKEND,SUB-EVENT,Slice_531:OpId_13475 (cycles)
106260775453,EXECUTE,1680,CYCLES,BACKEND,SUB-EVENT,Slice_532:OpId_13481 (cycles)
106260775453,EXECUTE,1716,CYCLES,BACKEND,SUB-EVENT,Slice_533:OpId_13487 (cycles)
106260775453,EXECUTE,2027,CYCLES,BACKEND,SUB-EVENT,Slice_534:OpId_13493 (cycles)
106260775453,EXECUTE,2378,CYCLES,BACKEND,SUB-EVENT,Slice_535:OpId_13499 (cycles)
106260775453,EXECUTE,2482,CYCLES,BACKEND,SUB-EVENT,Slice_536:OpId_13505 (cycles)
106260775453,EXECUTE,2219,CYCLES,BACKEND,SUB-EVENT,Slice_537:OpId_13511 (cycles)
106260775453,EXECUTE,1786,CYCLES,BACKEND,SUB-EVENT,Slice_538:OpId_13517 (cycles)
106260775453,EXECUTE,1715,CYCLES,BACKEND,SUB-EVENT,Slice_539:OpId_13523 (cycles)
106260775453,EXECUTE,7799,CYCLES,BACKEND,SUB-EVENT,Concat_325:OpId_13528 (cycles)
106260775453,EXECUTE,6782,CYCLES,BACKEND,SUB-EVENT,Concat_327:OpId_13530 (cycles)
106260775453,EXECUTE,1806,CYCLES,BACKEND,SUB-EVENT,Mul_896:OpId_13532 (cycles)
106260775453,EXECUTE,1635,CYCLES,BACKEND,SUB-EVENT,Mul_898:OpId_13534 (cycles)
106260775453,EXECUTE,1717,CYCLES,BACKEND,SUB-EVENT,Mul_897:OpId_13536 (cycles)
106260775453,EXECUTE,1624,CYCLES,BACKEND,SUB-EVENT,Mul_899:OpId_13538 (cycles)
106260775453,EXECUTE,1413,CYCLES,BACKEND,SUB-EVENT,Mul_900:OpId_13540 (cycles)
106260775453,EXECUTE,1401,CYCLES,BACKEND,SUB-EVENT,Mul_902:OpId_13542 (cycles)
106260775453,EXECUTE,1437,CYCLES,BACKEND,SUB-EVENT,Mul_901:OpId_13544 (cycles)
106260775453,EXECUTE,1381,CYCLES,BACKEND,SUB-EVENT,Mul_903:OpId_13546 (cycles)
106260775453,EXECUTE,1644,CYCLES,BACKEND,SUB-EVENT,Mul_904:OpId_13548 (cycles)
106260775453,EXECUTE,1722,CYCLES,BACKEND,SUB-EVENT,Mul_906:OpId_13550 (cycles)
106260775453,EXECUTE,1628,CYCLES,BACKEND,SUB-EVENT,Mul_905:OpId_13552 (cycles)
106260775453,EXECUTE,1643,CYCLES,BACKEND,SUB-EVENT,Mul_907:OpId_13554 (cycles)
106260775453,EXECUTE,1632,CYCLES,BACKEND,SUB-EVENT,Mul_908:OpId_13556 (cycles)
106260775453,EXECUTE,1801,CYCLES,BACKEND,SUB-EVENT,Mul_910:OpId_13558 (cycles)
106260775453,EXECUTE,1405,CYCLES,BACKEND,SUB-EVENT,Mul_909:OpId_13560 (cycles)
106260775453,EXECUTE,1447,CYCLES,BACKEND,SUB-EVENT,Mul_911:OpId_13562 (cycles)
106260775453,EXECUTE,1409,CYCLES,BACKEND,SUB-EVENT,Mul_912:OpId_13564 (cycles)
106260775453,EXECUTE,1461,CYCLES,BACKEND,SUB-EVENT,Mul_914:OpId_13566 (cycles)
106260775453,EXECUTE,1402,CYCLES,BACKEND,SUB-EVENT,Mul_913:OpId_13568 (cycles)
106260775453,EXECUTE,1424,CYCLES,BACKEND,SUB-EVENT,Mul_915:OpId_13570 (cycles)
106260775453,EXECUTE,1728,CYCLES,BACKEND,SUB-EVENT,Mul_916:OpId_13572 (cycles)
106260775453,EXECUTE,1530,CYCLES,BACKEND,SUB-EVENT,Mul_918:OpId_13574 (cycles)
106260775453,EXECUTE,1436,CYCLES,BACKEND,SUB-EVENT,Mul_917:OpId_13576 (cycles)
106260775453,EXECUTE,1805,CYCLES,BACKEND,SUB-EVENT,Mul_919:OpId_13578 (cycles)
106260775453,EXECUTE,1467,CYCLES,BACKEND,SUB-EVENT,Mul_920:OpId_13580 (cycles)
106260775453,EXECUTE,1537,CYCLES,BACKEND,SUB-EVENT,Mul_922:OpId_13582 (cycles)
106260775453,EXECUTE,1814,CYCLES,BACKEND,SUB-EVENT,Mul_921:OpId_13584 (cycles)
106260775453,EXECUTE,1773,CYCLES,BACKEND,SUB-EVENT,Mul_923:OpId_13586 (cycles)
106260775453,EXECUTE,1907,CYCLES,BACKEND,SUB-EVENT,Mul_924:OpId_13588 (cycles)
106260775453,EXECUTE,1967,CYCLES,BACKEND,SUB-EVENT,Mul_926:OpId_13590 (cycles)
106260775453,EXECUTE,1610,CYCLES,BACKEND,SUB-EVENT,Mul_925:OpId_13592 (cycles)
106260775453,EXECUTE,1634,CYCLES,BACKEND,SUB-EVENT,Mul_927:OpId_13594 (cycles)
106260775453,EXECUTE,1719,CYCLES,BACKEND,SUB-EVENT,Mul_928:OpId_13596 (cycles)
106260775453,EXECUTE,1725,CYCLES,BACKEND,SUB-EVENT,Mul_930:OpId_13598 (cycles)
106260775453,EXECUTE,1575,CYCLES,BACKEND,SUB-EVENT,Mul_929:OpId_13600 (cycles)
106260775453,EXECUTE,1663,CYCLES,BACKEND,SUB-EVENT,Mul_931:OpId_13602 (cycles)
106260775453,EXECUTE,1399,CYCLES,BACKEND,SUB-EVENT,Mul_932:OpId_13604 (cycles)
106260775453,EXECUTE,1700,CYCLES,BACKEND,SUB-EVENT,Mul_934:OpId_13606 (cycles)
106260775453,EXECUTE,1426,CYCLES,BACKEND,SUB-EVENT,Mul_933:OpId_13608 (cycles)
106260775453,EXECUTE,1685,CYCLES,BACKEND,SUB-EVENT,Mul_935:OpId_13610 (cycles)
106260775453,EXECUTE,1452,CYCLES,BACKEND,SUB-EVENT,Mul_936:OpId_13612 (cycles)
106260775453,EXECUTE,1506,CYCLES,BACKEND,SUB-EVENT,Mul_938:OpId_13614 (cycles)
106260775453,EXECUTE,1410,CYCLES,BACKEND,SUB-EVENT,Mul_937:OpId_13616 (cycles)
106260775453,EXECUTE,1476,CYCLES,BACKEND,SUB-EVENT,Mul_939:OpId_13618 (cycles)
106260775453,EXECUTE,1720,CYCLES,BACKEND,SUB-EVENT,Mul_940:OpId_13620 (cycles)
106260775453,EXECUTE,1605,CYCLES,BACKEND,SUB-EVENT,Mul_942:OpId_13622 (cycles)
106260775453,EXECUTE,1911,CYCLES,BACKEND,SUB-EVENT,Mul_941:OpId_13624 (cycles)
106260775453,EXECUTE,2066,CYCLES,BACKEND,SUB-EVENT,Mul_943:OpId_13626 (cycles)
106260775453,EXECUTE,1574,CYCLES,BACKEND,SUB-EVENT,Mul_944:OpId_13628 (cycles)
106260775453,EXECUTE,1558,CYCLES,BACKEND,SUB-EVENT,Mul_946:OpId_13630 (cycles)
106260775453,EXECUTE,1458,CYCLES,BACKEND,SUB-EVENT,Mul_945:OpId_13632 (cycles)
106260775453,EXECUTE,1642,CYCLES,BACKEND,SUB-EVENT,Mul_947:OpId_13634 (cycles)
106260775453,EXECUTE,1477,CYCLES,BACKEND,SUB-EVENT,Mul_948:OpId_13636 (cycles)
106260775453,EXECUTE,1666,CYCLES,BACKEND,SUB-EVENT,Mul_950:OpId_13638 (cycles)
106260775453,EXECUTE,1562,CYCLES,BACKEND,SUB-EVENT,Mul_949:OpId_13640 (cycles)
106260775453,EXECUTE,1460,CYCLES,BACKEND,SUB-EVENT,Mul_951:OpId_13642 (cycles)
106260775453,EXECUTE,1526,CYCLES,BACKEND,SUB-EVENT,Mul_952:OpId_13644 (cycles)
106260775453,EXECUTE,1563,CYCLES,BACKEND,SUB-EVENT,Mul_954:OpId_13646 (cycles)
106260775453,EXECUTE,1650,CYCLES,BACKEND,SUB-EVENT,Mul_953:OpId_13648 (cycles)
106260775453,EXECUTE,1709,CYCLES,BACKEND,SUB-EVENT,Mul_955:OpId_13650 (cycles)
106260775453,EXECUTE,1421,CYCLES,BACKEND,SUB-EVENT,Mul_956:OpId_13652 (cycles)
106260775453,EXECUTE,1442,CYCLES,BACKEND,SUB-EVENT,Mul_958:OpId_13654 (cycles)
106260775453,EXECUTE,1427,CYCLES,BACKEND,SUB-EVENT,Mul_957:OpId_13656 (cycles)
106260775453,EXECUTE,1461,CYCLES,BACKEND,SUB-EVENT,Mul_959:OpId_13658 (cycles)
106260775453,EXECUTE,1723,CYCLES,BACKEND,SUB-EVENT,Sub_224:OpId_13660 (cycles)
106260775453,EXECUTE,477,CYCLES,BACKEND,SUB-EVENT,Sub_224_converted_UFIXED_POINT_8:OpId_13662 (cycles)
106260775453,EXECUTE,1744,CYCLES,BACKEND,SUB-EVENT,Add_420:OpId_13665 (cycles)
106260775453,EXECUTE,520,CYCLES,BACKEND,SUB-EVENT,Add_420_converted_UFIXED_POINT_8:OpId_13667 (cycles)
106260775453,EXECUTE,1505,CYCLES,BACKEND,SUB-EVENT,Sub_225:OpId_13670 (cycles)
106260775453,EXECUTE,460,CYCLES,BACKEND,SUB-EVENT,Sub_225_converted_UFIXED_POINT_8:OpId_13672 (cycles)
106260775453,EXECUTE,1607,CYCLES,BACKEND,SUB-EVENT,Add_421:OpId_13675 (cycles)
106260775453,EXECUTE,494,CYCLES,BACKEND,SUB-EVENT,Add_421_converted_UFIXED_POINT_8:OpId_13677 (cycles)
106260775453,EXECUTE,1691,CYCLES,BACKEND,SUB-EVENT,Sub_226:OpId_13680 (cycles)
106260775453,EXECUTE,2837,CYCLES,BACKEND,SUB-EVENT,Add_422:OpId_13682 (cycles)
106260775453,EXECUTE,1538,CYCLES,BACKEND,SUB-EVENT,Sub_227:OpId_13684 (cycles)
106260775453,EXECUTE,2584,CYCLES,BACKEND,SUB-EVENT,Add_424:OpId_13686 (cycles)
106260775453,EXECUTE,1539,CYCLES,BACKEND,SUB-EVENT,Sub_228:OpId_13688 (cycles)
106260775453,EXECUTE,2422,CYCLES,BACKEND,SUB-EVENT,Add_426:OpId_13690 (cycles)
106260775453,EXECUTE,1562,CYCLES,BACKEND,SUB-EVENT,Sub_229:OpId_13692 (cycles)
106260775453,EXECUTE,3171,CYCLES,BACKEND,SUB-EVENT,Add_428:OpId_13694 (cycles)
106260775453,EXECUTE,1571,CYCLES,BACKEND,SUB-EVENT,Sub_230:OpId_13696 (cycles)
106260775453,EXECUTE,2531,CYCLES,BACKEND,SUB-EVENT,Add_430:OpId_13698 (cycles)
106260775453,EXECUTE,1564,CYCLES,BACKEND,SUB-EVENT,Sub_231:OpId_13700 (cycles)
106260775453,EXECUTE,2217,CYCLES,BACKEND,SUB-EVENT,Add_432:OpId_13702 (cycles)
106260775453,EXECUTE,1516,CYCLES,BACKEND,SUB-EVENT,Sub_232:OpId_13704 (cycles)
106260775453,EXECUTE,2163,CYCLES,BACKEND,SUB-EVENT,Add_434:OpId_13706 (cycles)
106260775453,EXECUTE,1846,CYCLES,BACKEND,SUB-EVENT,Sub_233:OpId_13708 (cycles)
106260775453,EXECUTE,2427,CYCLES,BACKEND,SUB-EVENT,Add_436:OpId_13710 (cycles)
106260775453,EXECUTE,1507,CYCLES,BACKEND,SUB-EVENT,Sub_234:OpId_13712 (cycles)
106260775453,EXECUTE,2463,CYCLES,BACKEND,SUB-EVENT,Add_438:OpId_13714 (cycles)
106260775453,EXECUTE,1554,CYCLES,BACKEND,SUB-EVENT,Sub_235:OpId_13716 (cycles)
106260775453,EXECUTE,2429,CYCLES,BACKEND,SUB-EVENT,Add_440:OpId_13718 (cycles)
106260775453,EXECUTE,1688,CYCLES,BACKEND,SUB-EVENT,Sub_236:OpId_13720 (cycles)
106260775453,EXECUTE,2421,CYCLES,BACKEND,SUB-EVENT,Add_442:OpId_13722 (cycles)
106260775453,EXECUTE,1644,CYCLES,BACKEND,SUB-EVENT,Sub_237:OpId_13724 (cycles)
106260775453,EXECUTE,2564,CYCLES,BACKEND,SUB-EVENT,Add_444:OpId_13726 (cycles)
106260775453,EXECUTE,1559,CYCLES,BACKEND,SUB-EVENT,Sub_238:OpId_13728 (cycles)
106260775453,EXECUTE,2113,CYCLES,BACKEND,SUB-EVENT,Add_446:OpId_13730 (cycles)
106260775453,EXECUTE,1486,CYCLES,BACKEND,SUB-EVENT,Sub_239:OpId_13732 (cycles)
106260775453,EXECUTE,2357,CYCLES,BACKEND,SUB-EVENT,Add_448:OpId_13734 (cycles)
106260775453,EXECUTE,1601,CYCLES,BACKEND,SUB-EVENT,Concat_322:OpId_13736 (cycles)
106260775453,EXECUTE,1685,CYCLES,BACKEND,SUB-EVENT,Concat_323:OpId_13738 (cycles)
106260775453,EXECUTE,0,CYCLES,BACKEND,SUB-EVENT,Concat_328:OpId_13740 (cycles)
106260775453,EXECUTE,0,CYCLES,BACKEND,SUB-EVENT,Concat_329:OpId_13742 (cycles)
106260775453,EXECUTE,0,CYCLES,BACKEND,SUB-EVENT,Concat_330:OpId_13744 (cycles)
106260775453,EXECUTE,0,CYCLES,BACKEND,SUB-EVENT,Concat_331:OpId_13746 (cycles)
106260775453,EXECUTE,0,CYCLES,BACKEND,SUB-EVENT,Concat_332:OpId_13748 (cycles)
106260775453,EXECUTE,0,CYCLES,BACKEND,SUB-EVENT,Concat_333:OpId_13750 (cycles)
106260775453,EXECUTE,0,CYCLES,BACKEND,SUB-EVENT,Concat_334:OpId_13752 (cycles)
106260775453,EXECUTE,0,CYCLES,BACKEND,SUB-EVENT,Concat_335:OpId_13754 (cycles)
106260775453,EXECUTE,0,CYCLES,BACKEND,SUB-EVENT,Concat_336:OpId_13756 (cycles)
106260775453,EXECUTE,0,CYCLES,BACKEND,SUB-EVENT,Concat_337:OpId_13758 (cycles)
106260775453,EXECUTE,0,CYCLES,BACKEND,SUB-EVENT,Concat_338:OpId_13760 (cycles)
106260775453,EXECUTE,0,CYCLES,BACKEND,SUB-EVENT,Concat_339:OpId_13762 (cycles)
106260775453,EXECUTE,0,CYCLES,BACKEND,SUB-EVENT,Concat_340:OpId_13764 (cycles)
106260775453,EXECUTE,0,CYCLES,BACKEND,SUB-EVENT,Concat_341:OpId_13766 (cycles)
106260775453,EXECUTE,7897,CYCLES,BACKEND,SUB-EVENT,attn_14_head_0_key_Transpose_0:OpId_13769 (cycles)
106260775453,EXECUTE,4680,CYCLES,BACKEND,SUB-EVENT,attn_14_head_1_key_Transpose_0:OpId_13771 (cycles)
106260775453,EXECUTE,0,CYCLES,BACKEND,SUB-EVENT,Concat_324:OpId_13772 (cycles)
106260775453,EXECUTE,0,CYCLES,BACKEND,SUB-EVENT,Concat_326:OpId_13774 (cycles)
106260775453,EXECUTE,0,CYCLES,BACKEND,SUB-EVENT,Concat_342:OpId_13776 (cycles)
106260775453,EXECUTE,128109,CYCLES,BACKEND,SUB-EVENT,attn_14_head_0_qk_MatMul_0:OpId_13778 (cycles)
106260775453,EXECUTE,16787,CYCLES,BACKEND,SUB-EVENT,attn_14_head_1_qk_MatMul_0:OpId_13782 (cycles)
106260775453,EXECUTE,17492,CYCLES,BACKEND,SUB-EVENT,attn_14_head_2_qk_MatMul_0:OpId_13786 (cycles)
106260775453,EXECUTE,16871,CYCLES,BACKEND,SUB-EVENT,attn_14_head_3_qk_MatMul_0:OpId_13790 (cycles)
106260775453,EXECUTE,16350,CYCLES,BACKEND,SUB-EVENT,attn_14_head_4_qk_MatMul_0:OpId_13794 (cycles)
106260775453,EXECUTE,16849,CYCLES,BACKEND,SUB-EVENT,attn_14_head_5_qk_MatMul_0:OpId_13798 (cycles)
106260775453,EXECUTE,16351,CYCLES,BACKEND,SUB-EVENT,attn_14_head_6_qk_MatMul_0:OpId_13802 (cycles)
106260775453,EXECUTE,130037,CYCLES,BACKEND,SUB-EVENT,attn_14_head_7_qk_MatMul_0:OpId_13806 (cycles)
106260775453,EXECUTE,16707,CYCLES,BACKEND,SUB-EVENT,attn_14_head_8_qk_MatMul_0:OpId_13810 (cycles)
106260775453,EXECUTE,17339,CYCLES,BACKEND,SUB-EVENT,attn_14_head_9_qk_MatMul_0:OpId_13814 (cycles)
106260775453,EXECUTE,16458,CYCLES,BACKEND,SUB-EVENT,attn_14_head_10_qk_MatMul_0:OpId_13818 (cycles)
106260775453,EXECUTE,16984,CYCLES,BACKEND,SUB-EVENT,attn_14_head_11_qk_MatMul_0:OpId_13822 (cycles)
106260775453,EXECUTE,12820,CYCLES,BACKEND,SUB-EVENT,attn_14_head_12_qk_MatMul_0:OpId_13826 (cycles)
106260775453,EXECUTE,16637,CYCLES,BACKEND,SUB-EVENT,attn_14_head_13_qk_MatMul_0:OpId_13830 (cycles)
106260775453,EXECUTE,64703,CYCLES,BACKEND,SUB-EVENT,Add_423:OpId_13834 (cycles)
106260775453,EXECUTE,62367,CYCLES,BACKEND,SUB-EVENT,Add_425:OpId_13836 (cycles)
106260775453,EXECUTE,60529,CYCLES,BACKEND,SUB-EVENT,Add_427:OpId_13838 (cycles)
106260775453,EXECUTE,71417,CYCLES,BACKEND,SUB-EVENT,Add_429:OpId_13840 (cycles)
106260775453,EXECUTE,64760,CYCLES,BACKEND,SUB-EVENT,Add_431:OpId_13842 (cycles)
106260775453,EXECUTE,65431,CYCLES,BACKEND,SUB-EVENT,Add_433:OpId_13844 (cycles)
106260775453,EXECUTE,54050,CYCLES,BACKEND,SUB-EVENT,Add_435:OpId_13846 (cycles)
106260775453,EXECUTE,64259,CYCLES,BACKEND,SUB-EVENT,Add_437:OpId_13848 (cycles)
106260775453,EXECUTE,63868,CYCLES,BACKEND,SUB-EVENT,Add_439:OpId_13850 (cycles)
106260775453,EXECUTE,73100,CYCLES,BACKEND,SUB-EVENT,Add_441:OpId_13852 (cycles)
106260775453,EXECUTE,54231,CYCLES,BACKEND,SUB-EVENT,Add_443:OpId_13854 (cycles)
106260775453,EXECUTE,62675,CYCLES,BACKEND,SUB-EVENT,Add_445:OpId_13856 (cycles)
106260775453,EXECUTE,64933,CYCLES,BACKEND,SUB-EVENT,Add_447:OpId_13858 (cycles)
106260775453,EXECUTE,68310,CYCLES,BACKEND,SUB-EVENT,Add_449:OpId_13860 (cycles)
106260775453,EXECUTE,155578,CYCLES,BACKEND,SUB-EVENT,attn_14_head_0_Softmax_0:OpId_13862 (cycles)
106260775453,EXECUTE,167798,CYCLES,BACKEND,SUB-EVENT,attn_14_head_1_Softmax_0:OpId_13865 (cycles)
106260775453,EXECUTE,151550,CYCLES,BACKEND,SUB-EVENT,attn_14_head_2_Softmax_0:OpId_13868 (cycles)
106260775453,EXECUTE,148786,CYCLES,BACKEND,SUB-EVENT,attn_14_head_3_Softmax_0:OpId_13871 (cycles)
106260775453,EXECUTE,165861,CYCLES,BACKEND,SUB-EVENT,attn_14_head_4_Softmax_0:OpId_13874 (cycles)
106260775453,EXECUTE,161266,CYCLES,BACKEND,SUB-EVENT,attn_14_head_5_Softmax_0:OpId_13877 (cycles)
106260775453,EXECUTE,157860,CYCLES,BACKEND,SUB-EVENT,attn_14_head_6_Softmax_0:OpId_13880 (cycles)
106260775453,EXECUTE,149637,CYCLES,BACKEND,SUB-EVENT,attn_14_head_7_Softmax_0:OpId_13883 (cycles)
106260775453,EXECUTE,166703,CYCLES,BACKEND,SUB-EVENT,attn_14_head_8_Softmax_0:OpId_13886 (cycles)
106260775453,EXECUTE,149511,CYCLES,BACKEND,SUB-EVENT,attn_14_head_9_Softmax_0:OpId_13889 (cycles)
106260775453,EXECUTE,160792,CYCLES,BACKEND,SUB-EVENT,attn_14_head_10_Softmax_0:OpId_13892 (cycles)
106260775453,EXECUTE,149433,CYCLES,BACKEND,SUB-EVENT,attn_14_head_11_Softmax_0:OpId_13895 (cycles)
106260775453,EXECUTE,158535,CYCLES,BACKEND,SUB-EVENT,attn_14_head_12_Softmax_0:OpId_13898 (cycles)
106260775453,EXECUTE,150768,CYCLES,BACKEND,SUB-EVENT,attn_14_head_13_Softmax_0:OpId_13901 (cycles)
106260775453,EXECUTE,41678,CYCLES,BACKEND,SUB-EVENT,attn_14_head_0_qkv_MatMul_0:OpId_13904 (cycles)
106260775453,EXECUTE,5272,CYCLES,BACKEND,SUB-EVENT,attn_14_head_1_qkv_MatMul_0:OpId_13908 (cycles)
106260775453,EXECUTE,5178,CYCLES,BACKEND,SUB-EVENT,attn_14_head_2_qkv_MatMul_0:OpId_13912 (cycles)
106260775453,EXECUTE,4839,CYCLES,BACKEND,SUB-EVENT,attn_14_head_3_qkv_MatMul_0:OpId_13916 (cycles)
106260775453,EXECUTE,5174,CYCLES,BACKEND,SUB-EVENT,attn_14_head_4_qkv_MatMul_0:OpId_13920 (cycles)
106260775453,EXECUTE,4851,CYCLES,BACKEND,SUB-EVENT,attn_14_head_5_qkv_MatMul_0:OpId_13924 (cycles)
106260775453,EXECUTE,5207,CYCLES,BACKEND,SUB-EVENT,attn_14_head_6_qkv_MatMul_0:OpId_13928 (cycles)
106260775453,EXECUTE,39528,CYCLES,BACKEND,SUB-EVENT,attn_14_head_7_qkv_MatMul_0:OpId_13932 (cycles)
106260775453,EXECUTE,5208,CYCLES,BACKEND,SUB-EVENT,attn_14_head_8_qkv_MatMul_0:OpId_13936 (cycles)
106260775453,EXECUTE,5238,CYCLES,BACKEND,SUB-EVENT,attn_14_head_9_qkv_MatMul_0:OpId_13940 (cycles)
106260775453,EXECUTE,5128,CYCLES,BACKEND,SUB-EVENT,attn_14_head_10_qkv_MatMul_0:OpId_13944 (cycles)
106260775453,EXECUTE,4920,CYCLES,BACKEND,SUB-EVENT,attn_14_head_11_qkv_MatMul_0:OpId_13948 (cycles)
106260775453,EXECUTE,5147,CYCLES,BACKEND,SUB-EVENT,attn_14_head_12_qkv_MatMul_0:OpId_13952 (cycles)
106260775453,EXECUTE,4319,CYCLES,BACKEND,SUB-EVENT,attn_14_head_13_qkv_MatMul_0:OpId_13956 (cycles)
106260775453,EXECUTE,0,CYCLES,BACKEND,SUB-EVENT,Concat_344:OpId_13960 (cycles)
106260775453,EXECUTE,0,CYCLES,BACKEND,SUB-EVENT,Reshape_16:OpId_13962 (cycles)
106260775453,EXECUTE,0,CYCLES,BACKEND,SUB-EVENT,model_layers_14_self_attn_Transpose_6:OpId_13964 (cycles)
106260775453,EXECUTE,25541,CYCLES,BACKEND,SUB-EVENT,model_layers_14_self_attn_o_proj_conv_Conv:OpId_13972 (cycles)
106260775453,EXECUTE,0,CYCLES,BACKEND,SUB-EVENT,/model_layers_14_self_attn_o_proj_conv_Conv/Conv_output_0.nchw:OpId_13976 (cycles)
106260775453,EXECUTE,0,CYCLES,BACKEND,SUB-EVENT,model_layers_14_self_attn_Reshape_9:OpId_13977 (cycles)
106260775453,EXECUTE,14142,CYCLES,BACKEND,SUB-EVENT,model_layers_14_Add:OpId_13978 (cycles)
106260775453,EXECUTE,94742,CYCLES,BACKEND,SUB-EVENT,rms_norm_56:OpId_13983 (cycles)
106260775453,EXECUTE,0,CYCLES,BACKEND,SUB-EVENT,model_layers_14_mlp_Reshape:OpId_13986 (cycles)
106260775453,EXECUTE,0,CYCLES,BACKEND,SUB-EVENT,model_layers_14_mlp_Transpose:OpId_13988 (cycles)
106260775453,EXECUTE,132321,CYCLES,BACKEND,SUB-EVENT,model_layers_14_mlp_gate_proj_conv_Conv:OpId_13996 (cycles)
106260775453,EXECUTE,141736,CYCLES,BACKEND,SUB-EVENT,model_layers_14_mlp_up_proj_conv_Conv:OpId_14006 (cycles)
106260775453,EXECUTE,0,CYCLES,BACKEND,SUB-EVENT,model_layers_14_mlp_act_fn_Sigmoid:OpId_14009 (cycles)
106260775453,EXECUTE,413728,CYCLES,BACKEND,SUB-EVENT,model_layers_14_mlp_act_fn_Mul:OpId_14016 (cycles)
106260775453,EXECUTE,198759,CYCLES,BACKEND,SUB-EVENT,model_layers_14_mlp_Mul:OpId_14018 (cycles)
106260775453,EXECUTE,81983,CYCLES,BACKEND,SUB-EVENT,model_layers_14_mlp_down_proj_conv_Conv:OpId_14027 (cycles)
106260775453,EXECUTE,0,CYCLES,BACKEND,SUB-EVENT,/model_layers_14_mlp_down_proj_conv_Conv/Conv_output_0.nchw:OpId_14031 (cycles)
106260775453,EXECUTE,0,CYCLES,BACKEND,SUB-EVENT,model_layers_14_mlp_Reshape_1:OpId_14032 (cycles)
106260775453,EXECUTE,15974,CYCLES,BACKEND,SUB-EVENT,model_layers_14_Add_1:OpId_14033 (cycles)
106260775453,EXECUTE,92752,CYCLES,BACKEND,SUB-EVENT,rms_norm_58:OpId_14038 (cycles)
106260775453,EXECUTE,0,CYCLES,BACKEND,SUB-EVENT,model_layers_15_self_attn_Reshape:OpId_14041 (cycles)
106260775453,EXECUTE,0,CYCLES,BACKEND,SUB-EVENT,model_layers_15_self_attn_Transpose:OpId_14043 (cycles)
106260775453,EXECUTE,2524,CYCLES,BACKEND,SUB-EVENT,attn_15_head_0_key_Conv:OpId_14051 (cycles)
106260775453,EXECUTE,1445,CYCLES,BACKEND,SUB-EVENT,attn_15_head_0_value_Conv:OpId_14061 (cycles)
106260775453,EXECUTE,2066,CYCLES,BACKEND,SUB-EVENT,attn_15_head_0_value_Transpose/output_converted_UFIXED_POINT_8:OpId_14064 (cycles)
106260775453,EXECUTE,2567,CYCLES,BACKEND,SUB-EVENT,attn_15_head_1_key_Conv:OpId_14074 (cycles)
106260775453,EXECUTE,1417,CYCLES,BACKEND,SUB-EVENT,attn_15_head_1_value_Conv:OpId_14084 (cycles)
106260775453,EXECUTE,1748,CYCLES,BACKEND,SUB-EVENT,attn_15_head_1_value_Transpose/output_converted_UFIXED_POINT_8:OpId_14087 (cycles)
106260775453,EXECUTE,3734,CYCLES,BACKEND,SUB-EVENT,attn_15_head_0_query_Conv:OpId_14097 (cycles)
106260775453,EXECUTE,2442,CYCLES,BACKEND,SUB-EVENT,attn_15_head_1_query_Conv:OpId_14107 (cycles)
106260775453,EXECUTE,3221,CYCLES,BACKEND,SUB-EVENT,attn_15_head_2_query_Conv:OpId_14117 (cycles)
106260775453,EXECUTE,3714,CYCLES,BACKEND,SUB-EVENT,attn_15_head_3_query_Conv:OpId_14127 (cycles)
106260775453,EXECUTE,2981,CYCLES,BACKEND,SUB-EVENT,attn_15_head_4_query_Conv:OpId_14137 (cycles)
106260775453,EXECUTE,3301,CYCLES,BACKEND,SUB-EVENT,attn_15_head_5_query_Conv:OpId_14147 (cycles)
106260775453,EXECUTE,2469,CYCLES,BACKEND,SUB-EVENT,attn_15_head_6_query_Conv:OpId_14157 (cycles)
106260775453,EXECUTE,2823,CYCLES,BACKEND,SUB-EVENT,attn_15_head_7_query_Conv:OpId_14167 (cycles)
106260775453,EXECUTE,3230,CYCLES,BACKEND,SUB-EVENT,attn_15_head_8_query_Conv:OpId_14177 (cycles)
106260775453,EXECUTE,3368,CYCLES,BACKEND,SUB-EVENT,attn_15_head_9_query_Conv:OpId_14187 (cycles)
106260775453,EXECUTE,3638,CYCLES,BACKEND,SUB-EVENT,attn_15_head_10_query_Conv:OpId_14197 (cycles)
106260775453,EXECUTE,4027,CYCLES,BACKEND,SUB-EVENT,attn_15_head_11_query_Conv:OpId_14207 (cycles)
106260775453,EXECUTE,3818,CYCLES,BACKEND,SUB-EVENT,attn_15_head_12_query_Conv:OpId_14217 (cycles)
106260775453,EXECUTE,2987,CYCLES,BACKEND,SUB-EVENT,attn_15_head_13_query_Conv:OpId_14227 (cycles)
106260775453,EXECUTE,3009,CYCLES,BACKEND,SUB-EVENT,Slice_540:OpId_14231 (cycles)
106260775453,EXECUTE,2832,CYCLES,BACKEND,SUB-EVENT,Slice_541:OpId_14237 (cycles)
106260775453,EXECUTE,1760,CYCLES,BACKEND,SUB-EVENT,Slice_542:OpId_14243 (cycles)
106260775453,EXECUTE,1761,CYCLES,BACKEND,SUB-EVENT,Slice_543:OpId_14249 (cycles)
106260775453,EXECUTE,0,CYCLES,BACKEND,SUB-EVENT,Concat_366:OpId_14254 (cycles)
106260775453,EXECUTE,1846,CYCLES,BACKEND,SUB-EVENT,Slice_548:OpId_14257 (cycles)
106260775453,EXECUTE,1774,CYCLES,BACKEND,SUB-EVENT,Slice_549:OpId_14263 (cycles)
106260775453,EXECUTE,1948,CYCLES,BACKEND,SUB-EVENT,Slice_550:OpId_14269 (cycles)
106260775453,EXECUTE,1827,CYCLES,BACKEND,SUB-EVENT,Slice_551:OpId_14275 (cycles)
106260775453,EXECUTE,1951,CYCLES,BACKEND,SUB-EVENT,Slice_552:OpId_14281 (cycles)
106260775453,EXECUTE,1779,CYCLES,BACKEND,SUB-EVENT,Slice_553:OpId_14287 (cycles)
106260775453,EXECUTE,1941,CYCLES,BACKEND,SUB-EVENT,Slice_554:OpId_14293 (cycles)
106260775453,EXECUTE,1841,CYCLES,BACKEND,SUB-EVENT,Slice_555:OpId_14299 (cycles)
106260775453,EXECUTE,1883,CYCLES,BACKEND,SUB-EVENT,Slice_556:OpId_14305 (cycles)
106260775453,EXECUTE,1845,CYCLES,BACKEND,SUB-EVENT,Slice_557:OpId_14311 (cycles)
106260775453,EXECUTE,1792,CYCLES,BACKEND,SUB-EVENT,Slice_558:OpId_14317 (cycles)
106260775453,EXECUTE,1755,CYCLES,BACKEND,SUB-EVENT,Slice_559:OpId_14323 (cycles)
106260775453,EXECUTE,2461,CYCLES,BACKEND,SUB-EVENT,Slice_560:OpId_14329 (cycles)
106260775453,EXECUTE,2558,CYCLES,BACKEND,SUB-EVENT,Slice_561:OpId_14335 (cycles)
106260775453,EXECUTE,1753,CYCLES,BACKEND,SUB-EVENT,Slice_562:OpId_14341 (cycles)
106260775453,EXECUTE,1694,CYCLES,BACKEND,SUB-EVENT,Slice_563:OpId_14347 (cycles)
106260775453,EXECUTE,1757,CYCLES,BACKEND,SUB-EVENT,Slice_564:OpId_14353 (cycles)
106260775453,EXECUTE,2150,CYCLES,BACKEND,SUB-EVENT,Slice_565:OpId_14359 (cycles)
106260775453,EXECUTE,1968,CYCLES,BACKEND,SUB-EVENT,Slice_566:OpId_14365 (cycles)
106260775453,EXECUTE,1848,CYCLES,BACKEND,SUB-EVENT,Slice_567:OpId_14371 (cycles)
106260775453,EXECUTE,1712,CYCLES,BACKEND,SUB-EVENT,Slice_568:OpId_14377 (cycles)
106260775453,EXECUTE,1765,CYCLES,BACKEND,SUB-EVENT,Slice_569:OpId_14383 (cycles)
106260775453,EXECUTE,2400,CYCLES,BACKEND,SUB-EVENT,Slice_570:OpId_14389 (cycles)
106260775453,EXECUTE,1766,CYCLES,BACKEND,SUB-EVENT,Slice_571:OpId_14395 (cycles)
106260775453,EXECUTE,1913,CYCLES,BACKEND,SUB-EVENT,Slice_572:OpId_14401 (cycles)
106260775453,EXECUTE,2424,CYCLES,BACKEND,SUB-EVENT,Slice_573:OpId_14407 (cycles)
106260775453,EXECUTE,2043,CYCLES,BACKEND,SUB-EVENT,Slice_574:OpId_14413 (cycles)
106260775453,EXECUTE,2520,CYCLES,BACKEND,SUB-EVENT,Slice_575:OpId_14419 (cycles)
106260775453,EXECUTE,8272,CYCLES,BACKEND,SUB-EVENT,Concat_348:OpId_14424 (cycles)
106260775453,EXECUTE,8059,CYCLES,BACKEND,SUB-EVENT,Concat_350:OpId_14426 (cycles)
106260775453,EXECUTE,1763,CYCLES,BACKEND,SUB-EVENT,Mul_960:OpId_14428 (cycles)
106260775453,EXECUTE,1668,CYCLES,BACKEND,SUB-EVENT,Mul_962:OpId_14430 (cycles)
106260775453,EXECUTE,1590,CYCLES,BACKEND,SUB-EVENT,Mul_961:OpId_14432 (cycles)
106260775453,EXECUTE,1787,CYCLES,BACKEND,SUB-EVENT,Mul_963:OpId_14434 (cycles)
106260775453,EXECUTE,1403,CYCLES,BACKEND,SUB-EVENT,Mul_964:OpId_14436 (cycles)
106260775453,EXECUTE,1404,CYCLES,BACKEND,SUB-EVENT,Mul_966:OpId_14438 (cycles)
106260775453,EXECUTE,1439,CYCLES,BACKEND,SUB-EVENT,Mul_965:OpId_14440 (cycles)
106260775453,EXECUTE,1398,CYCLES,BACKEND,SUB-EVENT,Mul_967:OpId_14442 (cycles)
106260775453,EXECUTE,1427,CYCLES,BACKEND,SUB-EVENT,Mul_968:OpId_14444 (cycles)
106260775453,EXECUTE,1437,CYCLES,BACKEND,SUB-EVENT,Mul_970:OpId_14446 (cycles)
106260775453,EXECUTE,1412,CYCLES,BACKEND,SUB-EVENT,Mul_969:OpId_14448 (cycles)
106260775453,EXECUTE,1410,CYCLES,BACKEND,SUB-EVENT,Mul_971:OpId_14450 (cycles)
106260775453,EXECUTE,1690,CYCLES,BACKEND,SUB-EVENT,Mul_972:OpId_14452 (cycles)
106260775453,EXECUTE,1731,CYCLES,BACKEND,SUB-EVENT,Mul_974:OpId_14454 (cycles)
106260775453,EXECUTE,1622,CYCLES,BACKEND,SUB-EVENT,Mul_973:OpId_14456 (cycles)
106260775453,EXECUTE,1631,CYCLES,BACKEND,SUB-EVENT,Mul_975:OpId_14458 (cycles)
106260775453,EXECUTE,1620,CYCLES,BACKEND,SUB-EVENT,Mul_976:OpId_14460 (cycles)
106260775453,EXECUTE,1614,CYCLES,BACKEND,SUB-EVENT,Mul_978:OpId_14462 (cycles)
106260775453,EXECUTE,1570,CYCLES,BACKEND,SUB-EVENT,Mul_977:OpId_14464 (cycles)
106260775453,EXECUTE,4023,CYCLES,BACKEND,SUB-EVENT,Mul_979:OpId_14466 (cycles)
106260775453,EXECUTE,1450,CYCLES,BACKEND,SUB-EVENT,Mul_980:OpId_14468 (cycles)
106260775453,EXECUTE,1455,CYCLES,BACKEND,SUB-EVENT,Mul_982:OpId_14470 (cycles)
106260775453,EXECUTE,1429,CYCLES,BACKEND,SUB-EVENT,Mul_981:OpId_14472 (cycles)
106260775453,EXECUTE,1423,CYCLES,BACKEND,SUB-EVENT,Mul_983:OpId_14474 (cycles)
106260775453,EXECUTE,1736,CYCLES,BACKEND,SUB-EVENT,Mul_984:OpId_14476 (cycles)
106260775453,EXECUTE,1520,CYCLES,BACKEND,SUB-EVENT,Mul_986:OpId_14478 (cycles)
106260775453,EXECUTE,1665,CYCLES,BACKEND,SUB-EVENT,Mul_985:OpId_14480 (cycles)
106260775453,EXECUTE,1487,CYCLES,BACKEND,SUB-EVENT,Mul_987:OpId_14482 (cycles)
106260775453,EXECUTE,1445,CYCLES,BACKEND,SUB-EVENT,Mul_988:OpId_14484 (cycles)
106260775453,EXECUTE,1459,CYCLES,BACKEND,SUB-EVENT,Mul_990:OpId_14486 (cycles)
106260775453,EXECUTE,1450,CYCLES,BACKEND,SUB-EVENT,Mul_989:OpId_14488 (cycles)
106260775453,EXECUTE,1475,CYCLES,BACKEND,SUB-EVENT,Mul_991:OpId_14490 (cycles)
106260775453,EXECUTE,1440,CYCLES,BACKEND,SUB-EVENT,Mul_992:OpId_14492 (cycles)
106260775453,EXECUTE,1470,CYCLES,BACKEND,SUB-EVENT,Mul_994:OpId_14494 (cycles)
106260775453,EXECUTE,1437,CYCLES,BACKEND,SUB-EVENT,Mul_993:OpId_14496 (cycles)
106260775453,EXECUTE,1415,CYCLES,BACKEND,SUB-EVENT,Mul_995:OpId_14498 (cycles)
106260775453,EXECUTE,1387,CYCLES,BACKEND,SUB-EVENT,Mul_996:OpId_14500 (cycles)
106260775453,EXECUTE,1409,CYCLES,BACKEND,SUB-EVENT,Mul_998:OpId_14502 (cycles)
106260775453,EXECUTE,1394,CYCLES,BACKEND,SUB-EVENT,Mul_997:OpId_14504 (cycles)
106260775453,EXECUTE,1404,CYCLES,BACKEND,SUB-EVENT,Mul_999:OpId_14506 (cycles)
106260775453,EXECUTE,1821,CYCLES,BACKEND,SUB-EVENT,Mul_1000:OpId_14508 (cycles)
106260775453,EXECUTE,1819,CYCLES,BACKEND,SUB-EVENT,Mul_1002:OpId_14510 (cycles)
106260775453,EXECUTE,1544,CYCLES,BACKEND,SUB-EVENT,Mul_1001:OpId_14512 (cycles)
106260775453,EXECUTE,1475,CYCLES,BACKEND,SUB-EVENT,Mul_1003:OpId_14514 (cycles)
106260775453,EXECUTE,1430,CYCLES,BACKEND,SUB-EVENT,Mul_1004:OpId_14516 (cycles)
106260775453,EXECUTE,1501,CYCLES,BACKEND,SUB-EVENT,Mul_1006:OpId_14518 (cycles)
106260775453,EXECUTE,1451,CYCLES,BACKEND,SUB-EVENT,Mul_1005:OpId_14520 (cycles)
106260775453,EXECUTE,1466,CYCLES,BACKEND,SUB-EVENT,Mul_1007:OpId_14522 (cycles)
106260775453,EXECUTE,1463,CYCLES,BACKEND,SUB-EVENT,Mul_1008:OpId_14524 (cycles)
106260775453,EXECUTE,1569,CYCLES,BACKEND,SUB-EVENT,Mul_1010:OpId_14526 (cycles)
106260775453,EXECUTE,1409,CYCLES,BACKEND,SUB-EVENT,Mul_1009:OpId_14528 (cycles)
106260775453,EXECUTE,1514,CYCLES,BACKEND,SUB-EVENT,Mul_1011:OpId_14530 (cycles)
106260775453,EXECUTE,1660,CYCLES,BACKEND,SUB-EVENT,Mul_1012:OpId_14532 (cycles)
106260775453,EXECUTE,1777,CYCLES,BACKEND,SUB-EVENT,Mul_1014:OpId_14534 (cycles)
106260775453,EXECUTE,1467,CYCLES,BACKEND,SUB-EVENT,Mul_1013:OpId_14536 (cycles)
106260775453,EXECUTE,1568,CYCLES,BACKEND,SUB-EVENT,Mul_1015:OpId_14538 (cycles)
106260775453,EXECUTE,2050,CYCLES,BACKEND,SUB-EVENT,Mul_1016:OpId_14540 (cycles)
106260775453,EXECUTE,2162,CYCLES,BACKEND,SUB-EVENT,Mul_1018:OpId_14542 (cycles)
106260775453,EXECUTE,1829,CYCLES,BACKEND,SUB-EVENT,Mul_1017:OpId_14544 (cycles)
106260775453,EXECUTE,1780,CYCLES,BACKEND,SUB-EVENT,Mul_1019:OpId_14546 (cycles)
106260775453,EXECUTE,1653,CYCLES,BACKEND,SUB-EVENT,Mul_1020:OpId_14548 (cycles)
106260775453,EXECUTE,1688,CYCLES,BACKEND,SUB-EVENT,Mul_1022:OpId_14550 (cycles)
106260775453,EXECUTE,1675,CYCLES,BACKEND,SUB-EVENT,Mul_1021:OpId_14552 (cycles)
106260775453,EXECUTE,1720,CYCLES,BACKEND,SUB-EVENT,Mul_1023:OpId_14554 (cycles)
106260775453,EXECUTE,1767,CYCLES,BACKEND,SUB-EVENT,Sub_240:OpId_14556 (cycles)
106260775453,EXECUTE,383,CYCLES,BACKEND,SUB-EVENT,Sub_240_converted_UFIXED_POINT_8:OpId_14558 (cycles)
106260775453,EXECUTE,1728,CYCLES,BACKEND,SUB-EVENT,Add_450:OpId_14561 (cycles)
106260775453,EXECUTE,507,CYCLES,BACKEND,SUB-EVENT,Add_450_converted_UFIXED_POINT_8:OpId_14563 (cycles)
106260775453,EXECUTE,1490,CYCLES,BACKEND,SUB-EVENT,Sub_241:OpId_14566 (cycles)
106260775453,EXECUTE,417,CYCLES,BACKEND,SUB-EVENT,Sub_241_converted_UFIXED_POINT_8:OpId_14568 (cycles)
106260775453,EXECUTE,1519,CYCLES,BACKEND,SUB-EVENT,Add_451:OpId_14571 (cycles)
106260775453,EXECUTE,461,CYCLES,BACKEND,SUB-EVENT,Add_451_converted_UFIXED_POINT_8:OpId_14573 (cycles)
106260775453,EXECUTE,1528,CYCLES,BACKEND,SUB-EVENT,Sub_242:OpId_14576 (cycles)
106260775453,EXECUTE,2451,CYCLES,BACKEND,SUB-EVENT,Add_452:OpId_14578 (cycles)
106260775453,EXECUTE,1688,CYCLES,BACKEND,SUB-EVENT,Sub_243:OpId_14580 (cycles)
106260775453,EXECUTE,2669,CYCLES,BACKEND,SUB-EVENT,Add_454:OpId_14582 (cycles)
106260775453,EXECUTE,1588,CYCLES,BACKEND,SUB-EVENT,Sub_244:OpId_14584 (cycles)
106260775453,EXECUTE,2625,CYCLES,BACKEND,SUB-EVENT,Add_456:OpId_14586 (cycles)
106260775453,EXECUTE,1740,CYCLES,BACKEND,SUB-EVENT,Sub_245:OpId_14588 (cycles)
106260775453,EXECUTE,2152,CYCLES,BACKEND,SUB-EVENT,Add_458:OpId_14590 (cycles)
106260775453,EXECUTE,1985,CYCLES,BACKEND,SUB-EVENT,Sub_246:OpId_14592 (cycles)
106260775453,EXECUTE,2795,CYCLES,BACKEND,SUB-EVENT,Add_460:OpId_14594 (cycles)
106260775453,EXECUTE,2002,CYCLES,BACKEND,SUB-EVENT,Sub_247:OpId_14596 (cycles)
106260775453,EXECUTE,2916,CYCLES,BACKEND,SUB-EVENT,Add_462:OpId_14598 (cycles)
106260775453,EXECUTE,1503,CYCLES,BACKEND,SUB-EVENT,Sub_248:OpId_14600 (cycles)
106260775453,EXECUTE,2390,CYCLES,BACKEND,SUB-EVENT,Add_464:OpId_14602 (cycles)
106260775453,EXECUTE,1717,CYCLES,BACKEND,SUB-EVENT,Sub_249:OpId_14604 (cycles)
106260775453,EXECUTE,2676,CYCLES,BACKEND,SUB-EVENT,Add_466:OpId_14606 (cycles)
106260775453,EXECUTE,1783,CYCLES,BACKEND,SUB-EVENT,Sub_250:OpId_14608 (cycles)
106260775453,EXECUTE,2453,CYCLES,BACKEND,SUB-EVENT,Add_468:OpId_14610 (cycles)
106260775453,EXECUTE,1498,CYCLES,BACKEND,SUB-EVENT,Sub_251:OpId_14612 (cycles)
106260775453,EXECUTE,2437,CYCLES,BACKEND,SUB-EVENT,Add_470:OpId_14614 (cycles)
106260775453,EXECUTE,1539,CYCLES,BACKEND,SUB-EVENT,Sub_252:OpId_14616 (cycles)
106260775453,EXECUTE,2635,CYCLES,BACKEND,SUB-EVENT,Add_472:OpId_14618 (cycles)
106260775453,EXECUTE,1558,CYCLES,BACKEND,SUB-EVENT,Sub_253:OpId_14620 (cycles)
106260775453,EXECUTE,2265,CYCLES,BACKEND,SUB-EVENT,Add_474:OpId_14622 (cycles)
106260775453,EXECUTE,1495,CYCLES,BACKEND,SUB-EVENT,Sub_254:OpId_14624 (cycles)
106260775453,EXECUTE,2379,CYCLES,BACKEND,SUB-EVENT,Add_476:OpId_14626 (cycles)
106260775453,EXECUTE,1613,CYCLES,BACKEND,SUB-EVENT,Sub_255:OpId_14628 (cycles)
106260775453,EXECUTE,2707,CYCLES,BACKEND,SUB-EVENT,Add_478:OpId_14630 (cycles)
106260775453,EXECUTE,1626,CYCLES,BACKEND,SUB-EVENT,Concat_345:OpId_14632 (cycles)
106260775453,EXECUTE,1530,CYCLES,BACKEND,SUB-EVENT,Concat_346:OpId_14634 (cycles)
106260775453,EXECUTE,0,CYCLES,BACKEND,SUB-EVENT,Concat_351:OpId_14636 (cycles)
106260775453,EXECUTE,0,CYCLES,BACKEND,SUB-EVENT,Concat_352:OpId_14638 (cycles)
106260775453,EXECUTE,0,CYCLES,BACKEND,SUB-EVENT,Concat_353:OpId_14640 (cycles)
106260775453,EXECUTE,0,CYCLES,BACKEND,SUB-EVENT,Concat_354:OpId_14642 (cycles)
106260775453,EXECUTE,0,CYCLES,BACKEND,SUB-EVENT,Concat_355:OpId_14644 (cycles)
106260775453,EXECUTE,0,CYCLES,BACKEND,SUB-EVENT,Concat_356:OpId_14646 (cycles)
106260775453,EXECUTE,0,CYCLES,BACKEND,SUB-EVENT,Concat_357:OpId_14648 (cycles)
106260775453,EXECUTE,0,CYCLES,BACKEND,SUB-EVENT,Concat_358:OpId_14650 (cycles)
106260775453,EXECUTE,0,CYCLES,BACKEND,SUB-EVENT,Concat_359:OpId_14652 (cycles)
106260775453,EXECUTE,0,CYCLES,BACKEND,SUB-EVENT,Concat_360:OpId_14654 (cycles)
106260775453,EXECUTE,0,CYCLES,BACKEND,SUB-EVENT,Concat_361:OpId_14656 (cycles)
106260775453,EXECUTE,0,CYCLES,BACKEND,SUB-EVENT,Concat_362:OpId_14658 (cycles)
106260775453,EXECUTE,0,CYCLES,BACKEND,SUB-EVENT,Concat_363:OpId_14660 (cycles)
106260775453,EXECUTE,0,CYCLES,BACKEND,SUB-EVENT,Concat_364:OpId_14662 (cycles)
106260775453,EXECUTE,5324,CYCLES,BACKEND,SUB-EVENT,attn_15_head_0_key_Transpose_0:OpId_14665 (cycles)
106260775453,EXECUTE,3972,CYCLES,BACKEND,SUB-EVENT,attn_15_head_1_key_Transpose_0:OpId_14667 (cycles)
106260775453,EXECUTE,0,CYCLES,BACKEND,SUB-EVENT,Concat_347:OpId_14668 (cycles)
106260775453,EXECUTE,0,CYCLES,BACKEND,SUB-EVENT,Concat_349:OpId_14670 (cycles)
106260775453,EXECUTE,0,CYCLES,BACKEND,SUB-EVENT,Concat_365:OpId_14672 (cycles)
106260775453,EXECUTE,127624,CYCLES,BACKEND,SUB-EVENT,attn_15_head_0_qk_MatMul_0:OpId_14674 (cycles)
106260775453,EXECUTE,16654,CYCLES,BACKEND,SUB-EVENT,attn_15_head_1_qk_MatMul_0:OpId_14678 (cycles)
106260775453,EXECUTE,16166,CYCLES,BACKEND,SUB-EVENT,attn_15_head_2_qk_MatMul_0:OpId_14682 (cycles)
106260775453,EXECUTE,16841,CYCLES,BACKEND,SUB-EVENT,attn_15_head_3_qk_MatMul_0:OpId_14686 (cycles)
106260775453,EXECUTE,15236,CYCLES,BACKEND,SUB-EVENT,attn_15_head_4_qk_MatMul_0:OpId_14690 (cycles)
106260775453,EXECUTE,17003,CYCLES,BACKEND,SUB-EVENT,attn_15_head_5_qk_MatMul_0:OpId_14694 (cycles)
106260775453,EXECUTE,15853,CYCLES,BACKEND,SUB-EVENT,attn_15_head_6_qk_MatMul_0:OpId_14698 (cycles)
106260775453,EXECUTE,129092,CYCLES,BACKEND,SUB-EVENT,attn_15_head_7_qk_MatMul_0:OpId_14702 (cycles)
106260775453,EXECUTE,17215,CYCLES,BACKEND,SUB-EVENT,attn_15_head_8_qk_MatMul_0:OpId_14706 (cycles)
106260775453,EXECUTE,17154,CYCLES,BACKEND,SUB-EVENT,attn_15_head_9_qk_MatMul_0:OpId_14710 (cycles)
106260775453,EXECUTE,17080,CYCLES,BACKEND,SUB-EVENT,attn_15_head_10_qk_MatMul_0:OpId_14714 (cycles)
106260775453,EXECUTE,16531,CYCLES,BACKEND,SUB-EVENT,attn_15_head_11_qk_MatMul_0:OpId_14718 (cycles)
106260775453,EXECUTE,17496,CYCLES,BACKEND,SUB-EVENT,attn_15_head_12_qk_MatMul_0:OpId_14722 (cycles)
106260775453,EXECUTE,16793,CYCLES,BACKEND,SUB-EVENT,attn_15_head_13_qk_MatMul_0:OpId_14726 (cycles)
106260775453,EXECUTE,64743,CYCLES,BACKEND,SUB-EVENT,Add_453:OpId_14730 (cycles)
106260775453,EXECUTE,61356,CYCLES,BACKEND,SUB-EVENT,Add_455:OpId_14732 (cycles)
106260775453,EXECUTE,67642,CYCLES,BACKEND,SUB-EVENT,Add_457:OpId_14734 (cycles)
106260775453,EXECUTE,66396,CYCLES,BACKEND,SUB-EVENT,Add_459:OpId_14736 (cycles)
106260775453,EXECUTE,65865,CYCLES,BACKEND,SUB-EVENT,Add_461:OpId_14738 (cycles)
106260775453,EXECUTE,66942,CYCLES,BACKEND,SUB-EVENT,Add_463:OpId_14740 (cycles)
106260775453,EXECUTE,64188,CYCLES,BACKEND,SUB-EVENT,Add_465:OpId_14742 (cycles)
106260775453,EXECUTE,65395,CYCLES,BACKEND,SUB-EVENT,Add_467:OpId_14744 (cycles)
106260775453,EXECUTE,55433,CYCLES,BACKEND,SUB-EVENT,Add_469:OpId_14746 (cycles)
106260775453,EXECUTE,64799,CYCLES,BACKEND,SUB-EVENT,Add_471:OpId_14748 (cycles)
106260775453,EXECUTE,68088,CYCLES,BACKEND,SUB-EVENT,Add_473:OpId_14750 (cycles)
106260775453,EXECUTE,65371,CYCLES,BACKEND,SUB-EVENT,Add_475:OpId_14752 (cycles)
106260775453,EXECUTE,66156,CYCLES,BACKEND,SUB-EVENT,Add_477:OpId_14754 (cycles)
106260775453,EXECUTE,66973,CYCLES,BACKEND,SUB-EVENT,Add_479:OpId_14756 (cycles)
106260775453,EXECUTE,149575,CYCLES,BACKEND,SUB-EVENT,attn_15_head_0_Softmax_0:OpId_14758 (cycles)
106260775453,EXECUTE,164604,CYCLES,BACKEND,SUB-EVENT,attn_15_head_1_Softmax_0:OpId_14761 (cycles)
106260775453,EXECUTE,149234,CYCLES,BACKEND,SUB-EVENT,attn_15_head_2_Softmax_0:OpId_14764 (cycles)
106260775453,EXECUTE,149277,CYCLES,BACKEND,SUB-EVENT,attn_15_head_3_Softmax_0:OpId_14767 (cycles)
106260775453,EXECUTE,154138,CYCLES,BACKEND,SUB-EVENT,attn_15_head_4_Softmax_0:OpId_14770 (cycles)
106260775453,EXECUTE,149020,CYCLES,BACKEND,SUB-EVENT,attn_15_head_5_Softmax_0:OpId_14773 (cycles)
106260775453,EXECUTE,164633,CYCLES,BACKEND,SUB-EVENT,attn_15_head_6_Softmax_0:OpId_14776 (cycles)
106260775453,EXECUTE,149237,CYCLES,BACKEND,SUB-EVENT,attn_15_head_7_Softmax_0:OpId_14779 (cycles)
106260775453,EXECUTE,157852,CYCLES,BACKEND,SUB-EVENT,attn_15_head_8_Softmax_0:OpId_14782 (cycles)
106260775453,EXECUTE,157115,CYCLES,BACKEND,SUB-EVENT,attn_15_head_9_Softmax_0:OpId_14785 (cycles)
106260775453,EXECUTE,149660,CYCLES,BACKEND,SUB-EVENT,attn_15_head_10_Softmax_0:OpId_14788 (cycles)
106260775453,EXECUTE,154548,CYCLES,BACKEND,SUB-EVENT,attn_15_head_11_Softmax_0:OpId_14791 (cycles)
106260775453,EXECUTE,162164,CYCLES,BACKEND,SUB-EVENT,attn_15_head_12_Softmax_0:OpId_14794 (cycles)
106260775453,EXECUTE,154712,CYCLES,BACKEND,SUB-EVENT,attn_15_head_13_Softmax_0:OpId_14797 (cycles)
106260775453,EXECUTE,44863,CYCLES,BACKEND,SUB-EVENT,attn_15_head_0_qkv_MatMul_0:OpId_14800 (cycles)
106260775453,EXECUTE,5445,CYCLES,BACKEND,SUB-EVENT,attn_15_head_1_qkv_MatMul_0:OpId_14804 (cycles)
106260775453,EXECUTE,4983,CYCLES,BACKEND,SUB-EVENT,attn_15_head_2_qkv_MatMul_0:OpId_14808 (cycles)
106260775453,EXECUTE,5085,CYCLES,BACKEND,SUB-EVENT,attn_15_head_3_qkv_MatMul_0:OpId_14812 (cycles)
106260775453,EXECUTE,5154,CYCLES,BACKEND,SUB-EVENT,attn_15_head_4_qkv_MatMul_0:OpId_14816 (cycles)
106260775453,EXECUTE,4695,CYCLES,BACKEND,SUB-EVENT,attn_15_head_5_qkv_MatMul_0:OpId_14820 (cycles)
106260775453,EXECUTE,5143,CYCLES,BACKEND,SUB-EVENT,attn_15_head_6_qkv_MatMul_0:OpId_14824 (cycles)
106260775453,EXECUTE,39790,CYCLES,BACKEND,SUB-EVENT,attn_15_head_7_qkv_MatMul_0:OpId_14828 (cycles)
106260775453,EXECUTE,4969,CYCLES,BACKEND,SUB-EVENT,attn_15_head_8_qkv_MatMul_0:OpId_14832 (cycles)
106260775453,EXECUTE,5198,CYCLES,BACKEND,SUB-EVENT,attn_15_head_9_qkv_MatMul_0:OpId_14836 (cycles)
106260775453,EXECUTE,5135,CYCLES,BACKEND,SUB-EVENT,attn_15_head_10_qkv_MatMul_0:OpId_14840 (cycles)
106260775453,EXECUTE,5712,CYCLES,BACKEND,SUB-EVENT,attn_15_head_11_qkv_MatMul_0:OpId_14844 (cycles)
106260775453,EXECUTE,5210,CYCLES,BACKEND,SUB-EVENT,attn_15_head_12_qkv_MatMul_0:OpId_14848 (cycles)
106260775453,EXECUTE,4469,CYCLES,BACKEND,SUB-EVENT,attn_15_head_13_qkv_MatMul_0:OpId_14852 (cycles)
106260775453,EXECUTE,0,CYCLES,BACKEND,SUB-EVENT,Concat_367:OpId_14856 (cycles)
106260775453,EXECUTE,0,CYCLES,BACKEND,SUB-EVENT,Reshape_17:OpId_14858 (cycles)
106260775453,EXECUTE,0,CYCLES,BACKEND,SUB-EVENT,model_layers_15_self_attn_Transpose_6:OpId_14860 (cycles)
106260775453,EXECUTE,24563,CYCLES,BACKEND,SUB-EVENT,model_layers_15_self_attn_o_proj_conv_Conv:OpId_14868 (cycles)
106260775453,EXECUTE,0,CYCLES,BACKEND,SUB-EVENT,/model_layers_15_self_attn_o_proj_conv_Conv/Conv_output_0.nchw:OpId_14872 (cycles)
106260775453,EXECUTE,0,CYCLES,BACKEND,SUB-EVENT,model_layers_15_self_attn_Reshape_9:OpId_14873 (cycles)
106260775453,EXECUTE,13349,CYCLES,BACKEND,SUB-EVENT,model_layers_15_Add:OpId_14874 (cycles)
106260775453,EXECUTE,96956,CYCLES,BACKEND,SUB-EVENT,rms_norm_60:OpId_14879 (cycles)
106260775453,EXECUTE,0,CYCLES,BACKEND,SUB-EVENT,model_layers_15_mlp_Reshape:OpId_14882 (cycles)
106260775453,EXECUTE,0,CYCLES,BACKEND,SUB-EVENT,model_layers_15_mlp_Transpose:OpId_14884 (cycles)
106260775453,EXECUTE,138093,CYCLES,BACKEND,SUB-EVENT,model_layers_15_mlp_gate_proj_conv_Conv:OpId_14892 (cycles)
106260775453,EXECUTE,148279,CYCLES,BACKEND,SUB-EVENT,model_layers_15_mlp_up_proj_conv_Conv:OpId_14902 (cycles)
106260775453,EXECUTE,0,CYCLES,BACKEND,SUB-EVENT,model_layers_15_mlp_act_fn_Sigmoid:OpId_14905 (cycles)
106260775453,EXECUTE,398515,CYCLES,BACKEND,SUB-EVENT,model_layers_15_mlp_act_fn_Mul:OpId_14912 (cycles)
106260775453,EXECUTE,207208,CYCLES,BACKEND,SUB-EVENT,model_layers_15_mlp_Mul:OpId_14914 (cycles)
106260775453,EXECUTE,79805,CYCLES,BACKEND,SUB-EVENT,model_layers_15_mlp_down_proj_conv_Conv:OpId_14923 (cycles)
106260775453,EXECUTE,0,CYCLES,BACKEND,SUB-EVENT,/model_layers_15_mlp_down_proj_conv_Conv/Conv_output_0.nchw:OpId_14927 (cycles)
106260775453,EXECUTE,0,CYCLES,BACKEND,SUB-EVENT,model_layers_15_mlp_Reshape_1:OpId_14928 (cycles)
106260775453,EXECUTE,14977,CYCLES,BACKEND,SUB-EVENT,model_layers_15_Add_1:OpId_14929 (cycles)
106260775453,EXECUTE,91760,CYCLES,BACKEND,SUB-EVENT,rms_norm_62:OpId_14934 (cycles)
106260775453,EXECUTE,0,CYCLES,BACKEND,SUB-EVENT,model_layers_16_self_attn_Reshape:OpId_14937 (cycles)
106260775453,EXECUTE,0,CYCLES,BACKEND,SUB-EVENT,model_layers_16_self_attn_Transpose:OpId_14939 (cycles)
106260775453,EXECUTE,2575,CYCLES,BACKEND,SUB-EVENT,attn_16_head_0_key_Conv:OpId_14947 (cycles)
106260775453,EXECUTE,1501,CYCLES,BACKEND,SUB-EVENT,attn_16_head_0_value_Conv:OpId_14957 (cycles)
106260775453,EXECUTE,1935,CYCLES,BACKEND,SUB-EVENT,attn_16_head_0_value_Transpose/output_converted_UFIXED_POINT_8:OpId_14960 (cycles)
106260775453,EXECUTE,2570,CYCLES,BACKEND,SUB-EVENT,attn_16_head_1_key_Conv:OpId_14970 (cycles)
106260775453,EXECUTE,1526,CYCLES,BACKEND,SUB-EVENT,attn_16_head_1_value_Conv:OpId_14980 (cycles)
106260775453,EXECUTE,1445,CYCLES,BACKEND,SUB-EVENT,attn_16_head_1_value_Transpose/output_converted_UFIXED_POINT_8:OpId_14983 (cycles)
106260775453,EXECUTE,2202,CYCLES,BACKEND,SUB-EVENT,attn_16_head_0_query_Conv:OpId_14993 (cycles)
106260775453,EXECUTE,3446,CYCLES,BACKEND,SUB-EVENT,attn_16_head_1_query_Conv:OpId_15003 (cycles)
106260775453,EXECUTE,2744,CYCLES,BACKEND,SUB-EVENT,attn_16_head_2_query_Conv:OpId_15013 (cycles)
106260775453,EXECUTE,2862,CYCLES,BACKEND,SUB-EVENT,attn_16_head_3_query_Conv:OpId_15023 (cycles)
106260775453,EXECUTE,4110,CYCLES,BACKEND,SUB-EVENT,attn_16_head_4_query_Conv:OpId_15033 (cycles)
106260775453,EXECUTE,4203,CYCLES,BACKEND,SUB-EVENT,attn_16_head_5_query_Conv:OpId_15043 (cycles)
106260775453,EXECUTE,3588,CYCLES,BACKEND,SUB-EVENT,attn_16_head_6_query_Conv:OpId_15053 (cycles)
106260775453,EXECUTE,2995,CYCLES,BACKEND,SUB-EVENT,attn_16_head_7_query_Conv:OpId_15063 (cycles)
106260775453,EXECUTE,3777,CYCLES,BACKEND,SUB-EVENT,attn_16_head_8_query_Conv:OpId_15073 (cycles)
106260775453,EXECUTE,3373,CYCLES,BACKEND,SUB-EVENT,attn_16_head_9_query_Conv:OpId_15083 (cycles)
106260775453,EXECUTE,3628,CYCLES,BACKEND,SUB-EVENT,attn_16_head_10_query_Conv:OpId_15093 (cycles)
106260775453,EXECUTE,4289,CYCLES,BACKEND,SUB-EVENT,attn_16_head_11_query_Conv:OpId_15103 (cycles)
106260775453,EXECUTE,3171,CYCLES,BACKEND,SUB-EVENT,attn_16_head_12_query_Conv:OpId_15113 (cycles)
106260775453,EXECUTE,3260,CYCLES,BACKEND,SUB-EVENT,attn_16_head_13_query_Conv:OpId_15123 (cycles)
106260775453,EXECUTE,2316,CYCLES,BACKEND,SUB-EVENT,Slice_576:OpId_15127 (cycles)
106260775453,EXECUTE,2125,CYCLES,BACKEND,SUB-EVENT,Slice_577:OpId_15133 (cycles)
106260775453,EXECUTE,1881,CYCLES,BACKEND,SUB-EVENT,Slice_578:OpId_15139 (cycles)
106260775453,EXECUTE,1668,CYCLES,BACKEND,SUB-EVENT,Slice_579:OpId_15145 (cycles)
106260775453,EXECUTE,0,CYCLES,BACKEND,SUB-EVENT,Concat_389:OpId_15150 (cycles)
106260775453,EXECUTE,2011,CYCLES,BACKEND,SUB-EVENT,Slice_584:OpId_15153 (cycles)
106260775453,EXECUTE,1711,CYCLES,BACKEND,SUB-EVENT,Slice_585:OpId_15159 (cycles)
106260775453,EXECUTE,1638,CYCLES,BACKEND,SUB-EVENT,Slice_586:OpId_15165 (cycles)
106260775453,EXECUTE,1905,CYCLES,BACKEND,SUB-EVENT,Slice_587:OpId_15171 (cycles)
106260775453,EXECUTE,1866,CYCLES,BACKEND,SUB-EVENT,Slice_588:OpId_15177 (cycles)
106260775453,EXECUTE,1802,CYCLES,BACKEND,SUB-EVENT,Slice_589:OpId_15183 (cycles)
106260775453,EXECUTE,2337,CYCLES,BACKEND,SUB-EVENT,Slice_590:OpId_15189 (cycles)
106260775453,EXECUTE,2314,CYCLES,BACKEND,SUB-EVENT,Slice_591:OpId_15195 (cycles)
106260775453,EXECUTE,1904,CYCLES,BACKEND,SUB-EVENT,Slice_592:OpId_15201 (cycles)
106260775453,EXECUTE,1646,CYCLES,BACKEND,SUB-EVENT,Slice_593:OpId_15207 (cycles)
106260775453,EXECUTE,1902,CYCLES,BACKEND,SUB-EVENT,Slice_594:OpId_15213 (cycles)
106260775453,EXECUTE,1819,CYCLES,BACKEND,SUB-EVENT,Slice_595:OpId_15219 (cycles)
106260775453,EXECUTE,1892,CYCLES,BACKEND,SUB-EVENT,Slice_596:OpId_15225 (cycles)
106260775453,EXECUTE,2021,CYCLES,BACKEND,SUB-EVENT,Slice_597:OpId_15231 (cycles)
106260775453,EXECUTE,1987,CYCLES,BACKEND,SUB-EVENT,Slice_598:OpId_15237 (cycles)
106260775453,EXECUTE,1853,CYCLES,BACKEND,SUB-EVENT,Slice_599:OpId_15243 (cycles)
106260775453,EXECUTE,1925,CYCLES,BACKEND,SUB-EVENT,Slice_600:OpId_15249 (cycles)
106260775453,EXECUTE,1750,CYCLES,BACKEND,SUB-EVENT,Slice_601:OpId_15255 (cycles)
106260775453,EXECUTE,2422,CYCLES,BACKEND,SUB-EVENT,Slice_602:OpId_15261 (cycles)
106260775453,EXECUTE,1888,CYCLES,BACKEND,SUB-EVENT,Slice_603:OpId_15267 (cycles)
106260775453,EXECUTE,1989,CYCLES,BACKEND,SUB-EVENT,Slice_604:OpId_15273 (cycles)
106260775453,EXECUTE,1893,CYCLES,BACKEND,SUB-EVENT,Slice_605:OpId_15279 (cycles)
106260775453,EXECUTE,2099,CYCLES,BACKEND,SUB-EVENT,Slice_606:OpId_15285 (cycles)
106260775453,EXECUTE,1848,CYCLES,BACKEND,SUB-EVENT,Slice_607:OpId_15291 (cycles)
106260775453,EXECUTE,1975,CYCLES,BACKEND,SUB-EVENT,Slice_608:OpId_15297 (cycles)
106260775453,EXECUTE,1996,CYCLES,BACKEND,SUB-EVENT,Slice_609:OpId_15303 (cycles)
106260775453,EXECUTE,2621,CYCLES,BACKEND,SUB-EVENT,Slice_610:OpId_15309 (cycles)
106260775453,EXECUTE,2453,CYCLES,BACKEND,SUB-EVENT,Slice_611:OpId_15315 (cycles)
106260775453,EXECUTE,5839,CYCLES,BACKEND,SUB-EVENT,Concat_371:OpId_15320 (cycles)
106260775453,EXECUTE,6555,CYCLES,BACKEND,SUB-EVENT,Concat_373:OpId_15322 (cycles)
106260775453,EXECUTE,2069,CYCLES,BACKEND,SUB-EVENT,Mul_1024:OpId_15324 (cycles)
106260775453,EXECUTE,1838,CYCLES,BACKEND,SUB-EVENT,Mul_1026:OpId_15326 (cycles)
106260775453,EXECUTE,1648,CYCLES,BACKEND,SUB-EVENT,Mul_1025:OpId_15328 (cycles)
106260775453,EXECUTE,1701,CYCLES,BACKEND,SUB-EVENT,Mul_1027:OpId_15330 (cycles)
106260775453,EXECUTE,1396,CYCLES,BACKEND,SUB-EVENT,Mul_1028:OpId_15332 (cycles)
106260775453,EXECUTE,1370,CYCLES,BACKEND,SUB-EVENT,Mul_1030:OpId_15334 (cycles)
106260775453,EXECUTE,1429,CYCLES,BACKEND,SUB-EVENT,Mul_1029:OpId_15336 (cycles)
106260775453,EXECUTE,1382,CYCLES,BACKEND,SUB-EVENT,Mul_1031:OpId_15338 (cycles)
106260775453,EXECUTE,1604,CYCLES,BACKEND,SUB-EVENT,Mul_1032:OpId_15340 (cycles)
106260775453,EXECUTE,1619,CYCLES,BACKEND,SUB-EVENT,Mul_1034:OpId_15342 (cycles)
106260775453,EXECUTE,1628,CYCLES,BACKEND,SUB-EVENT,Mul_1033:OpId_15344 (cycles)
106260775453,EXECUTE,1604,CYCLES,BACKEND,SUB-EVENT,Mul_1035:OpId_15346 (cycles)
106260775453,EXECUTE,1424,CYCLES,BACKEND,SUB-EVENT,Mul_1036:OpId_15348 (cycles)
106260775453,EXECUTE,1422,CYCLES,BACKEND,SUB-EVENT,Mul_1038:OpId_15350 (cycles)
106260775453,EXECUTE,1434,CYCLES,BACKEND,SUB-EVENT,Mul_1037:OpId_15352 (cycles)
106260775453,EXECUTE,1523,CYCLES,BACKEND,SUB-EVENT,Mul_1039:OpId_15354 (cycles)
106260775453,EXECUTE,1645,CYCLES,BACKEND,SUB-EVENT,Mul_1040:OpId_15356 (cycles)
106260775453,EXECUTE,1669,CYCLES,BACKEND,SUB-EVENT,Mul_1042:OpId_15358 (cycles)
106260775453,EXECUTE,1401,CYCLES,BACKEND,SUB-EVENT,Mul_1041:OpId_15360 (cycles)
106260775453,EXECUTE,1449,CYCLES,BACKEND,SUB-EVENT,Mul_1043:OpId_15362 (cycles)
106260775453,EXECUTE,1653,CYCLES,BACKEND,SUB-EVENT,Mul_1044:OpId_15364 (cycles)
106260775453,EXECUTE,1711,CYCLES,BACKEND,SUB-EVENT,Mul_1046:OpId_15366 (cycles)
106260775453,EXECUTE,1494,CYCLES,BACKEND,SUB-EVENT,Mul_1045:OpId_15368 (cycles)
106260775453,EXECUTE,1528,CYCLES,BACKEND,SUB-EVENT,Mul_1047:OpId_15370 (cycles)
106260775453,EXECUTE,1449,CYCLES,BACKEND,SUB-EVENT,Mul_1048:OpId_15372 (cycles)
106260775453,EXECUTE,1570,CYCLES,BACKEND,SUB-EVENT,Mul_1050:OpId_15374 (cycles)
106260775453,EXECUTE,1634,CYCLES,BACKEND,SUB-EVENT,Mul_1049:OpId_15376 (cycles)
106260775453,EXECUTE,1460,CYCLES,BACKEND,SUB-EVENT,Mul_1051:OpId_15378 (cycles)
106260775453,EXECUTE,1438,CYCLES,BACKEND,SUB-EVENT,Mul_1052:OpId_15380 (cycles)
106260775453,EXECUTE,1443,CYCLES,BACKEND,SUB-EVENT,Mul_1054:OpId_15382 (cycles)
106260775453,EXECUTE,1425,CYCLES,BACKEND,SUB-EVENT,Mul_1053:OpId_15384 (cycles)
106260775453,EXECUTE,1447,CYCLES,BACKEND,SUB-EVENT,Mul_1055:OpId_15386 (cycles)
106260775453,EXECUTE,1413,CYCLES,BACKEND,SUB-EVENT,Mul_1056:OpId_15388 (cycles)
106260775453,EXECUTE,1555,CYCLES,BACKEND,SUB-EVENT,Mul_1058:OpId_15390 (cycles)
106260775453,EXECUTE,1940,CYCLES,BACKEND,SUB-EVENT,Mul_1057:OpId_15392 (cycles)
106260775453,EXECUTE,1811,CYCLES,BACKEND,SUB-EVENT,Mul_1059:OpId_15394 (cycles)
106260775453,EXECUTE,1454,CYCLES,BACKEND,SUB-EVENT,Mul_1060:OpId_15396 (cycles)
106260775453,EXECUTE,1498,CYCLES,BACKEND,SUB-EVENT,Mul_1062:OpId_15398 (cycles)
106260775453,EXECUTE,1414,CYCLES,BACKEND,SUB-EVENT,Mul_1061:OpId_15400 (cycles)
106260775453,EXECUTE,1419,CYCLES,BACKEND,SUB-EVENT,Mul_1063:OpId_15402 (cycles)
106260775453,EXECUTE,1797,CYCLES,BACKEND,SUB-EVENT,Mul_1064:OpId_15404 (cycles)
106260775453,EXECUTE,1442,CYCLES,BACKEND,SUB-EVENT,Mul_1066:OpId_15406 (cycles)
106260775453,EXECUTE,1947,CYCLES,BACKEND,SUB-EVENT,Mul_1065:OpId_15408 (cycles)
106260775453,EXECUTE,1813,CYCLES,BACKEND,SUB-EVENT,Mul_1067:OpId_15410 (cycles)
106260775453,EXECUTE,1406,CYCLES,BACKEND,SUB-EVENT,Mul_1068:OpId_15412 (cycles)
106260775453,EXECUTE,1712,CYCLES,BACKEND,SUB-EVENT,Mul_1070:OpId_15414 (cycles)
106260775453,EXECUTE,1680,CYCLES,BACKEND,SUB-EVENT,Mul_1069:OpId_15416 (cycles)
106260775453,EXECUTE,1710,CYCLES,BACKEND,SUB-EVENT,Mul_1071:OpId_15418 (cycles)
106260775453,EXECUTE,1704,CYCLES,BACKEND,SUB-EVENT,Mul_1072:OpId_15420 (cycles)
106260775453,EXECUTE,1741,CYCLES,BACKEND,SUB-EVENT,Mul_1074:OpId_15422 (cycles)
106260775453,EXECUTE,1516,CYCLES,BACKEND,SUB-EVENT,Mul_1073:OpId_15424 (cycles)
106260775453,EXECUTE,1660,CYCLES,BACKEND,SUB-EVENT,Mul_1075:OpId_15426 (cycles)
106260775453,EXECUTE,1517,CYCLES,BACKEND,SUB-EVENT,Mul_1076:OpId_15428 (cycles)
106260775453,EXECUTE,1739,CYCLES,BACKEND,SUB-EVENT,Mul_1078:OpId_15430 (cycles)
106260775453,EXECUTE,1688,CYCLES,BACKEND,SUB-EVENT,Mul_1077:OpId_15432 (cycles)
106260775453,EXECUTE,1505,CYCLES,BACKEND,SUB-EVENT,Mul_1079:OpId_15434 (cycles)
106260775453,EXECUTE,1491,CYCLES,BACKEND,SUB-EVENT,Mul_1080:OpId_15436 (cycles)
106260775453,EXECUTE,1533,CYCLES,BACKEND,SUB-EVENT,Mul_1082:OpId_15438 (cycles)
106260775453,EXECUTE,1685,CYCLES,BACKEND,SUB-EVENT,Mul_1081:OpId_15440 (cycles)
106260775453,EXECUTE,1428,CYCLES,BACKEND,SUB-EVENT,Mul_1083:OpId_15442 (cycles)
106260775453,EXECUTE,1669,CYCLES,BACKEND,SUB-EVENT,Mul_1084:OpId_15444 (cycles)
106260775453,EXECUTE,1739,CYCLES,BACKEND,SUB-EVENT,Mul_1086:OpId_15446 (cycles)
106260775453,EXECUTE,1502,CYCLES,BACKEND,SUB-EVENT,Mul_1085:OpId_15448 (cycles)
106260775453,EXECUTE,1523,CYCLES,BACKEND,SUB-EVENT,Mul_1087:OpId_15450 (cycles)
106260775453,EXECUTE,1796,CYCLES,BACKEND,SUB-EVENT,Sub_256:OpId_15452 (cycles)
106260775453,EXECUTE,448,CYCLES,BACKEND,SUB-EVENT,Sub_256_converted_UFIXED_POINT_8:OpId_15454 (cycles)
106260775453,EXECUTE,1867,CYCLES,BACKEND,SUB-EVENT,Add_480:OpId_15457 (cycles)
106260775453,EXECUTE,503,CYCLES,BACKEND,SUB-EVENT,Add_480_converted_UFIXED_POINT_8:OpId_15459 (cycles)
106260775453,EXECUTE,1520,CYCLES,BACKEND,SUB-EVENT,Sub_257:OpId_15462 (cycles)
106260775453,EXECUTE,411,CYCLES,BACKEND,SUB-EVENT,Sub_257_converted_UFIXED_POINT_8:OpId_15464 (cycles)
106260775453,EXECUTE,1495,CYCLES,BACKEND,SUB-EVENT,Add_481:OpId_15467 (cycles)
106260775453,EXECUTE,504,CYCLES,BACKEND,SUB-EVENT,Add_481_converted_UFIXED_POINT_8:OpId_15469 (cycles)
106260775453,EXECUTE,1938,CYCLES,BACKEND,SUB-EVENT,Sub_258:OpId_15472 (cycles)
106260775453,EXECUTE,2300,CYCLES,BACKEND,SUB-EVENT,Add_482:OpId_15474 (cycles)
106260775453,EXECUTE,1513,CYCLES,BACKEND,SUB-EVENT,Sub_259:OpId_15476 (cycles)
106260775453,EXECUTE,2221,CYCLES,BACKEND,SUB-EVENT,Add_484:OpId_15478 (cycles)
106260775453,EXECUTE,1480,CYCLES,BACKEND,SUB-EVENT,Sub_260:OpId_15480 (cycles)
106260775453,EXECUTE,2463,CYCLES,BACKEND,SUB-EVENT,Add_486:OpId_15482 (cycles)
106260775453,EXECUTE,1771,CYCLES,BACKEND,SUB-EVENT,Sub_261:OpId_15484 (cycles)
106260775453,EXECUTE,2715,CYCLES,BACKEND,SUB-EVENT,Add_488:OpId_15486 (cycles)
106260775453,EXECUTE,1609,CYCLES,BACKEND,SUB-EVENT,Sub_262:OpId_15488 (cycles)
106260775453,EXECUTE,2528,CYCLES,BACKEND,SUB-EVENT,Add_490:OpId_15490 (cycles)
106260775453,EXECUTE,1644,CYCLES,BACKEND,SUB-EVENT,Sub_263:OpId_15492 (cycles)
106260775453,EXECUTE,2349,CYCLES,BACKEND,SUB-EVENT,Add_492:OpId_15494 (cycles)
106260775453,EXECUTE,1541,CYCLES,BACKEND,SUB-EVENT,Sub_264:OpId_15496 (cycles)
106260775453,EXECUTE,2449,CYCLES,BACKEND,SUB-EVENT,Add_494:OpId_15498 (cycles)
106260775453,EXECUTE,1539,CYCLES,BACKEND,SUB-EVENT,Sub_265:OpId_15500 (cycles)
106260775453,EXECUTE,2647,CYCLES,BACKEND,SUB-EVENT,Add_496:OpId_15502 (cycles)
106260775453,EXECUTE,1661,CYCLES,BACKEND,SUB-EVENT,Sub_266:OpId_15504 (cycles)
106260775453,EXECUTE,2433,CYCLES,BACKEND,SUB-EVENT,Add_498:OpId_15506 (cycles)
106260775453,EXECUTE,1545,CYCLES,BACKEND,SUB-EVENT,Sub_267:OpId_15508 (cycles)
106260775453,EXECUTE,2292,CYCLES,BACKEND,SUB-EVENT,Add_500:OpId_15510 (cycles)
106260775453,EXECUTE,1683,CYCLES,BACKEND,SUB-EVENT,Sub_268:OpId_15512 (cycles)
106260775453,EXECUTE,2716,CYCLES,BACKEND,SUB-EVENT,Add_502:OpId_15514 (cycles)
106260775453,EXECUTE,1745,CYCLES,BACKEND,SUB-EVENT,Sub_269:OpId_15516 (cycles)
106260775453,EXECUTE,2216,CYCLES,BACKEND,SUB-EVENT,Add_504:OpId_15518 (cycles)
106260775453,EXECUTE,1560,CYCLES,BACKEND,SUB-EVENT,Sub_270:OpId_15520 (cycles)
106260775453,EXECUTE,3094,CYCLES,BACKEND,SUB-EVENT,Add_506:OpId_15522 (cycles)
106260775453,EXECUTE,1760,CYCLES,BACKEND,SUB-EVENT,Sub_271:OpId_15524 (cycles)
106260775453,EXECUTE,2524,CYCLES,BACKEND,SUB-EVENT,Add_508:OpId_15526 (cycles)
106260775453,EXECUTE,5119,CYCLES,BACKEND,SUB-EVENT,Concat_368:OpId_15528 (cycles)
106260775453,EXECUTE,5111,CYCLES,BACKEND,SUB-EVENT,Concat_369:OpId_15530 (cycles)
106260775453,EXECUTE,0,CYCLES,BACKEND,SUB-EVENT,Concat_374:OpId_15532 (cycles)
106260775453,EXECUTE,0,CYCLES,BACKEND,SUB-EVENT,Concat_375:OpId_15534 (cycles)
106260775453,EXECUTE,0,CYCLES,BACKEND,SUB-EVENT,Concat_376:OpId_15536 (cycles)
106260775453,EXECUTE,0,CYCLES,BACKEND,SUB-EVENT,Concat_377:OpId_15538 (cycles)
106260775453,EXECUTE,0,CYCLES,BACKEND,SUB-EVENT,Concat_378:OpId_15540 (cycles)
106260775453,EXECUTE,0,CYCLES,BACKEND,SUB-EVENT,Concat_379:OpId_15542 (cycles)
106260775453,EXECUTE,0,CYCLES,BACKEND,SUB-EVENT,Concat_380:OpId_15544 (cycles)
106260775453,EXECUTE,0,CYCLES,BACKEND,SUB-EVENT,Concat_381:OpId_15546 (cycles)
106260775453,EXECUTE,0,CYCLES,BACKEND,SUB-EVENT,Concat_382:OpId_15548 (cycles)
106260775453,EXECUTE,0,CYCLES,BACKEND,SUB-EVENT,Concat_383:OpId_15550 (cycles)
106260775453,EXECUTE,0,CYCLES,BACKEND,SUB-EVENT,Concat_384:OpId_15552 (cycles)
106260775453,EXECUTE,0,CYCLES,BACKEND,SUB-EVENT,Concat_385:OpId_15554 (cycles)
106260775453,EXECUTE,0,CYCLES,BACKEND,SUB-EVENT,Concat_386:OpId_15556 (cycles)
106260775453,EXECUTE,0,CYCLES,BACKEND,SUB-EVENT,Concat_387:OpId_15558 (cycles)
106260775453,EXECUTE,5494,CYCLES,BACKEND,SUB-EVENT,attn_16_head_0_key_Transpose_0:OpId_15561 (cycles)
106260775453,EXECUTE,5446,CYCLES,BACKEND,SUB-EVENT,attn_16_head_1_key_Transpose_0:OpId_15563 (cycles)
106260775453,EXECUTE,0,CYCLES,BACKEND,SUB-EVENT,Concat_370:OpId_15564 (cycles)
106260775453,EXECUTE,0,CYCLES,BACKEND,SUB-EVENT,Concat_372:OpId_15566 (cycles)
106260775453,EXECUTE,0,CYCLES,BACKEND,SUB-EVENT,Concat_388:OpId_15568 (cycles)
106260775453,EXECUTE,129585,CYCLES,BACKEND,SUB-EVENT,attn_16_head_0_qk_MatMul_0:OpId_15570 (cycles)
106260775453,EXECUTE,17070,CYCLES,BACKEND,SUB-EVENT,attn_16_head_1_qk_MatMul_0:OpId_15574 (cycles)
106260775453,EXECUTE,16869,CYCLES,BACKEND,SUB-EVENT,attn_16_head_2_qk_MatMul_0:OpId_15578 (cycles)
106260775453,EXECUTE,16517,CYCLES,BACKEND,SUB-EVENT,attn_16_head_3_qk_MatMul_0:OpId_15582 (cycles)
106260775453,EXECUTE,15904,CYCLES,BACKEND,SUB-EVENT,attn_16_head_4_qk_MatMul_0:OpId_15586 (cycles)
106260775453,EXECUTE,16998,CYCLES,BACKEND,SUB-EVENT,attn_16_head_5_qk_MatMul_0:OpId_15590 (cycles)
106260775453,EXECUTE,16172,CYCLES,BACKEND,SUB-EVENT,attn_16_head_6_qk_MatMul_0:OpId_15594 (cycles)
106260775453,EXECUTE,120555,CYCLES,BACKEND,SUB-EVENT,attn_16_head_7_qk_MatMul_0:OpId_15598 (cycles)
106260775453,EXECUTE,16675,CYCLES,BACKEND,SUB-EVENT,attn_16_head_8_qk_MatMul_0:OpId_15602 (cycles)
106260775453,EXECUTE,16672,CYCLES,BACKEND,SUB-EVENT,attn_16_head_9_qk_MatMul_0:OpId_15606 (cycles)
106260775453,EXECUTE,17687,CYCLES,BACKEND,SUB-EVENT,attn_16_head_10_qk_MatMul_0:OpId_15610 (cycles)
106260775453,EXECUTE,16147,CYCLES,BACKEND,SUB-EVENT,attn_16_head_11_qk_MatMul_0:OpId_15614 (cycles)
106260775453,EXECUTE,16632,CYCLES,BACKEND,SUB-EVENT,attn_16_head_12_qk_MatMul_0:OpId_15618 (cycles)
106260775453,EXECUTE,15201,CYCLES,BACKEND,SUB-EVENT,attn_16_head_13_qk_MatMul_0:OpId_15622 (cycles)
106260775453,EXECUTE,57756,CYCLES,BACKEND,SUB-EVENT,Add_483:OpId_15626 (cycles)
106260775453,EXECUTE,66889,CYCLES,BACKEND,SUB-EVENT,Add_485:OpId_15628 (cycles)
106260775453,EXECUTE,65575,CYCLES,BACKEND,SUB-EVENT,Add_487:OpId_15630 (cycles)
106260775453,EXECUTE,64989,CYCLES,BACKEND,SUB-EVENT,Add_489:OpId_15632 (cycles)
106260775453,EXECUTE,65833,CYCLES,BACKEND,SUB-EVENT,Add_491:OpId_15634 (cycles)
106260775453,EXECUTE,65734,CYCLES,BACKEND,SUB-EVENT,Add_493:OpId_15636 (cycles)
106260775453,EXECUTE,55848,CYCLES,BACKEND,SUB-EVENT,Add_495:OpId_15638 (cycles)
106260775453,EXECUTE,63285,CYCLES,BACKEND,SUB-EVENT,Add_497:OpId_15640 (cycles)
106260775453,EXECUTE,65627,CYCLES,BACKEND,SUB-EVENT,Add_499:OpId_15642 (cycles)
106260775453,EXECUTE,73086,CYCLES,BACKEND,SUB-EVENT,Add_501:OpId_15644 (cycles)
106260775453,EXECUTE,68038,CYCLES,BACKEND,SUB-EVENT,Add_503:OpId_15646 (cycles)
106260775453,EXECUTE,67237,CYCLES,BACKEND,SUB-EVENT,Add_505:OpId_15648 (cycles)
106260775453,EXECUTE,68041,CYCLES,BACKEND,SUB-EVENT,Add_507:OpId_15650 (cycles)
106260775453,EXECUTE,66265,CYCLES,BACKEND,SUB-EVENT,Add_509:OpId_15652 (cycles)
106260775453,EXECUTE,153433,CYCLES,BACKEND,SUB-EVENT,attn_16_head_0_Softmax_0:OpId_15654 (cycles)
106260775453,EXECUTE,165475,CYCLES,BACKEND,SUB-EVENT,attn_16_head_1_Softmax_0:OpId_15657 (cycles)
106260775453,EXECUTE,157205,CYCLES,BACKEND,SUB-EVENT,attn_16_head_2_Softmax_0:OpId_15660 (cycles)
106260775453,EXECUTE,148467,CYCLES,BACKEND,SUB-EVENT,attn_16_head_3_Softmax_0:OpId_15663 (cycles)
106260775453,EXECUTE,164550,CYCLES,BACKEND,SUB-EVENT,attn_16_head_4_Softmax_0:OpId_15666 (cycles)
106260775453,EXECUTE,149058,CYCLES,BACKEND,SUB-EVENT,attn_16_head_5_Softmax_0:OpId_15669 (cycles)
106260775453,EXECUTE,158099,CYCLES,BACKEND,SUB-EVENT,attn_16_head_6_Softmax_0:OpId_15672 (cycles)
106260775453,EXECUTE,156639,CYCLES,BACKEND,SUB-EVENT,attn_16_head_7_Softmax_0:OpId_15675 (cycles)
106260775453,EXECUTE,153610,CYCLES,BACKEND,SUB-EVENT,attn_16_head_8_Softmax_0:OpId_15678 (cycles)
106260775453,EXECUTE,149144,CYCLES,BACKEND,SUB-EVENT,attn_16_head_9_Softmax_0:OpId_15681 (cycles)
106260775453,EXECUTE,157327,CYCLES,BACKEND,SUB-EVENT,attn_16_head_10_Softmax_0:OpId_15684 (cycles)
106260775453,EXECUTE,153926,CYCLES,BACKEND,SUB-EVENT,attn_16_head_11_Softmax_0:OpId_15687 (cycles)
106260775453,EXECUTE,150417,CYCLES,BACKEND,SUB-EVENT,attn_16_head_12_Softmax_0:OpId_15690 (cycles)
106260775453,EXECUTE,157817,CYCLES,BACKEND,SUB-EVENT,attn_16_head_13_Softmax_0:OpId_15693 (cycles)
106260775453,EXECUTE,40066,CYCLES,BACKEND,SUB-EVENT,attn_16_head_0_qkv_MatMul_0:OpId_15696 (cycles)
106260775453,EXECUTE,5341,CYCLES,BACKEND,SUB-EVENT,attn_16_head_1_qkv_MatMul_0:OpId_15700 (cycles)
106260775453,EXECUTE,5206,CYCLES,BACKEND,SUB-EVENT,attn_16_head_2_qkv_MatMul_0:OpId_15704 (cycles)
106260775453,EXECUTE,4826,CYCLES,BACKEND,SUB-EVENT,attn_16_head_3_qkv_MatMul_0:OpId_15708 (cycles)
106260775453,EXECUTE,5240,CYCLES,BACKEND,SUB-EVENT,attn_16_head_4_qkv_MatMul_0:OpId_15712 (cycles)
106260775453,EXECUTE,5067,CYCLES,BACKEND,SUB-EVENT,attn_16_head_5_qkv_MatMul_0:OpId_15716 (cycles)
106260775453,EXECUTE,4565,CYCLES,BACKEND,SUB-EVENT,attn_16_head_6_qkv_MatMul_0:OpId_15720 (cycles)
106260775453,EXECUTE,45099,CYCLES,BACKEND,SUB-EVENT,attn_16_head_7_qkv_MatMul_0:OpId_15724 (cycles)
106260775453,EXECUTE,5420,CYCLES,BACKEND,SUB-EVENT,attn_16_head_8_qkv_MatMul_0:OpId_15728 (cycles)
106260775453,EXECUTE,5184,CYCLES,BACKEND,SUB-EVENT,attn_16_head_9_qkv_MatMul_0:OpId_15732 (cycles)
106260775453,EXECUTE,5097,CYCLES,BACKEND,SUB-EVENT,attn_16_head_10_qkv_MatMul_0:OpId_15736 (cycles)
106260775453,EXECUTE,5158,CYCLES,BACKEND,SUB-EVENT,attn_16_head_11_qkv_MatMul_0:OpId_15740 (cycles)
106260775453,EXECUTE,5258,CYCLES,BACKEND,SUB-EVENT,attn_16_head_12_qkv_MatMul_0:OpId_15744 (cycles)
106260775453,EXECUTE,4300,CYCLES,BACKEND,SUB-EVENT,attn_16_head_13_qkv_MatMul_0:OpId_15748 (cycles)
106260775453,EXECUTE,0,CYCLES,BACKEND,SUB-EVENT,Concat_390:OpId_15752 (cycles)
106260775453,EXECUTE,0,CYCLES,BACKEND,SUB-EVENT,Reshape_18:OpId_15754 (cycles)
106260775453,EXECUTE,0,CYCLES,BACKEND,SUB-EVENT,model_layers_16_self_attn_Transpose_6:OpId_15756 (cycles)
106260775453,EXECUTE,27628,CYCLES,BACKEND,SUB-EVENT,model_layers_16_self_attn_o_proj_conv_Conv:OpId_15764 (cycles)
106260775453,EXECUTE,0,CYCLES,BACKEND,SUB-EVENT,/model_layers_16_self_attn_o_proj_conv_Conv/Conv_output_0.nchw:OpId_15768 (cycles)
106260775453,EXECUTE,0,CYCLES,BACKEND,SUB-EVENT,model_layers_16_self_attn_Reshape_9:OpId_15769 (cycles)
106260775453,EXECUTE,13784,CYCLES,BACKEND,SUB-EVENT,model_layers_16_Add:OpId_15770 (cycles)
106260775453,EXECUTE,94466,CYCLES,BACKEND,SUB-EVENT,rms_norm_64:OpId_15775 (cycles)
106260775453,EXECUTE,0,CYCLES,BACKEND,SUB-EVENT,model_layers_16_mlp_Reshape:OpId_15778 (cycles)
106260775453,EXECUTE,0,CYCLES,BACKEND,SUB-EVENT,model_layers_16_mlp_Transpose:OpId_15780 (cycles)
106260775453,EXECUTE,129297,CYCLES,BACKEND,SUB-EVENT,model_layers_16_mlp_gate_proj_conv_Conv:OpId_15788 (cycles)
106260775453,EXECUTE,139387,CYCLES,BACKEND,SUB-EVENT,model_layers_16_mlp_up_proj_conv_Conv:OpId_15798 (cycles)
106260775453,EXECUTE,0,CYCLES,BACKEND,SUB-EVENT,model_layers_16_mlp_act_fn_Sigmoid:OpId_15801 (cycles)
106260775453,EXECUTE,407003,CYCLES,BACKEND,SUB-EVENT,model_layers_16_mlp_act_fn_Mul:OpId_15808 (cycles)
106260775453,EXECUTE,195689,CYCLES,BACKEND,SUB-EVENT,model_layers_16_mlp_Mul:OpId_15810 (cycles)
106260775453,EXECUTE,78907,CYCLES,BACKEND,SUB-EVENT,model_layers_16_mlp_down_proj_conv_Conv:OpId_15819 (cycles)
106260775453,EXECUTE,0,CYCLES,BACKEND,SUB-EVENT,/model_layers_16_mlp_down_proj_conv_Conv/Conv_output_0.nchw:OpId_15823 (cycles)
106260775453,EXECUTE,0,CYCLES,BACKEND,SUB-EVENT,model_layers_16_mlp_Reshape_1:OpId_15824 (cycles)
106260775453,EXECUTE,15186,CYCLES,BACKEND,SUB-EVENT,model_layers_16_Add_1:OpId_15825 (cycles)
106260775453,EXECUTE,93722,CYCLES,BACKEND,SUB-EVENT,rms_norm_66:OpId_15830 (cycles)
106260775453,EXECUTE,0,CYCLES,BACKEND,SUB-EVENT,model_layers_17_self_attn_Reshape:OpId_15833 (cycles)
106260775453,EXECUTE,0,CYCLES,BACKEND,SUB-EVENT,model_layers_17_self_attn_Transpose:OpId_15835 (cycles)
106260775453,EXECUTE,2492,CYCLES,BACKEND,SUB-EVENT,attn_17_head_0_key_Conv:OpId_15843 (cycles)
106260775453,EXECUTE,1523,CYCLES,BACKEND,SUB-EVENT,attn_17_head_0_value_Conv:OpId_15853 (cycles)
106260775453,EXECUTE,1880,CYCLES,BACKEND,SUB-EVENT,attn_17_head_0_value_Transpose/output_converted_UFIXED_POINT_8:OpId_15856 (cycles)
106260775453,EXECUTE,2572,CYCLES,BACKEND,SUB-EVENT,attn_17_head_1_key_Conv:OpId_15866 (cycles)
106260775453,EXECUTE,1606,CYCLES,BACKEND,SUB-EVENT,attn_17_head_1_value_Conv:OpId_15876 (cycles)
106260775453,EXECUTE,2057,CYCLES,BACKEND,SUB-EVENT,attn_17_head_1_value_Transpose/output_converted_UFIXED_POINT_8:OpId_15879 (cycles)
106260775453,EXECUTE,2312,CYCLES,BACKEND,SUB-EVENT,attn_17_head_0_query_Conv:OpId_15889 (cycles)
106260775453,EXECUTE,2764,CYCLES,BACKEND,SUB-EVENT,attn_17_head_1_query_Conv:OpId_15899 (cycles)
106260775453,EXECUTE,2672,CYCLES,BACKEND,SUB-EVENT,attn_17_head_2_query_Conv:OpId_15909 (cycles)
106260775453,EXECUTE,3356,CYCLES,BACKEND,SUB-EVENT,attn_17_head_3_query_Conv:OpId_15919 (cycles)
106260775453,EXECUTE,2998,CYCLES,BACKEND,SUB-EVENT,attn_17_head_4_query_Conv:OpId_15929 (cycles)
106260775453,EXECUTE,3941,CYCLES,BACKEND,SUB-EVENT,attn_17_head_5_query_Conv:OpId_15939 (cycles)
106260775453,EXECUTE,3941,CYCLES,BACKEND,SUB-EVENT,attn_17_head_6_query_Conv:OpId_15949 (cycles)
106260775453,EXECUTE,3264,CYCLES,BACKEND,SUB-EVENT,attn_17_head_7_query_Conv:OpId_15959 (cycles)
106260775453,EXECUTE,3947,CYCLES,BACKEND,SUB-EVENT,attn_17_head_8_query_Conv:OpId_15969 (cycles)
106260775453,EXECUTE,3564,CYCLES,BACKEND,SUB-EVENT,attn_17_head_9_query_Conv:OpId_15979 (cycles)
106260775453,EXECUTE,2958,CYCLES,BACKEND,SUB-EVENT,attn_17_head_10_query_Conv:OpId_15989 (cycles)
106260775453,EXECUTE,3232,CYCLES,BACKEND,SUB-EVENT,attn_17_head_11_query_Conv:OpId_15999 (cycles)
106260775453,EXECUTE,3798,CYCLES,BACKEND,SUB-EVENT,attn_17_head_12_query_Conv:OpId_16009 (cycles)
106260775453,EXECUTE,2918,CYCLES,BACKEND,SUB-EVENT,attn_17_head_13_query_Conv:OpId_16019 (cycles)
106260775453,EXECUTE,2411,CYCLES,BACKEND,SUB-EVENT,Slice_612:OpId_16023 (cycles)
106260775453,EXECUTE,2246,CYCLES,BACKEND,SUB-EVENT,Slice_613:OpId_16029 (cycles)
106260775453,EXECUTE,1825,CYCLES,BACKEND,SUB-EVENT,Slice_614:OpId_16035 (cycles)
106260775453,EXECUTE,1744,CYCLES,BACKEND,SUB-EVENT,Slice_615:OpId_16041 (cycles)
106260775453,EXECUTE,0,CYCLES,BACKEND,SUB-EVENT,Concat_412:OpId_16046 (cycles)
106260775453,EXECUTE,2011,CYCLES,BACKEND,SUB-EVENT,Slice_620:OpId_16049 (cycles)
106260775453,EXECUTE,1720,CYCLES,BACKEND,SUB-EVENT,Slice_621:OpId_16055 (cycles)
106260775453,EXECUTE,1735,CYCLES,BACKEND,SUB-EVENT,Slice_622:OpId_16061 (cycles)
106260775453,EXECUTE,1690,CYCLES,BACKEND,SUB-EVENT,Slice_623:OpId_16067 (cycles)
106260775453,EXECUTE,2152,CYCLES,BACKEND,SUB-EVENT,Slice_624:OpId_16073 (cycles)
106260775453,EXECUTE,1708,CYCLES,BACKEND,SUB-EVENT,Slice_625:OpId_16079 (cycles)
106260775453,EXECUTE,1695,CYCLES,BACKEND,SUB-EVENT,Slice_626:OpId_16085 (cycles)
106260775453,EXECUTE,1743,CYCLES,BACKEND,SUB-EVENT,Slice_627:OpId_16091 (cycles)
106260775453,EXECUTE,1894,CYCLES,BACKEND,SUB-EVENT,Slice_628:OpId_16097 (cycles)
106260775453,EXECUTE,1759,CYCLES,BACKEND,SUB-EVENT,Slice_629:OpId_16103 (cycles)
106260775453,EXECUTE,1817,CYCLES,BACKEND,SUB-EVENT,Slice_630:OpId_16109 (cycles)
106260775453,EXECUTE,1747,CYCLES,BACKEND,SUB-EVENT,Slice_631:OpId_16115 (cycles)
106260775453,EXECUTE,1891,CYCLES,BACKEND,SUB-EVENT,Slice_632:OpId_16121 (cycles)
106260775453,EXECUTE,2411,CYCLES,BACKEND,SUB-EVENT,Slice_633:OpId_16127 (cycles)
106260775453,EXECUTE,1743,CYCLES,BACKEND,SUB-EVENT,Slice_634:OpId_16133 (cycles)
106260775453,EXECUTE,1920,CYCLES,BACKEND,SUB-EVENT,Slice_635:OpId_16139 (cycles)
106260775453,EXECUTE,2014,CYCLES,BACKEND,SUB-EVENT,Slice_636:OpId_16145 (cycles)
106260775453,EXECUTE,2177,CYCLES,BACKEND,SUB-EVENT,Slice_637:OpId_16151 (cycles)
106260775453,EXECUTE,1963,CYCLES,BACKEND,SUB-EVENT,Slice_638:OpId_16157 (cycles)
106260775453,EXECUTE,2475,CYCLES,BACKEND,SUB-EVENT,Slice_639:OpId_16163 (cycles)
106260775453,EXECUTE,1933,CYCLES,BACKEND,SUB-EVENT,Slice_640:OpId_16169 (cycles)
106260775453,EXECUTE,1752,CYCLES,BACKEND,SUB-EVENT,Slice_641:OpId_16175 (cycles)
106260775453,EXECUTE,1836,CYCLES,BACKEND,SUB-EVENT,Slice_642:OpId_16181 (cycles)
106260775453,EXECUTE,1785,CYCLES,BACKEND,SUB-EVENT,Slice_643:OpId_16187 (cycles)
106260775453,EXECUTE,1961,CYCLES,BACKEND,SUB-EVENT,Slice_644:OpId_16193 (cycles)
106260775453,EXECUTE,1825,CYCLES,BACKEND,SUB-EVENT,Slice_645:OpId_16199 (cycles)
106260775453,EXECUTE,1805,CYCLES,BACKEND,SUB-EVENT,Slice_646:OpId_16205 (cycles)
106260775453,EXECUTE,1743,CYCLES,BACKEND,SUB-EVENT,Slice_647:OpId_16211 (cycles)
106260775453,EXECUTE,5500,CYCLES,BACKEND,SUB-EVENT,Concat_394:OpId_16216 (cycles)
106260775453,EXECUTE,4994,CYCLES,BACKEND,SUB-EVENT,Concat_396:OpId_16218 (cycles)
106260775453,EXECUTE,1722,CYCLES,BACKEND,SUB-EVENT,Mul_1088:OpId_16220 (cycles)
106260775453,EXECUTE,1627,CYCLES,BACKEND,SUB-EVENT,Mul_1090:OpId_16222 (cycles)
106260775453,EXECUTE,1726,CYCLES,BACKEND,SUB-EVENT,Mul_1089:OpId_16224 (cycles)
106260775453,EXECUTE,1631,CYCLES,BACKEND,SUB-EVENT,Mul_1091:OpId_16226 (cycles)
106260775453,EXECUTE,1446,CYCLES,BACKEND,SUB-EVENT,Mul_1092:OpId_16228 (cycles)
106260775453,EXECUTE,1460,CYCLES,BACKEND,SUB-EVENT,Mul_1094:OpId_16230 (cycles)
106260775453,EXECUTE,1427,CYCLES,BACKEND,SUB-EVENT,Mul_1093:OpId_16232 (cycles)
106260775453,EXECUTE,1411,CYCLES,BACKEND,SUB-EVENT,Mul_1095:OpId_16234 (cycles)
106260775453,EXECUTE,1622,CYCLES,BACKEND,SUB-EVENT,Mul_1096:OpId_16236 (cycles)
106260775453,EXECUTE,1631,CYCLES,BACKEND,SUB-EVENT,Mul_1098:OpId_16238 (cycles)
106260775453,EXECUTE,1600,CYCLES,BACKEND,SUB-EVENT,Mul_1097:OpId_16240 (cycles)
106260775453,EXECUTE,1704,CYCLES,BACKEND,SUB-EVENT,Mul_1099:OpId_16242 (cycles)
106260775453,EXECUTE,1381,CYCLES,BACKEND,SUB-EVENT,Mul_1100:OpId_16244 (cycles)
106260775453,EXECUTE,1464,CYCLES,BACKEND,SUB-EVENT,Mul_1102:OpId_16246 (cycles)
106260775453,EXECUTE,1430,CYCLES,BACKEND,SUB-EVENT,Mul_1101:OpId_16248 (cycles)
106260775453,EXECUTE,1424,CYCLES,BACKEND,SUB-EVENT,Mul_1103:OpId_16250 (cycles)
106260775453,EXECUTE,1468,CYCLES,BACKEND,SUB-EVENT,Mul_1104:OpId_16252 (cycles)
106260775453,EXECUTE,1483,CYCLES,BACKEND,SUB-EVENT,Mul_1106:OpId_16254 (cycles)
106260775453,EXECUTE,1396,CYCLES,BACKEND,SUB-EVENT,Mul_1105:OpId_16256 (cycles)
106260775453,EXECUTE,1396,CYCLES,BACKEND,SUB-EVENT,Mul_1107:OpId_16258 (cycles)
106260775453,EXECUTE,1423,CYCLES,BACKEND,SUB-EVENT,Mul_1108:OpId_16260 (cycles)
106260775453,EXECUTE,1408,CYCLES,BACKEND,SUB-EVENT,Mul_1110:OpId_16262 (cycles)
106260775453,EXECUTE,1404,CYCLES,BACKEND,SUB-EVENT,Mul_1109:OpId_16264 (cycles)
106260775453,EXECUTE,1412,CYCLES,BACKEND,SUB-EVENT,Mul_1111:OpId_16266 (cycles)
106260775453,EXECUTE,1833,CYCLES,BACKEND,SUB-EVENT,Mul_1112:OpId_16268 (cycles)
106260775453,EXECUTE,1901,CYCLES,BACKEND,SUB-EVENT,Mul_1114:OpId_16270 (cycles)
106260775453,EXECUTE,1969,CYCLES,BACKEND,SUB-EVENT,Mul_1113:OpId_16272 (cycles)
106260775453,EXECUTE,1808,CYCLES,BACKEND,SUB-EVENT,Mul_1115:OpId_16274 (cycles)
106260775453,EXECUTE,1582,CYCLES,BACKEND,SUB-EVENT,Mul_1116:OpId_16276 (cycles)
106260775453,EXECUTE,1766,CYCLES,BACKEND,SUB-EVENT,Mul_1118:OpId_16278 (cycles)
106260775453,EXECUTE,1754,CYCLES,BACKEND,SUB-EVENT,Mul_1117:OpId_16280 (cycles)
106260775453,EXECUTE,1582,CYCLES,BACKEND,SUB-EVENT,Mul_1119:OpId_16282 (cycles)
106260775453,EXECUTE,1403,CYCLES,BACKEND,SUB-EVENT,Mul_1120:OpId_16284 (cycles)
106260775453,EXECUTE,1481,CYCLES,BACKEND,SUB-EVENT,Mul_1122:OpId_16286 (cycles)
106260775453,EXECUTE,1404,CYCLES,BACKEND,SUB-EVENT,Mul_1121:OpId_16288 (cycles)
106260775453,EXECUTE,1410,CYCLES,BACKEND,SUB-EVENT,Mul_1123:OpId_16290 (cycles)
106260775453,EXECUTE,1406,CYCLES,BACKEND,SUB-EVENT,Mul_1124:OpId_16292 (cycles)
106260775453,EXECUTE,1428,CYCLES,BACKEND,SUB-EVENT,Mul_1126:OpId_16294 (cycles)
106260775453,EXECUTE,1659,CYCLES,BACKEND,SUB-EVENT,Mul_1125:OpId_16296 (cycles)
106260775453,EXECUTE,1706,CYCLES,BACKEND,SUB-EVENT,Mul_1127:OpId_16298 (cycles)
106260775453,EXECUTE,1448,CYCLES,BACKEND,SUB-EVENT,Mul_1128:OpId_16300 (cycles)
106260775453,EXECUTE,1518,CYCLES,BACKEND,SUB-EVENT,Mul_1130:OpId_16302 (cycles)
106260775453,EXECUTE,1773,CYCLES,BACKEND,SUB-EVENT,Mul_1129:OpId_16304 (cycles)
106260775453,EXECUTE,1490,CYCLES,BACKEND,SUB-EVENT,Mul_1131:OpId_16306 (cycles)
106260775453,EXECUTE,1749,CYCLES,BACKEND,SUB-EVENT,Mul_1132:OpId_16308 (cycles)
106260775453,EXECUTE,1509,CYCLES,BACKEND,SUB-EVENT,Mul_1134:OpId_16310 (cycles)
106260775453,EXECUTE,1674,CYCLES,BACKEND,SUB-EVENT,Mul_1133:OpId_16312 (cycles)
106260775453,EXECUTE,1578,CYCLES,BACKEND,SUB-EVENT,Mul_1135:OpId_16314 (cycles)
106260775453,EXECUTE,1454,CYCLES,BACKEND,SUB-EVENT,Mul_1136:OpId_16316 (cycles)
106260775453,EXECUTE,1486,CYCLES,BACKEND,SUB-EVENT,Mul_1138:OpId_16318 (cycles)
106260775453,EXECUTE,1404,CYCLES,BACKEND,SUB-EVENT,Mul_1137:OpId_16320 (cycles)
106260775453,EXECUTE,1473,CYCLES,BACKEND,SUB-EVENT,Mul_1139:OpId_16322 (cycles)
106260775453,EXECUTE,1640,CYCLES,BACKEND,SUB-EVENT,Mul_1140:OpId_16324 (cycles)
106260775453,EXECUTE,1723,CYCLES,BACKEND,SUB-EVENT,Mul_1142:OpId_16326 (cycles)
106260775453,EXECUTE,1844,CYCLES,BACKEND,SUB-EVENT,Mul_1141:OpId_16328 (cycles)
106260775453,EXECUTE,1718,CYCLES,BACKEND,SUB-EVENT,Mul_1143:OpId_16330 (cycles)
106260775453,EXECUTE,1424,CYCLES,BACKEND,SUB-EVENT,Mul_1144:OpId_16332 (cycles)
106260775453,EXECUTE,1516,CYCLES,BACKEND,SUB-EVENT,Mul_1146:OpId_16334 (cycles)
106260775453,EXECUTE,1413,CYCLES,BACKEND,SUB-EVENT,Mul_1145:OpId_16336 (cycles)
106260775453,EXECUTE,1425,CYCLES,BACKEND,SUB-EVENT,Mul_1147:OpId_16338 (cycles)
106260775453,EXECUTE,1389,CYCLES,BACKEND,SUB-EVENT,Mul_1148:OpId_16340 (cycles)
106260775453,EXECUTE,1419,CYCLES,BACKEND,SUB-EVENT,Mul_1150:OpId_16342 (cycles)
106260775453,EXECUTE,1370,CYCLES,BACKEND,SUB-EVENT,Mul_1149:OpId_16344 (cycles)
106260775453,EXECUTE,1431,CYCLES,BACKEND,SUB-EVENT,Mul_1151:OpId_16346 (cycles)
106260775453,EXECUTE,1640,CYCLES,BACKEND,SUB-EVENT,Sub_272:OpId_16348 (cycles)
106260775453,EXECUTE,473,CYCLES,BACKEND,SUB-EVENT,Sub_272_converted_UFIXED_POINT_8:OpId_16350 (cycles)
106260775453,EXECUTE,1863,CYCLES,BACKEND,SUB-EVENT,Add_510:OpId_16353 (cycles)
106260775453,EXECUTE,507,CYCLES,BACKEND,SUB-EVENT,Add_510_converted_UFIXED_POINT_8:OpId_16355 (cycles)
106260775453,EXECUTE,1457,CYCLES,BACKEND,SUB-EVENT,Sub_273:OpId_16358 (cycles)
106260775453,EXECUTE,525,CYCLES,BACKEND,SUB-EVENT,Sub_273_converted_UFIXED_POINT_8:OpId_16360 (cycles)
106260775453,EXECUTE,1483,CYCLES,BACKEND,SUB-EVENT,Add_511:OpId_16363 (cycles)
106260775453,EXECUTE,511,CYCLES,BACKEND,SUB-EVENT,Add_511_converted_UFIXED_POINT_8:OpId_16365 (cycles)
106260775453,EXECUTE,1700,CYCLES,BACKEND,SUB-EVENT,Sub_274:OpId_16368 (cycles)
106260775453,EXECUTE,2553,CYCLES,BACKEND,SUB-EVENT,Add_512:OpId_16370 (cycles)
106260775453,EXECUTE,1498,CYCLES,BACKEND,SUB-EVENT,Sub_275:OpId_16372 (cycles)
106260775453,EXECUTE,2331,CYCLES,BACKEND,SUB-EVENT,Add_514:OpId_16374 (cycles)
106260775453,EXECUTE,1741,CYCLES,BACKEND,SUB-EVENT,Sub_276:OpId_16376 (cycles)
106260775453,EXECUTE,2780,CYCLES,BACKEND,SUB-EVENT,Add_516:OpId_16378 (cycles)
106260775453,EXECUTE,1471,CYCLES,BACKEND,SUB-EVENT,Sub_277:OpId_16380 (cycles)
106260775453,EXECUTE,2455,CYCLES,BACKEND,SUB-EVENT,Add_518:OpId_16382 (cycles)
106260775453,EXECUTE,1761,CYCLES,BACKEND,SUB-EVENT,Sub_278:OpId_16384 (cycles)
106260775453,EXECUTE,2195,CYCLES,BACKEND,SUB-EVENT,Add_520:OpId_16386 (cycles)
106260775453,EXECUTE,1557,CYCLES,BACKEND,SUB-EVENT,Sub_279:OpId_16388 (cycles)
106260775453,EXECUTE,2429,CYCLES,BACKEND,SUB-EVENT,Add_522:OpId_16390 (cycles)
106260775453,EXECUTE,1564,CYCLES,BACKEND,SUB-EVENT,Sub_280:OpId_16392 (cycles)
106260775453,EXECUTE,2100,CYCLES,BACKEND,SUB-EVENT,Add_524:OpId_16394 (cycles)
106260775453,EXECUTE,1563,CYCLES,BACKEND,SUB-EVENT,Sub_281:OpId_16396 (cycles)
106260775453,EXECUTE,2613,CYCLES,BACKEND,SUB-EVENT,Add_526:OpId_16398 (cycles)
106260775453,EXECUTE,1460,CYCLES,BACKEND,SUB-EVENT,Sub_282:OpId_16400 (cycles)
106260775453,EXECUTE,2489,CYCLES,BACKEND,SUB-EVENT,Add_528:OpId_16402 (cycles)
106260775453,EXECUTE,1520,CYCLES,BACKEND,SUB-EVENT,Sub_283:OpId_16404 (cycles)
106260775453,EXECUTE,2701,CYCLES,BACKEND,SUB-EVENT,Add_530:OpId_16406 (cycles)
106260775453,EXECUTE,1647,CYCLES,BACKEND,SUB-EVENT,Sub_284:OpId_16408 (cycles)
106260775453,EXECUTE,2216,CYCLES,BACKEND,SUB-EVENT,Add_532:OpId_16410 (cycles)
106260775453,EXECUTE,1597,CYCLES,BACKEND,SUB-EVENT,Sub_285:OpId_16412 (cycles)
106260775453,EXECUTE,2838,CYCLES,BACKEND,SUB-EVENT,Add_534:OpId_16414 (cycles)
106260775453,EXECUTE,1754,CYCLES,BACKEND,SUB-EVENT,Sub_286:OpId_16416 (cycles)
106260775453,EXECUTE,2851,CYCLES,BACKEND,SUB-EVENT,Add_536:OpId_16418 (cycles)
106260775453,EXECUTE,2003,CYCLES,BACKEND,SUB-EVENT,Sub_287:OpId_16420 (cycles)
106260775453,EXECUTE,3425,CYCLES,BACKEND,SUB-EVENT,Add_538:OpId_16422 (cycles)
106260775453,EXECUTE,1693,CYCLES,BACKEND,SUB-EVENT,Concat_391:OpId_16424 (cycles)
106260775453,EXECUTE,1808,CYCLES,BACKEND,SUB-EVENT,Concat_392:OpId_16426 (cycles)
106260775453,EXECUTE,0,CYCLES,BACKEND,SUB-EVENT,Concat_397:OpId_16428 (cycles)
106260775453,EXECUTE,0,CYCLES,BACKEND,SUB-EVENT,Concat_398:OpId_16430 (cycles)
106260775453,EXECUTE,0,CYCLES,BACKEND,SUB-EVENT,Concat_399:OpId_16432 (cycles)
106260775453,EXECUTE,0,CYCLES,BACKEND,SUB-EVENT,Concat_400:OpId_16434 (cycles)
106260775453,EXECUTE,0,CYCLES,BACKEND,SUB-EVENT,Concat_401:OpId_16436 (cycles)
106260775453,EXECUTE,0,CYCLES,BACKEND,SUB-EVENT,Concat_402:OpId_16438 (cycles)
106260775453,EXECUTE,0,CYCLES,BACKEND,SUB-EVENT,Concat_403:OpId_16440 (cycles)
106260775453,EXECUTE,0,CYCLES,BACKEND,SUB-EVENT,Concat_404:OpId_16442 (cycles)
106260775453,EXECUTE,0,CYCLES,BACKEND,SUB-EVENT,Concat_405:OpId_16444 (cycles)
106260775453,EXECUTE,0,CYCLES,BACKEND,SUB-EVENT,Concat_406:OpId_16446 (cycles)
106260775453,EXECUTE,0,CYCLES,BACKEND,SUB-EVENT,Concat_407:OpId_16448 (cycles)
106260775453,EXECUTE,0,CYCLES,BACKEND,SUB-EVENT,Concat_408:OpId_16450 (cycles)
106260775453,EXECUTE,0,CYCLES,BACKEND,SUB-EVENT,Concat_409:OpId_16452 (cycles)
106260775453,EXECUTE,0,CYCLES,BACKEND,SUB-EVENT,Concat_410:OpId_16454 (cycles)
106260775453,EXECUTE,6609,CYCLES,BACKEND,SUB-EVENT,attn_17_head_0_key_Transpose_0:OpId_16457 (cycles)
106260775453,EXECUTE,5643,CYCLES,BACKEND,SUB-EVENT,attn_17_head_1_key_Transpose_0:OpId_16459 (cycles)
106260775453,EXECUTE,0,CYCLES,BACKEND,SUB-EVENT,Concat_393:OpId_16460 (cycles)
106260775453,EXECUTE,0,CYCLES,BACKEND,SUB-EVENT,Concat_395:OpId_16462 (cycles)
106260775453,EXECUTE,0,CYCLES,BACKEND,SUB-EVENT,Concat_411:OpId_16464 (cycles)
106260775453,EXECUTE,126167,CYCLES,BACKEND,SUB-EVENT,attn_17_head_0_qk_MatMul_0:OpId_16466 (cycles)
106260775453,EXECUTE,16221,CYCLES,BACKEND,SUB-EVENT,attn_17_head_1_qk_MatMul_0:OpId_16470 (cycles)
106260775453,EXECUTE,16788,CYCLES,BACKEND,SUB-EVENT,attn_17_head_2_qk_MatMul_0:OpId_16474 (cycles)
106260775453,EXECUTE,17140,CYCLES,BACKEND,SUB-EVENT,attn_17_head_3_qk_MatMul_0:OpId_16478 (cycles)
106260775453,EXECUTE,16544,CYCLES,BACKEND,SUB-EVENT,attn_17_head_4_qk_MatMul_0:OpId_16482 (cycles)
106260775453,EXECUTE,17025,CYCLES,BACKEND,SUB-EVENT,attn_17_head_5_qk_MatMul_0:OpId_16486 (cycles)
106260775453,EXECUTE,16757,CYCLES,BACKEND,SUB-EVENT,attn_17_head_6_qk_MatMul_0:OpId_16490 (cycles)
106260775453,EXECUTE,123234,CYCLES,BACKEND,SUB-EVENT,attn_17_head_7_qk_MatMul_0:OpId_16494 (cycles)
106260775453,EXECUTE,16612,CYCLES,BACKEND,SUB-EVENT,attn_17_head_8_qk_MatMul_0:OpId_16498 (cycles)
106260775453,EXECUTE,17806,CYCLES,BACKEND,SUB-EVENT,attn_17_head_9_qk_MatMul_0:OpId_16502 (cycles)
106260775453,EXECUTE,17988,CYCLES,BACKEND,SUB-EVENT,attn_17_head_10_qk_MatMul_0:OpId_16506 (cycles)
106260775453,EXECUTE,16425,CYCLES,BACKEND,SUB-EVENT,attn_17_head_11_qk_MatMul_0:OpId_16510 (cycles)
106260775453,EXECUTE,15709,CYCLES,BACKEND,SUB-EVENT,attn_17_head_12_qk_MatMul_0:OpId_16514 (cycles)
106260775453,EXECUTE,16667,CYCLES,BACKEND,SUB-EVENT,attn_17_head_13_qk_MatMul_0:OpId_16518 (cycles)
106260775453,EXECUTE,61573,CYCLES,BACKEND,SUB-EVENT,Add_513:OpId_16522 (cycles)
106260775453,EXECUTE,59294,CYCLES,BACKEND,SUB-EVENT,Add_515:OpId_16524 (cycles)
106260775453,EXECUTE,64025,CYCLES,BACKEND,SUB-EVENT,Add_517:OpId_16526 (cycles)
106260775453,EXECUTE,54973,CYCLES,BACKEND,SUB-EVENT,Add_519:OpId_16528 (cycles)
106260775453,EXECUTE,65025,CYCLES,BACKEND,SUB-EVENT,Add_521:OpId_16530 (cycles)
106260775453,EXECUTE,66453,CYCLES,BACKEND,SUB-EVENT,Add_523:OpId_16532 (cycles)
106260775453,EXECUTE,56946,CYCLES,BACKEND,SUB-EVENT,Add_525:OpId_16534 (cycles)
106260775453,EXECUTE,67597,CYCLES,BACKEND,SUB-EVENT,Add_527:OpId_16536 (cycles)
106260775453,EXECUTE,65826,CYCLES,BACKEND,SUB-EVENT,Add_529:OpId_16538 (cycles)
106260775453,EXECUTE,70395,CYCLES,BACKEND,SUB-EVENT,Add_531:OpId_16540 (cycles)
106260775453,EXECUTE,67388,CYCLES,BACKEND,SUB-EVENT,Add_533:OpId_16542 (cycles)
106260775453,EXECUTE,64388,CYCLES,BACKEND,SUB-EVENT,Add_535:OpId_16544 (cycles)
106260775453,EXECUTE,63408,CYCLES,BACKEND,SUB-EVENT,Add_537:OpId_16546 (cycles)
106260775453,EXECUTE,67271,CYCLES,BACKEND,SUB-EVENT,Add_539:OpId_16548 (cycles)
106260775453,EXECUTE,172202,CYCLES,BACKEND,SUB-EVENT,attn_17_head_0_Softmax_0:OpId_16550 (cycles)
106260775453,EXECUTE,173101,CYCLES,BACKEND,SUB-EVENT,attn_17_head_1_Softmax_0:OpId_16553 (cycles)
106260775453,EXECUTE,150320,CYCLES,BACKEND,SUB-EVENT,attn_17_head_2_Softmax_0:OpId_16556 (cycles)
106260775453,EXECUTE,157714,CYCLES,BACKEND,SUB-EVENT,attn_17_head_3_Softmax_0:OpId_16559 (cycles)
106260775453,EXECUTE,162141,CYCLES,BACKEND,SUB-EVENT,attn_17_head_4_Softmax_0:OpId_16562 (cycles)
106260775453,EXECUTE,149254,CYCLES,BACKEND,SUB-EVENT,attn_17_head_5_Softmax_0:OpId_16565 (cycles)
106260775453,EXECUTE,157894,CYCLES,BACKEND,SUB-EVENT,attn_17_head_6_Softmax_0:OpId_16568 (cycles)
106260775453,EXECUTE,156872,CYCLES,BACKEND,SUB-EVENT,attn_17_head_7_Softmax_0:OpId_16571 (cycles)
106260775453,EXECUTE,149077,CYCLES,BACKEND,SUB-EVENT,attn_17_head_8_Softmax_0:OpId_16574 (cycles)
106260775453,EXECUTE,157355,CYCLES,BACKEND,SUB-EVENT,attn_17_head_9_Softmax_0:OpId_16577 (cycles)
106260775453,EXECUTE,160457,CYCLES,BACKEND,SUB-EVENT,attn_17_head_10_Softmax_0:OpId_16580 (cycles)
106260775453,EXECUTE,149427,CYCLES,BACKEND,SUB-EVENT,attn_17_head_11_Softmax_0:OpId_16583 (cycles)
106260775453,EXECUTE,156887,CYCLES,BACKEND,SUB-EVENT,attn_17_head_12_Softmax_0:OpId_16586 (cycles)
106260775453,EXECUTE,149006,CYCLES,BACKEND,SUB-EVENT,attn_17_head_13_Softmax_0:OpId_16589 (cycles)
106260775453,EXECUTE,40606,CYCLES,BACKEND,SUB-EVENT,attn_17_head_0_qkv_MatMul_0:OpId_16592 (cycles)
106260775453,EXECUTE,5257,CYCLES,BACKEND,SUB-EVENT,attn_17_head_1_qkv_MatMul_0:OpId_16596 (cycles)
106260775453,EXECUTE,4924,CYCLES,BACKEND,SUB-EVENT,attn_17_head_2_qkv_MatMul_0:OpId_16600 (cycles)
106260775453,EXECUTE,4686,CYCLES,BACKEND,SUB-EVENT,attn_17_head_3_qkv_MatMul_0:OpId_16604 (cycles)
106260775453,EXECUTE,5179,CYCLES,BACKEND,SUB-EVENT,attn_17_head_4_qkv_MatMul_0:OpId_16608 (cycles)
106260775453,EXECUTE,5074,CYCLES,BACKEND,SUB-EVENT,attn_17_head_5_qkv_MatMul_0:OpId_16612 (cycles)
106260775453,EXECUTE,4916,CYCLES,BACKEND,SUB-EVENT,attn_17_head_6_qkv_MatMul_0:OpId_16616 (cycles)
106260775453,EXECUTE,39861,CYCLES,BACKEND,SUB-EVENT,attn_17_head_7_qkv_MatMul_0:OpId_16620 (cycles)
106260775453,EXECUTE,5352,CYCLES,BACKEND,SUB-EVENT,attn_17_head_8_qkv_MatMul_0:OpId_16624 (cycles)
106260775453,EXECUTE,5191,CYCLES,BACKEND,SUB-EVENT,attn_17_head_9_qkv_MatMul_0:OpId_16628 (cycles)
106260775453,EXECUTE,5113,CYCLES,BACKEND,SUB-EVENT,attn_17_head_10_qkv_MatMul_0:OpId_16632 (cycles)
106260775453,EXECUTE,4707,CYCLES,BACKEND,SUB-EVENT,attn_17_head_11_qkv_MatMul_0:OpId_16636 (cycles)
106260775453,EXECUTE,5180,CYCLES,BACKEND,SUB-EVENT,attn_17_head_12_qkv_MatMul_0:OpId_16640 (cycles)
106260775453,EXECUTE,4370,CYCLES,BACKEND,SUB-EVENT,attn_17_head_13_qkv_MatMul_0:OpId_16644 (cycles)
106260775453,EXECUTE,0,CYCLES,BACKEND,SUB-EVENT,Concat_413:OpId_16648 (cycles)
106260775453,EXECUTE,0,CYCLES,BACKEND,SUB-EVENT,Reshape_19:OpId_16650 (cycles)
106260775453,EXECUTE,0,CYCLES,BACKEND,SUB-EVENT,model_layers_17_self_attn_Transpose_6:OpId_16652 (cycles)
106260775453,EXECUTE,26941,CYCLES,BACKEND,SUB-EVENT,model_layers_17_self_attn_o_proj_conv_Conv:OpId_16660 (cycles)
106260775453,EXECUTE,0,CYCLES,BACKEND,SUB-EVENT,/model_layers_17_self_attn_o_proj_conv_Conv/Conv_output_0.nchw:OpId_16664 (cycles)
106260775453,EXECUTE,0,CYCLES,BACKEND,SUB-EVENT,model_layers_17_self_attn_Reshape_9:OpId_16665 (cycles)
106260775453,EXECUTE,14899,CYCLES,BACKEND,SUB-EVENT,model_layers_17_Add:OpId_16666 (cycles)
106260775453,EXECUTE,97831,CYCLES,BACKEND,SUB-EVENT,rms_norm_68:OpId_16671 (cycles)
106260775453,EXECUTE,0,CYCLES,BACKEND,SUB-EVENT,model_layers_17_mlp_Reshape:OpId_16674 (cycles)
106260775453,EXECUTE,0,CYCLES,BACKEND,SUB-EVENT,model_layers_17_mlp_Transpose:OpId_16676 (cycles)
106260775453,EXECUTE,133845,CYCLES,BACKEND,SUB-EVENT,model_layers_17_mlp_gate_proj_conv_Conv:OpId_16684 (cycles)
106260775453,EXECUTE,139509,CYCLES,BACKEND,SUB-EVENT,model_layers_17_mlp_up_proj_conv_Conv:OpId_16694 (cycles)
106260775453,EXECUTE,0,CYCLES,BACKEND,SUB-EVENT,model_layers_17_mlp_act_fn_Sigmoid:OpId_16697 (cycles)
106260775453,EXECUTE,416070,CYCLES,BACKEND,SUB-EVENT,model_layers_17_mlp_act_fn_Mul:OpId_16704 (cycles)
106260775453,EXECUTE,192360,CYCLES,BACKEND,SUB-EVENT,model_layers_17_mlp_Mul:OpId_16706 (cycles)
106260775453,EXECUTE,80292,CYCLES,BACKEND,SUB-EVENT,model_layers_17_mlp_down_proj_conv_Conv:OpId_16715 (cycles)
106260775453,EXECUTE,0,CYCLES,BACKEND,SUB-EVENT,/model_layers_17_mlp_down_proj_conv_Conv/Conv_output_0.nchw:OpId_16719 (cycles)
106260775453,EXECUTE,0,CYCLES,BACKEND,SUB-EVENT,model_layers_17_mlp_Reshape_1:OpId_16720 (cycles)
106260775453,EXECUTE,15858,CYCLES,BACKEND,SUB-EVENT,model_layers_17_Add_1:OpId_16721 (cycles)
106260775453,EXECUTE,93396,CYCLES,BACKEND,SUB-EVENT,rms_norm_70:OpId_16726 (cycles)
106260775453,EXECUTE,0,CYCLES,BACKEND,SUB-EVENT,model_layers_18_self_attn_Reshape:OpId_16729 (cycles)
106260775453,EXECUTE,0,CYCLES,BACKEND,SUB-EVENT,model_layers_18_self_attn_Transpose:OpId_16731 (cycles)
106260775453,EXECUTE,2542,CYCLES,BACKEND,SUB-EVENT,attn_18_head_0_key_Conv:OpId_16739 (cycles)
106260775453,EXECUTE,1608,CYCLES,BACKEND,SUB-EVENT,attn_18_head_0_value_Conv:OpId_16749 (cycles)
106260775453,EXECUTE,1605,CYCLES,BACKEND,SUB-EVENT,attn_18_head_0_value_Transpose/output_converted_UFIXED_POINT_8:OpId_16752 (cycles)
106260775453,EXECUTE,2815,CYCLES,BACKEND,SUB-EVENT,attn_18_head_1_key_Conv:OpId_16762 (cycles)
106260775453,EXECUTE,1523,CYCLES,BACKEND,SUB-EVENT,attn_18_head_1_value_Conv:OpId_16772 (cycles)
106260775453,EXECUTE,1632,CYCLES,BACKEND,SUB-EVENT,attn_18_head_1_value_Transpose/output_converted_UFIXED_POINT_8:OpId_16775 (cycles)
106260775453,EXECUTE,2445,CYCLES,BACKEND,SUB-EVENT,attn_18_head_0_query_Conv:OpId_16785 (cycles)
106260775453,EXECUTE,2826,CYCLES,BACKEND,SUB-EVENT,attn_18_head_1_query_Conv:OpId_16795 (cycles)
106260775453,EXECUTE,2816,CYCLES,BACKEND,SUB-EVENT,attn_18_head_2_query_Conv:OpId_16805 (cycles)
106260775453,EXECUTE,3801,CYCLES,BACKEND,SUB-EVENT,attn_18_head_3_query_Conv:OpId_16815 (cycles)
106260775453,EXECUTE,3839,CYCLES,BACKEND,SUB-EVENT,attn_18_head_4_query_Conv:OpId_16825 (cycles)
106260775453,EXECUTE,3536,CYCLES,BACKEND,SUB-EVENT,attn_18_head_5_query_Conv:OpId_16835 (cycles)
106260775453,EXECUTE,3445,CYCLES,BACKEND,SUB-EVENT,attn_18_head_6_query_Conv:OpId_16845 (cycles)
106260775453,EXECUTE,2616,CYCLES,BACKEND,SUB-EVENT,attn_18_head_7_query_Conv:OpId_16855 (cycles)
106260775453,EXECUTE,4048,CYCLES,BACKEND,SUB-EVENT,attn_18_head_8_query_Conv:OpId_16865 (cycles)
106260775453,EXECUTE,3379,CYCLES,BACKEND,SUB-EVENT,attn_18_head_9_query_Conv:OpId_16875 (cycles)
106260775453,EXECUTE,4151,CYCLES,BACKEND,SUB-EVENT,attn_18_head_10_query_Conv:OpId_16885 (cycles)
106260775453,EXECUTE,3473,CYCLES,BACKEND,SUB-EVENT,attn_18_head_11_query_Conv:OpId_16895 (cycles)
106260775453,EXECUTE,2933,CYCLES,BACKEND,SUB-EVENT,attn_18_head_12_query_Conv:OpId_16905 (cycles)
106260775453,EXECUTE,3930,CYCLES,BACKEND,SUB-EVENT,attn_18_head_13_query_Conv:OpId_16915 (cycles)
106260775453,EXECUTE,2986,CYCLES,BACKEND,SUB-EVENT,Slice_648:OpId_16919 (cycles)
106260775453,EXECUTE,2950,CYCLES,BACKEND,SUB-EVENT,Slice_649:OpId_16925 (cycles)
106260775453,EXECUTE,1848,CYCLES,BACKEND,SUB-EVENT,Slice_650:OpId_16931 (cycles)
106260775453,EXECUTE,1799,CYCLES,BACKEND,SUB-EVENT,Slice_651:OpId_16937 (cycles)
106260775453,EXECUTE,0,CYCLES,BACKEND,SUB-EVENT,Concat_435:OpId_16942 (cycles)
106260775453,EXECUTE,2087,CYCLES,BACKEND,SUB-EVENT,Slice_656:OpId_16945 (cycles)
106260775453,EXECUTE,1957,CYCLES,BACKEND,SUB-EVENT,Slice_657:OpId_16951 (cycles)
106260775453,EXECUTE,1973,CYCLES,BACKEND,SUB-EVENT,Slice_658:OpId_16957 (cycles)
106260775453,EXECUTE,2114,CYCLES,BACKEND,SUB-EVENT,Slice_659:OpId_16963 (cycles)
106260775453,EXECUTE,1789,CYCLES,BACKEND,SUB-EVENT,Slice_660:OpId_16969 (cycles)
106260775453,EXECUTE,1822,CYCLES,BACKEND,SUB-EVENT,Slice_661:OpId_16975 (cycles)
106260775453,EXECUTE,2097,CYCLES,BACKEND,SUB-EVENT,Slice_662:OpId_16981 (cycles)
106260775453,EXECUTE,1981,CYCLES,BACKEND,SUB-EVENT,Slice_663:OpId_16987 (cycles)
106260775453,EXECUTE,1966,CYCLES,BACKEND,SUB-EVENT,Slice_664:OpId_16993 (cycles)
106260775453,EXECUTE,1879,CYCLES,BACKEND,SUB-EVENT,Slice_665:OpId_16999 (cycles)
106260775453,EXECUTE,1933,CYCLES,BACKEND,SUB-EVENT,Slice_666:OpId_17005 (cycles)
106260775453,EXECUTE,1724,CYCLES,BACKEND,SUB-EVENT,Slice_667:OpId_17011 (cycles)
106260775453,EXECUTE,1907,CYCLES,BACKEND,SUB-EVENT,Slice_668:OpId_17017 (cycles)
106260775453,EXECUTE,1817,CYCLES,BACKEND,SUB-EVENT,Slice_669:OpId_17023 (cycles)
106260775453,EXECUTE,2064,CYCLES,BACKEND,SUB-EVENT,Slice_670:OpId_17029 (cycles)
106260775453,EXECUTE,1967,CYCLES,BACKEND,SUB-EVENT,Slice_671:OpId_17035 (cycles)
106260775453,EXECUTE,1913,CYCLES,BACKEND,SUB-EVENT,Slice_672:OpId_17041 (cycles)
106260775453,EXECUTE,1757,CYCLES,BACKEND,SUB-EVENT,Slice_673:OpId_17047 (cycles)
106260775453,EXECUTE,2099,CYCLES,BACKEND,SUB-EVENT,Slice_674:OpId_17053 (cycles)
106260775453,EXECUTE,1811,CYCLES,BACKEND,SUB-EVENT,Slice_675:OpId_17059 (cycles)
106260775453,EXECUTE,2217,CYCLES,BACKEND,SUB-EVENT,Slice_676:OpId_17065 (cycles)
106260775453,EXECUTE,2142,CYCLES,BACKEND,SUB-EVENT,Slice_677:OpId_17071 (cycles)
106260775453,EXECUTE,2475,CYCLES,BACKEND,SUB-EVENT,Slice_678:OpId_17077 (cycles)
106260775453,EXECUTE,8158,CYCLES,BACKEND,SUB-EVENT,Slice_679:OpId_17083 (cycles)
106260775453,EXECUTE,1689,CYCLES,BACKEND,SUB-EVENT,Slice_680:OpId_17089 (cycles)
106260775453,EXECUTE,1672,CYCLES,BACKEND,SUB-EVENT,Slice_681:OpId_17095 (cycles)
106260775453,EXECUTE,2283,CYCLES,BACKEND,SUB-EVENT,Slice_682:OpId_17101 (cycles)
106260775453,EXECUTE,2119,CYCLES,BACKEND,SUB-EVENT,Slice_683:OpId_17107 (cycles)
106260775453,EXECUTE,8541,CYCLES,BACKEND,SUB-EVENT,Concat_417:OpId_17112 (cycles)
106260775453,EXECUTE,7264,CYCLES,BACKEND,SUB-EVENT,Concat_419:OpId_17114 (cycles)
106260775453,EXECUTE,2017,CYCLES,BACKEND,SUB-EVENT,Mul_1152:OpId_17116 (cycles)
106260775453,EXECUTE,1596,CYCLES,BACKEND,SUB-EVENT,Mul_1154:OpId_17118 (cycles)
106260775453,EXECUTE,1657,CYCLES,BACKEND,SUB-EVENT,Mul_1153:OpId_17120 (cycles)
106260775453,EXECUTE,1635,CYCLES,BACKEND,SUB-EVENT,Mul_1155:OpId_17122 (cycles)
106260775453,EXECUTE,1421,CYCLES,BACKEND,SUB-EVENT,Mul_1156:OpId_17124 (cycles)
106260775453,EXECUTE,1422,CYCLES,BACKEND,SUB-EVENT,Mul_1158:OpId_17126 (cycles)
106260775453,EXECUTE,1455,CYCLES,BACKEND,SUB-EVENT,Mul_1157:OpId_17128 (cycles)
106260775453,EXECUTE,1398,CYCLES,BACKEND,SUB-EVENT,Mul_1159:OpId_17130 (cycles)
106260775453,EXECUTE,1704,CYCLES,BACKEND,SUB-EVENT,Mul_1160:OpId_17132 (cycles)
106260775453,EXECUTE,1684,CYCLES,BACKEND,SUB-EVENT,Mul_1162:OpId_17134 (cycles)
106260775453,EXECUTE,1570,CYCLES,BACKEND,SUB-EVENT,Mul_1161:OpId_17136 (cycles)
106260775453,EXECUTE,1725,CYCLES,BACKEND,SUB-EVENT,Mul_1163:OpId_17138 (cycles)
106260775453,EXECUTE,1417,CYCLES,BACKEND,SUB-EVENT,Mul_1164:OpId_17140 (cycles)
106260775453,EXECUTE,1449,CYCLES,BACKEND,SUB-EVENT,Mul_1166:OpId_17142 (cycles)
106260775453,EXECUTE,1383,CYCLES,BACKEND,SUB-EVENT,Mul_1165:OpId_17144 (cycles)
106260775453,EXECUTE,1396,CYCLES,BACKEND,SUB-EVENT,Mul_1167:OpId_17146 (cycles)
106260775453,EXECUTE,1442,CYCLES,BACKEND,SUB-EVENT,Mul_1168:OpId_17148 (cycles)
106260775453,EXECUTE,1496,CYCLES,BACKEND,SUB-EVENT,Mul_1170:OpId_17150 (cycles)
106260775453,EXECUTE,1389,CYCLES,BACKEND,SUB-EVENT,Mul_1169:OpId_17152 (cycles)
106260775453,EXECUTE,1425,CYCLES,BACKEND,SUB-EVENT,Mul_1171:OpId_17154 (cycles)
106260775453,EXECUTE,1433,CYCLES,BACKEND,SUB-EVENT,Mul_1172:OpId_17156 (cycles)
106260775453,EXECUTE,1488,CYCLES,BACKEND,SUB-EVENT,Mul_1174:OpId_17158 (cycles)
106260775453,EXECUTE,1409,CYCLES,BACKEND,SUB-EVENT,Mul_1173:OpId_17160 (cycles)
106260775453,EXECUTE,1475,CYCLES,BACKEND,SUB-EVENT,Mul_1175:OpId_17162 (cycles)
106260775453,EXECUTE,1508,CYCLES,BACKEND,SUB-EVENT,Mul_1176:OpId_17164 (cycles)
106260775453,EXECUTE,1574,CYCLES,BACKEND,SUB-EVENT,Mul_1178:OpId_17166 (cycles)
106260775453,EXECUTE,1670,CYCLES,BACKEND,SUB-EVENT,Mul_1177:OpId_17168 (cycles)
106260775453,EXECUTE,1669,CYCLES,BACKEND,SUB-EVENT,Mul_1179:OpId_17170 (cycles)
106260775453,EXECUTE,1398,CYCLES,BACKEND,SUB-EVENT,Mul_1180:OpId_17172 (cycles)
106260775453,EXECUTE,1420,CYCLES,BACKEND,SUB-EVENT,Mul_1182:OpId_17174 (cycles)
106260775453,EXECUTE,1422,CYCLES,BACKEND,SUB-EVENT,Mul_1181:OpId_17176 (cycles)
106260775453,EXECUTE,1402,CYCLES,BACKEND,SUB-EVENT,Mul_1183:OpId_17178 (cycles)
106260775453,EXECUTE,1417,CYCLES,BACKEND,SUB-EVENT,Mul_1184:OpId_17180 (cycles)
106260775453,EXECUTE,1463,CYCLES,BACKEND,SUB-EVENT,Mul_1186:OpId_17182 (cycles)
106260775453,EXECUTE,1408,CYCLES,BACKEND,SUB-EVENT,Mul_1185:OpId_17184 (cycles)
106260775453,EXECUTE,1484,CYCLES,BACKEND,SUB-EVENT,Mul_1187:OpId_17186 (cycles)
106260775453,EXECUTE,1432,CYCLES,BACKEND,SUB-EVENT,Mul_1188:OpId_17188 (cycles)
106260775453,EXECUTE,1531,CYCLES,BACKEND,SUB-EVENT,Mul_1190:OpId_17190 (cycles)
106260775453,EXECUTE,1418,CYCLES,BACKEND,SUB-EVENT,Mul_1189:OpId_17192 (cycles)
106260775453,EXECUTE,1471,CYCLES,BACKEND,SUB-EVENT,Mul_1191:OpId_17194 (cycles)
106260775453,EXECUTE,1435,CYCLES,BACKEND,SUB-EVENT,Mul_1192:OpId_17196 (cycles)
106260775453,EXECUTE,1452,CYCLES,BACKEND,SUB-EVENT,Mul_1194:OpId_17198 (cycles)
106260775453,EXECUTE,1960,CYCLES,BACKEND,SUB-EVENT,Mul_1193:OpId_17200 (cycles)
106260775453,EXECUTE,1980,CYCLES,BACKEND,SUB-EVENT,Mul_1195:OpId_17202 (cycles)
106260775453,EXECUTE,1570,CYCLES,BACKEND,SUB-EVENT,Mul_1196:OpId_17204 (cycles)
106260775453,EXECUTE,1472,CYCLES,BACKEND,SUB-EVENT,Mul_1198:OpId_17206 (cycles)
106260775453,EXECUTE,1722,CYCLES,BACKEND,SUB-EVENT,Mul_1197:OpId_17208 (cycles)
106260775453,EXECUTE,1634,CYCLES,BACKEND,SUB-EVENT,Mul_1199:OpId_17210 (cycles)
106260775453,EXECUTE,1417,CYCLES,BACKEND,SUB-EVENT,Mul_1200:OpId_17212 (cycles)
106260775453,EXECUTE,1457,CYCLES,BACKEND,SUB-EVENT,Mul_1202:OpId_17214 (cycles)
106260775453,EXECUTE,1456,CYCLES,BACKEND,SUB-EVENT,Mul_1201:OpId_17216 (cycles)
106260775453,EXECUTE,1449,CYCLES,BACKEND,SUB-EVENT,Mul_1203:OpId_17218 (cycles)
106260775453,EXECUTE,1517,CYCLES,BACKEND,SUB-EVENT,Mul_1204:OpId_17220 (cycles)
106260775453,EXECUTE,1547,CYCLES,BACKEND,SUB-EVENT,Mul_1206:OpId_17222 (cycles)
106260775453,EXECUTE,1487,CYCLES,BACKEND,SUB-EVENT,Mul_1205:OpId_17224 (cycles)
106260775453,EXECUTE,1469,CYCLES,BACKEND,SUB-EVENT,Mul_1207:OpId_17226 (cycles)
106260775453,EXECUTE,1429,CYCLES,BACKEND,SUB-EVENT,Mul_1208:OpId_17228 (cycles)
106260775453,EXECUTE,1471,CYCLES,BACKEND,SUB-EVENT,Mul_1210:OpId_17230 (cycles)
106260775453,EXECUTE,1820,CYCLES,BACKEND,SUB-EVENT,Mul_1209:OpId_17232 (cycles)
106260775453,EXECUTE,1817,CYCLES,BACKEND,SUB-EVENT,Mul_1211:OpId_17234 (cycles)
106260775453,EXECUTE,1460,CYCLES,BACKEND,SUB-EVENT,Mul_1212:OpId_17236 (cycles)
106260775453,EXECUTE,1513,CYCLES,BACKEND,SUB-EVENT,Mul_1214:OpId_17238 (cycles)
106260775453,EXECUTE,1438,CYCLES,BACKEND,SUB-EVENT,Mul_1213:OpId_17240 (cycles)
106260775453,EXECUTE,1428,CYCLES,BACKEND,SUB-EVENT,Mul_1215:OpId_17242 (cycles)
106260775453,EXECUTE,2283,CYCLES,BACKEND,SUB-EVENT,Sub_288:OpId_17244 (cycles)
106260775453,EXECUTE,456,CYCLES,BACKEND,SUB-EVENT,Sub_288_converted_UFIXED_POINT_8:OpId_17246 (cycles)
106260775453,EXECUTE,1899,CYCLES,BACKEND,SUB-EVENT,Add_540:OpId_17249 (cycles)
106260775453,EXECUTE,519,CYCLES,BACKEND,SUB-EVENT,Add_540_converted_UFIXED_POINT_8:OpId_17251 (cycles)
106260775453,EXECUTE,1467,CYCLES,BACKEND,SUB-EVENT,Sub_289:OpId_17254 (cycles)
106260775453,EXECUTE,465,CYCLES,BACKEND,SUB-EVENT,Sub_289_converted_UFIXED_POINT_8:OpId_17256 (cycles)
106260775453,EXECUTE,1497,CYCLES,BACKEND,SUB-EVENT,Add_541:OpId_17259 (cycles)
106260775453,EXECUTE,458,CYCLES,BACKEND,SUB-EVENT,Add_541_converted_UFIXED_POINT_8:OpId_17261 (cycles)
106260775453,EXECUTE,1679,CYCLES,BACKEND,SUB-EVENT,Sub_290:OpId_17264 (cycles)
106260775453,EXECUTE,2739,CYCLES,BACKEND,SUB-EVENT,Add_542:OpId_17266 (cycles)
106260775453,EXECUTE,1483,CYCLES,BACKEND,SUB-EVENT,Sub_291:OpId_17268 (cycles)
106260775453,EXECUTE,2142,CYCLES,BACKEND,SUB-EVENT,Add_544:OpId_17270 (cycles)
106260775453,EXECUTE,1763,CYCLES,BACKEND,SUB-EVENT,Sub_292:OpId_17272 (cycles)
106260775453,EXECUTE,2547,CYCLES,BACKEND,SUB-EVENT,Add_546:OpId_17274 (cycles)
106260775453,EXECUTE,1556,CYCLES,BACKEND,SUB-EVENT,Sub_293:OpId_17276 (cycles)
106260775453,EXECUTE,2774,CYCLES,BACKEND,SUB-EVENT,Add_548:OpId_17278 (cycles)
106260775453,EXECUTE,1551,CYCLES,BACKEND,SUB-EVENT,Sub_294:OpId_17280 (cycles)
106260775453,EXECUTE,2208,CYCLES,BACKEND,SUB-EVENT,Add_550:OpId_17282 (cycles)
106260775453,EXECUTE,1471,CYCLES,BACKEND,SUB-EVENT,Sub_295:OpId_17284 (cycles)
106260775453,EXECUTE,2268,CYCLES,BACKEND,SUB-EVENT,Add_552:OpId_17286 (cycles)
106260775453,EXECUTE,1506,CYCLES,BACKEND,SUB-EVENT,Sub_296:OpId_17288 (cycles)
106260775453,EXECUTE,2405,CYCLES,BACKEND,SUB-EVENT,Add_554:OpId_17290 (cycles)
106260775453,EXECUTE,1571,CYCLES,BACKEND,SUB-EVENT,Sub_297:OpId_17292 (cycles)
106260775453,EXECUTE,2203,CYCLES,BACKEND,SUB-EVENT,Add_556:OpId_17294 (cycles)
106260775453,EXECUTE,1839,CYCLES,BACKEND,SUB-EVENT,Sub_298:OpId_17296 (cycles)
106260775453,EXECUTE,2308,CYCLES,BACKEND,SUB-EVENT,Add_558:OpId_17298 (cycles)
106260775453,EXECUTE,1575,CYCLES,BACKEND,SUB-EVENT,Sub_299:OpId_17300 (cycles)
106260775453,EXECUTE,2299,CYCLES,BACKEND,SUB-EVENT,Add_560:OpId_17302 (cycles)
106260775453,EXECUTE,1570,CYCLES,BACKEND,SUB-EVENT,Sub_300:OpId_17304 (cycles)
106260775453,EXECUTE,2331,CYCLES,BACKEND,SUB-EVENT,Add_562:OpId_17306 (cycles)
106260775453,EXECUTE,1829,CYCLES,BACKEND,SUB-EVENT,Sub_301:OpId_17308 (cycles)
106260775453,EXECUTE,2256,CYCLES,BACKEND,SUB-EVENT,Add_564:OpId_17310 (cycles)
106260775453,EXECUTE,1558,CYCLES,BACKEND,SUB-EVENT,Sub_302:OpId_17312 (cycles)
106260775453,EXECUTE,2082,CYCLES,BACKEND,SUB-EVENT,Add_566:OpId_17314 (cycles)
106260775453,EXECUTE,1526,CYCLES,BACKEND,SUB-EVENT,Sub_303:OpId_17316 (cycles)
106260775453,EXECUTE,2749,CYCLES,BACKEND,SUB-EVENT,Add_568:OpId_17318 (cycles)
106260775453,EXECUTE,2056,CYCLES,BACKEND,SUB-EVENT,Concat_414:OpId_17320 (cycles)
106260775453,EXECUTE,1972,CYCLES,BACKEND,SUB-EVENT,Concat_415:OpId_17322 (cycles)
106260775453,EXECUTE,0,CYCLES,BACKEND,SUB-EVENT,Concat_420:OpId_17324 (cycles)
106260775453,EXECUTE,0,CYCLES,BACKEND,SUB-EVENT,Concat_421:OpId_17326 (cycles)
106260775453,EXECUTE,0,CYCLES,BACKEND,SUB-EVENT,Concat_422:OpId_17328 (cycles)
106260775453,EXECUTE,0,CYCLES,BACKEND,SUB-EVENT,Concat_423:OpId_17330 (cycles)
106260775453,EXECUTE,0,CYCLES,BACKEND,SUB-EVENT,Concat_424:OpId_17332 (cycles)
106260775453,EXECUTE,0,CYCLES,BACKEND,SUB-EVENT,Concat_425:OpId_17334 (cycles)
106260775453,EXECUTE,0,CYCLES,BACKEND,SUB-EVENT,Concat_426:OpId_17336 (cycles)
106260775453,EXECUTE,0,CYCLES,BACKEND,SUB-EVENT,Concat_427:OpId_17338 (cycles)
106260775453,EXECUTE,0,CYCLES,BACKEND,SUB-EVENT,Concat_428:OpId_17340 (cycles)
106260775453,EXECUTE,0,CYCLES,BACKEND,SUB-EVENT,Concat_429:OpId_17342 (cycles)
106260775453,EXECUTE,0,CYCLES,BACKEND,SUB-EVENT,Concat_430:OpId_17344 (cycles)
106260775453,EXECUTE,0,CYCLES,BACKEND,SUB-EVENT,Concat_431:OpId_17346 (cycles)
106260775453,EXECUTE,0,CYCLES,BACKEND,SUB-EVENT,Concat_432:OpId_17348 (cycles)
106260775453,EXECUTE,0,CYCLES,BACKEND,SUB-EVENT,Concat_433:OpId_17350 (cycles)
106260775453,EXECUTE,4875,CYCLES,BACKEND,SUB-EVENT,attn_18_head_0_key_Transpose_0:OpId_17353 (cycles)
106260775453,EXECUTE,4661,CYCLES,BACKEND,SUB-EVENT,attn_18_head_1_key_Transpose_0:OpId_17355 (cycles)
106260775453,EXECUTE,0,CYCLES,BACKEND,SUB-EVENT,Concat_416:OpId_17356 (cycles)
106260775453,EXECUTE,0,CYCLES,BACKEND,SUB-EVENT,Concat_418:OpId_17358 (cycles)
106260775453,EXECUTE,0,CYCLES,BACKEND,SUB-EVENT,Concat_434:OpId_17360 (cycles)
106260775453,EXECUTE,129415,CYCLES,BACKEND,SUB-EVENT,attn_18_head_0_qk_MatMul_0:OpId_17362 (cycles)
106260775453,EXECUTE,17219,CYCLES,BACKEND,SUB-EVENT,attn_18_head_1_qk_MatMul_0:OpId_17366 (cycles)
106260775453,EXECUTE,16767,CYCLES,BACKEND,SUB-EVENT,attn_18_head_2_qk_MatMul_0:OpId_17370 (cycles)
106260775453,EXECUTE,17316,CYCLES,BACKEND,SUB-EVENT,attn_18_head_3_qk_MatMul_0:OpId_17374 (cycles)
106260775453,EXECUTE,15601,CYCLES,BACKEND,SUB-EVENT,attn_18_head_4_qk_MatMul_0:OpId_17378 (cycles)
106260775453,EXECUTE,16845,CYCLES,BACKEND,SUB-EVENT,attn_18_head_5_qk_MatMul_0:OpId_17382 (cycles)
106260775453,EXECUTE,16308,CYCLES,BACKEND,SUB-EVENT,attn_18_head_6_qk_MatMul_0:OpId_17386 (cycles)
106260775453,EXECUTE,128485,CYCLES,BACKEND,SUB-EVENT,attn_18_head_7_qk_MatMul_0:OpId_17390 (cycles)
106260775453,EXECUTE,17326,CYCLES,BACKEND,SUB-EVENT,attn_18_head_8_qk_MatMul_0:OpId_17394 (cycles)
106260775453,EXECUTE,17585,CYCLES,BACKEND,SUB-EVENT,attn_18_head_9_qk_MatMul_0:OpId_17398 (cycles)
106260775453,EXECUTE,16365,CYCLES,BACKEND,SUB-EVENT,attn_18_head_10_qk_MatMul_0:OpId_17402 (cycles)
106260775453,EXECUTE,16662,CYCLES,BACKEND,SUB-EVENT,attn_18_head_11_qk_MatMul_0:OpId_17406 (cycles)
106260775453,EXECUTE,18068,CYCLES,BACKEND,SUB-EVENT,attn_18_head_12_qk_MatMul_0:OpId_17410 (cycles)
106260775453,EXECUTE,14400,CYCLES,BACKEND,SUB-EVENT,attn_18_head_13_qk_MatMul_0:OpId_17414 (cycles)
106260775453,EXECUTE,64008,CYCLES,BACKEND,SUB-EVENT,Add_543:OpId_17418 (cycles)
106260775453,EXECUTE,58511,CYCLES,BACKEND,SUB-EVENT,Add_545:OpId_17420 (cycles)
106260775453,EXECUTE,61476,CYCLES,BACKEND,SUB-EVENT,Add_547:OpId_17422 (cycles)
106260775453,EXECUTE,62475,CYCLES,BACKEND,SUB-EVENT,Add_549:OpId_17424 (cycles)
106260775453,EXECUTE,69659,CYCLES,BACKEND,SUB-EVENT,Add_551:OpId_17426 (cycles)
106260775453,EXECUTE,67712,CYCLES,BACKEND,SUB-EVENT,Add_553:OpId_17428 (cycles)
106260775453,EXECUTE,53642,CYCLES,BACKEND,SUB-EVENT,Add_555:OpId_17430 (cycles)
106260775453,EXECUTE,62724,CYCLES,BACKEND,SUB-EVENT,Add_557:OpId_17432 (cycles)
106260775453,EXECUTE,64372,CYCLES,BACKEND,SUB-EVENT,Add_559:OpId_17434 (cycles)
106260775453,EXECUTE,64508,CYCLES,BACKEND,SUB-EVENT,Add_561:OpId_17436 (cycles)
106260775453,EXECUTE,67233,CYCLES,BACKEND,SUB-EVENT,Add_563:OpId_17438 (cycles)
106260775453,EXECUTE,67683,CYCLES,BACKEND,SUB-EVENT,Add_565:OpId_17440 (cycles)
106260775453,EXECUTE,65389,CYCLES,BACKEND,SUB-EVENT,Add_567:OpId_17442 (cycles)
106260775453,EXECUTE,63352,CYCLES,BACKEND,SUB-EVENT,Add_569:OpId_17444 (cycles)
106260775453,EXECUTE,149253,CYCLES,BACKEND,SUB-EVENT,attn_18_head_0_Softmax_0:OpId_17446 (cycles)
106260775453,EXECUTE,164905,CYCLES,BACKEND,SUB-EVENT,attn_18_head_1_Softmax_0:OpId_17449 (cycles)
106260775453,EXECUTE,157179,CYCLES,BACKEND,SUB-EVENT,attn_18_head_2_Softmax_0:OpId_17452 (cycles)
106260775453,EXECUTE,149680,CYCLES,BACKEND,SUB-EVENT,attn_18_head_3_Softmax_0:OpId_17455 (cycles)
106260775453,EXECUTE,165721,CYCLES,BACKEND,SUB-EVENT,attn_18_head_4_Softmax_0:OpId_17458 (cycles)
106260775453,EXECUTE,149419,CYCLES,BACKEND,SUB-EVENT,attn_18_head_5_Softmax_0:OpId_17461 (cycles)
106260775453,EXECUTE,158089,CYCLES,BACKEND,SUB-EVENT,attn_18_head_6_Softmax_0:OpId_17464 (cycles)
106260775453,EXECUTE,157094,CYCLES,BACKEND,SUB-EVENT,attn_18_head_7_Softmax_0:OpId_17467 (cycles)
106260775453,EXECUTE,149649,CYCLES,BACKEND,SUB-EVENT,attn_18_head_8_Softmax_0:OpId_17470 (cycles)
106260775453,EXECUTE,151384,CYCLES,BACKEND,SUB-EVENT,attn_18_head_9_Softmax_0:OpId_17473 (cycles)
106260775453,EXECUTE,156882,CYCLES,BACKEND,SUB-EVENT,attn_18_head_10_Softmax_0:OpId_17476 (cycles)
106260775453,EXECUTE,148561,CYCLES,BACKEND,SUB-EVENT,attn_18_head_11_Softmax_0:OpId_17479 (cycles)
106260775453,EXECUTE,151375,CYCLES,BACKEND,SUB-EVENT,attn_18_head_12_Softmax_0:OpId_17482 (cycles)
106260775453,EXECUTE,153107,CYCLES,BACKEND,SUB-EVENT,attn_18_head_13_Softmax_0:OpId_17485 (cycles)
106260775453,EXECUTE,40031,CYCLES,BACKEND,SUB-EVENT,attn_18_head_0_qkv_MatMul_0:OpId_17488 (cycles)
106260775453,EXECUTE,5098,CYCLES,BACKEND,SUB-EVENT,attn_18_head_1_qkv_MatMul_0:OpId_17492 (cycles)
106260775453,EXECUTE,4309,CYCLES,BACKEND,SUB-EVENT,attn_18_head_2_qkv_MatMul_0:OpId_17496 (cycles)
106260775453,EXECUTE,5022,CYCLES,BACKEND,SUB-EVENT,attn_18_head_3_qkv_MatMul_0:OpId_17500 (cycles)
106260775453,EXECUTE,5277,CYCLES,BACKEND,SUB-EVENT,attn_18_head_4_qkv_MatMul_0:OpId_17504 (cycles)
106260775453,EXECUTE,5065,CYCLES,BACKEND,SUB-EVENT,attn_18_head_5_qkv_MatMul_0:OpId_17508 (cycles)
106260775453,EXECUTE,4629,CYCLES,BACKEND,SUB-EVENT,attn_18_head_6_qkv_MatMul_0:OpId_17512 (cycles)
106260775453,EXECUTE,39825,CYCLES,BACKEND,SUB-EVENT,attn_18_head_7_qkv_MatMul_0:OpId_17516 (cycles)
106260775453,EXECUTE,5085,CYCLES,BACKEND,SUB-EVENT,attn_18_head_8_qkv_MatMul_0:OpId_17520 (cycles)
106260775453,EXECUTE,5227,CYCLES,BACKEND,SUB-EVENT,attn_18_head_9_qkv_MatMul_0:OpId_17524 (cycles)
106260775453,EXECUTE,5164,CYCLES,BACKEND,SUB-EVENT,attn_18_head_10_qkv_MatMul_0:OpId_17528 (cycles)
106260775453,EXECUTE,4528,CYCLES,BACKEND,SUB-EVENT,attn_18_head_11_qkv_MatMul_0:OpId_17532 (cycles)
106260775453,EXECUTE,4898,CYCLES,BACKEND,SUB-EVENT,attn_18_head_12_qkv_MatMul_0:OpId_17536 (cycles)
106260775453,EXECUTE,4374,CYCLES,BACKEND,SUB-EVENT,attn_18_head_13_qkv_MatMul_0:OpId_17540 (cycles)
106260775453,EXECUTE,0,CYCLES,BACKEND,SUB-EVENT,Concat_436:OpId_17544 (cycles)
106260775453,EXECUTE,0,CYCLES,BACKEND,SUB-EVENT,Reshape_20:OpId_17546 (cycles)
106260775453,EXECUTE,0,CYCLES,BACKEND,SUB-EVENT,model_layers_18_self_attn_Transpose_6:OpId_17548 (cycles)
106260775453,EXECUTE,24471,CYCLES,BACKEND,SUB-EVENT,model_layers_18_self_attn_o_proj_conv_Conv:OpId_17556 (cycles)
106260775453,EXECUTE,0,CYCLES,BACKEND,SUB-EVENT,/model_layers_18_self_attn_o_proj_conv_Conv/Conv_output_0.nchw:OpId_17560 (cycles)
106260775453,EXECUTE,0,CYCLES,BACKEND,SUB-EVENT,model_layers_18_self_attn_Reshape_9:OpId_17561 (cycles)
106260775453,EXECUTE,15801,CYCLES,BACKEND,SUB-EVENT,model_layers_18_Add:OpId_17562 (cycles)
106260775453,EXECUTE,102111,CYCLES,BACKEND,SUB-EVENT,rms_norm_72:OpId_17567 (cycles)
106260775453,EXECUTE,0,CYCLES,BACKEND,SUB-EVENT,model_layers_18_mlp_Reshape:OpId_17570 (cycles)
106260775453,EXECUTE,0,CYCLES,BACKEND,SUB-EVENT,model_layers_18_mlp_Transpose:OpId_17572 (cycles)
106260775453,EXECUTE,134171,CYCLES,BACKEND,SUB-EVENT,model_layers_18_mlp_gate_proj_conv_Conv:OpId_17580 (cycles)
106260775453,EXECUTE,141110,CYCLES,BACKEND,SUB-EVENT,model_layers_18_mlp_up_proj_conv_Conv:OpId_17590 (cycles)
106260775453,EXECUTE,0,CYCLES,BACKEND,SUB-EVENT,model_layers_18_mlp_act_fn_Sigmoid:OpId_17593 (cycles)
106260775453,EXECUTE,413243,CYCLES,BACKEND,SUB-EVENT,model_layers_18_mlp_act_fn_Mul:OpId_17600 (cycles)
106260775453,EXECUTE,192948,CYCLES,BACKEND,SUB-EVENT,model_layers_18_mlp_Mul:OpId_17602 (cycles)
106260775453,EXECUTE,79832,CYCLES,BACKEND,SUB-EVENT,model_layers_18_mlp_down_proj_conv_Conv:OpId_17611 (cycles)
106260775453,EXECUTE,0,CYCLES,BACKEND,SUB-EVENT,/model_layers_18_mlp_down_proj_conv_Conv/Conv_output_0.nchw:OpId_17615 (cycles)
106260775453,EXECUTE,0,CYCLES,BACKEND,SUB-EVENT,model_layers_18_mlp_Reshape_1:OpId_17616 (cycles)
106260775453,EXECUTE,16045,CYCLES,BACKEND,SUB-EVENT,model_layers_18_Add_1:OpId_17617 (cycles)
106260775453,EXECUTE,92798,CYCLES,BACKEND,SUB-EVENT,rms_norm_74:OpId_17622 (cycles)
106260775453,EXECUTE,0,CYCLES,BACKEND,SUB-EVENT,model_layers_19_self_attn_Reshape:OpId_17625 (cycles)
106260775453,EXECUTE,0,CYCLES,BACKEND,SUB-EVENT,model_layers_19_self_attn_Transpose:OpId_17627 (cycles)
106260775453,EXECUTE,2684,CYCLES,BACKEND,SUB-EVENT,attn_19_head_0_key_Conv:OpId_17635 (cycles)
106260775453,EXECUTE,1501,CYCLES,BACKEND,SUB-EVENT,attn_19_head_0_value_Conv:OpId_17645 (cycles)
106260775453,EXECUTE,2289,CYCLES,BACKEND,SUB-EVENT,attn_19_head_0_value_Transpose/output_converted_UFIXED_POINT_8:OpId_17648 (cycles)
106260775453,EXECUTE,2791,CYCLES,BACKEND,SUB-EVENT,attn_19_head_1_key_Conv:OpId_17658 (cycles)
106260775453,EXECUTE,1635,CYCLES,BACKEND,SUB-EVENT,attn_19_head_1_value_Conv:OpId_17668 (cycles)
106260775453,EXECUTE,1563,CYCLES,BACKEND,SUB-EVENT,attn_19_head_1_value_Transpose/output_converted_UFIXED_POINT_8:OpId_17671 (cycles)
106260775453,EXECUTE,2505,CYCLES,BACKEND,SUB-EVENT,attn_19_head_0_query_Conv:OpId_17681 (cycles)
106260775453,EXECUTE,2720,CYCLES,BACKEND,SUB-EVENT,attn_19_head_1_query_Conv:OpId_17691 (cycles)
106260775453,EXECUTE,2705,CYCLES,BACKEND,SUB-EVENT,attn_19_head_2_query_Conv:OpId_17701 (cycles)
106260775453,EXECUTE,2819,CYCLES,BACKEND,SUB-EVENT,attn_19_head_3_query_Conv:OpId_17711 (cycles)
106260775453,EXECUTE,4788,CYCLES,BACKEND,SUB-EVENT,attn_19_head_4_query_Conv:OpId_17721 (cycles)
106260775453,EXECUTE,3599,CYCLES,BACKEND,SUB-EVENT,attn_19_head_5_query_Conv:OpId_17731 (cycles)
106260775453,EXECUTE,3434,CYCLES,BACKEND,SUB-EVENT,attn_19_head_6_query_Conv:OpId_17741 (cycles)
106260775453,EXECUTE,3350,CYCLES,BACKEND,SUB-EVENT,attn_19_head_7_query_Conv:OpId_17751 (cycles)
106260775453,EXECUTE,3801,CYCLES,BACKEND,SUB-EVENT,attn_19_head_8_query_Conv:OpId_17761 (cycles)
106260775453,EXECUTE,3953,CYCLES,BACKEND,SUB-EVENT,attn_19_head_9_query_Conv:OpId_17771 (cycles)
106260775453,EXECUTE,3652,CYCLES,BACKEND,SUB-EVENT,attn_19_head_10_query_Conv:OpId_17781 (cycles)
106260775453,EXECUTE,3296,CYCLES,BACKEND,SUB-EVENT,attn_19_head_11_query_Conv:OpId_17791 (cycles)
106260775453,EXECUTE,3784,CYCLES,BACKEND,SUB-EVENT,attn_19_head_12_query_Conv:OpId_17801 (cycles)
106260775453,EXECUTE,2974,CYCLES,BACKEND,SUB-EVENT,attn_19_head_13_query_Conv:OpId_17811 (cycles)
106260775453,EXECUTE,2369,CYCLES,BACKEND,SUB-EVENT,Slice_684:OpId_17815 (cycles)
106260775453,EXECUTE,2391,CYCLES,BACKEND,SUB-EVENT,Slice_685:OpId_17821 (cycles)
106260775453,EXECUTE,1729,CYCLES,BACKEND,SUB-EVENT,Slice_686:OpId_17827 (cycles)
106260775453,EXECUTE,1698,CYCLES,BACKEND,SUB-EVENT,Slice_687:OpId_17833 (cycles)
106260775453,EXECUTE,0,CYCLES,BACKEND,SUB-EVENT,Concat_458:OpId_17838 (cycles)
106260775453,EXECUTE,2041,CYCLES,BACKEND,SUB-EVENT,Slice_692:OpId_17841 (cycles)
106260775453,EXECUTE,1737,CYCLES,BACKEND,SUB-EVENT,Slice_693:OpId_17847 (cycles)
106260775453,EXECUTE,1725,CYCLES,BACKEND,SUB-EVENT,Slice_694:OpId_17853 (cycles)
106260775453,EXECUTE,1772,CYCLES,BACKEND,SUB-EVENT,Slice_695:OpId_17859 (cycles)
106260775453,EXECUTE,1848,CYCLES,BACKEND,SUB-EVENT,Slice_696:OpId_17865 (cycles)
106260775453,EXECUTE,1635,CYCLES,BACKEND,SUB-EVENT,Slice_697:OpId_17871 (cycles)
106260775453,EXECUTE,1679,CYCLES,BACKEND,SUB-EVENT,Slice_698:OpId_17877 (cycles)
106260775453,EXECUTE,1620,CYCLES,BACKEND,SUB-EVENT,Slice_699:OpId_17883 (cycles)
106260775453,EXECUTE,1895,CYCLES,BACKEND,SUB-EVENT,Slice_700:OpId_17889 (cycles)
106260775453,EXECUTE,1858,CYCLES,BACKEND,SUB-EVENT,Slice_701:OpId_17895 (cycles)
106260775453,EXECUTE,1818,CYCLES,BACKEND,SUB-EVENT,Slice_702:OpId_17901 (cycles)
106260775453,EXECUTE,1850,CYCLES,BACKEND,SUB-EVENT,Slice_703:OpId_17907 (cycles)
106260775453,EXECUTE,1739,CYCLES,BACKEND,SUB-EVENT,Slice_704:OpId_17913 (cycles)
106260775453,EXECUTE,1687,CYCLES,BACKEND,SUB-EVENT,Slice_705:OpId_17919 (cycles)
106260775453,EXECUTE,2078,CYCLES,BACKEND,SUB-EVENT,Slice_706:OpId_17925 (cycles)
106260775453,EXECUTE,1772,CYCLES,BACKEND,SUB-EVENT,Slice_707:OpId_17931 (cycles)
106260775453,EXECUTE,1995,CYCLES,BACKEND,SUB-EVENT,Slice_708:OpId_17937 (cycles)
106260775453,EXECUTE,1762,CYCLES,BACKEND,SUB-EVENT,Slice_709:OpId_17943 (cycles)
106260775453,EXECUTE,1767,CYCLES,BACKEND,SUB-EVENT,Slice_710:OpId_17949 (cycles)
106260775453,EXECUTE,1684,CYCLES,BACKEND,SUB-EVENT,Slice_711:OpId_17955 (cycles)
106260775453,EXECUTE,1646,CYCLES,BACKEND,SUB-EVENT,Slice_712:OpId_17961 (cycles)
106260775453,EXECUTE,1672,CYCLES,BACKEND,SUB-EVENT,Slice_713:OpId_17967 (cycles)
106260775453,EXECUTE,2056,CYCLES,BACKEND,SUB-EVENT,Slice_714:OpId_17973 (cycles)
106260775453,EXECUTE,2384,CYCLES,BACKEND,SUB-EVENT,Slice_715:OpId_17979 (cycles)
106260775453,EXECUTE,1984,CYCLES,BACKEND,SUB-EVENT,Slice_716:OpId_17985 (cycles)
106260775453,EXECUTE,1910,CYCLES,BACKEND,SUB-EVENT,Slice_717:OpId_17991 (cycles)
106260775453,EXECUTE,1763,CYCLES,BACKEND,SUB-EVENT,Slice_718:OpId_17997 (cycles)
106260775453,EXECUTE,1830,CYCLES,BACKEND,SUB-EVENT,Slice_719:OpId_18003 (cycles)
106260775453,EXECUTE,6201,CYCLES,BACKEND,SUB-EVENT,Concat_440:OpId_18008 (cycles)
106260775453,EXECUTE,5359,CYCLES,BACKEND,SUB-EVENT,Concat_442:OpId_18010 (cycles)
106260775453,EXECUTE,2101,CYCLES,BACKEND,SUB-EVENT,Mul_1216:OpId_18012 (cycles)
106260775453,EXECUTE,2033,CYCLES,BACKEND,SUB-EVENT,Mul_1218:OpId_18014 (cycles)
106260775453,EXECUTE,1648,CYCLES,BACKEND,SUB-EVENT,Mul_1217:OpId_18016 (cycles)
106260775453,EXECUTE,1627,CYCLES,BACKEND,SUB-EVENT,Mul_1219:OpId_18018 (cycles)
106260775453,EXECUTE,1429,CYCLES,BACKEND,SUB-EVENT,Mul_1220:OpId_18020 (cycles)
106260775453,EXECUTE,1423,CYCLES,BACKEND,SUB-EVENT,Mul_1222:OpId_18022 (cycles)
106260775453,EXECUTE,1396,CYCLES,BACKEND,SUB-EVENT,Mul_1221:OpId_18024 (cycles)
106260775453,EXECUTE,1380,CYCLES,BACKEND,SUB-EVENT,Mul_1223:OpId_18026 (cycles)
106260775453,EXECUTE,1584,CYCLES,BACKEND,SUB-EVENT,Mul_1224:OpId_18028 (cycles)
106260775453,EXECUTE,1623,CYCLES,BACKEND,SUB-EVENT,Mul_1226:OpId_18030 (cycles)
106260775453,EXECUTE,1640,CYCLES,BACKEND,SUB-EVENT,Mul_1225:OpId_18032 (cycles)
106260775453,EXECUTE,1587,CYCLES,BACKEND,SUB-EVENT,Mul_1227:OpId_18034 (cycles)
106260775453,EXECUTE,1442,CYCLES,BACKEND,SUB-EVENT,Mul_1228:OpId_18036 (cycles)
106260775453,EXECUTE,1423,CYCLES,BACKEND,SUB-EVENT,Mul_1230:OpId_18038 (cycles)
106260775453,EXECUTE,1411,CYCLES,BACKEND,SUB-EVENT,Mul_1229:OpId_18040 (cycles)
106260775453,EXECUTE,1430,CYCLES,BACKEND,SUB-EVENT,Mul_1231:OpId_18042 (cycles)
106260775453,EXECUTE,1373,CYCLES,BACKEND,SUB-EVENT,Mul_1232:OpId_18044 (cycles)
106260775453,EXECUTE,1425,CYCLES,BACKEND,SUB-EVENT,Mul_1234:OpId_18046 (cycles)
106260775453,EXECUTE,1391,CYCLES,BACKEND,SUB-EVENT,Mul_1233:OpId_18048 (cycles)
106260775453,EXECUTE,1382,CYCLES,BACKEND,SUB-EVENT,Mul_1235:OpId_18050 (cycles)
106260775453,EXECUTE,1459,CYCLES,BACKEND,SUB-EVENT,Mul_1236:OpId_18052 (cycles)
106260775453,EXECUTE,1400,CYCLES,BACKEND,SUB-EVENT,Mul_1238:OpId_18054 (cycles)
106260775453,EXECUTE,1406,CYCLES,BACKEND,SUB-EVENT,Mul_1237:OpId_18056 (cycles)
106260775453,EXECUTE,1427,CYCLES,BACKEND,SUB-EVENT,Mul_1239:OpId_18058 (cycles)
106260775453,EXECUTE,1450,CYCLES,BACKEND,SUB-EVENT,Mul_1240:OpId_18060 (cycles)
106260775453,EXECUTE,1508,CYCLES,BACKEND,SUB-EVENT,Mul_1242:OpId_18062 (cycles)
106260775453,EXECUTE,2043,CYCLES,BACKEND,SUB-EVENT,Mul_1241:OpId_18064 (cycles)
106260775453,EXECUTE,1857,CYCLES,BACKEND,SUB-EVENT,Mul_1243:OpId_18066 (cycles)
106260775453,EXECUTE,1789,CYCLES,BACKEND,SUB-EVENT,Mul_1244:OpId_18068 (cycles)
106260775453,EXECUTE,1981,CYCLES,BACKEND,SUB-EVENT,Mul_1246:OpId_18070 (cycles)
106260775453,EXECUTE,1594,CYCLES,BACKEND,SUB-EVENT,Mul_1245:OpId_18072 (cycles)
106260775453,EXECUTE,1627,CYCLES,BACKEND,SUB-EVENT,Mul_1247:OpId_18074 (cycles)
106260775453,EXECUTE,1712,CYCLES,BACKEND,SUB-EVENT,Mul_1248:OpId_18076 (cycles)
106260775453,EXECUTE,1708,CYCLES,BACKEND,SUB-EVENT,Mul_1250:OpId_18078 (cycles)
106260775453,EXECUTE,1567,CYCLES,BACKEND,SUB-EVENT,Mul_1249:OpId_18080 (cycles)
106260775453,EXECUTE,1630,CYCLES,BACKEND,SUB-EVENT,Mul_1251:OpId_18082 (cycles)
106260775453,EXECUTE,1430,CYCLES,BACKEND,SUB-EVENT,Mul_1252:OpId_18084 (cycles)
106260775453,EXECUTE,1439,CYCLES,BACKEND,SUB-EVENT,Mul_1254:OpId_18086 (cycles)
106260775453,EXECUTE,1642,CYCLES,BACKEND,SUB-EVENT,Mul_1253:OpId_18088 (cycles)
106260775453,EXECUTE,1669,CYCLES,BACKEND,SUB-EVENT,Mul_1255:OpId_18090 (cycles)
106260775453,EXECUTE,1437,CYCLES,BACKEND,SUB-EVENT,Mul_1256:OpId_18092 (cycles)
106260775453,EXECUTE,1458,CYCLES,BACKEND,SUB-EVENT,Mul_1258:OpId_18094 (cycles)
106260775453,EXECUTE,1442,CYCLES,BACKEND,SUB-EVENT,Mul_1257:OpId_18096 (cycles)
106260775453,EXECUTE,1480,CYCLES,BACKEND,SUB-EVENT,Mul_1259:OpId_18098 (cycles)
106260775453,EXECUTE,1480,CYCLES,BACKEND,SUB-EVENT,Mul_1260:OpId_18100 (cycles)
106260775453,EXECUTE,1465,CYCLES,BACKEND,SUB-EVENT,Mul_1262:OpId_18102 (cycles)
106260775453,EXECUTE,1398,CYCLES,BACKEND,SUB-EVENT,Mul_1261:OpId_18104 (cycles)
106260775453,EXECUTE,1449,CYCLES,BACKEND,SUB-EVENT,Mul_1263:OpId_18106 (cycles)
106260775453,EXECUTE,1703,CYCLES,BACKEND,SUB-EVENT,Mul_1264:OpId_18108 (cycles)
106260775453,EXECUTE,1726,CYCLES,BACKEND,SUB-EVENT,Mul_1266:OpId_18110 (cycles)
106260775453,EXECUTE,1407,CYCLES,BACKEND,SUB-EVENT,Mul_1265:OpId_18112 (cycles)
106260775453,EXECUTE,1660,CYCLES,BACKEND,SUB-EVENT,Mul_1267:OpId_18114 (cycles)
106260775453,EXECUTE,1503,CYCLES,BACKEND,SUB-EVENT,Mul_1268:OpId_18116 (cycles)
106260775453,EXECUTE,1540,CYCLES,BACKEND,SUB-EVENT,Mul_1270:OpId_18118 (cycles)
106260775453,EXECUTE,1680,CYCLES,BACKEND,SUB-EVENT,Mul_1269:OpId_18120 (cycles)
106260775453,EXECUTE,1463,CYCLES,BACKEND,SUB-EVENT,Mul_1271:OpId_18122 (cycles)
106260775453,EXECUTE,1717,CYCLES,BACKEND,SUB-EVENT,Mul_1272:OpId_18124 (cycles)
106260775453,EXECUTE,1783,CYCLES,BACKEND,SUB-EVENT,Mul_1274:OpId_18126 (cycles)
106260775453,EXECUTE,1684,CYCLES,BACKEND,SUB-EVENT,Mul_1273:OpId_18128 (cycles)
106260775453,EXECUTE,1686,CYCLES,BACKEND,SUB-EVENT,Mul_1275:OpId_18130 (cycles)
106260775453,EXECUTE,1441,CYCLES,BACKEND,SUB-EVENT,Mul_1276:OpId_18132 (cycles)
106260775453,EXECUTE,1521,CYCLES,BACKEND,SUB-EVENT,Mul_1278:OpId_18134 (cycles)
106260775453,EXECUTE,1640,CYCLES,BACKEND,SUB-EVENT,Mul_1277:OpId_18136 (cycles)
106260775453,EXECUTE,1670,CYCLES,BACKEND,SUB-EVENT,Mul_1279:OpId_18138 (cycles)
106260775453,EXECUTE,1804,CYCLES,BACKEND,SUB-EVENT,Sub_304:OpId_18140 (cycles)
106260775453,EXECUTE,444,CYCLES,BACKEND,SUB-EVENT,Sub_304_converted_UFIXED_POINT_8:OpId_18142 (cycles)
106260775453,EXECUTE,1708,CYCLES,BACKEND,SUB-EVENT,Add_570:OpId_18145 (cycles)
106260775453,EXECUTE,822,CYCLES,BACKEND,SUB-EVENT,Add_570_converted_UFIXED_POINT_8:OpId_18147 (cycles)
106260775453,EXECUTE,1489,CYCLES,BACKEND,SUB-EVENT,Sub_305:OpId_18150 (cycles)
106260775453,EXECUTE,458,CYCLES,BACKEND,SUB-EVENT,Sub_305_converted_UFIXED_POINT_8:OpId_18152 (cycles)
106260775453,EXECUTE,1511,CYCLES,BACKEND,SUB-EVENT,Add_571:OpId_18155 (cycles)
106260775453,EXECUTE,443,CYCLES,BACKEND,SUB-EVENT,Add_571_converted_UFIXED_POINT_8:OpId_18157 (cycles)
106260775453,EXECUTE,1663,CYCLES,BACKEND,SUB-EVENT,Sub_306:OpId_18160 (cycles)
106260775453,EXECUTE,2637,CYCLES,BACKEND,SUB-EVENT,Add_572:OpId_18162 (cycles)
106260775453,EXECUTE,1674,CYCLES,BACKEND,SUB-EVENT,Sub_307:OpId_18164 (cycles)
106260775453,EXECUTE,2407,CYCLES,BACKEND,SUB-EVENT,Add_574:OpId_18166 (cycles)
106260775453,EXECUTE,1464,CYCLES,BACKEND,SUB-EVENT,Sub_308:OpId_18168 (cycles)
106260775453,EXECUTE,2282,CYCLES,BACKEND,SUB-EVENT,Add_576:OpId_18170 (cycles)
106260775453,EXECUTE,1639,CYCLES,BACKEND,SUB-EVENT,Sub_309:OpId_18172 (cycles)
106260775453,EXECUTE,2082,CYCLES,BACKEND,SUB-EVENT,Add_578:OpId_18174 (cycles)
106260775453,EXECUTE,1828,CYCLES,BACKEND,SUB-EVENT,Sub_310:OpId_18176 (cycles)
106260775453,EXECUTE,2847,CYCLES,BACKEND,SUB-EVENT,Add_580:OpId_18178 (cycles)
106260775453,EXECUTE,1568,CYCLES,BACKEND,SUB-EVENT,Sub_311:OpId_18180 (cycles)
106260775453,EXECUTE,2384,CYCLES,BACKEND,SUB-EVENT,Add_582:OpId_18182 (cycles)
106260775453,EXECUTE,1541,CYCLES,BACKEND,SUB-EVENT,Sub_312:OpId_18184 (cycles)
106260775453,EXECUTE,2089,CYCLES,BACKEND,SUB-EVENT,Add_584:OpId_18186 (cycles)
106260775453,EXECUTE,1825,CYCLES,BACKEND,SUB-EVENT,Sub_313:OpId_18188 (cycles)
106260775453,EXECUTE,2506,CYCLES,BACKEND,SUB-EVENT,Add_586:OpId_18190 (cycles)
106260775453,EXECUTE,1465,CYCLES,BACKEND,SUB-EVENT,Sub_314:OpId_18192 (cycles)
106260775453,EXECUTE,2867,CYCLES,BACKEND,SUB-EVENT,Add_588:OpId_18194 (cycles)
106260775453,EXECUTE,1517,CYCLES,BACKEND,SUB-EVENT,Sub_315:OpId_18196 (cycles)
106260775453,EXECUTE,2765,CYCLES,BACKEND,SUB-EVENT,Add_590:OpId_18198 (cycles)
106260775453,EXECUTE,1490,CYCLES,BACKEND,SUB-EVENT,Sub_316:OpId_18200 (cycles)
106260775453,EXECUTE,2679,CYCLES,BACKEND,SUB-EVENT,Add_592:OpId_18202 (cycles)
106260775453,EXECUTE,1802,CYCLES,BACKEND,SUB-EVENT,Sub_317:OpId_18204 (cycles)
106260775453,EXECUTE,2506,CYCLES,BACKEND,SUB-EVENT,Add_594:OpId_18206 (cycles)
106260775453,EXECUTE,1757,CYCLES,BACKEND,SUB-EVENT,Sub_318:OpId_18208 (cycles)
106260775453,EXECUTE,2351,CYCLES,BACKEND,SUB-EVENT,Add_596:OpId_18210 (cycles)
106260775453,EXECUTE,1587,CYCLES,BACKEND,SUB-EVENT,Sub_319:OpId_18212 (cycles)
106260775453,EXECUTE,2143,CYCLES,BACKEND,SUB-EVENT,Add_598:OpId_18214 (cycles)
106260775453,EXECUTE,1591,CYCLES,BACKEND,SUB-EVENT,Concat_437:OpId_18216 (cycles)
106260775453,EXECUTE,1661,CYCLES,BACKEND,SUB-EVENT,Concat_438:OpId_18218 (cycles)
106260775453,EXECUTE,0,CYCLES,BACKEND,SUB-EVENT,Concat_443:OpId_18220 (cycles)
106260775453,EXECUTE,0,CYCLES,BACKEND,SUB-EVENT,Concat_444:OpId_18222 (cycles)
106260775453,EXECUTE,0,CYCLES,BACKEND,SUB-EVENT,Concat_445:OpId_18224 (cycles)
106260775453,EXECUTE,0,CYCLES,BACKEND,SUB-EVENT,Concat_446:OpId_18226 (cycles)
106260775453,EXECUTE,0,CYCLES,BACKEND,SUB-EVENT,Concat_447:OpId_18228 (cycles)
106260775453,EXECUTE,0,CYCLES,BACKEND,SUB-EVENT,Concat_448:OpId_18230 (cycles)
106260775453,EXECUTE,0,CYCLES,BACKEND,SUB-EVENT,Concat_449:OpId_18232 (cycles)
106260775453,EXECUTE,0,CYCLES,BACKEND,SUB-EVENT,Concat_450:OpId_18234 (cycles)
106260775453,EXECUTE,0,CYCLES,BACKEND,SUB-EVENT,Concat_451:OpId_18236 (cycles)
106260775453,EXECUTE,0,CYCLES,BACKEND,SUB-EVENT,Concat_452:OpId_18238 (cycles)
106260775453,EXECUTE,0,CYCLES,BACKEND,SUB-EVENT,Concat_453:OpId_18240 (cycles)
106260775453,EXECUTE,0,CYCLES,BACKEND,SUB-EVENT,Concat_454:OpId_18242 (cycles)
106260775453,EXECUTE,0,CYCLES,BACKEND,SUB-EVENT,Concat_455:OpId_18244 (cycles)
106260775453,EXECUTE,0,CYCLES,BACKEND,SUB-EVENT,Concat_456:OpId_18246 (cycles)
106260775453,EXECUTE,6347,CYCLES,BACKEND,SUB-EVENT,attn_19_head_0_key_Transpose_0:OpId_18249 (cycles)
106260775453,EXECUTE,5475,CYCLES,BACKEND,SUB-EVENT,attn_19_head_1_key_Transpose_0:OpId_18251 (cycles)
106260775453,EXECUTE,0,CYCLES,BACKEND,SUB-EVENT,Concat_439:OpId_18252 (cycles)
106260775453,EXECUTE,0,CYCLES,BACKEND,SUB-EVENT,Concat_441:OpId_18254 (cycles)
106260775453,EXECUTE,0,CYCLES,BACKEND,SUB-EVENT,Concat_457:OpId_18256 (cycles)
106260775453,EXECUTE,137676,CYCLES,BACKEND,SUB-EVENT,attn_19_head_0_qk_MatMul_0:OpId_18258 (cycles)
106260775453,EXECUTE,16860,CYCLES,BACKEND,SUB-EVENT,attn_19_head_1_qk_MatMul_0:OpId_18262 (cycles)
106260775453,EXECUTE,16585,CYCLES,BACKEND,SUB-EVENT,attn_19_head_2_qk_MatMul_0:OpId_18266 (cycles)
106260775453,EXECUTE,17349,CYCLES,BACKEND,SUB-EVENT,attn_19_head_3_qk_MatMul_0:OpId_18270 (cycles)
106260775453,EXECUTE,16554,CYCLES,BACKEND,SUB-EVENT,attn_19_head_4_qk_MatMul_0:OpId_18274 (cycles)
106260775453,EXECUTE,16597,CYCLES,BACKEND,SUB-EVENT,attn_19_head_5_qk_MatMul_0:OpId_18278 (cycles)
106260775453,EXECUTE,16571,CYCLES,BACKEND,SUB-EVENT,attn_19_head_6_qk_MatMul_0:OpId_18282 (cycles)
106260775453,EXECUTE,131177,CYCLES,BACKEND,SUB-EVENT,attn_19_head_7_qk_MatMul_0:OpId_18286 (cycles)
106260775453,EXECUTE,16721,CYCLES,BACKEND,SUB-EVENT,attn_19_head_8_qk_MatMul_0:OpId_18290 (cycles)
106260775453,EXECUTE,17230,CYCLES,BACKEND,SUB-EVENT,attn_19_head_9_qk_MatMul_0:OpId_18294 (cycles)
106260775453,EXECUTE,16726,CYCLES,BACKEND,SUB-EVENT,attn_19_head_10_qk_MatMul_0:OpId_18298 (cycles)
106260775453,EXECUTE,16091,CYCLES,BACKEND,SUB-EVENT,attn_19_head_11_qk_MatMul_0:OpId_18302 (cycles)
106260775453,EXECUTE,15866,CYCLES,BACKEND,SUB-EVENT,attn_19_head_12_qk_MatMul_0:OpId_18306 (cycles)
106260775453,EXECUTE,16285,CYCLES,BACKEND,SUB-EVENT,attn_19_head_13_qk_MatMul_0:OpId_18310 (cycles)
106260775453,EXECUTE,65415,CYCLES,BACKEND,SUB-EVENT,Add_573:OpId_18314 (cycles)
106260775453,EXECUTE,59524,CYCLES,BACKEND,SUB-EVENT,Add_575:OpId_18316 (cycles)
106260775453,EXECUTE,59228,CYCLES,BACKEND,SUB-EVENT,Add_577:OpId_18318 (cycles)
106260775453,EXECUTE,70741,CYCLES,BACKEND,SUB-EVENT,Add_579:OpId_18320 (cycles)
106260775453,EXECUTE,64912,CYCLES,BACKEND,SUB-EVENT,Add_581:OpId_18322 (cycles)
106260775453,EXECUTE,65519,CYCLES,BACKEND,SUB-EVENT,Add_583:OpId_18324 (cycles)
106260775453,EXECUTE,54437,CYCLES,BACKEND,SUB-EVENT,Add_585:OpId_18326 (cycles)
106260775453,EXECUTE,64472,CYCLES,BACKEND,SUB-EVENT,Add_587:OpId_18328 (cycles)
106260775453,EXECUTE,63143,CYCLES,BACKEND,SUB-EVENT,Add_589:OpId_18330 (cycles)
106260775453,EXECUTE,64053,CYCLES,BACKEND,SUB-EVENT,Add_591:OpId_18332 (cycles)
106260775453,EXECUTE,54116,CYCLES,BACKEND,SUB-EVENT,Add_593:OpId_18334 (cycles)
106260775453,EXECUTE,61005,CYCLES,BACKEND,SUB-EVENT,Add_595:OpId_18336 (cycles)
106260775453,EXECUTE,68454,CYCLES,BACKEND,SUB-EVENT,Add_597:OpId_18338 (cycles)
106260775453,EXECUTE,54905,CYCLES,BACKEND,SUB-EVENT,Add_599:OpId_18340 (cycles)
106260775453,EXECUTE,161624,CYCLES,BACKEND,SUB-EVENT,attn_19_head_0_Softmax_0:OpId_18342 (cycles)
106260775453,EXECUTE,163345,CYCLES,BACKEND,SUB-EVENT,attn_19_head_1_Softmax_0:OpId_18345 (cycles)
106260775453,EXECUTE,152289,CYCLES,BACKEND,SUB-EVENT,attn_19_head_2_Softmax_0:OpId_18348 (cycles)
106260775453,EXECUTE,148173,CYCLES,BACKEND,SUB-EVENT,attn_19_head_3_Softmax_0:OpId_18351 (cycles)
106260775453,EXECUTE,166062,CYCLES,BACKEND,SUB-EVENT,attn_19_head_4_Softmax_0:OpId_18354 (cycles)
106260775453,EXECUTE,160871,CYCLES,BACKEND,SUB-EVENT,attn_19_head_5_Softmax_0:OpId_18357 (cycles)
106260775453,EXECUTE,157793,CYCLES,BACKEND,SUB-EVENT,attn_19_head_6_Softmax_0:OpId_18360 (cycles)
106260775453,EXECUTE,150248,CYCLES,BACKEND,SUB-EVENT,attn_19_head_7_Softmax_0:OpId_18363 (cycles)
106260775453,EXECUTE,172962,CYCLES,BACKEND,SUB-EVENT,attn_19_head_8_Softmax_0:OpId_18366 (cycles)
106260775453,EXECUTE,149374,CYCLES,BACKEND,SUB-EVENT,attn_19_head_9_Softmax_0:OpId_18369 (cycles)
106260775453,EXECUTE,158144,CYCLES,BACKEND,SUB-EVENT,attn_19_head_10_Softmax_0:OpId_18372 (cycles)
106260775453,EXECUTE,170530,CYCLES,BACKEND,SUB-EVENT,attn_19_head_11_Softmax_0:OpId_18375 (cycles)
106260775453,EXECUTE,150048,CYCLES,BACKEND,SUB-EVENT,attn_19_head_12_Softmax_0:OpId_18378 (cycles)
106260775453,EXECUTE,163660,CYCLES,BACKEND,SUB-EVENT,attn_19_head_13_Softmax_0:OpId_18381 (cycles)
106260775453,EXECUTE,40834,CYCLES,BACKEND,SUB-EVENT,attn_19_head_0_qkv_MatMul_0:OpId_18384 (cycles)
106260775453,EXECUTE,5170,CYCLES,BACKEND,SUB-EVENT,attn_19_head_1_qkv_MatMul_0:OpId_18388 (cycles)
106260775453,EXECUTE,5209,CYCLES,BACKEND,SUB-EVENT,attn_19_head_2_qkv_MatMul_0:OpId_18392 (cycles)
106260775453,EXECUTE,4735,CYCLES,BACKEND,SUB-EVENT,attn_19_head_3_qkv_MatMul_0:OpId_18396 (cycles)
106260775453,EXECUTE,5264,CYCLES,BACKEND,SUB-EVENT,attn_19_head_4_qkv_MatMul_0:OpId_18400 (cycles)
106260775453,EXECUTE,4984,CYCLES,BACKEND,SUB-EVENT,attn_19_head_5_qkv_MatMul_0:OpId_18404 (cycles)
106260775453,EXECUTE,5177,CYCLES,BACKEND,SUB-EVENT,attn_19_head_6_qkv_MatMul_0:OpId_18408 (cycles)
106260775453,EXECUTE,39289,CYCLES,BACKEND,SUB-EVENT,attn_19_head_7_qkv_MatMul_0:OpId_18412 (cycles)
106260775453,EXECUTE,5301,CYCLES,BACKEND,SUB-EVENT,attn_19_head_8_qkv_MatMul_0:OpId_18416 (cycles)
106260775453,EXECUTE,4866,CYCLES,BACKEND,SUB-EVENT,attn_19_head_9_qkv_MatMul_0:OpId_18420 (cycles)
106260775453,EXECUTE,5274,CYCLES,BACKEND,SUB-EVENT,attn_19_head_10_qkv_MatMul_0:OpId_18424 (cycles)
106260775453,EXECUTE,5276,CYCLES,BACKEND,SUB-EVENT,attn_19_head_11_qkv_MatMul_0:OpId_18428 (cycles)
106260775453,EXECUTE,4968,CYCLES,BACKEND,SUB-EVENT,attn_19_head_12_qkv_MatMul_0:OpId_18432 (cycles)
106260775453,EXECUTE,4400,CYCLES,BACKEND,SUB-EVENT,attn_19_head_13_qkv_MatMul_0:OpId_18436 (cycles)
106260775453,EXECUTE,0,CYCLES,BACKEND,SUB-EVENT,Concat_459:OpId_18440 (cycles)
106260775453,EXECUTE,0,CYCLES,BACKEND,SUB-EVENT,Reshape_21:OpId_18442 (cycles)
106260775453,EXECUTE,0,CYCLES,BACKEND,SUB-EVENT,model_layers_19_self_attn_Transpose_6:OpId_18444 (cycles)
106260775453,EXECUTE,36762,CYCLES,BACKEND,SUB-EVENT,model_layers_19_self_attn_o_proj_conv_Conv:OpId_18452 (cycles)
106260775453,EXECUTE,0,CYCLES,BACKEND,SUB-EVENT,/model_layers_19_self_attn_o_proj_conv_Conv/Conv_output_0.nchw:OpId_18456 (cycles)
106260775453,EXECUTE,0,CYCLES,BACKEND,SUB-EVENT,model_layers_19_self_attn_Reshape_9:OpId_18457 (cycles)
106260775453,EXECUTE,13162,CYCLES,BACKEND,SUB-EVENT,model_layers_19_Add:OpId_18458 (cycles)
106260775453,EXECUTE,100245,CYCLES,BACKEND,SUB-EVENT,rms_norm_76:OpId_18463 (cycles)
106260775453,EXECUTE,0,CYCLES,BACKEND,SUB-EVENT,model_layers_19_mlp_Reshape:OpId_18466 (cycles)
106260775453,EXECUTE,0,CYCLES,BACKEND,SUB-EVENT,model_layers_19_mlp_Transpose:OpId_18468 (cycles)
106260775453,EXECUTE,131924,CYCLES,BACKEND,SUB-EVENT,model_layers_19_mlp_gate_proj_conv_Conv:OpId_18476 (cycles)
106260775453,EXECUTE,144663,CYCLES,BACKEND,SUB-EVENT,model_layers_19_mlp_up_proj_conv_Conv:OpId_18486 (cycles)
106260775453,EXECUTE,0,CYCLES,BACKEND,SUB-EVENT,model_layers_19_mlp_act_fn_Sigmoid:OpId_18489 (cycles)
106260775453,EXECUTE,414559,CYCLES,BACKEND,SUB-EVENT,model_layers_19_mlp_act_fn_Mul:OpId_18496 (cycles)
106260775453,EXECUTE,197887,CYCLES,BACKEND,SUB-EVENT,model_layers_19_mlp_Mul:OpId_18498 (cycles)
106260775453,EXECUTE,80547,CYCLES,BACKEND,SUB-EVENT,model_layers_19_mlp_down_proj_conv_Conv:OpId_18507 (cycles)
106260775453,EXECUTE,0,CYCLES,BACKEND,SUB-EVENT,/model_layers_19_mlp_down_proj_conv_Conv/Conv_output_0.nchw:OpId_18511 (cycles)
106260775453,EXECUTE,0,CYCLES,BACKEND,SUB-EVENT,model_layers_19_mlp_Reshape_1:OpId_18512 (cycles)
106260775453,EXECUTE,15869,CYCLES,BACKEND,SUB-EVENT,model_layers_19_Add_1:OpId_18513 (cycles)
106260775453,EXECUTE,93797,CYCLES,BACKEND,SUB-EVENT,rms_norm_78:OpId_18518 (cycles)
106260775453,EXECUTE,0,CYCLES,BACKEND,SUB-EVENT,model_layers_20_self_attn_Reshape:OpId_18521 (cycles)
106260775453,EXECUTE,0,CYCLES,BACKEND,SUB-EVENT,model_layers_20_self_attn_Transpose:OpId_18523 (cycles)
106260775453,EXECUTE,2484,CYCLES,BACKEND,SUB-EVENT,attn_20_head_0_key_Conv:OpId_18531 (cycles)
106260775453,EXECUTE,1395,CYCLES,BACKEND,SUB-EVENT,attn_20_head_0_value_Conv:OpId_18541 (cycles)
106260775453,EXECUTE,1960,CYCLES,BACKEND,SUB-EVENT,attn_20_head_0_value_Transpose/output_converted_UFIXED_POINT_8:OpId_18544 (cycles)
106260775453,EXECUTE,2516,CYCLES,BACKEND,SUB-EVENT,attn_20_head_1_key_Conv:OpId_18554 (cycles)
106260775453,EXECUTE,1473,CYCLES,BACKEND,SUB-EVENT,attn_20_head_1_value_Conv:OpId_18564 (cycles)
106260775453,EXECUTE,1478,CYCLES,BACKEND,SUB-EVENT,attn_20_head_1_value_Transpose/output_converted_UFIXED_POINT_8:OpId_18567 (cycles)
106260775453,EXECUTE,2286,CYCLES,BACKEND,SUB-EVENT,attn_20_head_0_query_Conv:OpId_18577 (cycles)
106260775453,EXECUTE,3738,CYCLES,BACKEND,SUB-EVENT,attn_20_head_1_query_Conv:OpId_18587 (cycles)
106260775453,EXECUTE,3096,CYCLES,BACKEND,SUB-EVENT,attn_20_head_2_query_Conv:OpId_18597 (cycles)
106260775453,EXECUTE,2747,CYCLES,BACKEND,SUB-EVENT,attn_20_head_3_query_Conv:OpId_18607 (cycles)
106260775453,EXECUTE,3142,CYCLES,BACKEND,SUB-EVENT,attn_20_head_4_query_Conv:OpId_18617 (cycles)
106260775453,EXECUTE,3505,CYCLES,BACKEND,SUB-EVENT,attn_20_head_5_query_Conv:OpId_18627 (cycles)
106260775453,EXECUTE,3623,CYCLES,BACKEND,SUB-EVENT,attn_20_head_6_query_Conv:OpId_18637 (cycles)
106260775453,EXECUTE,3402,CYCLES,BACKEND,SUB-EVENT,attn_20_head_7_query_Conv:OpId_18647 (cycles)
106260775453,EXECUTE,3696,CYCLES,BACKEND,SUB-EVENT,attn_20_head_8_query_Conv:OpId_18657 (cycles)
106260775453,EXECUTE,3643,CYCLES,BACKEND,SUB-EVENT,attn_20_head_9_query_Conv:OpId_18667 (cycles)
106260775453,EXECUTE,3297,CYCLES,BACKEND,SUB-EVENT,attn_20_head_10_query_Conv:OpId_18677 (cycles)
106260775453,EXECUTE,3167,CYCLES,BACKEND,SUB-EVENT,attn_20_head_11_query_Conv:OpId_18687 (cycles)
106260775453,EXECUTE,3614,CYCLES,BACKEND,SUB-EVENT,attn_20_head_12_query_Conv:OpId_18697 (cycles)
106260775453,EXECUTE,3244,CYCLES,BACKEND,SUB-EVENT,attn_20_head_13_query_Conv:OpId_18707 (cycles)
106260775453,EXECUTE,2618,CYCLES,BACKEND,SUB-EVENT,Slice_720:OpId_18711 (cycles)
106260775453,EXECUTE,2537,CYCLES,BACKEND,SUB-EVENT,Slice_721:OpId_18717 (cycles)
106260775453,EXECUTE,1743,CYCLES,BACKEND,SUB-EVENT,Slice_722:OpId_18723 (cycles)
106260775453,EXECUTE,1712,CYCLES,BACKEND,SUB-EVENT,Slice_723:OpId_18729 (cycles)
106260775453,EXECUTE,0,CYCLES,BACKEND,SUB-EVENT,Concat_481:OpId_18734 (cycles)
106260775453,EXECUTE,1869,CYCLES,BACKEND,SUB-EVENT,Slice_728:OpId_18737 (cycles)
106260775453,EXECUTE,1885,CYCLES,BACKEND,SUB-EVENT,Slice_729:OpId_18743 (cycles)
106260775453,EXECUTE,1810,CYCLES,BACKEND,SUB-EVENT,Slice_730:OpId_18749 (cycles)
106260775453,EXECUTE,1712,CYCLES,BACKEND,SUB-EVENT,Slice_731:OpId_18755 (cycles)
106260775453,EXECUTE,1896,CYCLES,BACKEND,SUB-EVENT,Slice_732:OpId_18761 (cycles)
106260775453,EXECUTE,1780,CYCLES,BACKEND,SUB-EVENT,Slice_733:OpId_18767 (cycles)
106260775453,EXECUTE,1720,CYCLES,BACKEND,SUB-EVENT,Slice_734:OpId_18773 (cycles)
106260775453,EXECUTE,2000,CYCLES,BACKEND,SUB-EVENT,Slice_735:OpId_18779 (cycles)
106260775453,EXECUTE,1946,CYCLES,BACKEND,SUB-EVENT,Slice_736:OpId_18785 (cycles)
106260775453,EXECUTE,1794,CYCLES,BACKEND,SUB-EVENT,Slice_737:OpId_18791 (cycles)
106260775453,EXECUTE,1700,CYCLES,BACKEND,SUB-EVENT,Slice_738:OpId_18797 (cycles)
106260775453,EXECUTE,1847,CYCLES,BACKEND,SUB-EVENT,Slice_739:OpId_18803 (cycles)
106260775453,EXECUTE,1759,CYCLES,BACKEND,SUB-EVENT,Slice_740:OpId_18809 (cycles)
106260775453,EXECUTE,2386,CYCLES,BACKEND,SUB-EVENT,Slice_741:OpId_18815 (cycles)
106260775453,EXECUTE,1703,CYCLES,BACKEND,SUB-EVENT,Slice_742:OpId_18821 (cycles)
106260775453,EXECUTE,1668,CYCLES,BACKEND,SUB-EVENT,Slice_743:OpId_18827 (cycles)
106260775453,EXECUTE,1995,CYCLES,BACKEND,SUB-EVENT,Slice_744:OpId_18833 (cycles)
106260775453,EXECUTE,1825,CYCLES,BACKEND,SUB-EVENT,Slice_745:OpId_18839 (cycles)
106260775453,EXECUTE,2530,CYCLES,BACKEND,SUB-EVENT,Slice_746:OpId_18845 (cycles)
106260775453,EXECUTE,2489,CYCLES,BACKEND,SUB-EVENT,Slice_747:OpId_18851 (cycles)
106260775453,EXECUTE,1969,CYCLES,BACKEND,SUB-EVENT,Slice_748:OpId_18857 (cycles)
106260775453,EXECUTE,1801,CYCLES,BACKEND,SUB-EVENT,Slice_749:OpId_18863 (cycles)
106260775453,EXECUTE,1992,CYCLES,BACKEND,SUB-EVENT,Slice_750:OpId_18869 (cycles)
106260775453,EXECUTE,2211,CYCLES,BACKEND,SUB-EVENT,Slice_751:OpId_18875 (cycles)
106260775453,EXECUTE,1967,CYCLES,BACKEND,SUB-EVENT,Slice_752:OpId_18881 (cycles)
106260775453,EXECUTE,1847,CYCLES,BACKEND,SUB-EVENT,Slice_753:OpId_18887 (cycles)
106260775453,EXECUTE,1979,CYCLES,BACKEND,SUB-EVENT,Slice_754:OpId_18893 (cycles)
106260775453,EXECUTE,1998,CYCLES,BACKEND,SUB-EVENT,Slice_755:OpId_18899 (cycles)
106260775453,EXECUTE,8476,CYCLES,BACKEND,SUB-EVENT,Concat_463:OpId_18904 (cycles)
106260775453,EXECUTE,8301,CYCLES,BACKEND,SUB-EVENT,Concat_465:OpId_18906 (cycles)
106260775453,EXECUTE,1723,CYCLES,BACKEND,SUB-EVENT,Mul_1280:OpId_18908 (cycles)
106260775453,EXECUTE,1662,CYCLES,BACKEND,SUB-EVENT,Mul_1282:OpId_18910 (cycles)
106260775453,EXECUTE,1629,CYCLES,BACKEND,SUB-EVENT,Mul_1281:OpId_18912 (cycles)
106260775453,EXECUTE,1735,CYCLES,BACKEND,SUB-EVENT,Mul_1283:OpId_18914 (cycles)
106260775453,EXECUTE,1528,CYCLES,BACKEND,SUB-EVENT,Mul_1284:OpId_18916 (cycles)
106260775453,EXECUTE,1660,CYCLES,BACKEND,SUB-EVENT,Mul_1286:OpId_18918 (cycles)
106260775453,EXECUTE,1669,CYCLES,BACKEND,SUB-EVENT,Mul_1285:OpId_18920 (cycles)
106260775453,EXECUTE,1743,CYCLES,BACKEND,SUB-EVENT,Mul_1287:OpId_18922 (cycles)
106260775453,EXECUTE,1658,CYCLES,BACKEND,SUB-EVENT,Mul_1288:OpId_18924 (cycles)
106260775453,EXECUTE,1667,CYCLES,BACKEND,SUB-EVENT,Mul_1290:OpId_18926 (cycles)
106260775453,EXECUTE,1623,CYCLES,BACKEND,SUB-EVENT,Mul_1289:OpId_18928 (cycles)
106260775453,EXECUTE,1600,CYCLES,BACKEND,SUB-EVENT,Mul_1291:OpId_18930 (cycles)
106260775453,EXECUTE,1416,CYCLES,BACKEND,SUB-EVENT,Mul_1292:OpId_18932 (cycles)
106260775453,EXECUTE,1522,CYCLES,BACKEND,SUB-EVENT,Mul_1294:OpId_18934 (cycles)
106260775453,EXECUTE,1957,CYCLES,BACKEND,SUB-EVENT,Mul_1293:OpId_18936 (cycles)
106260775453,EXECUTE,1434,CYCLES,BACKEND,SUB-EVENT,Mul_1295:OpId_18938 (cycles)
106260775453,EXECUTE,1726,CYCLES,BACKEND,SUB-EVENT,Mul_1296:OpId_18940 (cycles)
106260775453,EXECUTE,1721,CYCLES,BACKEND,SUB-EVENT,Mul_1298:OpId_18942 (cycles)
106260775453,EXECUTE,1430,CYCLES,BACKEND,SUB-EVENT,Mul_1297:OpId_18944 (cycles)
106260775453,EXECUTE,1472,CYCLES,BACKEND,SUB-EVENT,Mul_1299:OpId_18946 (cycles)
106260775453,EXECUTE,1388,CYCLES,BACKEND,SUB-EVENT,Mul_1300:OpId_18948 (cycles)
106260775453,EXECUTE,1449,CYCLES,BACKEND,SUB-EVENT,Mul_1302:OpId_18950 (cycles)
106260775453,EXECUTE,1400,CYCLES,BACKEND,SUB-EVENT,Mul_1301:OpId_18952 (cycles)
106260775453,EXECUTE,1528,CYCLES,BACKEND,SUB-EVENT,Mul_1303:OpId_18954 (cycles)
106260775453,EXECUTE,1738,CYCLES,BACKEND,SUB-EVENT,Mul_1304:OpId_18956 (cycles)
106260775453,EXECUTE,1900,CYCLES,BACKEND,SUB-EVENT,Mul_1306:OpId_18958 (cycles)
106260775453,EXECUTE,1775,CYCLES,BACKEND,SUB-EVENT,Mul_1305:OpId_18960 (cycles)
106260775453,EXECUTE,1973,CYCLES,BACKEND,SUB-EVENT,Mul_1307:OpId_18962 (cycles)
106260775453,EXECUTE,1580,CYCLES,BACKEND,SUB-EVENT,Mul_1308:OpId_18964 (cycles)
106260775453,EXECUTE,1772,CYCLES,BACKEND,SUB-EVENT,Mul_1310:OpId_18966 (cycles)
106260775453,EXECUTE,1709,CYCLES,BACKEND,SUB-EVENT,Mul_1309:OpId_18968 (cycles)
106260775453,EXECUTE,1602,CYCLES,BACKEND,SUB-EVENT,Mul_1311:OpId_18970 (cycles)
106260775453,EXECUTE,1369,CYCLES,BACKEND,SUB-EVENT,Mul_1312:OpId_18972 (cycles)
106260775453,EXECUTE,1486,CYCLES,BACKEND,SUB-EVENT,Mul_1314:OpId_18974 (cycles)
106260775453,EXECUTE,1415,CYCLES,BACKEND,SUB-EVENT,Mul_1313:OpId_18976 (cycles)
106260775453,EXECUTE,1424,CYCLES,BACKEND,SUB-EVENT,Mul_1315:OpId_18978 (cycles)
106260775453,EXECUTE,1374,CYCLES,BACKEND,SUB-EVENT,Mul_1316:OpId_18980 (cycles)
106260775453,EXECUTE,1591,CYCLES,BACKEND,SUB-EVENT,Mul_1318:OpId_18982 (cycles)
106260775453,EXECUTE,1592,CYCLES,BACKEND,SUB-EVENT,Mul_1317:OpId_18984 (cycles)
106260775453,EXECUTE,1423,CYCLES,BACKEND,SUB-EVENT,Mul_1319:OpId_18986 (cycles)
106260775453,EXECUTE,1459,CYCLES,BACKEND,SUB-EVENT,Mul_1320:OpId_18988 (cycles)
106260775453,EXECUTE,1504,CYCLES,BACKEND,SUB-EVENT,Mul_1322:OpId_18990 (cycles)
106260775453,EXECUTE,1727,CYCLES,BACKEND,SUB-EVENT,Mul_1321:OpId_18992 (cycles)
106260775453,EXECUTE,1488,CYCLES,BACKEND,SUB-EVENT,Mul_1323:OpId_18994 (cycles)
106260775453,EXECUTE,1712,CYCLES,BACKEND,SUB-EVENT,Mul_1324:OpId_18996 (cycles)
106260775453,EXECUTE,1667,CYCLES,BACKEND,SUB-EVENT,Mul_1326:OpId_18998 (cycles)
106260775453,EXECUTE,1548,CYCLES,BACKEND,SUB-EVENT,Mul_1325:OpId_19000 (cycles)
106260775453,EXECUTE,1716,CYCLES,BACKEND,SUB-EVENT,Mul_1327:OpId_19002 (cycles)
106260775453,EXECUTE,1434,CYCLES,BACKEND,SUB-EVENT,Mul_1328:OpId_19004 (cycles)
106260775453,EXECUTE,1508,CYCLES,BACKEND,SUB-EVENT,Mul_1330:OpId_19006 (cycles)
106260775453,EXECUTE,1432,CYCLES,BACKEND,SUB-EVENT,Mul_1329:OpId_19008 (cycles)
106260775453,EXECUTE,1489,CYCLES,BACKEND,SUB-EVENT,Mul_1331:OpId_19010 (cycles)
106260775453,EXECUTE,1730,CYCLES,BACKEND,SUB-EVENT,Mul_1332:OpId_19012 (cycles)
106260775453,EXECUTE,1556,CYCLES,BACKEND,SUB-EVENT,Mul_1334:OpId_19014 (cycles)
106260775453,EXECUTE,1703,CYCLES,BACKEND,SUB-EVENT,Mul_1333:OpId_19016 (cycles)
106260775453,EXECUTE,1523,CYCLES,BACKEND,SUB-EVENT,Mul_1335:OpId_19018 (cycles)
106260775453,EXECUTE,1699,CYCLES,BACKEND,SUB-EVENT,Mul_1336:OpId_19020 (cycles)
106260775453,EXECUTE,1833,CYCLES,BACKEND,SUB-EVENT,Mul_1338:OpId_19022 (cycles)
106260775453,EXECUTE,1752,CYCLES,BACKEND,SUB-EVENT,Mul_1337:OpId_19024 (cycles)
106260775453,EXECUTE,1753,CYCLES,BACKEND,SUB-EVENT,Mul_1339:OpId_19026 (cycles)
106260775453,EXECUTE,1641,CYCLES,BACKEND,SUB-EVENT,Mul_1340:OpId_19028 (cycles)
106260775453,EXECUTE,1714,CYCLES,BACKEND,SUB-EVENT,Mul_1342:OpId_19030 (cycles)
106260775453,EXECUTE,1432,CYCLES,BACKEND,SUB-EVENT,Mul_1341:OpId_19032 (cycles)
106260775453,EXECUTE,1483,CYCLES,BACKEND,SUB-EVENT,Mul_1343:OpId_19034 (cycles)
106260775453,EXECUTE,1710,CYCLES,BACKEND,SUB-EVENT,Sub_320:OpId_19036 (cycles)
106260775453,EXECUTE,475,CYCLES,BACKEND,SUB-EVENT,Sub_320_converted_UFIXED_POINT_8:OpId_19038 (cycles)
106260775453,EXECUTE,1812,CYCLES,BACKEND,SUB-EVENT,Add_600:OpId_19041 (cycles)
106260775453,EXECUTE,522,CYCLES,BACKEND,SUB-EVENT,Add_600_converted_UFIXED_POINT_8:OpId_19043 (cycles)
106260775453,EXECUTE,1465,CYCLES,BACKEND,SUB-EVENT,Sub_321:OpId_19046 (cycles)
106260775453,EXECUTE,411,CYCLES,BACKEND,SUB-EVENT,Sub_321_converted_UFIXED_POINT_8:OpId_19048 (cycles)
106260775453,EXECUTE,1582,CYCLES,BACKEND,SUB-EVENT,Add_601:OpId_19051 (cycles)
106260775453,EXECUTE,462,CYCLES,BACKEND,SUB-EVENT,Add_601_converted_UFIXED_POINT_8:OpId_19053 (cycles)
106260775453,EXECUTE,1662,CYCLES,BACKEND,SUB-EVENT,Sub_322:OpId_19056 (cycles)
106260775453,EXECUTE,2677,CYCLES,BACKEND,SUB-EVENT,Add_602:OpId_19058 (cycles)
106260775453,EXECUTE,1563,CYCLES,BACKEND,SUB-EVENT,Sub_323:OpId_19060 (cycles)
106260775453,EXECUTE,2270,CYCLES,BACKEND,SUB-EVENT,Add_604:OpId_19062 (cycles)
106260775453,EXECUTE,1768,CYCLES,BACKEND,SUB-EVENT,Sub_324:OpId_19064 (cycles)
106260775453,EXECUTE,2404,CYCLES,BACKEND,SUB-EVENT,Add_606:OpId_19066 (cycles)
106260775453,EXECUTE,1474,CYCLES,BACKEND,SUB-EVENT,Sub_325:OpId_19068 (cycles)
106260775453,EXECUTE,2093,CYCLES,BACKEND,SUB-EVENT,Add_608:OpId_19070 (cycles)
106260775453,EXECUTE,1773,CYCLES,BACKEND,SUB-EVENT,Sub_326:OpId_19072 (cycles)
106260775453,EXECUTE,2374,CYCLES,BACKEND,SUB-EVENT,Add_610:OpId_19074 (cycles)
106260775453,EXECUTE,1568,CYCLES,BACKEND,SUB-EVENT,Sub_327:OpId_19076 (cycles)
106260775453,EXECUTE,2456,CYCLES,BACKEND,SUB-EVENT,Add_612:OpId_19078 (cycles)
106260775453,EXECUTE,1565,CYCLES,BACKEND,SUB-EVENT,Sub_328:OpId_19080 (cycles)
106260775453,EXECUTE,2135,CYCLES,BACKEND,SUB-EVENT,Add_614:OpId_19082 (cycles)
106260775453,EXECUTE,1620,CYCLES,BACKEND,SUB-EVENT,Sub_329:OpId_19084 (cycles)
106260775453,EXECUTE,2415,CYCLES,BACKEND,SUB-EVENT,Add_616:OpId_19086 (cycles)
106260775453,EXECUTE,1531,CYCLES,BACKEND,SUB-EVENT,Sub_330:OpId_19088 (cycles)
106260775453,EXECUTE,2339,CYCLES,BACKEND,SUB-EVENT,Add_618:OpId_19090 (cycles)
106260775453,EXECUTE,1591,CYCLES,BACKEND,SUB-EVENT,Sub_331:OpId_19092 (cycles)
106260775453,EXECUTE,2237,CYCLES,BACKEND,SUB-EVENT,Add_620:OpId_19094 (cycles)
106260775453,EXECUTE,1543,CYCLES,BACKEND,SUB-EVENT,Sub_332:OpId_19096 (cycles)
106260775453,EXECUTE,2282,CYCLES,BACKEND,SUB-EVENT,Add_622:OpId_19098 (cycles)
106260775453,EXECUTE,1581,CYCLES,BACKEND,SUB-EVENT,Sub_333:OpId_19100 (cycles)
106260775453,EXECUTE,2265,CYCLES,BACKEND,SUB-EVENT,Add_624:OpId_19102 (cycles)
106260775453,EXECUTE,1558,CYCLES,BACKEND,SUB-EVENT,Sub_334:OpId_19104 (cycles)
106260775453,EXECUTE,2532,CYCLES,BACKEND,SUB-EVENT,Add_626:OpId_19106 (cycles)
106260775453,EXECUTE,1639,CYCLES,BACKEND,SUB-EVENT,Sub_335:OpId_19108 (cycles)
106260775453,EXECUTE,2619,CYCLES,BACKEND,SUB-EVENT,Add_628:OpId_19110 (cycles)
106260775453,EXECUTE,2476,CYCLES,BACKEND,SUB-EVENT,Concat_460:OpId_19112 (cycles)
106260775453,EXECUTE,2403,CYCLES,BACKEND,SUB-EVENT,Concat_461:OpId_19114 (cycles)
106260775453,EXECUTE,0,CYCLES,BACKEND,SUB-EVENT,Concat_466:OpId_19116 (cycles)
106260775453,EXECUTE,0,CYCLES,BACKEND,SUB-EVENT,Concat_467:OpId_19118 (cycles)
106260775453,EXECUTE,0,CYCLES,BACKEND,SUB-EVENT,Concat_468:OpId_19120 (cycles)
106260775453,EXECUTE,0,CYCLES,BACKEND,SUB-EVENT,Concat_469:OpId_19122 (cycles)
106260775453,EXECUTE,0,CYCLES,BACKEND,SUB-EVENT,Concat_470:OpId_19124 (cycles)
106260775453,EXECUTE,0,CYCLES,BACKEND,SUB-EVENT,Concat_471:OpId_19126 (cycles)
106260775453,EXECUTE,0,CYCLES,BACKEND,SUB-EVENT,Concat_472:OpId_19128 (cycles)
106260775453,EXECUTE,0,CYCLES,BACKEND,SUB-EVENT,Concat_473:OpId_19130 (cycles)
106260775453,EXECUTE,0,CYCLES,BACKEND,SUB-EVENT,Concat_474:OpId_19132 (cycles)
106260775453,EXECUTE,0,CYCLES,BACKEND,SUB-EVENT,Concat_475:OpId_19134 (cycles)
106260775453,EXECUTE,0,CYCLES,BACKEND,SUB-EVENT,Concat_476:OpId_19136 (cycles)
106260775453,EXECUTE,0,CYCLES,BACKEND,SUB-EVENT,Concat_477:OpId_19138 (cycles)
106260775453,EXECUTE,0,CYCLES,BACKEND,SUB-EVENT,Concat_478:OpId_19140 (cycles)
106260775453,EXECUTE,0,CYCLES,BACKEND,SUB-EVENT,Concat_479:OpId_19142 (cycles)
106260775453,EXECUTE,5848,CYCLES,BACKEND,SUB-EVENT,attn_20_head_0_key_Transpose_0:OpId_19145 (cycles)
106260775453,EXECUTE,4591,CYCLES,BACKEND,SUB-EVENT,attn_20_head_1_key_Transpose_0:OpId_19147 (cycles)
106260775453,EXECUTE,0,CYCLES,BACKEND,SUB-EVENT,Concat_462:OpId_19148 (cycles)
106260775453,EXECUTE,0,CYCLES,BACKEND,SUB-EVENT,Concat_464:OpId_19150 (cycles)
106260775453,EXECUTE,0,CYCLES,BACKEND,SUB-EVENT,Concat_480:OpId_19152 (cycles)
106260775453,EXECUTE,128424,CYCLES,BACKEND,SUB-EVENT,attn_20_head_0_qk_MatMul_0:OpId_19154 (cycles)
106260775453,EXECUTE,17413,CYCLES,BACKEND,SUB-EVENT,attn_20_head_1_qk_MatMul_0:OpId_19158 (cycles)
106260775453,EXECUTE,16515,CYCLES,BACKEND,SUB-EVENT,attn_20_head_2_qk_MatMul_0:OpId_19162 (cycles)
106260775453,EXECUTE,17079,CYCLES,BACKEND,SUB-EVENT,attn_20_head_3_qk_MatMul_0:OpId_19166 (cycles)
106260775453,EXECUTE,16541,CYCLES,BACKEND,SUB-EVENT,attn_20_head_4_qk_MatMul_0:OpId_19170 (cycles)
106260775453,EXECUTE,17102,CYCLES,BACKEND,SUB-EVENT,attn_20_head_5_qk_MatMul_0:OpId_19174 (cycles)
106260775453,EXECUTE,16505,CYCLES,BACKEND,SUB-EVENT,attn_20_head_6_qk_MatMul_0:OpId_19178 (cycles)
106260775453,EXECUTE,132308,CYCLES,BACKEND,SUB-EVENT,attn_20_head_7_qk_MatMul_0:OpId_19182 (cycles)
106260775453,EXECUTE,16839,CYCLES,BACKEND,SUB-EVENT,attn_20_head_8_qk_MatMul_0:OpId_19186 (cycles)
106260775453,EXECUTE,16178,CYCLES,BACKEND,SUB-EVENT,attn_20_head_9_qk_MatMul_0:OpId_19190 (cycles)
106260775453,EXECUTE,17027,CYCLES,BACKEND,SUB-EVENT,attn_20_head_10_qk_MatMul_0:OpId_19194 (cycles)
106260775453,EXECUTE,14969,CYCLES,BACKEND,SUB-EVENT,attn_20_head_11_qk_MatMul_0:OpId_19198 (cycles)
106260775453,EXECUTE,16666,CYCLES,BACKEND,SUB-EVENT,attn_20_head_12_qk_MatMul_0:OpId_19202 (cycles)
106260775453,EXECUTE,16254,CYCLES,BACKEND,SUB-EVENT,attn_20_head_13_qk_MatMul_0:OpId_19206 (cycles)
106260775453,EXECUTE,63279,CYCLES,BACKEND,SUB-EVENT,Add_603:OpId_19210 (cycles)
106260775453,EXECUTE,57849,CYCLES,BACKEND,SUB-EVENT,Add_605:OpId_19212 (cycles)
106260775453,EXECUTE,66104,CYCLES,BACKEND,SUB-EVENT,Add_607:OpId_19214 (cycles)
106260775453,EXECUTE,54484,CYCLES,BACKEND,SUB-EVENT,Add_609:OpId_19216 (cycles)
106260775453,EXECUTE,64709,CYCLES,BACKEND,SUB-EVENT,Add_611:OpId_19218 (cycles)
106260775453,EXECUTE,66116,CYCLES,BACKEND,SUB-EVENT,Add_613:OpId_19220 (cycles)
106260775453,EXECUTE,56908,CYCLES,BACKEND,SUB-EVENT,Add_615:OpId_19222 (cycles)
106260775453,EXECUTE,65556,CYCLES,BACKEND,SUB-EVENT,Add_617:OpId_19224 (cycles)
106260775453,EXECUTE,66838,CYCLES,BACKEND,SUB-EVENT,Add_619:OpId_19226 (cycles)
106260775453,EXECUTE,63672,CYCLES,BACKEND,SUB-EVENT,Add_621:OpId_19228 (cycles)
106260775453,EXECUTE,67070,CYCLES,BACKEND,SUB-EVENT,Add_623:OpId_19230 (cycles)
106260775453,EXECUTE,63538,CYCLES,BACKEND,SUB-EVENT,Add_625:OpId_19232 (cycles)
106260775453,EXECUTE,66391,CYCLES,BACKEND,SUB-EVENT,Add_627:OpId_19234 (cycles)
106260775453,EXECUTE,59339,CYCLES,BACKEND,SUB-EVENT,Add_629:OpId_19236 (cycles)
106260775453,EXECUTE,170828,CYCLES,BACKEND,SUB-EVENT,attn_20_head_0_Softmax_0:OpId_19238 (cycles)
106260775453,EXECUTE,166349,CYCLES,BACKEND,SUB-EVENT,attn_20_head_1_Softmax_0:OpId_19241 (cycles)
106260775453,EXECUTE,149821,CYCLES,BACKEND,SUB-EVENT,attn_20_head_2_Softmax_0:OpId_19244 (cycles)
106260775453,EXECUTE,157287,CYCLES,BACKEND,SUB-EVENT,attn_20_head_3_Softmax_0:OpId_19247 (cycles)
106260775453,EXECUTE,163269,CYCLES,BACKEND,SUB-EVENT,attn_20_head_4_Softmax_0:OpId_19250 (cycles)
106260775453,EXECUTE,149288,CYCLES,BACKEND,SUB-EVENT,attn_20_head_5_Softmax_0:OpId_19253 (cycles)
106260775453,EXECUTE,157395,CYCLES,BACKEND,SUB-EVENT,attn_20_head_6_Softmax_0:OpId_19256 (cycles)
106260775453,EXECUTE,155676,CYCLES,BACKEND,SUB-EVENT,attn_20_head_7_Softmax_0:OpId_19259 (cycles)
106260775453,EXECUTE,167376,CYCLES,BACKEND,SUB-EVENT,attn_20_head_8_Softmax_0:OpId_19262 (cycles)
106260775453,EXECUTE,156642,CYCLES,BACKEND,SUB-EVENT,attn_20_head_9_Softmax_0:OpId_19265 (cycles)
106260775453,EXECUTE,149367,CYCLES,BACKEND,SUB-EVENT,attn_20_head_10_Softmax_0:OpId_19268 (cycles)
106260775453,EXECUTE,166082,CYCLES,BACKEND,SUB-EVENT,attn_20_head_11_Softmax_0:OpId_19271 (cycles)
106260775453,EXECUTE,149803,CYCLES,BACKEND,SUB-EVENT,attn_20_head_12_Softmax_0:OpId_19274 (cycles)
106260775453,EXECUTE,162863,CYCLES,BACKEND,SUB-EVENT,attn_20_head_13_Softmax_0:OpId_19277 (cycles)
106260775453,EXECUTE,40756,CYCLES,BACKEND,SUB-EVENT,attn_20_head_0_qkv_MatMul_0:OpId_19280 (cycles)
106260775453,EXECUTE,5211,CYCLES,BACKEND,SUB-EVENT,attn_20_head_1_qkv_MatMul_0:OpId_19284 (cycles)
106260775453,EXECUTE,5078,CYCLES,BACKEND,SUB-EVENT,attn_20_head_2_qkv_MatMul_0:OpId_19288 (cycles)
106260775453,EXECUTE,4614,CYCLES,BACKEND,SUB-EVENT,attn_20_head_3_qkv_MatMul_0:OpId_19292 (cycles)
106260775453,EXECUTE,5236,CYCLES,BACKEND,SUB-EVENT,attn_20_head_4_qkv_MatMul_0:OpId_19296 (cycles)
106260775453,EXECUTE,4975,CYCLES,BACKEND,SUB-EVENT,attn_20_head_5_qkv_MatMul_0:OpId_19300 (cycles)
106260775453,EXECUTE,4922,CYCLES,BACKEND,SUB-EVENT,attn_20_head_6_qkv_MatMul_0:OpId_19304 (cycles)
106260775453,EXECUTE,39815,CYCLES,BACKEND,SUB-EVENT,attn_20_head_7_qkv_MatMul_0:OpId_19308 (cycles)
106260775453,EXECUTE,4561,CYCLES,BACKEND,SUB-EVENT,attn_20_head_8_qkv_MatMul_0:OpId_19312 (cycles)
106260775453,EXECUTE,5195,CYCLES,BACKEND,SUB-EVENT,attn_20_head_9_qkv_MatMul_0:OpId_19316 (cycles)
106260775453,EXECUTE,4875,CYCLES,BACKEND,SUB-EVENT,attn_20_head_10_qkv_MatMul_0:OpId_19320 (cycles)
106260775453,EXECUTE,5171,CYCLES,BACKEND,SUB-EVENT,attn_20_head_11_qkv_MatMul_0:OpId_19324 (cycles)
106260775453,EXECUTE,5084,CYCLES,BACKEND,SUB-EVENT,attn_20_head_12_qkv_MatMul_0:OpId_19328 (cycles)
106260775453,EXECUTE,4586,CYCLES,BACKEND,SUB-EVENT,attn_20_head_13_qkv_MatMul_0:OpId_19332 (cycles)
106260775453,EXECUTE,0,CYCLES,BACKEND,SUB-EVENT,Concat_482:OpId_19336 (cycles)
106260775453,EXECUTE,0,CYCLES,BACKEND,SUB-EVENT,Reshape_22:OpId_19338 (cycles)
106260775453,EXECUTE,0,CYCLES,BACKEND,SUB-EVENT,model_layers_20_self_attn_Transpose_6:OpId_19340 (cycles)
106260775453,EXECUTE,23037,CYCLES,BACKEND,SUB-EVENT,model_layers_20_self_attn_o_proj_conv_Conv:OpId_19348 (cycles)
106260775453,EXECUTE,0,CYCLES,BACKEND,SUB-EVENT,/model_layers_20_self_attn_o_proj_conv_Conv/Conv_output_0.nchw:OpId_19352 (cycles)
106260775453,EXECUTE,0,CYCLES,BACKEND,SUB-EVENT,model_layers_20_self_attn_Reshape_9:OpId_19353 (cycles)
106260775453,EXECUTE,14347,CYCLES,BACKEND,SUB-EVENT,model_layers_20_Add:OpId_19354 (cycles)
106260775453,EXECUTE,98873,CYCLES,BACKEND,SUB-EVENT,rms_norm_80:OpId_19359 (cycles)
106260775453,EXECUTE,0,CYCLES,BACKEND,SUB-EVENT,model_layers_20_mlp_Reshape:OpId_19362 (cycles)
106260775453,EXECUTE,0,CYCLES,BACKEND,SUB-EVENT,model_layers_20_mlp_Transpose:OpId_19364 (cycles)
106260775453,EXECUTE,131659,CYCLES,BACKEND,SUB-EVENT,model_layers_20_mlp_gate_proj_conv_Conv:OpId_19372 (cycles)
106260775453,EXECUTE,138482,CYCLES,BACKEND,SUB-EVENT,model_layers_20_mlp_up_proj_conv_Conv:OpId_19382 (cycles)
106260775453,EXECUTE,0,CYCLES,BACKEND,SUB-EVENT,model_layers_20_mlp_act_fn_Sigmoid:OpId_19385 (cycles)
106260775453,EXECUTE,409324,CYCLES,BACKEND,SUB-EVENT,model_layers_20_mlp_act_fn_Mul:OpId_19392 (cycles)
106260775453,EXECUTE,193965,CYCLES,BACKEND,SUB-EVENT,model_layers_20_mlp_Mul:OpId_19394 (cycles)
106260775453,EXECUTE,79961,CYCLES,BACKEND,SUB-EVENT,model_layers_20_mlp_down_proj_conv_Conv:OpId_19403 (cycles)
106260775453,EXECUTE,0,CYCLES,BACKEND,SUB-EVENT,/model_layers_20_mlp_down_proj_conv_Conv/Conv_output_0.nchw:OpId_19407 (cycles)
106260775453,EXECUTE,0,CYCLES,BACKEND,SUB-EVENT,model_layers_20_mlp_Reshape_1:OpId_19408 (cycles)
106260775453,EXECUTE,14793,CYCLES,BACKEND,SUB-EVENT,model_layers_20_Add_1:OpId_19409 (cycles)
106260775453,EXECUTE,94132,CYCLES,BACKEND,SUB-EVENT,rms_norm_82:OpId_19414 (cycles)
106260775453,EXECUTE,0,CYCLES,BACKEND,SUB-EVENT,model_layers_21_self_attn_Reshape:OpId_19417 (cycles)
106260775453,EXECUTE,0,CYCLES,BACKEND,SUB-EVENT,model_layers_21_self_attn_Transpose:OpId_19419 (cycles)
106260775453,EXECUTE,2692,CYCLES,BACKEND,SUB-EVENT,attn_21_head_0_key_Conv:OpId_19427 (cycles)
106260775453,EXECUTE,1523,CYCLES,BACKEND,SUB-EVENT,attn_21_head_0_value_Conv:OpId_19437 (cycles)
106260775453,EXECUTE,1901,CYCLES,BACKEND,SUB-EVENT,attn_21_head_0_value_Transpose/output_converted_UFIXED_POINT_8:OpId_19440 (cycles)
106260775453,EXECUTE,2596,CYCLES,BACKEND,SUB-EVENT,attn_21_head_1_key_Conv:OpId_19450 (cycles)
106260775453,EXECUTE,1582,CYCLES,BACKEND,SUB-EVENT,attn_21_head_1_value_Conv:OpId_19460 (cycles)
106260775453,EXECUTE,1673,CYCLES,BACKEND,SUB-EVENT,attn_21_head_1_value_Transpose/output_converted_UFIXED_POINT_8:OpId_19463 (cycles)
106260775453,EXECUTE,2246,CYCLES,BACKEND,SUB-EVENT,attn_21_head_0_query_Conv:OpId_19473 (cycles)
106260775453,EXECUTE,2610,CYCLES,BACKEND,SUB-EVENT,attn_21_head_1_query_Conv:OpId_19483 (cycles)
106260775453,EXECUTE,2675,CYCLES,BACKEND,SUB-EVENT,attn_21_head_2_query_Conv:OpId_19493 (cycles)
106260775453,EXECUTE,3688,CYCLES,BACKEND,SUB-EVENT,attn_21_head_3_query_Conv:OpId_19503 (cycles)
106260775453,EXECUTE,3002,CYCLES,BACKEND,SUB-EVENT,attn_21_head_4_query_Conv:OpId_19513 (cycles)
106260775453,EXECUTE,3366,CYCLES,BACKEND,SUB-EVENT,attn_21_head_5_query_Conv:OpId_19523 (cycles)
106260775453,EXECUTE,3386,CYCLES,BACKEND,SUB-EVENT,attn_21_head_6_query_Conv:OpId_19533 (cycles)
106260775453,EXECUTE,3086,CYCLES,BACKEND,SUB-EVENT,attn_21_head_7_query_Conv:OpId_19543 (cycles)
106260775453,EXECUTE,3788,CYCLES,BACKEND,SUB-EVENT,attn_21_head_8_query_Conv:OpId_19553 (cycles)
106260775453,EXECUTE,3281,CYCLES,BACKEND,SUB-EVENT,attn_21_head_9_query_Conv:OpId_19563 (cycles)
106260775453,EXECUTE,3615,CYCLES,BACKEND,SUB-EVENT,attn_21_head_10_query_Conv:OpId_19573 (cycles)
106260775453,EXECUTE,3292,CYCLES,BACKEND,SUB-EVENT,attn_21_head_11_query_Conv:OpId_19583 (cycles)
106260775453,EXECUTE,3711,CYCLES,BACKEND,SUB-EVENT,attn_21_head_12_query_Conv:OpId_19593 (cycles)
106260775453,EXECUTE,3044,CYCLES,BACKEND,SUB-EVENT,attn_21_head_13_query_Conv:OpId_19603 (cycles)
106260775453,EXECUTE,2427,CYCLES,BACKEND,SUB-EVENT,Slice_756:OpId_19607 (cycles)
106260775453,EXECUTE,2313,CYCLES,BACKEND,SUB-EVENT,Slice_757:OpId_19613 (cycles)
106260775453,EXECUTE,1823,CYCLES,BACKEND,SUB-EVENT,Slice_758:OpId_19619 (cycles)
106260775453,EXECUTE,1752,CYCLES,BACKEND,SUB-EVENT,Slice_759:OpId_19625 (cycles)
106260775453,EXECUTE,0,CYCLES,BACKEND,SUB-EVENT,Concat_504:OpId_19630 (cycles)
106260775453,EXECUTE,2013,CYCLES,BACKEND,SUB-EVENT,Slice_764:OpId_19633 (cycles)
106260775453,EXECUTE,1808,CYCLES,BACKEND,SUB-EVENT,Slice_765:OpId_19639 (cycles)
106260775453,EXECUTE,2352,CYCLES,BACKEND,SUB-EVENT,Slice_766:OpId_19645 (cycles)
106260775453,EXECUTE,2374,CYCLES,BACKEND,SUB-EVENT,Slice_767:OpId_19651 (cycles)
106260775453,EXECUTE,2039,CYCLES,BACKEND,SUB-EVENT,Slice_768:OpId_19657 (cycles)
106260775453,EXECUTE,1763,CYCLES,BACKEND,SUB-EVENT,Slice_769:OpId_19663 (cycles)
106260775453,EXECUTE,1818,CYCLES,BACKEND,SUB-EVENT,Slice_770:OpId_19669 (cycles)
106260775453,EXECUTE,1766,CYCLES,BACKEND,SUB-EVENT,Slice_771:OpId_19675 (cycles)
106260775453,EXECUTE,1967,CYCLES,BACKEND,SUB-EVENT,Slice_772:OpId_19681 (cycles)
106260775453,EXECUTE,1911,CYCLES,BACKEND,SUB-EVENT,Slice_773:OpId_19687 (cycles)
106260775453,EXECUTE,1850,CYCLES,BACKEND,SUB-EVENT,Slice_774:OpId_19693 (cycles)
106260775453,EXECUTE,1727,CYCLES,BACKEND,SUB-EVENT,Slice_775:OpId_19699 (cycles)
106260775453,EXECUTE,1759,CYCLES,BACKEND,SUB-EVENT,Slice_776:OpId_19705 (cycles)
106260775453,EXECUTE,1746,CYCLES,BACKEND,SUB-EVENT,Slice_777:OpId_19711 (cycles)
106260775453,EXECUTE,1894,CYCLES,BACKEND,SUB-EVENT,Slice_778:OpId_19717 (cycles)
106260775453,EXECUTE,1689,CYCLES,BACKEND,SUB-EVENT,Slice_779:OpId_19723 (cycles)
106260775453,EXECUTE,2556,CYCLES,BACKEND,SUB-EVENT,Slice_780:OpId_19729 (cycles)
106260775453,EXECUTE,2495,CYCLES,BACKEND,SUB-EVENT,Slice_781:OpId_19735 (cycles)
106260775453,EXECUTE,1897,CYCLES,BACKEND,SUB-EVENT,Slice_782:OpId_19741 (cycles)
106260775453,EXECUTE,1712,CYCLES,BACKEND,SUB-EVENT,Slice_783:OpId_19747 (cycles)
106260775453,EXECUTE,1918,CYCLES,BACKEND,SUB-EVENT,Slice_784:OpId_19753 (cycles)
106260775453,EXECUTE,1878,CYCLES,BACKEND,SUB-EVENT,Slice_785:OpId_19759 (cycles)
106260775453,EXECUTE,2361,CYCLES,BACKEND,SUB-EVENT,Slice_786:OpId_19765 (cycles)
106260775453,EXECUTE,1815,CYCLES,BACKEND,SUB-EVENT,Slice_787:OpId_19771 (cycles)
106260775453,EXECUTE,1963,CYCLES,BACKEND,SUB-EVENT,Slice_788:OpId_19777 (cycles)
106260775453,EXECUTE,1763,CYCLES,BACKEND,SUB-EVENT,Slice_789:OpId_19783 (cycles)
106260775453,EXECUTE,2421,CYCLES,BACKEND,SUB-EVENT,Slice_790:OpId_19789 (cycles)
106260775453,EXECUTE,1789,CYCLES,BACKEND,SUB-EVENT,Slice_791:OpId_19795 (cycles)
106260775453,EXECUTE,7620,CYCLES,BACKEND,SUB-EVENT,Concat_486:OpId_19800 (cycles)
106260775453,EXECUTE,7167,CYCLES,BACKEND,SUB-EVENT,Concat_488:OpId_19802 (cycles)
106260775453,EXECUTE,2212,CYCLES,BACKEND,SUB-EVENT,Mul_1344:OpId_19804 (cycles)
106260775453,EXECUTE,1897,CYCLES,BACKEND,SUB-EVENT,Mul_1346:OpId_19806 (cycles)
106260775453,EXECUTE,1908,CYCLES,BACKEND,SUB-EVENT,Mul_1345:OpId_19808 (cycles)
106260775453,EXECUTE,1832,CYCLES,BACKEND,SUB-EVENT,Mul_1347:OpId_19810 (cycles)
106260775453,EXECUTE,1420,CYCLES,BACKEND,SUB-EVENT,Mul_1348:OpId_19812 (cycles)
106260775453,EXECUTE,1383,CYCLES,BACKEND,SUB-EVENT,Mul_1350:OpId_19814 (cycles)
106260775453,EXECUTE,1434,CYCLES,BACKEND,SUB-EVENT,Mul_1349:OpId_19816 (cycles)
106260775453,EXECUTE,1386,CYCLES,BACKEND,SUB-EVENT,Mul_1351:OpId_19818 (cycles)
106260775453,EXECUTE,1747,CYCLES,BACKEND,SUB-EVENT,Mul_1352:OpId_19820 (cycles)
106260775453,EXECUTE,1642,CYCLES,BACKEND,SUB-EVENT,Mul_1354:OpId_19822 (cycles)
106260775453,EXECUTE,1616,CYCLES,BACKEND,SUB-EVENT,Mul_1353:OpId_19824 (cycles)
106260775453,EXECUTE,1639,CYCLES,BACKEND,SUB-EVENT,Mul_1355:OpId_19826 (cycles)
106260775453,EXECUTE,1395,CYCLES,BACKEND,SUB-EVENT,Mul_1356:OpId_19828 (cycles)
106260775453,EXECUTE,1446,CYCLES,BACKEND,SUB-EVENT,Mul_1358:OpId_19830 (cycles)
106260775453,EXECUTE,1402,CYCLES,BACKEND,SUB-EVENT,Mul_1357:OpId_19832 (cycles)
106260775453,EXECUTE,1430,CYCLES,BACKEND,SUB-EVENT,Mul_1359:OpId_19834 (cycles)
106260775453,EXECUTE,1413,CYCLES,BACKEND,SUB-EVENT,Mul_1360:OpId_19836 (cycles)
106260775453,EXECUTE,1464,CYCLES,BACKEND,SUB-EVENT,Mul_1362:OpId_19838 (cycles)
106260775453,EXECUTE,1388,CYCLES,BACKEND,SUB-EVENT,Mul_1361:OpId_19840 (cycles)
106260775453,EXECUTE,1438,CYCLES,BACKEND,SUB-EVENT,Mul_1363:OpId_19842 (cycles)
106260775453,EXECUTE,1565,CYCLES,BACKEND,SUB-EVENT,Mul_1364:OpId_19844 (cycles)
106260775453,EXECUTE,1457,CYCLES,BACKEND,SUB-EVENT,Mul_1366:OpId_19846 (cycles)
106260775453,EXECUTE,1399,CYCLES,BACKEND,SUB-EVENT,Mul_1365:OpId_19848 (cycles)
106260775453,EXECUTE,1530,CYCLES,BACKEND,SUB-EVENT,Mul_1367:OpId_19850 (cycles)
106260775453,EXECUTE,1486,CYCLES,BACKEND,SUB-EVENT,Mul_1368:OpId_19852 (cycles)
106260775453,EXECUTE,1543,CYCLES,BACKEND,SUB-EVENT,Mul_1370:OpId_19854 (cycles)
106260775453,EXECUTE,2022,CYCLES,BACKEND,SUB-EVENT,Mul_1369:OpId_19856 (cycles)
106260775453,EXECUTE,2033,CYCLES,BACKEND,SUB-EVENT,Mul_1371:OpId_19858 (cycles)
106260775453,EXECUTE,1818,CYCLES,BACKEND,SUB-EVENT,Mul_1372:OpId_19860 (cycles)
106260775453,EXECUTE,1812,CYCLES,BACKEND,SUB-EVENT,Mul_1374:OpId_19862 (cycles)
106260775453,EXECUTE,1578,CYCLES,BACKEND,SUB-EVENT,Mul_1373:OpId_19864 (cycles)
106260775453,EXECUTE,1629,CYCLES,BACKEND,SUB-EVENT,Mul_1375:OpId_19866 (cycles)
106260775453,EXECUTE,1732,CYCLES,BACKEND,SUB-EVENT,Mul_1376:OpId_19868 (cycles)
106260775453,EXECUTE,1779,CYCLES,BACKEND,SUB-EVENT,Mul_1378:OpId_19870 (cycles)
106260775453,EXECUTE,1564,CYCLES,BACKEND,SUB-EVENT,Mul_1377:OpId_19872 (cycles)
106260775453,EXECUTE,1595,CYCLES,BACKEND,SUB-EVENT,Mul_1379:OpId_19874 (cycles)
106260775453,EXECUTE,1592,CYCLES,BACKEND,SUB-EVENT,Mul_1380:OpId_19876 (cycles)
106260775453,EXECUTE,1631,CYCLES,BACKEND,SUB-EVENT,Mul_1382:OpId_19878 (cycles)
106260775453,EXECUTE,1430,CYCLES,BACKEND,SUB-EVENT,Mul_1381:OpId_19880 (cycles)
106260775453,EXECUTE,1410,CYCLES,BACKEND,SUB-EVENT,Mul_1383:OpId_19882 (cycles)
106260775453,EXECUTE,1444,CYCLES,BACKEND,SUB-EVENT,Mul_1384:OpId_19884 (cycles)
106260775453,EXECUTE,1474,CYCLES,BACKEND,SUB-EVENT,Mul_1386:OpId_19886 (cycles)
106260775453,EXECUTE,1399,CYCLES,BACKEND,SUB-EVENT,Mul_1385:OpId_19888 (cycles)
106260775453,EXECUTE,1434,CYCLES,BACKEND,SUB-EVENT,Mul_1387:OpId_19890 (cycles)
106260775453,EXECUTE,1455,CYCLES,BACKEND,SUB-EVENT,Mul_1388:OpId_19892 (cycles)
106260775453,EXECUTE,1668,CYCLES,BACKEND,SUB-EVENT,Mul_1390:OpId_19894 (cycles)
106260775453,EXECUTE,1470,CYCLES,BACKEND,SUB-EVENT,Mul_1389:OpId_19896 (cycles)
106260775453,EXECUTE,1442,CYCLES,BACKEND,SUB-EVENT,Mul_1391:OpId_19898 (cycles)
106260775453,EXECUTE,1400,CYCLES,BACKEND,SUB-EVENT,Mul_1392:OpId_19900 (cycles)
106260775453,EXECUTE,1442,CYCLES,BACKEND,SUB-EVENT,Mul_1394:OpId_19902 (cycles)
106260775453,EXECUTE,1625,CYCLES,BACKEND,SUB-EVENT,Mul_1393:OpId_19904 (cycles)
106260775453,EXECUTE,1539,CYCLES,BACKEND,SUB-EVENT,Mul_1395:OpId_19906 (cycles)
106260775453,EXECUTE,1481,CYCLES,BACKEND,SUB-EVENT,Mul_1396:OpId_19908 (cycles)
106260775453,EXECUTE,1492,CYCLES,BACKEND,SUB-EVENT,Mul_1398:OpId_19910 (cycles)
106260775453,EXECUTE,1639,CYCLES,BACKEND,SUB-EVENT,Mul_1397:OpId_19912 (cycles)
106260775453,EXECUTE,1697,CYCLES,BACKEND,SUB-EVENT,Mul_1399:OpId_19914 (cycles)
106260775453,EXECUTE,1540,CYCLES,BACKEND,SUB-EVENT,Mul_1400:OpId_19916 (cycles)
106260775453,EXECUTE,1740,CYCLES,BACKEND,SUB-EVENT,Mul_1402:OpId_19918 (cycles)
106260775453,EXECUTE,1662,CYCLES,BACKEND,SUB-EVENT,Mul_1401:OpId_19920 (cycles)
106260775453,EXECUTE,1589,CYCLES,BACKEND,SUB-EVENT,Mul_1403:OpId_19922 (cycles)
106260775453,EXECUTE,1417,CYCLES,BACKEND,SUB-EVENT,Mul_1404:OpId_19924 (cycles)
106260775453,EXECUTE,1496,CYCLES,BACKEND,SUB-EVENT,Mul_1406:OpId_19926 (cycles)
106260775453,EXECUTE,1647,CYCLES,BACKEND,SUB-EVENT,Mul_1405:OpId_19928 (cycles)
106260775453,EXECUTE,1637,CYCLES,BACKEND,SUB-EVENT,Mul_1407:OpId_19930 (cycles)
106260775453,EXECUTE,1789,CYCLES,BACKEND,SUB-EVENT,Sub_336:OpId_19932 (cycles)
106260775453,EXECUTE,433,CYCLES,BACKEND,SUB-EVENT,Sub_336_converted_UFIXED_POINT_8:OpId_19934 (cycles)
106260775453,EXECUTE,1711,CYCLES,BACKEND,SUB-EVENT,Add_630:OpId_19937 (cycles)
106260775453,EXECUTE,515,CYCLES,BACKEND,SUB-EVENT,Add_630_converted_UFIXED_POINT_8:OpId_19939 (cycles)
106260775453,EXECUTE,1464,CYCLES,BACKEND,SUB-EVENT,Sub_337:OpId_19942 (cycles)
106260775453,EXECUTE,463,CYCLES,BACKEND,SUB-EVENT,Sub_337_converted_UFIXED_POINT_8:OpId_19944 (cycles)
106260775453,EXECUTE,1486,CYCLES,BACKEND,SUB-EVENT,Add_631:OpId_19947 (cycles)
106260775453,EXECUTE,432,CYCLES,BACKEND,SUB-EVENT,Add_631_converted_UFIXED_POINT_8:OpId_19949 (cycles)
106260775453,EXECUTE,1687,CYCLES,BACKEND,SUB-EVENT,Sub_338:OpId_19952 (cycles)
106260775453,EXECUTE,3150,CYCLES,BACKEND,SUB-EVENT,Add_632:OpId_19954 (cycles)
106260775453,EXECUTE,1516,CYCLES,BACKEND,SUB-EVENT,Sub_339:OpId_19956 (cycles)
106260775453,EXECUTE,2514,CYCLES,BACKEND,SUB-EVENT,Add_634:OpId_19958 (cycles)
106260775453,EXECUTE,1504,CYCLES,BACKEND,SUB-EVENT,Sub_340:OpId_19960 (cycles)
106260775453,EXECUTE,2244,CYCLES,BACKEND,SUB-EVENT,Add_636:OpId_19962 (cycles)
106260775453,EXECUTE,1590,CYCLES,BACKEND,SUB-EVENT,Sub_341:OpId_19964 (cycles)
106260775453,EXECUTE,2397,CYCLES,BACKEND,SUB-EVENT,Add_638:OpId_19966 (cycles)
106260775453,EXECUTE,1641,CYCLES,BACKEND,SUB-EVENT,Sub_342:OpId_19968 (cycles)
106260775453,EXECUTE,2478,CYCLES,BACKEND,SUB-EVENT,Add_640:OpId_19970 (cycles)
106260775453,EXECUTE,1862,CYCLES,BACKEND,SUB-EVENT,Sub_343:OpId_19972 (cycles)
106260775453,EXECUTE,2417,CYCLES,BACKEND,SUB-EVENT,Add_642:OpId_19974 (cycles)
106260775453,EXECUTE,1514,CYCLES,BACKEND,SUB-EVENT,Sub_344:OpId_19976 (cycles)
106260775453,EXECUTE,2342,CYCLES,BACKEND,SUB-EVENT,Add_644:OpId_19978 (cycles)
106260775453,EXECUTE,1611,CYCLES,BACKEND,SUB-EVENT,Sub_345:OpId_19980 (cycles)
106260775453,EXECUTE,2766,CYCLES,BACKEND,SUB-EVENT,Add_646:OpId_19982 (cycles)
106260775453,EXECUTE,1758,CYCLES,BACKEND,SUB-EVENT,Sub_346:OpId_19984 (cycles)
106260775453,EXECUTE,2417,CYCLES,BACKEND,SUB-EVENT,Add_648:OpId_19986 (cycles)
106260775453,EXECUTE,1503,CYCLES,BACKEND,SUB-EVENT,Sub_347:OpId_19988 (cycles)
106260775453,EXECUTE,2508,CYCLES,BACKEND,SUB-EVENT,Add_650:OpId_19990 (cycles)
106260775453,EXECUTE,1584,CYCLES,BACKEND,SUB-EVENT,Sub_348:OpId_19992 (cycles)
106260775453,EXECUTE,2309,CYCLES,BACKEND,SUB-EVENT,Add_652:OpId_19994 (cycles)
106260775453,EXECUTE,1593,CYCLES,BACKEND,SUB-EVENT,Sub_349:OpId_19996 (cycles)
106260775453,EXECUTE,2215,CYCLES,BACKEND,SUB-EVENT,Add_654:OpId_19998 (cycles)
106260775453,EXECUTE,1729,CYCLES,BACKEND,SUB-EVENT,Sub_350:OpId_20000 (cycles)
106260775453,EXECUTE,2540,CYCLES,BACKEND,SUB-EVENT,Add_656:OpId_20002 (cycles)
106260775453,EXECUTE,1527,CYCLES,BACKEND,SUB-EVENT,Sub_351:OpId_20004 (cycles)
106260775453,EXECUTE,2213,CYCLES,BACKEND,SUB-EVENT,Add_658:OpId_20006 (cycles)
106260775453,EXECUTE,1737,CYCLES,BACKEND,SUB-EVENT,Concat_483:OpId_20008 (cycles)
106260775453,EXECUTE,1740,CYCLES,BACKEND,SUB-EVENT,Concat_484:OpId_20010 (cycles)
106260775453,EXECUTE,0,CYCLES,BACKEND,SUB-EVENT,Concat_489:OpId_20012 (cycles)
106260775453,EXECUTE,0,CYCLES,BACKEND,SUB-EVENT,Concat_490:OpId_20014 (cycles)
106260775453,EXECUTE,0,CYCLES,BACKEND,SUB-EVENT,Concat_491:OpId_20016 (cycles)
106260775453,EXECUTE,0,CYCLES,BACKEND,SUB-EVENT,Concat_492:OpId_20018 (cycles)
106260775453,EXECUTE,0,CYCLES,BACKEND,SUB-EVENT,Concat_493:OpId_20020 (cycles)
106260775453,EXECUTE,0,CYCLES,BACKEND,SUB-EVENT,Concat_494:OpId_20022 (cycles)
106260775453,EXECUTE,0,CYCLES,BACKEND,SUB-EVENT,Concat_495:OpId_20024 (cycles)
106260775453,EXECUTE,0,CYCLES,BACKEND,SUB-EVENT,Concat_496:OpId_20026 (cycles)
106260775453,EXECUTE,0,CYCLES,BACKEND,SUB-EVENT,Concat_497:OpId_20028 (cycles)
106260775453,EXECUTE,0,CYCLES,BACKEND,SUB-EVENT,Concat_498:OpId_20030 (cycles)
106260775453,EXECUTE,0,CYCLES,BACKEND,SUB-EVENT,Concat_499:OpId_20032 (cycles)
106260775453,EXECUTE,0,CYCLES,BACKEND,SUB-EVENT,Concat_500:OpId_20034 (cycles)
106260775453,EXECUTE,0,CYCLES,BACKEND,SUB-EVENT,Concat_501:OpId_20036 (cycles)
106260775453,EXECUTE,0,CYCLES,BACKEND,SUB-EVENT,Concat_502:OpId_20038 (cycles)
106260775453,EXECUTE,4689,CYCLES,BACKEND,SUB-EVENT,attn_21_head_0_key_Transpose_0:OpId_20041 (cycles)
106260775453,EXECUTE,5746,CYCLES,BACKEND,SUB-EVENT,attn_21_head_1_key_Transpose_0:OpId_20043 (cycles)
106260775453,EXECUTE,0,CYCLES,BACKEND,SUB-EVENT,Concat_485:OpId_20044 (cycles)
106260775453,EXECUTE,0,CYCLES,BACKEND,SUB-EVENT,Concat_487:OpId_20046 (cycles)
106260775453,EXECUTE,0,CYCLES,BACKEND,SUB-EVENT,Concat_503:OpId_20048 (cycles)
106260775453,EXECUTE,124412,CYCLES,BACKEND,SUB-EVENT,attn_21_head_0_qk_MatMul_0:OpId_20050 (cycles)
106260775453,EXECUTE,16623,CYCLES,BACKEND,SUB-EVENT,attn_21_head_1_qk_MatMul_0:OpId_20054 (cycles)
106260775453,EXECUTE,17339,CYCLES,BACKEND,SUB-EVENT,attn_21_head_2_qk_MatMul_0:OpId_20058 (cycles)
106260775453,EXECUTE,16972,CYCLES,BACKEND,SUB-EVENT,attn_21_head_3_qk_MatMul_0:OpId_20062 (cycles)
106260775453,EXECUTE,17165,CYCLES,BACKEND,SUB-EVENT,attn_21_head_4_qk_MatMul_0:OpId_20066 (cycles)
106260775453,EXECUTE,16967,CYCLES,BACKEND,SUB-EVENT,attn_21_head_5_qk_MatMul_0:OpId_20070 (cycles)
106260775453,EXECUTE,16408,CYCLES,BACKEND,SUB-EVENT,attn_21_head_6_qk_MatMul_0:OpId_20074 (cycles)
106260775453,EXECUTE,137193,CYCLES,BACKEND,SUB-EVENT,attn_21_head_7_qk_MatMul_0:OpId_20078 (cycles)
106260775453,EXECUTE,16727,CYCLES,BACKEND,SUB-EVENT,attn_21_head_8_qk_MatMul_0:OpId_20082 (cycles)
106260775453,EXECUTE,16791,CYCLES,BACKEND,SUB-EVENT,attn_21_head_9_qk_MatMul_0:OpId_20086 (cycles)
106260775453,EXECUTE,16659,CYCLES,BACKEND,SUB-EVENT,attn_21_head_10_qk_MatMul_0:OpId_20090 (cycles)
106260775453,EXECUTE,16730,CYCLES,BACKEND,SUB-EVENT,attn_21_head_11_qk_MatMul_0:OpId_20094 (cycles)
106260775453,EXECUTE,15229,CYCLES,BACKEND,SUB-EVENT,attn_21_head_12_qk_MatMul_0:OpId_20098 (cycles)
106260775453,EXECUTE,16270,CYCLES,BACKEND,SUB-EVENT,attn_21_head_13_qk_MatMul_0:OpId_20102 (cycles)
106260775453,EXECUTE,64983,CYCLES,BACKEND,SUB-EVENT,Add_633:OpId_20106 (cycles)
106260775453,EXECUTE,63493,CYCLES,BACKEND,SUB-EVENT,Add_635:OpId_20108 (cycles)
106260775453,EXECUTE,62027,CYCLES,BACKEND,SUB-EVENT,Add_637:OpId_20110 (cycles)
106260775453,EXECUTE,63512,CYCLES,BACKEND,SUB-EVENT,Add_639:OpId_20112 (cycles)
106260775453,EXECUTE,64260,CYCLES,BACKEND,SUB-EVENT,Add_641:OpId_20114 (cycles)
106260775453,EXECUTE,65870,CYCLES,BACKEND,SUB-EVENT,Add_643:OpId_20116 (cycles)
106260775453,EXECUTE,61939,CYCLES,BACKEND,SUB-EVENT,Add_645:OpId_20118 (cycles)
106260775453,EXECUTE,67109,CYCLES,BACKEND,SUB-EVENT,Add_647:OpId_20120 (cycles)
106260775453,EXECUTE,63421,CYCLES,BACKEND,SUB-EVENT,Add_649:OpId_20122 (cycles)
106260775453,EXECUTE,62718,CYCLES,BACKEND,SUB-EVENT,Add_651:OpId_20124 (cycles)
106260775453,EXECUTE,64238,CYCLES,BACKEND,SUB-EVENT,Add_653:OpId_20126 (cycles)
106260775453,EXECUTE,67243,CYCLES,BACKEND,SUB-EVENT,Add_655:OpId_20128 (cycles)
106260775453,EXECUTE,67810,CYCLES,BACKEND,SUB-EVENT,Add_657:OpId_20130 (cycles)
106260775453,EXECUTE,66580,CYCLES,BACKEND,SUB-EVENT,Add_659:OpId_20132 (cycles)
106260775453,EXECUTE,149775,CYCLES,BACKEND,SUB-EVENT,attn_21_head_0_Softmax_0:OpId_20134 (cycles)
106260775453,EXECUTE,167728,CYCLES,BACKEND,SUB-EVENT,attn_21_head_1_Softmax_0:OpId_20137 (cycles)
106260775453,EXECUTE,158299,CYCLES,BACKEND,SUB-EVENT,attn_21_head_2_Softmax_0:OpId_20140 (cycles)
106260775453,EXECUTE,148573,CYCLES,BACKEND,SUB-EVENT,attn_21_head_3_Softmax_0:OpId_20143 (cycles)
106260775453,EXECUTE,166803,CYCLES,BACKEND,SUB-EVENT,attn_21_head_4_Softmax_0:OpId_20146 (cycles)
106260775453,EXECUTE,151995,CYCLES,BACKEND,SUB-EVENT,attn_21_head_5_Softmax_0:OpId_20149 (cycles)
106260775453,EXECUTE,147998,CYCLES,BACKEND,SUB-EVENT,attn_21_head_6_Softmax_0:OpId_20152 (cycles)
106260775453,EXECUTE,151488,CYCLES,BACKEND,SUB-EVENT,attn_21_head_7_Softmax_0:OpId_20155 (cycles)
106260775453,EXECUTE,161006,CYCLES,BACKEND,SUB-EVENT,attn_21_head_8_Softmax_0:OpId_20158 (cycles)
106260775453,EXECUTE,159115,CYCLES,BACKEND,SUB-EVENT,attn_21_head_9_Softmax_0:OpId_20161 (cycles)
106260775453,EXECUTE,158719,CYCLES,BACKEND,SUB-EVENT,attn_21_head_10_Softmax_0:OpId_20164 (cycles)
106260775453,EXECUTE,149472,CYCLES,BACKEND,SUB-EVENT,attn_21_head_11_Softmax_0:OpId_20167 (cycles)
106260775453,EXECUTE,162051,CYCLES,BACKEND,SUB-EVENT,attn_21_head_12_Softmax_0:OpId_20170 (cycles)
106260775453,EXECUTE,149049,CYCLES,BACKEND,SUB-EVENT,attn_21_head_13_Softmax_0:OpId_20173 (cycles)
106260775453,EXECUTE,39823,CYCLES,BACKEND,SUB-EVENT,attn_21_head_0_qkv_MatMul_0:OpId_20176 (cycles)
106260775453,EXECUTE,5140,CYCLES,BACKEND,SUB-EVENT,attn_21_head_1_qkv_MatMul_0:OpId_20180 (cycles)
106260775453,EXECUTE,5202,CYCLES,BACKEND,SUB-EVENT,attn_21_head_2_qkv_MatMul_0:OpId_20184 (cycles)
106260775453,EXECUTE,4787,CYCLES,BACKEND,SUB-EVENT,attn_21_head_3_qkv_MatMul_0:OpId_20188 (cycles)
106260775453,EXECUTE,5166,CYCLES,BACKEND,SUB-EVENT,attn_21_head_4_qkv_MatMul_0:OpId_20192 (cycles)
106260775453,EXECUTE,5215,CYCLES,BACKEND,SUB-EVENT,attn_21_head_5_qkv_MatMul_0:OpId_20196 (cycles)
106260775453,EXECUTE,4987,CYCLES,BACKEND,SUB-EVENT,attn_21_head_6_qkv_MatMul_0:OpId_20200 (cycles)
106260775453,EXECUTE,38900,CYCLES,BACKEND,SUB-EVENT,attn_21_head_7_qkv_MatMul_0:OpId_20204 (cycles)
106260775453,EXECUTE,5269,CYCLES,BACKEND,SUB-EVENT,attn_21_head_8_qkv_MatMul_0:OpId_20208 (cycles)
106260775453,EXECUTE,5153,CYCLES,BACKEND,SUB-EVENT,attn_21_head_9_qkv_MatMul_0:OpId_20212 (cycles)
106260775453,EXECUTE,5210,CYCLES,BACKEND,SUB-EVENT,attn_21_head_10_qkv_MatMul_0:OpId_20216 (cycles)
106260775453,EXECUTE,5115,CYCLES,BACKEND,SUB-EVENT,attn_21_head_11_qkv_MatMul_0:OpId_20220 (cycles)
106260775453,EXECUTE,5192,CYCLES,BACKEND,SUB-EVENT,attn_21_head_12_qkv_MatMul_0:OpId_20224 (cycles)
106260775453,EXECUTE,4374,CYCLES,BACKEND,SUB-EVENT,attn_21_head_13_qkv_MatMul_0:OpId_20228 (cycles)
106260775453,EXECUTE,0,CYCLES,BACKEND,SUB-EVENT,Concat_505:OpId_20232 (cycles)
106260775453,EXECUTE,0,CYCLES,BACKEND,SUB-EVENT,Reshape_23:OpId_20234 (cycles)
106260775453,EXECUTE,0,CYCLES,BACKEND,SUB-EVENT,model_layers_21_self_attn_Transpose_6:OpId_20236 (cycles)
106260775453,EXECUTE,24598,CYCLES,BACKEND,SUB-EVENT,model_layers_21_self_attn_o_proj_conv_Conv:OpId_20244 (cycles)
106260775453,EXECUTE,0,CYCLES,BACKEND,SUB-EVENT,/model_layers_21_self_attn_o_proj_conv_Conv/Conv_output_0.nchw:OpId_20248 (cycles)
106260775453,EXECUTE,0,CYCLES,BACKEND,SUB-EVENT,model_layers_21_self_attn_Reshape_9:OpId_20249 (cycles)
106260775453,EXECUTE,13909,CYCLES,BACKEND,SUB-EVENT,model_layers_21_Add:OpId_20250 (cycles)
106260775453,EXECUTE,99278,CYCLES,BACKEND,SUB-EVENT,rms_norm_84:OpId_20255 (cycles)
106260775453,EXECUTE,0,CYCLES,BACKEND,SUB-EVENT,model_layers_21_mlp_Reshape:OpId_20258 (cycles)
106260775453,EXECUTE,0,CYCLES,BACKEND,SUB-EVENT,model_layers_21_mlp_Transpose:OpId_20260 (cycles)
106260775453,EXECUTE,130519,CYCLES,BACKEND,SUB-EVENT,model_layers_21_mlp_gate_proj_conv_Conv:OpId_20268 (cycles)
106260775453,EXECUTE,142576,CYCLES,BACKEND,SUB-EVENT,model_layers_21_mlp_up_proj_conv_Conv:OpId_20278 (cycles)
106260775453,EXECUTE,0,CYCLES,BACKEND,SUB-EVENT,model_layers_21_mlp_act_fn_Sigmoid:OpId_20281 (cycles)
106260775453,EXECUTE,404357,CYCLES,BACKEND,SUB-EVENT,model_layers_21_mlp_act_fn_Mul:OpId_20288 (cycles)
106260775453,EXECUTE,188306,CYCLES,BACKEND,SUB-EVENT,model_layers_21_mlp_Mul:OpId_20290 (cycles)
106260775453,EXECUTE,78372,CYCLES,BACKEND,SUB-EVENT,model_layers_21_mlp_down_proj_conv_Conv:OpId_20299 (cycles)
106260775453,EXECUTE,0,CYCLES,BACKEND,SUB-EVENT,/model_layers_21_mlp_down_proj_conv_Conv/Conv_output_0.nchw:OpId_20303 (cycles)
106260775453,EXECUTE,0,CYCLES,BACKEND,SUB-EVENT,model_layers_21_mlp_Reshape_1:OpId_20304 (cycles)
106260775453,EXECUTE,15867,CYCLES,BACKEND,SUB-EVENT,model_layers_21_Add_1:OpId_20305 (cycles)
106260775453,EXECUTE,92074,CYCLES,BACKEND,SUB-EVENT,rms_norm_86:OpId_20310 (cycles)
106260775453,EXECUTE,0,CYCLES,BACKEND,SUB-EVENT,model_layers_22_self_attn_Reshape:OpId_20313 (cycles)
106260775453,EXECUTE,0,CYCLES,BACKEND,SUB-EVENT,model_layers_22_self_attn_Transpose:OpId_20315 (cycles)
106260775453,EXECUTE,2614,CYCLES,BACKEND,SUB-EVENT,attn_22_head_0_key_Conv:OpId_20323 (cycles)
106260775453,EXECUTE,1446,CYCLES,BACKEND,SUB-EVENT,attn_22_head_0_value_Conv:OpId_20333 (cycles)
106260775453,EXECUTE,2106,CYCLES,BACKEND,SUB-EVENT,attn_22_head_0_value_Transpose/output_converted_UFIXED_POINT_8:OpId_20336 (cycles)
106260775453,EXECUTE,2658,CYCLES,BACKEND,SUB-EVENT,attn_22_head_1_key_Conv:OpId_20346 (cycles)
106260775453,EXECUTE,1679,CYCLES,BACKEND,SUB-EVENT,attn_22_head_1_value_Conv:OpId_20356 (cycles)
106260775453,EXECUTE,1510,CYCLES,BACKEND,SUB-EVENT,attn_22_head_1_value_Transpose/output_converted_UFIXED_POINT_8:OpId_20359 (cycles)
106260775453,EXECUTE,2462,CYCLES,BACKEND,SUB-EVENT,attn_22_head_0_query_Conv:OpId_20369 (cycles)
106260775453,EXECUTE,2419,CYCLES,BACKEND,SUB-EVENT,attn_22_head_1_query_Conv:OpId_20379 (cycles)
106260775453,EXECUTE,2698,CYCLES,BACKEND,SUB-EVENT,attn_22_head_2_query_Conv:OpId_20389 (cycles)
106260775453,EXECUTE,2656,CYCLES,BACKEND,SUB-EVENT,attn_22_head_3_query_Conv:OpId_20399 (cycles)
106260775453,EXECUTE,3033,CYCLES,BACKEND,SUB-EVENT,attn_22_head_4_query_Conv:OpId_20409 (cycles)
106260775453,EXECUTE,3673,CYCLES,BACKEND,SUB-EVENT,attn_22_head_5_query_Conv:OpId_20419 (cycles)
106260775453,EXECUTE,4107,CYCLES,BACKEND,SUB-EVENT,attn_22_head_6_query_Conv:OpId_20429 (cycles)
106260775453,EXECUTE,3755,CYCLES,BACKEND,SUB-EVENT,attn_22_head_7_query_Conv:OpId_20439 (cycles)
106260775453,EXECUTE,3796,CYCLES,BACKEND,SUB-EVENT,attn_22_head_8_query_Conv:OpId_20449 (cycles)
106260775453,EXECUTE,2940,CYCLES,BACKEND,SUB-EVENT,attn_22_head_9_query_Conv:OpId_20459 (cycles)
106260775453,EXECUTE,3597,CYCLES,BACKEND,SUB-EVENT,attn_22_head_10_query_Conv:OpId_20469 (cycles)
106260775453,EXECUTE,3178,CYCLES,BACKEND,SUB-EVENT,attn_22_head_11_query_Conv:OpId_20479 (cycles)
106260775453,EXECUTE,3509,CYCLES,BACKEND,SUB-EVENT,attn_22_head_12_query_Conv:OpId_20489 (cycles)
106260775453,EXECUTE,3517,CYCLES,BACKEND,SUB-EVENT,attn_22_head_13_query_Conv:OpId_20499 (cycles)
106260775453,EXECUTE,2351,CYCLES,BACKEND,SUB-EVENT,Slice_792:OpId_20503 (cycles)
106260775453,EXECUTE,2328,CYCLES,BACKEND,SUB-EVENT,Slice_793:OpId_20509 (cycles)
106260775453,EXECUTE,1736,CYCLES,BACKEND,SUB-EVENT,Slice_794:OpId_20515 (cycles)
106260775453,EXECUTE,1678,CYCLES,BACKEND,SUB-EVENT,Slice_795:OpId_20521 (cycles)
106260775453,EXECUTE,0,CYCLES,BACKEND,SUB-EVENT,Concat_527:OpId_20526 (cycles)
106260775453,EXECUTE,1897,CYCLES,BACKEND,SUB-EVENT,Slice_800:OpId_20529 (cycles)
106260775453,EXECUTE,1849,CYCLES,BACKEND,SUB-EVENT,Slice_801:OpId_20535 (cycles)
106260775453,EXECUTE,1693,CYCLES,BACKEND,SUB-EVENT,Slice_802:OpId_20541 (cycles)
106260775453,EXECUTE,1639,CYCLES,BACKEND,SUB-EVENT,Slice_803:OpId_20547 (cycles)
106260775453,EXECUTE,2600,CYCLES,BACKEND,SUB-EVENT,Slice_804:OpId_20553 (cycles)
106260775453,EXECUTE,1988,CYCLES,BACKEND,SUB-EVENT,Slice_805:OpId_20559 (cycles)
106260775453,EXECUTE,2214,CYCLES,BACKEND,SUB-EVENT,Slice_806:OpId_20565 (cycles)
106260775453,EXECUTE,1883,CYCLES,BACKEND,SUB-EVENT,Slice_807:OpId_20571 (cycles)
106260775453,EXECUTE,1965,CYCLES,BACKEND,SUB-EVENT,Slice_808:OpId_20577 (cycles)
106260775453,EXECUTE,1930,CYCLES,BACKEND,SUB-EVENT,Slice_809:OpId_20583 (cycles)
106260775453,EXECUTE,1920,CYCLES,BACKEND,SUB-EVENT,Slice_810:OpId_20589 (cycles)
106260775453,EXECUTE,1872,CYCLES,BACKEND,SUB-EVENT,Slice_811:OpId_20595 (cycles)
106260775453,EXECUTE,1803,CYCLES,BACKEND,SUB-EVENT,Slice_812:OpId_20601 (cycles)
106260775453,EXECUTE,2189,CYCLES,BACKEND,SUB-EVENT,Slice_813:OpId_20607 (cycles)
106260775453,EXECUTE,1773,CYCLES,BACKEND,SUB-EVENT,Slice_814:OpId_20613 (cycles)
106260775453,EXECUTE,1704,CYCLES,BACKEND,SUB-EVENT,Slice_815:OpId_20619 (cycles)
106260775453,EXECUTE,1844,CYCLES,BACKEND,SUB-EVENT,Slice_816:OpId_20625 (cycles)
106260775453,EXECUTE,1711,CYCLES,BACKEND,SUB-EVENT,Slice_817:OpId_20631 (cycles)
106260775453,EXECUTE,1896,CYCLES,BACKEND,SUB-EVENT,Slice_818:OpId_20637 (cycles)
106260775453,EXECUTE,1730,CYCLES,BACKEND,SUB-EVENT,Slice_819:OpId_20643 (cycles)
106260775453,EXECUTE,1715,CYCLES,BACKEND,SUB-EVENT,Slice_820:OpId_20649 (cycles)
106260775453,EXECUTE,1692,CYCLES,BACKEND,SUB-EVENT,Slice_821:OpId_20655 (cycles)
106260775453,EXECUTE,2070,CYCLES,BACKEND,SUB-EVENT,Slice_822:OpId_20661 (cycles)
106260775453,EXECUTE,2423,CYCLES,BACKEND,SUB-EVENT,Slice_823:OpId_20667 (cycles)
106260775453,EXECUTE,1980,CYCLES,BACKEND,SUB-EVENT,Slice_824:OpId_20673 (cycles)
106260775453,EXECUTE,1974,CYCLES,BACKEND,SUB-EVENT,Slice_825:OpId_20679 (cycles)
106260775453,EXECUTE,2455,CYCLES,BACKEND,SUB-EVENT,Slice_826:OpId_20685 (cycles)
106260775453,EXECUTE,2393,CYCLES,BACKEND,SUB-EVENT,Slice_827:OpId_20691 (cycles)
106260775453,EXECUTE,7527,CYCLES,BACKEND,SUB-EVENT,Concat_509:OpId_20696 (cycles)
106260775453,EXECUTE,7100,CYCLES,BACKEND,SUB-EVENT,Concat_511:OpId_20698 (cycles)
106260775453,EXECUTE,1689,CYCLES,BACKEND,SUB-EVENT,Mul_1408:OpId_20700 (cycles)
106260775453,EXECUTE,1630,CYCLES,BACKEND,SUB-EVENT,Mul_1410:OpId_20702 (cycles)
106260775453,EXECUTE,1581,CYCLES,BACKEND,SUB-EVENT,Mul_1409:OpId_20704 (cycles)
106260775453,EXECUTE,1555,CYCLES,BACKEND,SUB-EVENT,Mul_1411:OpId_20706 (cycles)
106260775453,EXECUTE,1440,CYCLES,BACKEND,SUB-EVENT,Mul_1412:OpId_20708 (cycles)
106260775453,EXECUTE,1388,CYCLES,BACKEND,SUB-EVENT,Mul_1414:OpId_20710 (cycles)
106260775453,EXECUTE,1391,CYCLES,BACKEND,SUB-EVENT,Mul_1413:OpId_20712 (cycles)
106260775453,EXECUTE,1387,CYCLES,BACKEND,SUB-EVENT,Mul_1415:OpId_20714 (cycles)
106260775453,EXECUTE,1574,CYCLES,BACKEND,SUB-EVENT,Mul_1416:OpId_20716 (cycles)
106260775453,EXECUTE,1609,CYCLES,BACKEND,SUB-EVENT,Mul_1418:OpId_20718 (cycles)
106260775453,EXECUTE,1638,CYCLES,BACKEND,SUB-EVENT,Mul_1417:OpId_20720 (cycles)
106260775453,EXECUTE,1629,CYCLES,BACKEND,SUB-EVENT,Mul_1419:OpId_20722 (cycles)
106260775453,EXECUTE,1379,CYCLES,BACKEND,SUB-EVENT,Mul_1420:OpId_20724 (cycles)
106260775453,EXECUTE,1471,CYCLES,BACKEND,SUB-EVENT,Mul_1422:OpId_20726 (cycles)
106260775453,EXECUTE,1591,CYCLES,BACKEND,SUB-EVENT,Mul_1421:OpId_20728 (cycles)
106260775453,EXECUTE,1409,CYCLES,BACKEND,SUB-EVENT,Mul_1423:OpId_20730 (cycles)
106260775453,EXECUTE,1699,CYCLES,BACKEND,SUB-EVENT,Mul_1424:OpId_20732 (cycles)
106260775453,EXECUTE,1749,CYCLES,BACKEND,SUB-EVENT,Mul_1426:OpId_20734 (cycles)
106260775453,EXECUTE,1624,CYCLES,BACKEND,SUB-EVENT,Mul_1425:OpId_20736 (cycles)
106260775453,EXECUTE,1491,CYCLES,BACKEND,SUB-EVENT,Mul_1427:OpId_20738 (cycles)
106260775453,EXECUTE,1451,CYCLES,BACKEND,SUB-EVENT,Mul_1428:OpId_20740 (cycles)
106260775453,EXECUTE,1520,CYCLES,BACKEND,SUB-EVENT,Mul_1430:OpId_20742 (cycles)
106260775453,EXECUTE,1464,CYCLES,BACKEND,SUB-EVENT,Mul_1429:OpId_20744 (cycles)
106260775453,EXECUTE,1462,CYCLES,BACKEND,SUB-EVENT,Mul_1431:OpId_20746 (cycles)
106260775453,EXECUTE,1812,CYCLES,BACKEND,SUB-EVENT,Mul_1432:OpId_20748 (cycles)
106260775453,EXECUTE,1890,CYCLES,BACKEND,SUB-EVENT,Mul_1434:OpId_20750 (cycles)
106260775453,EXECUTE,1624,CYCLES,BACKEND,SUB-EVENT,Mul_1433:OpId_20752 (cycles)
106260775453,EXECUTE,1686,CYCLES,BACKEND,SUB-EVENT,Mul_1435:OpId_20754 (cycles)
106260775453,EXECUTE,1863,CYCLES,BACKEND,SUB-EVENT,Mul_1436:OpId_20756 (cycles)
106260775453,EXECUTE,1905,CYCLES,BACKEND,SUB-EVENT,Mul_1438:OpId_20758 (cycles)
106260775453,EXECUTE,1636,CYCLES,BACKEND,SUB-EVENT,Mul_1437:OpId_20760 (cycles)
106260775453,EXECUTE,1747,CYCLES,BACKEND,SUB-EVENT,Mul_1439:OpId_20762 (cycles)
106260775453,EXECUTE,1383,CYCLES,BACKEND,SUB-EVENT,Mul_1440:OpId_20764 (cycles)
106260775453,EXECUTE,1479,CYCLES,BACKEND,SUB-EVENT,Mul_1442:OpId_20766 (cycles)
106260775453,EXECUTE,1415,CYCLES,BACKEND,SUB-EVENT,Mul_1441:OpId_20768 (cycles)
106260775453,EXECUTE,1411,CYCLES,BACKEND,SUB-EVENT,Mul_1443:OpId_20770 (cycles)
106260775453,EXECUTE,1400,CYCLES,BACKEND,SUB-EVENT,Mul_1444:OpId_20772 (cycles)
106260775453,EXECUTE,1592,CYCLES,BACKEND,SUB-EVENT,Mul_1446:OpId_20774 (cycles)
106260775453,EXECUTE,1411,CYCLES,BACKEND,SUB-EVENT,Mul_1445:OpId_20776 (cycles)
106260775453,EXECUTE,1582,CYCLES,BACKEND,SUB-EVENT,Mul_1447:OpId_20778 (cycles)
106260775453,EXECUTE,1433,CYCLES,BACKEND,SUB-EVENT,Mul_1448:OpId_20780 (cycles)
106260775453,EXECUTE,1478,CYCLES,BACKEND,SUB-EVENT,Mul_1450:OpId_20782 (cycles)
106260775453,EXECUTE,1449,CYCLES,BACKEND,SUB-EVENT,Mul_1449:OpId_20784 (cycles)
106260775453,EXECUTE,1426,CYCLES,BACKEND,SUB-EVENT,Mul_1451:OpId_20786 (cycles)
106260775453,EXECUTE,1715,CYCLES,BACKEND,SUB-EVENT,Mul_1452:OpId_20788 (cycles)
106260775453,EXECUTE,1576,CYCLES,BACKEND,SUB-EVENT,Mul_1454:OpId_20790 (cycles)
106260775453,EXECUTE,2295,CYCLES,BACKEND,SUB-EVENT,Mul_1453:OpId_20792 (cycles)
106260775453,EXECUTE,1869,CYCLES,BACKEND,SUB-EVENT,Mul_1455:OpId_20794 (cycles)
106260775453,EXECUTE,1887,CYCLES,BACKEND,SUB-EVENT,Mul_1456:OpId_20796 (cycles)
106260775453,EXECUTE,2020,CYCLES,BACKEND,SUB-EVENT,Mul_1458:OpId_20798 (cycles)
106260775453,EXECUTE,1704,CYCLES,BACKEND,SUB-EVENT,Mul_1457:OpId_20800 (cycles)
106260775453,EXECUTE,1717,CYCLES,BACKEND,SUB-EVENT,Mul_1459:OpId_20802 (cycles)
106260775453,EXECUTE,1439,CYCLES,BACKEND,SUB-EVENT,Mul_1460:OpId_20804 (cycles)
106260775453,EXECUTE,1540,CYCLES,BACKEND,SUB-EVENT,Mul_1462:OpId_20806 (cycles)
106260775453,EXECUTE,1760,CYCLES,BACKEND,SUB-EVENT,Mul_1461:OpId_20808 (cycles)
106260775453,EXECUTE,1455,CYCLES,BACKEND,SUB-EVENT,Mul_1463:OpId_20810 (cycles)
106260775453,EXECUTE,1752,CYCLES,BACKEND,SUB-EVENT,Mul_1464:OpId_20812 (cycles)
106260775453,EXECUTE,1771,CYCLES,BACKEND,SUB-EVENT,Mul_1466:OpId_20814 (cycles)
106260775453,EXECUTE,1641,CYCLES,BACKEND,SUB-EVENT,Mul_1465:OpId_20816 (cycles)
106260775453,EXECUTE,1658,CYCLES,BACKEND,SUB-EVENT,Mul_1467:OpId_20818 (cycles)
106260775453,EXECUTE,1665,CYCLES,BACKEND,SUB-EVENT,Mul_1468:OpId_20820 (cycles)
106260775453,EXECUTE,1484,CYCLES,BACKEND,SUB-EVENT,Mul_1470:OpId_20822 (cycles)
106260775453,EXECUTE,1649,CYCLES,BACKEND,SUB-EVENT,Mul_1469:OpId_20824 (cycles)
106260775453,EXECUTE,1449,CYCLES,BACKEND,SUB-EVENT,Mul_1471:OpId_20826 (cycles)
106260775453,EXECUTE,1969,CYCLES,BACKEND,SUB-EVENT,Sub_352:OpId_20828 (cycles)
106260775453,EXECUTE,1120,CYCLES,BACKEND,SUB-EVENT,Sub_352_converted_UFIXED_POINT_8:OpId_20830 (cycles)
106260775453,EXECUTE,1725,CYCLES,BACKEND,SUB-EVENT,Add_660:OpId_20833 (cycles)
106260775453,EXECUTE,1126,CYCLES,BACKEND,SUB-EVENT,Add_660_converted_UFIXED_POINT_8:OpId_20835 (cycles)
106260775453,EXECUTE,1472,CYCLES,BACKEND,SUB-EVENT,Sub_353:OpId_20838 (cycles)
106260775453,EXECUTE,460,CYCLES,BACKEND,SUB-EVENT,Sub_353_converted_UFIXED_POINT_8:OpId_20840 (cycles)
106260775453,EXECUTE,1438,CYCLES,BACKEND,SUB-EVENT,Add_661:OpId_20843 (cycles)
106260775453,EXECUTE,1062,CYCLES,BACKEND,SUB-EVENT,Add_661_converted_UFIXED_POINT_8:OpId_20845 (cycles)
106260775453,EXECUTE,1625,CYCLES,BACKEND,SUB-EVENT,Sub_354:OpId_20848 (cycles)
106260775453,EXECUTE,2998,CYCLES,BACKEND,SUB-EVENT,Add_662:OpId_20850 (cycles)
106260775453,EXECUTE,1494,CYCLES,BACKEND,SUB-EVENT,Sub_355:OpId_20852 (cycles)
106260775453,EXECUTE,2121,CYCLES,BACKEND,SUB-EVENT,Add_664:OpId_20854 (cycles)
106260775453,EXECUTE,1573,CYCLES,BACKEND,SUB-EVENT,Sub_356:OpId_20856 (cycles)
106260775453,EXECUTE,2195,CYCLES,BACKEND,SUB-EVENT,Add_666:OpId_20858 (cycles)
106260775453,EXECUTE,1551,CYCLES,BACKEND,SUB-EVENT,Sub_357:OpId_20860 (cycles)
106260775453,EXECUTE,2157,CYCLES,BACKEND,SUB-EVENT,Add_668:OpId_20862 (cycles)
106260775453,EXECUTE,1656,CYCLES,BACKEND,SUB-EVENT,Sub_358:OpId_20864 (cycles)
106260775453,EXECUTE,2421,CYCLES,BACKEND,SUB-EVENT,Add_670:OpId_20866 (cycles)
106260775453,EXECUTE,1650,CYCLES,BACKEND,SUB-EVENT,Sub_359:OpId_20868 (cycles)
106260775453,EXECUTE,2499,CYCLES,BACKEND,SUB-EVENT,Add_672:OpId_20870 (cycles)
106260775453,EXECUTE,1612,CYCLES,BACKEND,SUB-EVENT,Sub_360:OpId_20872 (cycles)
106260775453,EXECUTE,2105,CYCLES,BACKEND,SUB-EVENT,Add_674:OpId_20874 (cycles)
106260775453,EXECUTE,1937,CYCLES,BACKEND,SUB-EVENT,Sub_361:OpId_20876 (cycles)
106260775453,EXECUTE,2538,CYCLES,BACKEND,SUB-EVENT,Add_676:OpId_20878 (cycles)
106260775453,EXECUTE,1499,CYCLES,BACKEND,SUB-EVENT,Sub_362:OpId_20880 (cycles)
106260775453,EXECUTE,2517,CYCLES,BACKEND,SUB-EVENT,Add_678:OpId_20882 (cycles)
106260775453,EXECUTE,1534,CYCLES,BACKEND,SUB-EVENT,Sub_363:OpId_20884 (cycles)
106260775453,EXECUTE,2970,CYCLES,BACKEND,SUB-EVENT,Add_680:OpId_20886 (cycles)
106260775453,EXECUTE,1626,CYCLES,BACKEND,SUB-EVENT,Sub_364:OpId_20888 (cycles)
106260775453,EXECUTE,2495,CYCLES,BACKEND,SUB-EVENT,Add_682:OpId_20890 (cycles)
106260775453,EXECUTE,1552,CYCLES,BACKEND,SUB-EVENT,Sub_365:OpId_20892 (cycles)
106260775453,EXECUTE,2376,CYCLES,BACKEND,SUB-EVENT,Add_684:OpId_20894 (cycles)
106260775453,EXECUTE,1810,CYCLES,BACKEND,SUB-EVENT,Sub_366:OpId_20896 (cycles)
106260775453,EXECUTE,2555,CYCLES,BACKEND,SUB-EVENT,Add_686:OpId_20898 (cycles)
106260775453,EXECUTE,1729,CYCLES,BACKEND,SUB-EVENT,Sub_367:OpId_20900 (cycles)
106260775453,EXECUTE,3221,CYCLES,BACKEND,SUB-EVENT,Add_688:OpId_20902 (cycles)
106260775453,EXECUTE,2634,CYCLES,BACKEND,SUB-EVENT,Concat_506:OpId_20904 (cycles)
106260775453,EXECUTE,2000,CYCLES,BACKEND,SUB-EVENT,Concat_507:OpId_20906 (cycles)
106260775453,EXECUTE,0,CYCLES,BACKEND,SUB-EVENT,Concat_512:OpId_20908 (cycles)
106260775453,EXECUTE,0,CYCLES,BACKEND,SUB-EVENT,Concat_513:OpId_20910 (cycles)
106260775453,EXECUTE,0,CYCLES,BACKEND,SUB-EVENT,Concat_514:OpId_20912 (cycles)
106260775453,EXECUTE,0,CYCLES,BACKEND,SUB-EVENT,Concat_515:OpId_20914 (cycles)
106260775453,EXECUTE,0,CYCLES,BACKEND,SUB-EVENT,Concat_516:OpId_20916 (cycles)
106260775453,EXECUTE,0,CYCLES,BACKEND,SUB-EVENT,Concat_517:OpId_20918 (cycles)
106260775453,EXECUTE,0,CYCLES,BACKEND,SUB-EVENT,Concat_518:OpId_20920 (cycles)
106260775453,EXECUTE,0,CYCLES,BACKEND,SUB-EVENT,Concat_519:OpId_20922 (cycles)
106260775453,EXECUTE,0,CYCLES,BACKEND,SUB-EVENT,Concat_520:OpId_20924 (cycles)
106260775453,EXECUTE,0,CYCLES,BACKEND,SUB-EVENT,Concat_521:OpId_20926 (cycles)
106260775453,EXECUTE,0,CYCLES,BACKEND,SUB-EVENT,Concat_522:OpId_20928 (cycles)
106260775453,EXECUTE,0,CYCLES,BACKEND,SUB-EVENT,Concat_523:OpId_20930 (cycles)
106260775453,EXECUTE,0,CYCLES,BACKEND,SUB-EVENT,Concat_524:OpId_20932 (cycles)
106260775453,EXECUTE,0,CYCLES,BACKEND,SUB-EVENT,Concat_525:OpId_20934 (cycles)
106260775453,EXECUTE,5976,CYCLES,BACKEND,SUB-EVENT,attn_22_head_0_key_Transpose_0:OpId_20937 (cycles)
106260775453,EXECUTE,4950,CYCLES,BACKEND,SUB-EVENT,attn_22_head_1_key_Transpose_0:OpId_20939 (cycles)
106260775453,EXECUTE,0,CYCLES,BACKEND,SUB-EVENT,Concat_508:OpId_20940 (cycles)
106260775453,EXECUTE,0,CYCLES,BACKEND,SUB-EVENT,Concat_510:OpId_20942 (cycles)
106260775453,EXECUTE,0,CYCLES,BACKEND,SUB-EVENT,Concat_526:OpId_20944 (cycles)
106260775453,EXECUTE,127642,CYCLES,BACKEND,SUB-EVENT,attn_22_head_0_qk_MatMul_0:OpId_20946 (cycles)
106260775453,EXECUTE,16966,CYCLES,BACKEND,SUB-EVENT,attn_22_head_1_qk_MatMul_0:OpId_20950 (cycles)
106260775453,EXECUTE,16576,CYCLES,BACKEND,SUB-EVENT,attn_22_head_2_qk_MatMul_0:OpId_20954 (cycles)
106260775453,EXECUTE,16951,CYCLES,BACKEND,SUB-EVENT,attn_22_head_3_qk_MatMul_0:OpId_20958 (cycles)
106260775453,EXECUTE,16498,CYCLES,BACKEND,SUB-EVENT,attn_22_head_4_qk_MatMul_0:OpId_20962 (cycles)
106260775453,EXECUTE,17720,CYCLES,BACKEND,SUB-EVENT,attn_22_head_5_qk_MatMul_0:OpId_20966 (cycles)
106260775453,EXECUTE,16632,CYCLES,BACKEND,SUB-EVENT,attn_22_head_6_qk_MatMul_0:OpId_20970 (cycles)
106260775453,EXECUTE,128784,CYCLES,BACKEND,SUB-EVENT,attn_22_head_7_qk_MatMul_0:OpId_20974 (cycles)
106260775453,EXECUTE,16569,CYCLES,BACKEND,SUB-EVENT,attn_22_head_8_qk_MatMul_0:OpId_20978 (cycles)
106260775453,EXECUTE,17070,CYCLES,BACKEND,SUB-EVENT,attn_22_head_9_qk_MatMul_0:OpId_20982 (cycles)
106260775453,EXECUTE,16730,CYCLES,BACKEND,SUB-EVENT,attn_22_head_10_qk_MatMul_0:OpId_20986 (cycles)
106260775453,EXECUTE,15463,CYCLES,BACKEND,SUB-EVENT,attn_22_head_11_qk_MatMul_0:OpId_20990 (cycles)
106260775453,EXECUTE,16956,CYCLES,BACKEND,SUB-EVENT,attn_22_head_12_qk_MatMul_0:OpId_20994 (cycles)
106260775453,EXECUTE,16327,CYCLES,BACKEND,SUB-EVENT,attn_22_head_13_qk_MatMul_0:OpId_20998 (cycles)
106260775453,EXECUTE,62310,CYCLES,BACKEND,SUB-EVENT,Add_663:OpId_21002 (cycles)
106260775453,EXECUTE,59180,CYCLES,BACKEND,SUB-EVENT,Add_665:OpId_21004 (cycles)
106260775453,EXECUTE,64475,CYCLES,BACKEND,SUB-EVENT,Add_667:OpId_21006 (cycles)
106260775453,EXECUTE,54736,CYCLES,BACKEND,SUB-EVENT,Add_669:OpId_21008 (cycles)
106260775453,EXECUTE,64136,CYCLES,BACKEND,SUB-EVENT,Add_671:OpId_21010 (cycles)
106260775453,EXECUTE,64737,CYCLES,BACKEND,SUB-EVENT,Add_673:OpId_21012 (cycles)
106260775453,EXECUTE,56660,CYCLES,BACKEND,SUB-EVENT,Add_675:OpId_21014 (cycles)
106260775453,EXECUTE,63798,CYCLES,BACKEND,SUB-EVENT,Add_677:OpId_21016 (cycles)
106260775453,EXECUTE,62675,CYCLES,BACKEND,SUB-EVENT,Add_679:OpId_21018 (cycles)
106260775453,EXECUTE,68687,CYCLES,BACKEND,SUB-EVENT,Add_681:OpId_21020 (cycles)
106260775453,EXECUTE,65039,CYCLES,BACKEND,SUB-EVENT,Add_683:OpId_21022 (cycles)
106260775453,EXECUTE,65331,CYCLES,BACKEND,SUB-EVENT,Add_685:OpId_21024 (cycles)
106260775453,EXECUTE,68389,CYCLES,BACKEND,SUB-EVENT,Add_687:OpId_21026 (cycles)
106260775453,EXECUTE,67982,CYCLES,BACKEND,SUB-EVENT,Add_689:OpId_21028 (cycles)
106260775453,EXECUTE,162602,CYCLES,BACKEND,SUB-EVENT,attn_22_head_0_Softmax_0:OpId_21030 (cycles)
106260775453,EXECUTE,172332,CYCLES,BACKEND,SUB-EVENT,attn_22_head_1_Softmax_0:OpId_21033 (cycles)
106260775453,EXECUTE,149475,CYCLES,BACKEND,SUB-EVENT,attn_22_head_2_Softmax_0:OpId_21036 (cycles)
106260775453,EXECUTE,156503,CYCLES,BACKEND,SUB-EVENT,attn_22_head_3_Softmax_0:OpId_21039 (cycles)
106260775453,EXECUTE,163891,CYCLES,BACKEND,SUB-EVENT,attn_22_head_4_Softmax_0:OpId_21042 (cycles)
106260775453,EXECUTE,149473,CYCLES,BACKEND,SUB-EVENT,attn_22_head_5_Softmax_0:OpId_21045 (cycles)
106260775453,EXECUTE,168033,CYCLES,BACKEND,SUB-EVENT,attn_22_head_6_Softmax_0:OpId_21048 (cycles)
106260775453,EXECUTE,149993,CYCLES,BACKEND,SUB-EVENT,attn_22_head_7_Softmax_0:OpId_21051 (cycles)
106260775453,EXECUTE,161246,CYCLES,BACKEND,SUB-EVENT,attn_22_head_8_Softmax_0:OpId_21054 (cycles)
106260775453,EXECUTE,153626,CYCLES,BACKEND,SUB-EVENT,attn_22_head_9_Softmax_0:OpId_21057 (cycles)
106260775453,EXECUTE,148651,CYCLES,BACKEND,SUB-EVENT,attn_22_head_10_Softmax_0:OpId_21060 (cycles)
106260775453,EXECUTE,155566,CYCLES,BACKEND,SUB-EVENT,attn_22_head_11_Softmax_0:OpId_21063 (cycles)
106260775453,EXECUTE,164375,CYCLES,BACKEND,SUB-EVENT,attn_22_head_12_Softmax_0:OpId_21066 (cycles)
106260775453,EXECUTE,149010,CYCLES,BACKEND,SUB-EVENT,attn_22_head_13_Softmax_0:OpId_21069 (cycles)
106260775453,EXECUTE,40038,CYCLES,BACKEND,SUB-EVENT,attn_22_head_0_qkv_MatMul_0:OpId_21072 (cycles)
106260775453,EXECUTE,5330,CYCLES,BACKEND,SUB-EVENT,attn_22_head_1_qkv_MatMul_0:OpId_21076 (cycles)
106260775453,EXECUTE,5061,CYCLES,BACKEND,SUB-EVENT,attn_22_head_2_qkv_MatMul_0:OpId_21080 (cycles)
106260775453,EXECUTE,4771,CYCLES,BACKEND,SUB-EVENT,attn_22_head_3_qkv_MatMul_0:OpId_21084 (cycles)
106260775453,EXECUTE,5178,CYCLES,BACKEND,SUB-EVENT,attn_22_head_4_qkv_MatMul_0:OpId_21088 (cycles)
106260775453,EXECUTE,5070,CYCLES,BACKEND,SUB-EVENT,attn_22_head_5_qkv_MatMul_0:OpId_21092 (cycles)
106260775453,EXECUTE,5220,CYCLES,BACKEND,SUB-EVENT,attn_22_head_6_qkv_MatMul_0:OpId_21096 (cycles)
106260775453,EXECUTE,39519,CYCLES,BACKEND,SUB-EVENT,attn_22_head_7_qkv_MatMul_0:OpId_21100 (cycles)
106260775453,EXECUTE,5296,CYCLES,BACKEND,SUB-EVENT,attn_22_head_8_qkv_MatMul_0:OpId_21104 (cycles)
106260775453,EXECUTE,5227,CYCLES,BACKEND,SUB-EVENT,attn_22_head_9_qkv_MatMul_0:OpId_21108 (cycles)
106260775453,EXECUTE,5077,CYCLES,BACKEND,SUB-EVENT,attn_22_head_10_qkv_MatMul_0:OpId_21112 (cycles)
106260775453,EXECUTE,5156,CYCLES,BACKEND,SUB-EVENT,attn_22_head_11_qkv_MatMul_0:OpId_21116 (cycles)
106260775453,EXECUTE,5213,CYCLES,BACKEND,SUB-EVENT,attn_22_head_12_qkv_MatMul_0:OpId_21120 (cycles)
106260775453,EXECUTE,4656,CYCLES,BACKEND,SUB-EVENT,attn_22_head_13_qkv_MatMul_0:OpId_21124 (cycles)
106260775453,EXECUTE,0,CYCLES,BACKEND,SUB-EVENT,Concat_528:OpId_21128 (cycles)
106260775453,EXECUTE,0,CYCLES,BACKEND,SUB-EVENT,Reshape_24:OpId_21130 (cycles)
106260775453,EXECUTE,0,CYCLES,BACKEND,SUB-EVENT,model_layers_22_self_attn_Transpose_6:OpId_21132 (cycles)
106260775453,EXECUTE,23950,CYCLES,BACKEND,SUB-EVENT,model_layers_22_self_attn_o_proj_conv_Conv:OpId_21140 (cycles)
106260775453,EXECUTE,0,CYCLES,BACKEND,SUB-EVENT,/model_layers_22_self_attn_o_proj_conv_Conv/Conv_output_0.nchw:OpId_21144 (cycles)
106260775453,EXECUTE,0,CYCLES,BACKEND,SUB-EVENT,model_layers_22_self_attn_Reshape_9:OpId_21145 (cycles)
106260775453,EXECUTE,17095,CYCLES,BACKEND,SUB-EVENT,model_layers_22_Add:OpId_21146 (cycles)
106260775453,EXECUTE,95846,CYCLES,BACKEND,SUB-EVENT,rms_norm_88:OpId_21151 (cycles)
106260775453,EXECUTE,0,CYCLES,BACKEND,SUB-EVENT,model_layers_22_mlp_Reshape:OpId_21154 (cycles)
106260775453,EXECUTE,0,CYCLES,BACKEND,SUB-EVENT,model_layers_22_mlp_Transpose:OpId_21156 (cycles)
106260775453,EXECUTE,133007,CYCLES,BACKEND,SUB-EVENT,model_layers_22_mlp_gate_proj_conv_Conv:OpId_21164 (cycles)
106260775453,EXECUTE,140748,CYCLES,BACKEND,SUB-EVENT,model_layers_22_mlp_up_proj_conv_Conv:OpId_21174 (cycles)
106260775453,EXECUTE,0,CYCLES,BACKEND,SUB-EVENT,model_layers_22_mlp_act_fn_Sigmoid:OpId_21177 (cycles)
106260775453,EXECUTE,395213,CYCLES,BACKEND,SUB-EVENT,model_layers_22_mlp_act_fn_Mul:OpId_21184 (cycles)
106260775453,EXECUTE,184649,CYCLES,BACKEND,SUB-EVENT,model_layers_22_mlp_Mul:OpId_21186 (cycles)
106260775453,EXECUTE,79624,CYCLES,BACKEND,SUB-EVENT,model_layers_22_mlp_down_proj_conv_Conv:OpId_21195 (cycles)
106260775453,EXECUTE,0,CYCLES,BACKEND,SUB-EVENT,/model_layers_22_mlp_down_proj_conv_Conv/Conv_output_0.nchw:OpId_21199 (cycles)
106260775453,EXECUTE,0,CYCLES,BACKEND,SUB-EVENT,model_layers_22_mlp_Reshape_1:OpId_21200 (cycles)
106260775453,EXECUTE,15167,CYCLES,BACKEND,SUB-EVENT,model_layers_22_Add_1:OpId_21201 (cycles)
106260775453,EXECUTE,92085,CYCLES,BACKEND,SUB-EVENT,rms_norm_90:OpId_21206 (cycles)
106260775453,EXECUTE,0,CYCLES,BACKEND,SUB-EVENT,model_layers_23_self_attn_Reshape:OpId_21209 (cycles)
106260775453,EXECUTE,0,CYCLES,BACKEND,SUB-EVENT,model_layers_23_self_attn_Transpose:OpId_21211 (cycles)
106260775453,EXECUTE,2461,CYCLES,BACKEND,SUB-EVENT,attn_23_head_0_key_Conv:OpId_21219 (cycles)
106260775453,EXECUTE,1436,CYCLES,BACKEND,SUB-EVENT,attn_23_head_0_value_Conv:OpId_21229 (cycles)
106260775453,EXECUTE,2048,CYCLES,BACKEND,SUB-EVENT,attn_23_head_0_value_Transpose/output_converted_UFIXED_POINT_8:OpId_21232 (cycles)
106260775453,EXECUTE,2622,CYCLES,BACKEND,SUB-EVENT,attn_23_head_1_key_Conv:OpId_21242 (cycles)
106260775453,EXECUTE,1419,CYCLES,BACKEND,SUB-EVENT,attn_23_head_1_value_Conv:OpId_21252 (cycles)
106260775453,EXECUTE,1854,CYCLES,BACKEND,SUB-EVENT,attn_23_head_1_value_Transpose/output_converted_UFIXED_POINT_8:OpId_21255 (cycles)
106260775453,EXECUTE,2327,CYCLES,BACKEND,SUB-EVENT,attn_23_head_0_query_Conv:OpId_21265 (cycles)
106260775453,EXECUTE,3332,CYCLES,BACKEND,SUB-EVENT,attn_23_head_1_query_Conv:OpId_21275 (cycles)
106260775453,EXECUTE,2398,CYCLES,BACKEND,SUB-EVENT,attn_23_head_2_query_Conv:OpId_21285 (cycles)
106260775453,EXECUTE,2673,CYCLES,BACKEND,SUB-EVENT,attn_23_head_3_query_Conv:OpId_21295 (cycles)
106260775453,EXECUTE,2595,CYCLES,BACKEND,SUB-EVENT,attn_23_head_4_query_Conv:OpId_21305 (cycles)
106260775453,EXECUTE,2729,CYCLES,BACKEND,SUB-EVENT,attn_23_head_5_query_Conv:OpId_21315 (cycles)
106260775453,EXECUTE,3230,CYCLES,BACKEND,SUB-EVENT,attn_23_head_6_query_Conv:OpId_21325 (cycles)
106260775453,EXECUTE,2504,CYCLES,BACKEND,SUB-EVENT,attn_23_head_7_query_Conv:OpId_21335 (cycles)
106260775453,EXECUTE,2459,CYCLES,BACKEND,SUB-EVENT,attn_23_head_8_query_Conv:OpId_21345 (cycles)
106260775453,EXECUTE,2415,CYCLES,BACKEND,SUB-EVENT,attn_23_head_9_query_Conv:OpId_21355 (cycles)
106260775453,EXECUTE,2359,CYCLES,BACKEND,SUB-EVENT,attn_23_head_10_query_Conv:OpId_21365 (cycles)
106260775453,EXECUTE,2501,CYCLES,BACKEND,SUB-EVENT,attn_23_head_11_query_Conv:OpId_21375 (cycles)
106260775453,EXECUTE,2523,CYCLES,BACKEND,SUB-EVENT,attn_23_head_12_query_Conv:OpId_21385 (cycles)
106260775453,EXECUTE,2579,CYCLES,BACKEND,SUB-EVENT,attn_23_head_13_query_Conv:OpId_21395 (cycles)
106260775453,EXECUTE,2411,CYCLES,BACKEND,SUB-EVENT,Slice_828:OpId_21399 (cycles)
106260775453,EXECUTE,2308,CYCLES,BACKEND,SUB-EVENT,Slice_829:OpId_21405 (cycles)
106260775453,EXECUTE,2281,CYCLES,BACKEND,SUB-EVENT,Slice_830:OpId_21411 (cycles)
106260775453,EXECUTE,1675,CYCLES,BACKEND,SUB-EVENT,Slice_831:OpId_21417 (cycles)
106260775453,EXECUTE,0,CYCLES,BACKEND,SUB-EVENT,Concat_550:OpId_21422 (cycles)
106260775453,EXECUTE,2009,CYCLES,BACKEND,SUB-EVENT,Slice_836:OpId_21425 (cycles)
106260775453,EXECUTE,1971,CYCLES,BACKEND,SUB-EVENT,Slice_837:OpId_21431 (cycles)
106260775453,EXECUTE,1697,CYCLES,BACKEND,SUB-EVENT,Slice_838:OpId_21437 (cycles)
106260775453,EXECUTE,1768,CYCLES,BACKEND,SUB-EVENT,Slice_839:OpId_21443 (cycles)
106260775453,EXECUTE,1724,CYCLES,BACKEND,SUB-EVENT,Slice_840:OpId_21449 (cycles)
106260775453,EXECUTE,1667,CYCLES,BACKEND,SUB-EVENT,Slice_841:OpId_21455 (cycles)
106260775453,EXECUTE,1703,CYCLES,BACKEND,SUB-EVENT,Slice_842:OpId_21461 (cycles)
106260775453,EXECUTE,1678,CYCLES,BACKEND,SUB-EVENT,Slice_843:OpId_21467 (cycles)
106260775453,EXECUTE,1634,CYCLES,BACKEND,SUB-EVENT,Slice_844:OpId_21473 (cycles)
106260775453,EXECUTE,1676,CYCLES,BACKEND,SUB-EVENT,Slice_845:OpId_21479 (cycles)
106260775453,EXECUTE,1644,CYCLES,BACKEND,SUB-EVENT,Slice_846:OpId_21485 (cycles)
106260775453,EXECUTE,1644,CYCLES,BACKEND,SUB-EVENT,Slice_847:OpId_21491 (cycles)
106260775453,EXECUTE,1619,CYCLES,BACKEND,SUB-EVENT,Slice_848:OpId_21497 (cycles)
106260775453,EXECUTE,1652,CYCLES,BACKEND,SUB-EVENT,Slice_849:OpId_21503 (cycles)
106260775453,EXECUTE,1627,CYCLES,BACKEND,SUB-EVENT,Slice_850:OpId_21509 (cycles)
106260775453,EXECUTE,1698,CYCLES,BACKEND,SUB-EVENT,Slice_851:OpId_21515 (cycles)
106260775453,EXECUTE,1757,CYCLES,BACKEND,SUB-EVENT,Slice_852:OpId_21521 (cycles)
106260775453,EXECUTE,1741,CYCLES,BACKEND,SUB-EVENT,Slice_853:OpId_21527 (cycles)
106260775453,EXECUTE,1701,CYCLES,BACKEND,SUB-EVENT,Slice_854:OpId_21533 (cycles)
106260775453,EXECUTE,1737,CYCLES,BACKEND,SUB-EVENT,Slice_855:OpId_21539 (cycles)
106260775453,EXECUTE,1643,CYCLES,BACKEND,SUB-EVENT,Slice_856:OpId_21545 (cycles)
106260775453,EXECUTE,1654,CYCLES,BACKEND,SUB-EVENT,Slice_857:OpId_21551 (cycles)
106260775453,EXECUTE,1620,CYCLES,BACKEND,SUB-EVENT,Slice_858:OpId_21557 (cycles)
106260775453,EXECUTE,1634,CYCLES,BACKEND,SUB-EVENT,Slice_859:OpId_21563 (cycles)
106260775453,EXECUTE,1638,CYCLES,BACKEND,SUB-EVENT,Slice_860:OpId_21569 (cycles)
106260775453,EXECUTE,1601,CYCLES,BACKEND,SUB-EVENT,Slice_861:OpId_21575 (cycles)
106260775453,EXECUTE,1622,CYCLES,BACKEND,SUB-EVENT,Slice_862:OpId_21581 (cycles)
106260775453,EXECUTE,1578,CYCLES,BACKEND,SUB-EVENT,Slice_863:OpId_21587 (cycles)
106260775453,EXECUTE,8237,CYCLES,BACKEND,SUB-EVENT,Concat_532:OpId_21592 (cycles)
106260775453,EXECUTE,4972,CYCLES,BACKEND,SUB-EVENT,Concat_534:OpId_21594 (cycles)
106260775453,EXECUTE,2352,CYCLES,BACKEND,SUB-EVENT,Mul_1472:OpId_21596 (cycles)
106260775453,EXECUTE,1679,CYCLES,BACKEND,SUB-EVENT,Mul_1474:OpId_21598 (cycles)
106260775453,EXECUTE,1591,CYCLES,BACKEND,SUB-EVENT,Mul_1473:OpId_21600 (cycles)
106260775453,EXECUTE,1602,CYCLES,BACKEND,SUB-EVENT,Mul_1475:OpId_21602 (cycles)
106260775453,EXECUTE,1425,CYCLES,BACKEND,SUB-EVENT,Mul_1476:OpId_21604 (cycles)
106260775453,EXECUTE,1392,CYCLES,BACKEND,SUB-EVENT,Mul_1478:OpId_21606 (cycles)
106260775453,EXECUTE,1413,CYCLES,BACKEND,SUB-EVENT,Mul_1477:OpId_21608 (cycles)
106260775453,EXECUTE,1393,CYCLES,BACKEND,SUB-EVENT,Mul_1479:OpId_21610 (cycles)
106260775453,EXECUTE,1556,CYCLES,BACKEND,SUB-EVENT,Mul_1480:OpId_21612 (cycles)
106260775453,EXECUTE,1618,CYCLES,BACKEND,SUB-EVENT,Mul_1482:OpId_21614 (cycles)
106260775453,EXECUTE,1620,CYCLES,BACKEND,SUB-EVENT,Mul_1481:OpId_21616 (cycles)
106260775453,EXECUTE,1606,CYCLES,BACKEND,SUB-EVENT,Mul_1483:OpId_21618 (cycles)
106260775453,EXECUTE,1402,CYCLES,BACKEND,SUB-EVENT,Mul_1484:OpId_21620 (cycles)
106260775453,EXECUTE,1406,CYCLES,BACKEND,SUB-EVENT,Mul_1486:OpId_21622 (cycles)
106260775453,EXECUTE,1396,CYCLES,BACKEND,SUB-EVENT,Mul_1485:OpId_21624 (cycles)
106260775453,EXECUTE,1411,CYCLES,BACKEND,SUB-EVENT,Mul_1487:OpId_21626 (cycles)
106260775453,EXECUTE,1399,CYCLES,BACKEND,SUB-EVENT,Mul_1488:OpId_21628 (cycles)
106260775453,EXECUTE,1405,CYCLES,BACKEND,SUB-EVENT,Mul_1490:OpId_21630 (cycles)
106260775453,EXECUTE,1387,CYCLES,BACKEND,SUB-EVENT,Mul_1489:OpId_21632 (cycles)
106260775453,EXECUTE,1417,CYCLES,BACKEND,SUB-EVENT,Mul_1491:OpId_21634 (cycles)
106260775453,EXECUTE,1373,CYCLES,BACKEND,SUB-EVENT,Mul_1492:OpId_21636 (cycles)
106260775453,EXECUTE,1409,CYCLES,BACKEND,SUB-EVENT,Mul_1494:OpId_21638 (cycles)
106260775453,EXECUTE,1364,CYCLES,BACKEND,SUB-EVENT,Mul_1493:OpId_21640 (cycles)
106260775453,EXECUTE,1418,CYCLES,BACKEND,SUB-EVENT,Mul_1495:OpId_21642 (cycles)
106260775453,EXECUTE,1380,CYCLES,BACKEND,SUB-EVENT,Mul_1496:OpId_21644 (cycles)
106260775453,EXECUTE,1408,CYCLES,BACKEND,SUB-EVENT,Mul_1498:OpId_21646 (cycles)
106260775453,EXECUTE,1382,CYCLES,BACKEND,SUB-EVENT,Mul_1497:OpId_21648 (cycles)
106260775453,EXECUTE,1412,CYCLES,BACKEND,SUB-EVENT,Mul_1499:OpId_21650 (cycles)
106260775453,EXECUTE,1392,CYCLES,BACKEND,SUB-EVENT,Mul_1500:OpId_21652 (cycles)
106260775453,EXECUTE,1422,CYCLES,BACKEND,SUB-EVENT,Mul_1502:OpId_21654 (cycles)
106260775453,EXECUTE,1387,CYCLES,BACKEND,SUB-EVENT,Mul_1501:OpId_21656 (cycles)
106260775453,EXECUTE,1412,CYCLES,BACKEND,SUB-EVENT,Mul_1503:OpId_21658 (cycles)
106260775453,EXECUTE,1386,CYCLES,BACKEND,SUB-EVENT,Mul_1504:OpId_21660 (cycles)
106260775453,EXECUTE,1392,CYCLES,BACKEND,SUB-EVENT,Mul_1506:OpId_21662 (cycles)
106260775453,EXECUTE,1382,CYCLES,BACKEND,SUB-EVENT,Mul_1505:OpId_21664 (cycles)
106260775453,EXECUTE,1400,CYCLES,BACKEND,SUB-EVENT,Mul_1507:OpId_21666 (cycles)
106260775453,EXECUTE,1387,CYCLES,BACKEND,SUB-EVENT,Mul_1508:OpId_21668 (cycles)
106260775453,EXECUTE,1438,CYCLES,BACKEND,SUB-EVENT,Mul_1510:OpId_21670 (cycles)
106260775453,EXECUTE,1379,CYCLES,BACKEND,SUB-EVENT,Mul_1509:OpId_21672 (cycles)
106260775453,EXECUTE,1445,CYCLES,BACKEND,SUB-EVENT,Mul_1511:OpId_21674 (cycles)
106260775453,EXECUTE,1418,CYCLES,BACKEND,SUB-EVENT,Mul_1512:OpId_21676 (cycles)
106260775453,EXECUTE,1415,CYCLES,BACKEND,SUB-EVENT,Mul_1514:OpId_21678 (cycles)
106260775453,EXECUTE,1408,CYCLES,BACKEND,SUB-EVENT,Mul_1513:OpId_21680 (cycles)
106260775453,EXECUTE,1425,CYCLES,BACKEND,SUB-EVENT,Mul_1515:OpId_21682 (cycles)
106260775453,EXECUTE,1396,CYCLES,BACKEND,SUB-EVENT,Mul_1516:OpId_21684 (cycles)
106260775453,EXECUTE,1403,CYCLES,BACKEND,SUB-EVENT,Mul_1518:OpId_21686 (cycles)
106260775453,EXECUTE,1385,CYCLES,BACKEND,SUB-EVENT,Mul_1517:OpId_21688 (cycles)
106260775453,EXECUTE,1419,CYCLES,BACKEND,SUB-EVENT,Mul_1519:OpId_21690 (cycles)
106260775453,EXECUTE,1382,CYCLES,BACKEND,SUB-EVENT,Mul_1520:OpId_21692 (cycles)
106260775453,EXECUTE,1434,CYCLES,BACKEND,SUB-EVENT,Mul_1522:OpId_21694 (cycles)
106260775453,EXECUTE,1377,CYCLES,BACKEND,SUB-EVENT,Mul_1521:OpId_21696 (cycles)
106260775453,EXECUTE,1428,CYCLES,BACKEND,SUB-EVENT,Mul_1523:OpId_21698 (cycles)
106260775453,EXECUTE,1371,CYCLES,BACKEND,SUB-EVENT,Mul_1524:OpId_21700 (cycles)
106260775453,EXECUTE,1416,CYCLES,BACKEND,SUB-EVENT,Mul_1526:OpId_21702 (cycles)
106260775453,EXECUTE,1380,CYCLES,BACKEND,SUB-EVENT,Mul_1525:OpId_21704 (cycles)
106260775453,EXECUTE,1407,CYCLES,BACKEND,SUB-EVENT,Mul_1527:OpId_21706 (cycles)
106260775453,EXECUTE,1387,CYCLES,BACKEND,SUB-EVENT,Mul_1528:OpId_21708 (cycles)
106260775453,EXECUTE,1441,CYCLES,BACKEND,SUB-EVENT,Mul_1530:OpId_21710 (cycles)
106260775453,EXECUTE,1436,CYCLES,BACKEND,SUB-EVENT,Mul_1529:OpId_21712 (cycles)
106260775453,EXECUTE,1430,CYCLES,BACKEND,SUB-EVENT,Mul_1531:OpId_21714 (cycles)
106260775453,EXECUTE,1387,CYCLES,BACKEND,SUB-EVENT,Mul_1532:OpId_21716 (cycles)
106260775453,EXECUTE,1433,CYCLES,BACKEND,SUB-EVENT,Mul_1534:OpId_21718 (cycles)
106260775453,EXECUTE,1402,CYCLES,BACKEND,SUB-EVENT,Mul_1533:OpId_21720 (cycles)
106260775453,EXECUTE,1400,CYCLES,BACKEND,SUB-EVENT,Mul_1535:OpId_21722 (cycles)
106260775453,EXECUTE,2171,CYCLES,BACKEND,SUB-EVENT,Sub_368:OpId_21724 (cycles)
106260775453,EXECUTE,477,CYCLES,BACKEND,SUB-EVENT,Sub_368_converted_UFIXED_POINT_8:OpId_21726 (cycles)
106260775453,EXECUTE,1824,CYCLES,BACKEND,SUB-EVENT,Add_690:OpId_21729 (cycles)
106260775453,EXECUTE,484,CYCLES,BACKEND,SUB-EVENT,Add_690_converted_UFIXED_POINT_8:OpId_21731 (cycles)
106260775453,EXECUTE,1485,CYCLES,BACKEND,SUB-EVENT,Sub_369:OpId_21734 (cycles)
106260775453,EXECUTE,435,CYCLES,BACKEND,SUB-EVENT,Sub_369_converted_UFIXED_POINT_8:OpId_21736 (cycles)
106260775453,EXECUTE,1496,CYCLES,BACKEND,SUB-EVENT,Add_691:OpId_21739 (cycles)
106260775453,EXECUTE,452,CYCLES,BACKEND,SUB-EVENT,Add_691_converted_UFIXED_POINT_8:OpId_21741 (cycles)
106260775453,EXECUTE,1716,CYCLES,BACKEND,SUB-EVENT,Sub_370:OpId_21744 (cycles)
106260775453,EXECUTE,2272,CYCLES,BACKEND,SUB-EVENT,Add_692:OpId_21746 (cycles)
106260775453,EXECUTE,1458,CYCLES,BACKEND,SUB-EVENT,Sub_371:OpId_21748 (cycles)
106260775453,EXECUTE,2035,CYCLES,BACKEND,SUB-EVENT,Add_694:OpId_21750 (cycles)
106260775453,EXECUTE,1455,CYCLES,BACKEND,SUB-EVENT,Sub_372:OpId_21752 (cycles)
106260775453,EXECUTE,2082,CYCLES,BACKEND,SUB-EVENT,Add_696:OpId_21754 (cycles)
106260775453,EXECUTE,1440,CYCLES,BACKEND,SUB-EVENT,Sub_373:OpId_21756 (cycles)
106260775453,EXECUTE,2043,CYCLES,BACKEND,SUB-EVENT,Add_698:OpId_21758 (cycles)
106260775453,EXECUTE,1452,CYCLES,BACKEND,SUB-EVENT,Sub_374:OpId_21760 (cycles)
106260775453,EXECUTE,2107,CYCLES,BACKEND,SUB-EVENT,Add_700:OpId_21762 (cycles)
106260775453,EXECUTE,1468,CYCLES,BACKEND,SUB-EVENT,Sub_375:OpId_21764 (cycles)
106260775453,EXECUTE,2272,CYCLES,BACKEND,SUB-EVENT,Add_702:OpId_21766 (cycles)
106260775453,EXECUTE,1444,CYCLES,BACKEND,SUB-EVENT,Sub_376:OpId_21768 (cycles)
106260775453,EXECUTE,2100,CYCLES,BACKEND,SUB-EVENT,Add_704:OpId_21770 (cycles)
106260775453,EXECUTE,1441,CYCLES,BACKEND,SUB-EVENT,Sub_377:OpId_21772 (cycles)
106260775453,EXECUTE,2437,CYCLES,BACKEND,SUB-EVENT,Add_706:OpId_21774 (cycles)
106260775453,EXECUTE,1435,CYCLES,BACKEND,SUB-EVENT,Sub_378:OpId_21776 (cycles)
106260775453,EXECUTE,2161,CYCLES,BACKEND,SUB-EVENT,Add_708:OpId_21778 (cycles)
106260775453,EXECUTE,1480,CYCLES,BACKEND,SUB-EVENT,Sub_379:OpId_21780 (cycles)
106260775453,EXECUTE,2112,CYCLES,BACKEND,SUB-EVENT,Add_710:OpId_21782 (cycles)
106260775453,EXECUTE,1420,CYCLES,BACKEND,SUB-EVENT,Sub_380:OpId_21784 (cycles)
106260775453,EXECUTE,2212,CYCLES,BACKEND,SUB-EVENT,Add_712:OpId_21786 (cycles)
106260775453,EXECUTE,1461,CYCLES,BACKEND,SUB-EVENT,Sub_381:OpId_21788 (cycles)
106260775453,EXECUTE,2142,CYCLES,BACKEND,SUB-EVENT,Add_714:OpId_21790 (cycles)
106260775453,EXECUTE,1465,CYCLES,BACKEND,SUB-EVENT,Sub_382:OpId_21792 (cycles)
106260775453,EXECUTE,2273,CYCLES,BACKEND,SUB-EVENT,Add_716:OpId_21794 (cycles)
106260775453,EXECUTE,1533,CYCLES,BACKEND,SUB-EVENT,Sub_383:OpId_21796 (cycles)
106260775453,EXECUTE,2290,CYCLES,BACKEND,SUB-EVENT,Add_718:OpId_21798 (cycles)
106260775453,EXECUTE,2546,CYCLES,BACKEND,SUB-EVENT,Concat_529:OpId_21800 (cycles)
106260775453,EXECUTE,2263,CYCLES,BACKEND,SUB-EVENT,Concat_530:OpId_21802 (cycles)
106260775453,EXECUTE,0,CYCLES,BACKEND,SUB-EVENT,Concat_535:OpId_21804 (cycles)
106260775453,EXECUTE,0,CYCLES,BACKEND,SUB-EVENT,Concat_536:OpId_21806 (cycles)
106260775453,EXECUTE,0,CYCLES,BACKEND,SUB-EVENT,Concat_537:OpId_21808 (cycles)
106260775453,EXECUTE,0,CYCLES,BACKEND,SUB-EVENT,Concat_538:OpId_21810 (cycles)
106260775453,EXECUTE,0,CYCLES,BACKEND,SUB-EVENT,Concat_539:OpId_21812 (cycles)
106260775453,EXECUTE,0,CYCLES,BACKEND,SUB-EVENT,Concat_540:OpId_21814 (cycles)
106260775453,EXECUTE,0,CYCLES,BACKEND,SUB-EVENT,Concat_541:OpId_21816 (cycles)
106260775453,EXECUTE,0,CYCLES,BACKEND,SUB-EVENT,Concat_542:OpId_21818 (cycles)
106260775453,EXECUTE,0,CYCLES,BACKEND,SUB-EVENT,Concat_543:OpId_21820 (cycles)
106260775453,EXECUTE,0,CYCLES,BACKEND,SUB-EVENT,Concat_544:OpId_21822 (cycles)
106260775453,EXECUTE,0,CYCLES,BACKEND,SUB-EVENT,Concat_545:OpId_21824 (cycles)
106260775453,EXECUTE,0,CYCLES,BACKEND,SUB-EVENT,Concat_546:OpId_21826 (cycles)
106260775453,EXECUTE,0,CYCLES,BACKEND,SUB-EVENT,Concat_547:OpId_21828 (cycles)
106260775453,EXECUTE,0,CYCLES,BACKEND,SUB-EVENT,Concat_548:OpId_21830 (cycles)
106260775453,EXECUTE,6095,CYCLES,BACKEND,SUB-EVENT,attn_23_head_0_key_Transpose_0:OpId_21833 (cycles)
106260775453,EXECUTE,6120,CYCLES,BACKEND,SUB-EVENT,attn_23_head_1_key_Transpose_0:OpId_21835 (cycles)
106260775453,EXECUTE,0,CYCLES,BACKEND,SUB-EVENT,Concat_531:OpId_21836 (cycles)
106260775453,EXECUTE,0,CYCLES,BACKEND,SUB-EVENT,Concat_533:OpId_21838 (cycles)
106260775453,EXECUTE,0,CYCLES,BACKEND,SUB-EVENT,Concat_549:OpId_21840 (cycles)
106260775453,EXECUTE,128579,CYCLES,BACKEND,SUB-EVENT,attn_23_head_0_qk_MatMul_0:OpId_21842 (cycles)
106260775453,EXECUTE,16687,CYCLES,BACKEND,SUB-EVENT,attn_23_head_1_qk_MatMul_0:OpId_21846 (cycles)
106260775453,EXECUTE,16826,CYCLES,BACKEND,SUB-EVENT,attn_23_head_2_qk_MatMul_0:OpId_21850 (cycles)
106260775453,EXECUTE,17183,CYCLES,BACKEND,SUB-EVENT,attn_23_head_3_qk_MatMul_0:OpId_21854 (cycles)
106260775453,EXECUTE,17007,CYCLES,BACKEND,SUB-EVENT,attn_23_head_4_qk_MatMul_0:OpId_21858 (cycles)
106260775453,EXECUTE,16219,CYCLES,BACKEND,SUB-EVENT,attn_23_head_5_qk_MatMul_0:OpId_21862 (cycles)
106260775453,EXECUTE,16514,CYCLES,BACKEND,SUB-EVENT,attn_23_head_6_qk_MatMul_0:OpId_21866 (cycles)
106260775453,EXECUTE,130422,CYCLES,BACKEND,SUB-EVENT,attn_23_head_7_qk_MatMul_0:OpId_21870 (cycles)
106260775453,EXECUTE,17558,CYCLES,BACKEND,SUB-EVENT,attn_23_head_8_qk_MatMul_0:OpId_21874 (cycles)
106260775453,EXECUTE,16412,CYCLES,BACKEND,SUB-EVENT,attn_23_head_9_qk_MatMul_0:OpId_21878 (cycles)
106260775453,EXECUTE,16722,CYCLES,BACKEND,SUB-EVENT,attn_23_head_10_qk_MatMul_0:OpId_21882 (cycles)
106260775453,EXECUTE,17189,CYCLES,BACKEND,SUB-EVENT,attn_23_head_11_qk_MatMul_0:OpId_21886 (cycles)
106260775453,EXECUTE,16736,CYCLES,BACKEND,SUB-EVENT,attn_23_head_12_qk_MatMul_0:OpId_21890 (cycles)
106260775453,EXECUTE,16953,CYCLES,BACKEND,SUB-EVENT,attn_23_head_13_qk_MatMul_0:OpId_21894 (cycles)
106260775453,EXECUTE,65856,CYCLES,BACKEND,SUB-EVENT,Add_693:OpId_21898 (cycles)
106260775453,EXECUTE,64468,CYCLES,BACKEND,SUB-EVENT,Add_695:OpId_21900 (cycles)
106260775453,EXECUTE,64231,CYCLES,BACKEND,SUB-EVENT,Add_697:OpId_21902 (cycles)
106260775453,EXECUTE,71222,CYCLES,BACKEND,SUB-EVENT,Add_699:OpId_21904 (cycles)
106260775453,EXECUTE,60743,CYCLES,BACKEND,SUB-EVENT,Add_701:OpId_21906 (cycles)
106260775453,EXECUTE,66760,CYCLES,BACKEND,SUB-EVENT,Add_703:OpId_21908 (cycles)
106260775453,EXECUTE,57884,CYCLES,BACKEND,SUB-EVENT,Add_705:OpId_21910 (cycles)
106260775453,EXECUTE,65122,CYCLES,BACKEND,SUB-EVENT,Add_707:OpId_21912 (cycles)
106260775453,EXECUTE,67773,CYCLES,BACKEND,SUB-EVENT,Add_709:OpId_21914 (cycles)
106260775453,EXECUTE,65178,CYCLES,BACKEND,SUB-EVENT,Add_711:OpId_21916 (cycles)
106260775453,EXECUTE,62492,CYCLES,BACKEND,SUB-EVENT,Add_713:OpId_21918 (cycles)
106260775453,EXECUTE,57944,CYCLES,BACKEND,SUB-EVENT,Add_715:OpId_21920 (cycles)
106260775453,EXECUTE,66674,CYCLES,BACKEND,SUB-EVENT,Add_717:OpId_21922 (cycles)
106260775453,EXECUTE,62946,CYCLES,BACKEND,SUB-EVENT,Add_719:OpId_21924 (cycles)
106260775453,EXECUTE,153761,CYCLES,BACKEND,SUB-EVENT,attn_23_head_0_Softmax_0:OpId_21926 (cycles)
106260775453,EXECUTE,164310,CYCLES,BACKEND,SUB-EVENT,attn_23_head_1_Softmax_0:OpId_21929 (cycles)
106260775453,EXECUTE,167710,CYCLES,BACKEND,SUB-EVENT,attn_23_head_2_Softmax_0:OpId_21932 (cycles)
106260775453,EXECUTE,153326,CYCLES,BACKEND,SUB-EVENT,attn_23_head_3_Softmax_0:OpId_21935 (cycles)
106260775453,EXECUTE,155843,CYCLES,BACKEND,SUB-EVENT,attn_23_head_4_Softmax_0:OpId_21938 (cycles)
106260775453,EXECUTE,162743,CYCLES,BACKEND,SUB-EVENT,attn_23_head_5_Softmax_0:OpId_21941 (cycles)
106260775453,EXECUTE,150874,CYCLES,BACKEND,SUB-EVENT,attn_23_head_6_Softmax_0:OpId_21944 (cycles)
106260775453,EXECUTE,158887,CYCLES,BACKEND,SUB-EVENT,attn_23_head_7_Softmax_0:OpId_21947 (cycles)
106260775453,EXECUTE,167745,CYCLES,BACKEND,SUB-EVENT,attn_23_head_8_Softmax_0:OpId_21950 (cycles)
106260775453,EXECUTE,167118,CYCLES,BACKEND,SUB-EVENT,attn_23_head_9_Softmax_0:OpId_21953 (cycles)
106260775453,EXECUTE,156793,CYCLES,BACKEND,SUB-EVENT,attn_23_head_10_Softmax_0:OpId_21956 (cycles)
106260775453,EXECUTE,152059,CYCLES,BACKEND,SUB-EVENT,attn_23_head_11_Softmax_0:OpId_21959 (cycles)
106260775453,EXECUTE,163961,CYCLES,BACKEND,SUB-EVENT,attn_23_head_12_Softmax_0:OpId_21962 (cycles)
106260775453,EXECUTE,163365,CYCLES,BACKEND,SUB-EVENT,attn_23_head_13_Softmax_0:OpId_21965 (cycles)
106260775453,EXECUTE,40252,CYCLES,BACKEND,SUB-EVENT,attn_23_head_0_qkv_MatMul_0:OpId_21968 (cycles)
106260775453,EXECUTE,5044,CYCLES,BACKEND,SUB-EVENT,attn_23_head_1_qkv_MatMul_0:OpId_21972 (cycles)
106260775453,EXECUTE,5186,CYCLES,BACKEND,SUB-EVENT,attn_23_head_2_qkv_MatMul_0:OpId_21976 (cycles)
106260775453,EXECUTE,5210,CYCLES,BACKEND,SUB-EVENT,attn_23_head_3_qkv_MatMul_0:OpId_21980 (cycles)
106260775453,EXECUTE,5181,CYCLES,BACKEND,SUB-EVENT,attn_23_head_4_qkv_MatMul_0:OpId_21984 (cycles)
106260775453,EXECUTE,5194,CYCLES,BACKEND,SUB-EVENT,attn_23_head_5_qkv_MatMul_0:OpId_21988 (cycles)
106260775453,EXECUTE,5398,CYCLES,BACKEND,SUB-EVENT,attn_23_head_6_qkv_MatMul_0:OpId_21992 (cycles)
106260775453,EXECUTE,39533,CYCLES,BACKEND,SUB-EVENT,attn_23_head_7_qkv_MatMul_0:OpId_21996 (cycles)
106260775453,EXECUTE,4981,CYCLES,BACKEND,SUB-EVENT,attn_23_head_8_qkv_MatMul_0:OpId_22000 (cycles)
106260775453,EXECUTE,5155,CYCLES,BACKEND,SUB-EVENT,attn_23_head_9_qkv_MatMul_0:OpId_22004 (cycles)
106260775453,EXECUTE,5294,CYCLES,BACKEND,SUB-EVENT,attn_23_head_10_qkv_MatMul_0:OpId_22008 (cycles)
106260775453,EXECUTE,5053,CYCLES,BACKEND,SUB-EVENT,attn_23_head_11_qkv_MatMul_0:OpId_22012 (cycles)
106260775453,EXECUTE,5049,CYCLES,BACKEND,SUB-EVENT,attn_23_head_12_qkv_MatMul_0:OpId_22016 (cycles)
106260775453,EXECUTE,4318,CYCLES,BACKEND,SUB-EVENT,attn_23_head_13_qkv_MatMul_0:OpId_22020 (cycles)
106260775453,EXECUTE,0,CYCLES,BACKEND,SUB-EVENT,Concat_551:OpId_22024 (cycles)
106260775453,EXECUTE,0,CYCLES,BACKEND,SUB-EVENT,Reshape_25:OpId_22026 (cycles)
106260775453,EXECUTE,0,CYCLES,BACKEND,SUB-EVENT,model_layers_23_self_attn_Transpose_6:OpId_22028 (cycles)
106260775453,EXECUTE,23738,CYCLES,BACKEND,SUB-EVENT,model_layers_23_self_attn_o_proj_conv_Conv:OpId_22036 (cycles)
106260775453,EXECUTE,0,CYCLES,BACKEND,SUB-EVENT,/model_layers_23_self_attn_o_proj_conv_Conv/Conv_output_0.nchw:OpId_22040 (cycles)
106260775453,EXECUTE,0,CYCLES,BACKEND,SUB-EVENT,model_layers_23_self_attn_Reshape_9:OpId_22041 (cycles)
106260775453,EXECUTE,13166,CYCLES,BACKEND,SUB-EVENT,model_layers_23_Add:OpId_22042 (cycles)
106260775453,EXECUTE,101918,CYCLES,BACKEND,SUB-EVENT,rms_norm_92:OpId_22047 (cycles)
106260775453,EXECUTE,0,CYCLES,BACKEND,SUB-EVENT,model_layers_23_mlp_Reshape:OpId_22050 (cycles)
106260775453,EXECUTE,0,CYCLES,BACKEND,SUB-EVENT,model_layers_23_mlp_Transpose:OpId_22052 (cycles)
106260775453,EXECUTE,134437,CYCLES,BACKEND,SUB-EVENT,model_layers_23_mlp_gate_proj_conv_Conv:OpId_22060 (cycles)
106260775453,EXECUTE,144544,CYCLES,BACKEND,SUB-EVENT,model_layers_23_mlp_up_proj_conv_Conv:OpId_22070 (cycles)
106260775453,EXECUTE,0,CYCLES,BACKEND,SUB-EVENT,model_layers_23_mlp_act_fn_Sigmoid:OpId_22073 (cycles)
106260775453,EXECUTE,427106,CYCLES,BACKEND,SUB-EVENT,model_layers_23_mlp_act_fn_Mul:OpId_22080 (cycles)
106260775453,EXECUTE,196915,CYCLES,BACKEND,SUB-EVENT,model_layers_23_mlp_Mul:OpId_22082 (cycles)
106260775453,EXECUTE,79095,CYCLES,BACKEND,SUB-EVENT,model_layers_23_mlp_down_proj_conv_Conv:OpId_22091 (cycles)
106260775453,EXECUTE,0,CYCLES,BACKEND,SUB-EVENT,/model_layers_23_mlp_down_proj_conv_Conv/Conv_output_0.nchw:OpId_22095 (cycles)
106260775453,EXECUTE,0,CYCLES,BACKEND,SUB-EVENT,model_layers_23_mlp_Reshape_1:OpId_22096 (cycles)
106260775453,EXECUTE,13948,CYCLES,BACKEND,SUB-EVENT,model_layers_23_Add_1:OpId_22097 (cycles)
106260775453,EXECUTE,109750,CYCLES,BACKEND,SUB-EVENT,rms_norm_94:OpId_22102 (cycles)
106260775453,EXECUTE,0,CYCLES,BACKEND,SUB-EVENT,Reshape:OpId_22105 (cycles)
106260775453,EXECUTE,0,CYCLES,BACKEND,SUB-EVENT,Transpose:OpId_22107 (cycles)
106260775453,EXECUTE,9000143,CYCLES,BACKEND,SUB-EVENT,lm_head_conv_Conv:OpId_22115 (cycles)
106260775453,EXECUTE,0,CYCLES,BACKEND,SUB-EVENT,/lm_head_conv_Conv/Conv_output_0.nchw:OpId_22118 (cycles)
106260775453,EXECUTE,0,CYCLES,BACKEND,SUB-EVENT,Reshape_1:OpId_22119 (cycles)
106260775453,EXECUTE,17925947,CYCLES,BACKEND,SUB-EVENT,Output OpId_3 (cycles)
106260775453,EXECUTE,96060,US,BACKEND,ROOT,Accelerator (execute) time
106260775453,EXECUTE,93279,US,BACKEND,ROOT,Accelerator (execute excluding wait) time
106260775453,EXECUTE,,OBJECT,BACKEND,ROOT,Unknown event type
106260775453,EXECUTE,1015991,US,BACKEND,ROOT,QNN (execute) time
