input log file location, /data/local/tmp/genie_qwen25_qnn_htp_profile/qnn_profile/optrace/decode/part2/output/qnn-profiling-data_0.log
qnn-profile-viewer version, v2.34.0.250424201103_119471-auto
qnn-net-run version, v2.34.0.250424201103_119471-auto
Backend version, v2.34.0.250424201103_119471-auto
Msg Timestamp, Message, Time, Unit of Measurement, Timing Source, Event Level, Event Identifier
55841162480,INIT,289382,US,NETRUN,ROOT,null
55841162480,INIT,234645,US,BACKEND,ROOT,RPC (load binary) time
55841162480,INIT,180384,US,BACKEND,ROOT,QNN accelerator (load binary) time
55841162480,INIT,103072,US,BACKEND,ROOT,Accelerator (load binary) time
55841162480,INIT,76158,US,BACKEND,ROOT,Accelerator (load binary) time
55841162480,INIT,289297,US,BACKEND,ROOT,QNN (load binary) time
0,COMPOSE GRAPHS,0,US,NETRUN,ROOT,null
55842326891,DE-INIT,168412,US,NETRUN,ROOT,null
55842326891,DE-INIT,129936,US,BACKEND,ROOT,RPC (deinit) time
55842326891,DE-INIT,127585,US,BACKEND,ROOT,QNN Accelerator (deinit) time
55842326891,DE-INIT,579,US,BACKEND,ROOT,Accelerator (deinit) time
55842326891,DE-INIT,126928,US,BACKEND,ROOT,Accelerator (deinit) time
55842326891,DE-INIT,168264,US,BACKEND,ROOT,QNN (deinit) time
55842143040,EXECUTE,929401,US,NETRUN,ROOT,Graph 0: ar1_cl4096_2_of_2
55842143040,EXECUTE,4,COUNT,BACKEND,ROOT,Number of HVX threads used
55842143040,EXECUTE,912446,US,BACKEND,ROOT,RPC (execute) time
55842143040,EXECUTE,900472,US,BACKEND,ROOT,QNN accelerator (execute) time
55842143040,EXECUTE,0,COUNT,BACKEND,ROOT,Num times yield occured
55842143040,EXECUTE,2037,US,BACKEND,ROOT,Time for initial VTCM acquire
55842143040,EXECUTE,30275,US,BACKEND,ROOT,Time for HVX + HMX power on and acquire
55842143040,EXECUTE,41960800,CYCLES,BACKEND,ROOT,Accelerator (execute) time (cycles)
55842143040,EXECUTE,1675,CYCLES,BACKEND,SUB-EVENT,Input OpId_2 (cycles)
55842143040,EXECUTE,29052,CYCLES,BACKEND,SUB-EVENT,model_layers_0_self_attn_Mul_10:OpId_22121 (cycles)
55842143040,EXECUTE,32704,CYCLES,BACKEND,SUB-EVENT,Slice_112:OpId_22124 (cycles)
55842143040,EXECUTE,569,CYCLES,BACKEND,SUB-EVENT,Slice_113:OpId_22130 (cycles)
55842143040,EXECUTE,32335,CYCLES,BACKEND,SUB-EVENT,Slice_114:OpId_22136 (cycles)
55842143040,EXECUTE,398,CYCLES,BACKEND,SUB-EVENT,Slice_115:OpId_22142 (cycles)
55842143040,EXECUTE,33361,CYCLES,BACKEND,SUB-EVENT,Slice_148:OpId_22148 (cycles)
55842143040,EXECUTE,1457,CYCLES,BACKEND,SUB-EVENT,Slice_149:OpId_22154 (cycles)
55842143040,EXECUTE,30916,CYCLES,BACKEND,SUB-EVENT,Slice_150:OpId_22160 (cycles)
55842143040,EXECUTE,442,CYCLES,BACKEND,SUB-EVENT,Slice_151:OpId_22166 (cycles)
55842143040,EXECUTE,32248,CYCLES,BACKEND,SUB-EVENT,Slice_184:OpId_22172 (cycles)
55842143040,EXECUTE,531,CYCLES,BACKEND,SUB-EVENT,Slice_185:OpId_22178 (cycles)
55842143040,EXECUTE,32295,CYCLES,BACKEND,SUB-EVENT,Slice_186:OpId_22184 (cycles)
55842143040,EXECUTE,226,CYCLES,BACKEND,SUB-EVENT,Slice_187:OpId_22190 (cycles)
55842143040,EXECUTE,32219,CYCLES,BACKEND,SUB-EVENT,Slice_220:OpId_22196 (cycles)
55842143040,EXECUTE,577,CYCLES,BACKEND,SUB-EVENT,Slice_221:OpId_22202 (cycles)
55842143040,EXECUTE,31623,CYCLES,BACKEND,SUB-EVENT,Slice_222:OpId_22208 (cycles)
55842143040,EXECUTE,294,CYCLES,BACKEND,SUB-EVENT,Slice_223:OpId_22214 (cycles)
55842143040,EXECUTE,32792,CYCLES,BACKEND,SUB-EVENT,Slice_256:OpId_22220 (cycles)
55842143040,EXECUTE,749,CYCLES,BACKEND,SUB-EVENT,Slice_257:OpId_22226 (cycles)
55842143040,EXECUTE,33513,CYCLES,BACKEND,SUB-EVENT,Slice_258:OpId_22232 (cycles)
55842143040,EXECUTE,3991,CYCLES,BACKEND,SUB-EVENT,Slice_259:OpId_22238 (cycles)
55842143040,EXECUTE,29235,CYCLES,BACKEND,SUB-EVENT,Slice_292:OpId_22244 (cycles)
55842143040,EXECUTE,392,CYCLES,BACKEND,SUB-EVENT,Slice_293:OpId_22250 (cycles)
55842143040,EXECUTE,30460,CYCLES,BACKEND,SUB-EVENT,Slice_294:OpId_22256 (cycles)
55842143040,EXECUTE,466,CYCLES,BACKEND,SUB-EVENT,Slice_295:OpId_22262 (cycles)
55842143040,EXECUTE,33874,CYCLES,BACKEND,SUB-EVENT,Slice_328:OpId_22268 (cycles)
55842143040,EXECUTE,1136,CYCLES,BACKEND,SUB-EVENT,Slice_329:OpId_22274 (cycles)
55842143040,EXECUTE,36941,CYCLES,BACKEND,SUB-EVENT,Slice_330:OpId_22280 (cycles)
55842143040,EXECUTE,279,CYCLES,BACKEND,SUB-EVENT,Slice_331:OpId_22286 (cycles)
55842143040,EXECUTE,32809,CYCLES,BACKEND,SUB-EVENT,Slice_364:OpId_22292 (cycles)
55842143040,EXECUTE,583,CYCLES,BACKEND,SUB-EVENT,Slice_365:OpId_22298 (cycles)
55842143040,EXECUTE,33652,CYCLES,BACKEND,SUB-EVENT,Slice_366:OpId_22304 (cycles)
55842143040,EXECUTE,253,CYCLES,BACKEND,SUB-EVENT,Slice_367:OpId_22310 (cycles)
55842143040,EXECUTE,45276,CYCLES,BACKEND,SUB-EVENT,Slice_4:OpId_22316 (cycles)
55842143040,EXECUTE,30674,CYCLES,BACKEND,SUB-EVENT,Slice_40:OpId_22322 (cycles)
55842143040,EXECUTE,35429,CYCLES,BACKEND,SUB-EVENT,Slice_400:OpId_22328 (cycles)
55842143040,EXECUTE,588,CYCLES,BACKEND,SUB-EVENT,Slice_401:OpId_22334 (cycles)
55842143040,EXECUTE,34384,CYCLES,BACKEND,SUB-EVENT,Slice_402:OpId_22340 (cycles)
55842143040,EXECUTE,5051,CYCLES,BACKEND,SUB-EVENT,Slice_403:OpId_22346 (cycles)
55842143040,EXECUTE,1695,CYCLES,BACKEND,SUB-EVENT,Slice_41:OpId_22352 (cycles)
55842143040,EXECUTE,35455,CYCLES,BACKEND,SUB-EVENT,Slice_42:OpId_22358 (cycles)
55842143040,EXECUTE,14198,CYCLES,BACKEND,SUB-EVENT,Slice_43:OpId_22364 (cycles)
55842143040,EXECUTE,33376,CYCLES,BACKEND,SUB-EVENT,Slice_436:OpId_22370 (cycles)
55842143040,EXECUTE,613,CYCLES,BACKEND,SUB-EVENT,Slice_437:OpId_22376 (cycles)
55842143040,EXECUTE,33328,CYCLES,BACKEND,SUB-EVENT,Slice_438:OpId_22382 (cycles)
55842143040,EXECUTE,233,CYCLES,BACKEND,SUB-EVENT,Slice_439:OpId_22388 (cycles)
55842143040,EXECUTE,29875,CYCLES,BACKEND,SUB-EVENT,Slice_472:OpId_22394 (cycles)
55842143040,EXECUTE,1132,CYCLES,BACKEND,SUB-EVENT,Slice_473:OpId_22400 (cycles)
55842143040,EXECUTE,32146,CYCLES,BACKEND,SUB-EVENT,Slice_474:OpId_22406 (cycles)
55842143040,EXECUTE,23927,CYCLES,BACKEND,SUB-EVENT,Slice_475:OpId_22412 (cycles)
55842143040,EXECUTE,1322,CYCLES,BACKEND,SUB-EVENT,Slice_5:OpId_22418 (cycles)
55842143040,EXECUTE,33053,CYCLES,BACKEND,SUB-EVENT,Slice_508:OpId_22424 (cycles)
55842143040,EXECUTE,555,CYCLES,BACKEND,SUB-EVENT,Slice_509:OpId_22430 (cycles)
55842143040,EXECUTE,63491,CYCLES,BACKEND,SUB-EVENT,Slice_510:OpId_22436 (cycles)
55842143040,EXECUTE,13783,CYCLES,BACKEND,SUB-EVENT,Slice_511:OpId_22442 (cycles)
55842143040,EXECUTE,60135,CYCLES,BACKEND,SUB-EVENT,Slice_544:OpId_22448 (cycles)
55842143040,EXECUTE,557,CYCLES,BACKEND,SUB-EVENT,Slice_545:OpId_22454 (cycles)
55842143040,EXECUTE,66589,CYCLES,BACKEND,SUB-EVENT,Slice_546:OpId_22460 (cycles)
55842143040,EXECUTE,198,CYCLES,BACKEND,SUB-EVENT,Slice_547:OpId_22466 (cycles)
55842143040,EXECUTE,52970,CYCLES,BACKEND,SUB-EVENT,Slice_580:OpId_22472 (cycles)
55842143040,EXECUTE,9709,CYCLES,BACKEND,SUB-EVENT,Slice_581:OpId_22478 (cycles)
55842143040,EXECUTE,42177,CYCLES,BACKEND,SUB-EVENT,Slice_582:OpId_22484 (cycles)
55842143040,EXECUTE,14063,CYCLES,BACKEND,SUB-EVENT,Slice_583:OpId_22490 (cycles)
55842143040,EXECUTE,29437,CYCLES,BACKEND,SUB-EVENT,Slice_6:OpId_22496 (cycles)
55842143040,EXECUTE,54542,CYCLES,BACKEND,SUB-EVENT,Slice_616:OpId_22502 (cycles)
55842143040,EXECUTE,2345,CYCLES,BACKEND,SUB-EVENT,Slice_617:OpId_22508 (cycles)
55842143040,EXECUTE,64969,CYCLES,BACKEND,SUB-EVENT,Slice_618:OpId_22514 (cycles)
55842143040,EXECUTE,1401,CYCLES,BACKEND,SUB-EVENT,Slice_619:OpId_22520 (cycles)
55842143040,EXECUTE,61537,CYCLES,BACKEND,SUB-EVENT,Slice_652:OpId_22526 (cycles)
55842143040,EXECUTE,543,CYCLES,BACKEND,SUB-EVENT,Slice_653:OpId_22532 (cycles)
55842143040,EXECUTE,58336,CYCLES,BACKEND,SUB-EVENT,Slice_654:OpId_22538 (cycles)
55842143040,EXECUTE,332,CYCLES,BACKEND,SUB-EVENT,Slice_655:OpId_22544 (cycles)
55842143040,EXECUTE,52051,CYCLES,BACKEND,SUB-EVENT,Slice_688:OpId_22550 (cycles)
55842143040,EXECUTE,2019,CYCLES,BACKEND,SUB-EVENT,Slice_689:OpId_22556 (cycles)
55842143040,EXECUTE,38293,CYCLES,BACKEND,SUB-EVENT,Slice_690:OpId_22562 (cycles)
55842143040,EXECUTE,223,CYCLES,BACKEND,SUB-EVENT,Slice_691:OpId_22568 (cycles)
55842143040,EXECUTE,6950,CYCLES,BACKEND,SUB-EVENT,Slice_7:OpId_22574 (cycles)
55842143040,EXECUTE,59515,CYCLES,BACKEND,SUB-EVENT,Slice_724:OpId_22580 (cycles)
55842143040,EXECUTE,601,CYCLES,BACKEND,SUB-EVENT,Slice_725:OpId_22586 (cycles)
55842143040,EXECUTE,59987,CYCLES,BACKEND,SUB-EVENT,Slice_726:OpId_22592 (cycles)
55842143040,EXECUTE,374,CYCLES,BACKEND,SUB-EVENT,Slice_727:OpId_22598 (cycles)
55842143040,EXECUTE,30361,CYCLES,BACKEND,SUB-EVENT,Slice_76:OpId_22604 (cycles)
55842143040,EXECUTE,60601,CYCLES,BACKEND,SUB-EVENT,Slice_760:OpId_22610 (cycles)
55842143040,EXECUTE,547,CYCLES,BACKEND,SUB-EVENT,Slice_761:OpId_22616 (cycles)
55842143040,EXECUTE,46251,CYCLES,BACKEND,SUB-EVENT,Slice_762:OpId_22622 (cycles)
55842143040,EXECUTE,527,CYCLES,BACKEND,SUB-EVENT,Slice_763:OpId_22628 (cycles)
55842143040,EXECUTE,848,CYCLES,BACKEND,SUB-EVENT,Slice_77:OpId_22634 (cycles)
55842143040,EXECUTE,32283,CYCLES,BACKEND,SUB-EVENT,Slice_78:OpId_22640 (cycles)
55842143040,EXECUTE,246,CYCLES,BACKEND,SUB-EVENT,Slice_79:OpId_22646 (cycles)
55842143040,EXECUTE,58560,CYCLES,BACKEND,SUB-EVENT,Slice_796:OpId_22652 (cycles)
55842143040,EXECUTE,3411,CYCLES,BACKEND,SUB-EVENT,Slice_797:OpId_22658 (cycles)
55842143040,EXECUTE,41794,CYCLES,BACKEND,SUB-EVENT,Slice_798:OpId_22664 (cycles)
55842143040,EXECUTE,19228,CYCLES,BACKEND,SUB-EVENT,Slice_799:OpId_22670 (cycles)
55842143040,EXECUTE,61885,CYCLES,BACKEND,SUB-EVENT,Slice_832:OpId_22676 (cycles)
55842143040,EXECUTE,477,CYCLES,BACKEND,SUB-EVENT,Slice_833:OpId_22682 (cycles)
55842143040,EXECUTE,51458,CYCLES,BACKEND,SUB-EVENT,Slice_834:OpId_22688 (cycles)
55842143040,EXECUTE,35361,CYCLES,BACKEND,SUB-EVENT,Slice_835:OpId_22694 (cycles)
55842143040,EXECUTE,20761,CYCLES,BACKEND,SUB-EVENT,rms_norm_96:OpId_22702 (cycles)
55842143040,EXECUTE,1377,CYCLES,BACKEND,SUB-EVENT,OpId_22703 (cycles)
55842143040,EXECUTE,0,CYCLES,BACKEND,SUB-EVENT,model_layers_0_self_attn_Reshape:OpId_22705 (cycles)
55842143040,EXECUTE,0,CYCLES,BACKEND,SUB-EVENT,model_layers_0_self_attn_Transpose:OpId_22707 (cycles)
55842143040,EXECUTE,832,CYCLES,BACKEND,SUB-EVENT,attn_0_head_0_key_Conv:OpId_22715 (cycles)
55842143040,EXECUTE,1002,CYCLES,BACKEND,SUB-EVENT,attn_0_head_0_value_Conv:OpId_22725 (cycles)
55842143040,EXECUTE,2326,CYCLES,BACKEND,SUB-EVENT,attn_0_head_0_value_Transpose/output_converted_UFIXED_POINT_8:OpId_22728 (cycles)
55842143040,EXECUTE,992,CYCLES,BACKEND,SUB-EVENT,attn_0_head_1_key_Conv:OpId_22738 (cycles)
55842143040,EXECUTE,7578,CYCLES,BACKEND,SUB-EVENT,attn_0_head_1_value_Conv:OpId_22748 (cycles)
55842143040,EXECUTE,2497,CYCLES,BACKEND,SUB-EVENT,attn_0_head_1_value_Transpose/output_converted_UFIXED_POINT_8:OpId_22751 (cycles)
55842143040,EXECUTE,875,CYCLES,BACKEND,SUB-EVENT,attn_0_head_0_query_Conv:OpId_22761 (cycles)
55842143040,EXECUTE,947,CYCLES,BACKEND,SUB-EVENT,attn_0_head_1_query_Conv:OpId_22771 (cycles)
55842143040,EXECUTE,1107,CYCLES,BACKEND,SUB-EVENT,attn_0_head_2_query_Conv:OpId_22781 (cycles)
55842143040,EXECUTE,1157,CYCLES,BACKEND,SUB-EVENT,attn_0_head_3_query_Conv:OpId_22791 (cycles)
55842143040,EXECUTE,1397,CYCLES,BACKEND,SUB-EVENT,attn_0_head_4_query_Conv:OpId_22801 (cycles)
55842143040,EXECUTE,1121,CYCLES,BACKEND,SUB-EVENT,attn_0_head_5_query_Conv:OpId_22811 (cycles)
55842143040,EXECUTE,975,CYCLES,BACKEND,SUB-EVENT,attn_0_head_6_query_Conv:OpId_22821 (cycles)
55842143040,EXECUTE,894,CYCLES,BACKEND,SUB-EVENT,attn_0_head_7_query_Conv:OpId_22831 (cycles)
55842143040,EXECUTE,897,CYCLES,BACKEND,SUB-EVENT,attn_0_head_8_query_Conv:OpId_22841 (cycles)
55842143040,EXECUTE,1082,CYCLES,BACKEND,SUB-EVENT,attn_0_head_9_query_Conv:OpId_22851 (cycles)
55842143040,EXECUTE,1041,CYCLES,BACKEND,SUB-EVENT,attn_0_head_10_query_Conv:OpId_22861 (cycles)
55842143040,EXECUTE,1066,CYCLES,BACKEND,SUB-EVENT,attn_0_head_11_query_Conv:OpId_22871 (cycles)
55842143040,EXECUTE,960,CYCLES,BACKEND,SUB-EVENT,attn_0_head_12_query_Conv:OpId_22881 (cycles)
55842143040,EXECUTE,1015,CYCLES,BACKEND,SUB-EVENT,attn_0_head_13_query_Conv:OpId_22891 (cycles)
55842143040,EXECUTE,1742,CYCLES,BACKEND,SUB-EVENT,Slice_0:OpId_22895 (cycles)
55842143040,EXECUTE,1715,CYCLES,BACKEND,SUB-EVENT,Slice_1:OpId_22901 (cycles)
55842143040,EXECUTE,1085,CYCLES,BACKEND,SUB-EVENT,Slice_2:OpId_22907 (cycles)
55842143040,EXECUTE,1047,CYCLES,BACKEND,SUB-EVENT,Slice_3:OpId_22913 (cycles)
55842143040,EXECUTE,0,CYCLES,BACKEND,SUB-EVENT,Concat_21:OpId_22918 (cycles)
55842143040,EXECUTE,197,CYCLES,BACKEND,SUB-EVENT,Slice_8:OpId_22921 (cycles)
55842143040,EXECUTE,195,CYCLES,BACKEND,SUB-EVENT,Slice_9:OpId_22927 (cycles)
55842143040,EXECUTE,243,CYCLES,BACKEND,SUB-EVENT,Slice_10:OpId_22933 (cycles)
55842143040,EXECUTE,213,CYCLES,BACKEND,SUB-EVENT,Slice_11:OpId_22939 (cycles)
55842143040,EXECUTE,205,CYCLES,BACKEND,SUB-EVENT,Slice_12:OpId_22945 (cycles)
55842143040,EXECUTE,138,CYCLES,BACKEND,SUB-EVENT,Slice_13:OpId_22951 (cycles)
55842143040,EXECUTE,177,CYCLES,BACKEND,SUB-EVENT,Slice_14:OpId_22957 (cycles)
55842143040,EXECUTE,126,CYCLES,BACKEND,SUB-EVENT,Slice_15:OpId_22963 (cycles)
55842143040,EXECUTE,147,CYCLES,BACKEND,SUB-EVENT,Slice_16:OpId_22969 (cycles)
55842143040,EXECUTE,157,CYCLES,BACKEND,SUB-EVENT,Slice_17:OpId_22975 (cycles)
55842143040,EXECUTE,153,CYCLES,BACKEND,SUB-EVENT,Slice_18:OpId_22981 (cycles)
55842143040,EXECUTE,118,CYCLES,BACKEND,SUB-EVENT,Slice_19:OpId_22987 (cycles)
55842143040,EXECUTE,185,CYCLES,BACKEND,SUB-EVENT,Slice_20:OpId_22993 (cycles)
55842143040,EXECUTE,114,CYCLES,BACKEND,SUB-EVENT,Slice_21:OpId_22999 (cycles)
55842143040,EXECUTE,215,CYCLES,BACKEND,SUB-EVENT,Slice_22:OpId_23005 (cycles)
55842143040,EXECUTE,151,CYCLES,BACKEND,SUB-EVENT,Slice_23:OpId_23011 (cycles)
55842143040,EXECUTE,183,CYCLES,BACKEND,SUB-EVENT,Slice_24:OpId_23017 (cycles)
55842143040,EXECUTE,132,CYCLES,BACKEND,SUB-EVENT,Slice_25:OpId_23023 (cycles)
55842143040,EXECUTE,233,CYCLES,BACKEND,SUB-EVENT,Slice_26:OpId_23029 (cycles)
55842143040,EXECUTE,164,CYCLES,BACKEND,SUB-EVENT,Slice_27:OpId_23035 (cycles)
55842143040,EXECUTE,201,CYCLES,BACKEND,SUB-EVENT,Slice_28:OpId_23041 (cycles)
55842143040,EXECUTE,177,CYCLES,BACKEND,SUB-EVENT,Slice_29:OpId_23047 (cycles)
55842143040,EXECUTE,236,CYCLES,BACKEND,SUB-EVENT,Slice_30:OpId_23053 (cycles)
55842143040,EXECUTE,184,CYCLES,BACKEND,SUB-EVENT,Slice_31:OpId_23059 (cycles)
55842143040,EXECUTE,180,CYCLES,BACKEND,SUB-EVENT,Slice_32:OpId_23065 (cycles)
55842143040,EXECUTE,208,CYCLES,BACKEND,SUB-EVENT,Slice_33:OpId_23071 (cycles)
55842143040,EXECUTE,228,CYCLES,BACKEND,SUB-EVENT,Slice_34:OpId_23077 (cycles)
55842143040,EXECUTE,192,CYCLES,BACKEND,SUB-EVENT,Slice_35:OpId_23083 (cycles)
55842143040,EXECUTE,5664,CYCLES,BACKEND,SUB-EVENT,Concat_3:OpId_23088 (cycles)
55842143040,EXECUTE,6555,CYCLES,BACKEND,SUB-EVENT,Concat_5:OpId_23090 (cycles)
55842143040,EXECUTE,2555,CYCLES,BACKEND,SUB-EVENT,Mul_0:OpId_23092 (cycles)
55842143040,EXECUTE,2769,CYCLES,BACKEND,SUB-EVENT,Mul_2:OpId_23094 (cycles)
55842143040,EXECUTE,741,CYCLES,BACKEND,SUB-EVENT,Mul_1:OpId_23096 (cycles)
55842143040,EXECUTE,622,CYCLES,BACKEND,SUB-EVENT,Mul_3:OpId_23098 (cycles)
55842143040,EXECUTE,262,CYCLES,BACKEND,SUB-EVENT,Mul_4:OpId_23100 (cycles)
55842143040,EXECUTE,211,CYCLES,BACKEND,SUB-EVENT,Mul_6:OpId_23102 (cycles)
55842143040,EXECUTE,209,CYCLES,BACKEND,SUB-EVENT,Mul_5:OpId_23104 (cycles)
55842143040,EXECUTE,226,CYCLES,BACKEND,SUB-EVENT,Mul_7:OpId_23106 (cycles)
55842143040,EXECUTE,590,CYCLES,BACKEND,SUB-EVENT,Mul_8:OpId_23108 (cycles)
55842143040,EXECUTE,588,CYCLES,BACKEND,SUB-EVENT,Mul_10:OpId_23110 (cycles)
55842143040,EXECUTE,566,CYCLES,BACKEND,SUB-EVENT,Mul_9:OpId_23112 (cycles)
55842143040,EXECUTE,507,CYCLES,BACKEND,SUB-EVENT,Mul_11:OpId_23114 (cycles)
55842143040,EXECUTE,207,CYCLES,BACKEND,SUB-EVENT,Mul_12:OpId_23116 (cycles)
55842143040,EXECUTE,172,CYCLES,BACKEND,SUB-EVENT,Mul_14:OpId_23118 (cycles)
55842143040,EXECUTE,189,CYCLES,BACKEND,SUB-EVENT,Mul_13:OpId_23120 (cycles)
55842143040,EXECUTE,194,CYCLES,BACKEND,SUB-EVENT,Mul_15:OpId_23122 (cycles)
55842143040,EXECUTE,176,CYCLES,BACKEND,SUB-EVENT,Mul_16:OpId_23124 (cycles)
55842143040,EXECUTE,190,CYCLES,BACKEND,SUB-EVENT,Mul_18:OpId_23126 (cycles)
55842143040,EXECUTE,180,CYCLES,BACKEND,SUB-EVENT,Mul_17:OpId_23128 (cycles)
55842143040,EXECUTE,175,CYCLES,BACKEND,SUB-EVENT,Mul_19:OpId_23130 (cycles)
55842143040,EXECUTE,158,CYCLES,BACKEND,SUB-EVENT,Mul_20:OpId_23132 (cycles)
55842143040,EXECUTE,157,CYCLES,BACKEND,SUB-EVENT,Mul_22:OpId_23134 (cycles)
55842143040,EXECUTE,158,CYCLES,BACKEND,SUB-EVENT,Mul_21:OpId_23136 (cycles)
55842143040,EXECUTE,160,CYCLES,BACKEND,SUB-EVENT,Mul_23:OpId_23138 (cycles)
55842143040,EXECUTE,264,CYCLES,BACKEND,SUB-EVENT,Mul_24:OpId_23140 (cycles)
55842143040,EXECUTE,142,CYCLES,BACKEND,SUB-EVENT,Mul_26:OpId_23142 (cycles)
55842143040,EXECUTE,184,CYCLES,BACKEND,SUB-EVENT,Mul_25:OpId_23144 (cycles)
55842143040,EXECUTE,163,CYCLES,BACKEND,SUB-EVENT,Mul_27:OpId_23146 (cycles)
55842143040,EXECUTE,155,CYCLES,BACKEND,SUB-EVENT,Mul_28:OpId_23148 (cycles)
55842143040,EXECUTE,179,CYCLES,BACKEND,SUB-EVENT,Mul_30:OpId_23150 (cycles)
55842143040,EXECUTE,163,CYCLES,BACKEND,SUB-EVENT,Mul_29:OpId_23152 (cycles)
55842143040,EXECUTE,170,CYCLES,BACKEND,SUB-EVENT,Mul_31:OpId_23154 (cycles)
55842143040,EXECUTE,393,CYCLES,BACKEND,SUB-EVENT,Mul_32:OpId_23156 (cycles)
55842143040,EXECUTE,158,CYCLES,BACKEND,SUB-EVENT,Mul_34:OpId_23158 (cycles)
55842143040,EXECUTE,180,CYCLES,BACKEND,SUB-EVENT,Mul_33:OpId_23160 (cycles)
55842143040,EXECUTE,153,CYCLES,BACKEND,SUB-EVENT,Mul_35:OpId_23162 (cycles)
55842143040,EXECUTE,163,CYCLES,BACKEND,SUB-EVENT,Mul_36:OpId_23164 (cycles)
55842143040,EXECUTE,162,CYCLES,BACKEND,SUB-EVENT,Mul_38:OpId_23166 (cycles)
55842143040,EXECUTE,165,CYCLES,BACKEND,SUB-EVENT,Mul_37:OpId_23168 (cycles)
55842143040,EXECUTE,139,CYCLES,BACKEND,SUB-EVENT,Mul_39:OpId_23170 (cycles)
55842143040,EXECUTE,224,CYCLES,BACKEND,SUB-EVENT,Mul_40:OpId_23172 (cycles)
55842143040,EXECUTE,200,CYCLES,BACKEND,SUB-EVENT,Mul_42:OpId_23174 (cycles)
55842143040,EXECUTE,199,CYCLES,BACKEND,SUB-EVENT,Mul_41:OpId_23176 (cycles)
55842143040,EXECUTE,174,CYCLES,BACKEND,SUB-EVENT,Mul_43:OpId_23178 (cycles)
55842143040,EXECUTE,168,CYCLES,BACKEND,SUB-EVENT,Mul_44:OpId_23180 (cycles)
55842143040,EXECUTE,176,CYCLES,BACKEND,SUB-EVENT,Mul_46:OpId_23182 (cycles)
55842143040,EXECUTE,168,CYCLES,BACKEND,SUB-EVENT,Mul_45:OpId_23184 (cycles)
55842143040,EXECUTE,185,CYCLES,BACKEND,SUB-EVENT,Mul_47:OpId_23186 (cycles)
55842143040,EXECUTE,192,CYCLES,BACKEND,SUB-EVENT,Mul_48:OpId_23188 (cycles)
55842143040,EXECUTE,173,CYCLES,BACKEND,SUB-EVENT,Mul_50:OpId_23190 (cycles)
55842143040,EXECUTE,177,CYCLES,BACKEND,SUB-EVENT,Mul_49:OpId_23192 (cycles)
55842143040,EXECUTE,158,CYCLES,BACKEND,SUB-EVENT,Mul_51:OpId_23194 (cycles)
55842143040,EXECUTE,193,CYCLES,BACKEND,SUB-EVENT,Mul_52:OpId_23196 (cycles)
55842143040,EXECUTE,203,CYCLES,BACKEND,SUB-EVENT,Mul_54:OpId_23198 (cycles)
55842143040,EXECUTE,163,CYCLES,BACKEND,SUB-EVENT,Mul_53:OpId_23200 (cycles)
55842143040,EXECUTE,176,CYCLES,BACKEND,SUB-EVENT,Mul_55:OpId_23202 (cycles)
55842143040,EXECUTE,169,CYCLES,BACKEND,SUB-EVENT,Mul_56:OpId_23204 (cycles)
55842143040,EXECUTE,174,CYCLES,BACKEND,SUB-EVENT,Mul_58:OpId_23206 (cycles)
55842143040,EXECUTE,155,CYCLES,BACKEND,SUB-EVENT,Mul_57:OpId_23208 (cycles)
55842143040,EXECUTE,341,CYCLES,BACKEND,SUB-EVENT,Mul_59:OpId_23210 (cycles)
55842143040,EXECUTE,144,CYCLES,BACKEND,SUB-EVENT,Mul_60:OpId_23212 (cycles)
55842143040,EXECUTE,159,CYCLES,BACKEND,SUB-EVENT,Mul_62:OpId_23214 (cycles)
55842143040,EXECUTE,246,CYCLES,BACKEND,SUB-EVENT,Mul_61:OpId_23216 (cycles)
55842143040,EXECUTE,171,CYCLES,BACKEND,SUB-EVENT,Mul_63:OpId_23218 (cycles)
55842143040,EXECUTE,1518,CYCLES,BACKEND,SUB-EVENT,Sub_0:OpId_23220 (cycles)
55842143040,EXECUTE,1275,CYCLES,BACKEND,SUB-EVENT,Sub_converted_UFIXED_POINT_8:OpId_23222 (cycles)
55842143040,EXECUTE,1567,CYCLES,BACKEND,SUB-EVENT,Add_0:OpId_23225 (cycles)
55842143040,EXECUTE,1233,CYCLES,BACKEND,SUB-EVENT,Add_converted_UFIXED_POINT_8:OpId_23227 (cycles)
55842143040,EXECUTE,1385,CYCLES,BACKEND,SUB-EVENT,Sub_1:OpId_23230 (cycles)
55842143040,EXECUTE,1138,CYCLES,BACKEND,SUB-EVENT,Sub_1_converted_UFIXED_POINT_8:OpId_23232 (cycles)
55842143040,EXECUTE,232,CYCLES,BACKEND,SUB-EVENT,Add_1:OpId_23235 (cycles)
55842143040,EXECUTE,651,CYCLES,BACKEND,SUB-EVENT,Add_1_converted_UFIXED_POINT_8:OpId_23237 (cycles)
55842143040,EXECUTE,1106,CYCLES,BACKEND,SUB-EVENT,Sub_2:OpId_23240 (cycles)
55842143040,EXECUTE,1111,CYCLES,BACKEND,SUB-EVENT,Add_2:OpId_23242 (cycles)
55842143040,EXECUTE,458,CYCLES,BACKEND,SUB-EVENT,Sub_3:OpId_23244 (cycles)
55842143040,EXECUTE,424,CYCLES,BACKEND,SUB-EVENT,Add_4:OpId_23246 (cycles)
55842143040,EXECUTE,401,CYCLES,BACKEND,SUB-EVENT,Sub_4:OpId_23248 (cycles)
55842143040,EXECUTE,419,CYCLES,BACKEND,SUB-EVENT,Add_6:OpId_23250 (cycles)
55842143040,EXECUTE,383,CYCLES,BACKEND,SUB-EVENT,Sub_5:OpId_23252 (cycles)
55842143040,EXECUTE,344,CYCLES,BACKEND,SUB-EVENT,Add_8:OpId_23254 (cycles)
55842143040,EXECUTE,340,CYCLES,BACKEND,SUB-EVENT,Sub_6:OpId_23256 (cycles)
55842143040,EXECUTE,543,CYCLES,BACKEND,SUB-EVENT,Add_10:OpId_23258 (cycles)
55842143040,EXECUTE,384,CYCLES,BACKEND,SUB-EVENT,Sub_7:OpId_23260 (cycles)
55842143040,EXECUTE,431,CYCLES,BACKEND,SUB-EVENT,Add_12:OpId_23262 (cycles)
55842143040,EXECUTE,318,CYCLES,BACKEND,SUB-EVENT,Sub_8:OpId_23264 (cycles)
55842143040,EXECUTE,373,CYCLES,BACKEND,SUB-EVENT,Add_14:OpId_23266 (cycles)
55842143040,EXECUTE,410,CYCLES,BACKEND,SUB-EVENT,Sub_9:OpId_23268 (cycles)
55842143040,EXECUTE,446,CYCLES,BACKEND,SUB-EVENT,Add_16:OpId_23270 (cycles)
55842143040,EXECUTE,425,CYCLES,BACKEND,SUB-EVENT,Sub_10:OpId_23272 (cycles)
55842143040,EXECUTE,650,CYCLES,BACKEND,SUB-EVENT,Add_18:OpId_23274 (cycles)
55842143040,EXECUTE,399,CYCLES,BACKEND,SUB-EVENT,Sub_11:OpId_23276 (cycles)
55842143040,EXECUTE,412,CYCLES,BACKEND,SUB-EVENT,Add_20:OpId_23278 (cycles)
55842143040,EXECUTE,423,CYCLES,BACKEND,SUB-EVENT,Sub_12:OpId_23280 (cycles)
55842143040,EXECUTE,382,CYCLES,BACKEND,SUB-EVENT,Add_22:OpId_23282 (cycles)
55842143040,EXECUTE,532,CYCLES,BACKEND,SUB-EVENT,Sub_13:OpId_23284 (cycles)
55842143040,EXECUTE,537,CYCLES,BACKEND,SUB-EVENT,Add_24:OpId_23286 (cycles)
55842143040,EXECUTE,391,CYCLES,BACKEND,SUB-EVENT,Sub_14:OpId_23288 (cycles)
55842143040,EXECUTE,365,CYCLES,BACKEND,SUB-EVENT,Add_26:OpId_23290 (cycles)
55842143040,EXECUTE,324,CYCLES,BACKEND,SUB-EVENT,Sub_15:OpId_23292 (cycles)
55842143040,EXECUTE,398,CYCLES,BACKEND,SUB-EVENT,Add_28:OpId_23294 (cycles)
55842143040,EXECUTE,1199,CYCLES,BACKEND,SUB-EVENT,Concat_0:OpId_23296 (cycles)
55842143040,EXECUTE,1082,CYCLES,BACKEND,SUB-EVENT,Concat_1:OpId_23298 (cycles)
55842143040,EXECUTE,0,CYCLES,BACKEND,SUB-EVENT,Concat_6:OpId_23300 (cycles)
55842143040,EXECUTE,0,CYCLES,BACKEND,SUB-EVENT,Concat_7:OpId_23302 (cycles)
55842143040,EXECUTE,0,CYCLES,BACKEND,SUB-EVENT,Concat_8:OpId_23304 (cycles)
55842143040,EXECUTE,0,CYCLES,BACKEND,SUB-EVENT,Concat_9:OpId_23306 (cycles)
55842143040,EXECUTE,0,CYCLES,BACKEND,SUB-EVENT,Concat_10:OpId_23308 (cycles)
55842143040,EXECUTE,0,CYCLES,BACKEND,SUB-EVENT,Concat_11:OpId_23310 (cycles)
55842143040,EXECUTE,0,CYCLES,BACKEND,SUB-EVENT,Concat_12:OpId_23312 (cycles)
55842143040,EXECUTE,0,CYCLES,BACKEND,SUB-EVENT,Concat_13:OpId_23314 (cycles)
55842143040,EXECUTE,0,CYCLES,BACKEND,SUB-EVENT,Concat_14:OpId_23316 (cycles)
55842143040,EXECUTE,0,CYCLES,BACKEND,SUB-EVENT,Concat_15:OpId_23318 (cycles)
55842143040,EXECUTE,0,CYCLES,BACKEND,SUB-EVENT,Concat_16:OpId_23320 (cycles)
55842143040,EXECUTE,0,CYCLES,BACKEND,SUB-EVENT,Concat_17:OpId_23322 (cycles)
55842143040,EXECUTE,0,CYCLES,BACKEND,SUB-EVENT,Concat_18:OpId_23324 (cycles)
55842143040,EXECUTE,0,CYCLES,BACKEND,SUB-EVENT,Concat_19:OpId_23326 (cycles)
55842143040,EXECUTE,0,CYCLES,BACKEND,SUB-EVENT,attn_0_head_0_key_Transpose_0:OpId_23329 (cycles)
55842143040,EXECUTE,0,CYCLES,BACKEND,SUB-EVENT,attn_0_head_1_key_Transpose_0:OpId_23331 (cycles)
55842143040,EXECUTE,0,CYCLES,BACKEND,SUB-EVENT,Concat_2:OpId_23332 (cycles)
55842143040,EXECUTE,0,CYCLES,BACKEND,SUB-EVENT,Concat_4:OpId_23334 (cycles)
55842143040,EXECUTE,0,CYCLES,BACKEND,SUB-EVENT,Concat_20:OpId_23336 (cycles)
55842143040,EXECUTE,171819,CYCLES,BACKEND,SUB-EVENT,attn_0_head_0_qk_MatMul_0:OpId_23338 (cycles)
55842143040,EXECUTE,7250,CYCLES,BACKEND,SUB-EVENT,attn_0_head_1_qk_MatMul_0:OpId_23342 (cycles)
55842143040,EXECUTE,6943,CYCLES,BACKEND,SUB-EVENT,attn_0_head_2_qk_MatMul_0:OpId_23346 (cycles)
55842143040,EXECUTE,7483,CYCLES,BACKEND,SUB-EVENT,attn_0_head_3_qk_MatMul_0:OpId_23350 (cycles)
55842143040,EXECUTE,7347,CYCLES,BACKEND,SUB-EVENT,attn_0_head_4_qk_MatMul_0:OpId_23354 (cycles)
55842143040,EXECUTE,7348,CYCLES,BACKEND,SUB-EVENT,attn_0_head_5_qk_MatMul_0:OpId_23358 (cycles)
55842143040,EXECUTE,7507,CYCLES,BACKEND,SUB-EVENT,attn_0_head_6_qk_MatMul_0:OpId_23362 (cycles)
55842143040,EXECUTE,127615,CYCLES,BACKEND,SUB-EVENT,attn_0_head_7_qk_MatMul_0:OpId_23366 (cycles)
55842143040,EXECUTE,7394,CYCLES,BACKEND,SUB-EVENT,attn_0_head_8_qk_MatMul_0:OpId_23370 (cycles)
55842143040,EXECUTE,7457,CYCLES,BACKEND,SUB-EVENT,attn_0_head_9_qk_MatMul_0:OpId_23374 (cycles)
55842143040,EXECUTE,7063,CYCLES,BACKEND,SUB-EVENT,attn_0_head_10_qk_MatMul_0:OpId_23378 (cycles)
55842143040,EXECUTE,6613,CYCLES,BACKEND,SUB-EVENT,attn_0_head_11_qk_MatMul_0:OpId_23382 (cycles)
55842143040,EXECUTE,7570,CYCLES,BACKEND,SUB-EVENT,attn_0_head_12_qk_MatMul_0:OpId_23386 (cycles)
55842143040,EXECUTE,7353,CYCLES,BACKEND,SUB-EVENT,attn_0_head_13_qk_MatMul_0:OpId_23390 (cycles)
55842143040,EXECUTE,21892,CYCLES,BACKEND,SUB-EVENT,Add_3:OpId_23394 (cycles)
55842143040,EXECUTE,17309,CYCLES,BACKEND,SUB-EVENT,Add_5:OpId_23396 (cycles)
55842143040,EXECUTE,17875,CYCLES,BACKEND,SUB-EVENT,Add_7:OpId_23398 (cycles)
55842143040,EXECUTE,17245,CYCLES,BACKEND,SUB-EVENT,Add_9:OpId_23400 (cycles)
55842143040,EXECUTE,16814,CYCLES,BACKEND,SUB-EVENT,Add_11:OpId_23402 (cycles)
55842143040,EXECUTE,16788,CYCLES,BACKEND,SUB-EVENT,Add_13:OpId_23404 (cycles)
55842143040,EXECUTE,17102,CYCLES,BACKEND,SUB-EVENT,Add_15:OpId_23406 (cycles)
55842143040,EXECUTE,17062,CYCLES,BACKEND,SUB-EVENT,Add_17:OpId_23408 (cycles)
55842143040,EXECUTE,18098,CYCLES,BACKEND,SUB-EVENT,Add_19:OpId_23410 (cycles)
55842143040,EXECUTE,16775,CYCLES,BACKEND,SUB-EVENT,Add_21:OpId_23412 (cycles)
55842143040,EXECUTE,17392,CYCLES,BACKEND,SUB-EVENT,Add_23:OpId_23414 (cycles)
55842143040,EXECUTE,19526,CYCLES,BACKEND,SUB-EVENT,Add_25:OpId_23416 (cycles)
55842143040,EXECUTE,19592,CYCLES,BACKEND,SUB-EVENT,Add_27:OpId_23418 (cycles)
55842143040,EXECUTE,17599,CYCLES,BACKEND,SUB-EVENT,Add_29:OpId_23420 (cycles)
55842143040,EXECUTE,15994,CYCLES,BACKEND,SUB-EVENT,attn_0_head_0_Softmax_0:OpId_23422 (cycles)
55842143040,EXECUTE,15080,CYCLES,BACKEND,SUB-EVENT,attn_0_head_1_Softmax_0:OpId_23425 (cycles)
55842143040,EXECUTE,11758,CYCLES,BACKEND,SUB-EVENT,attn_0_head_2_Softmax_0:OpId_23428 (cycles)
55842143040,EXECUTE,14337,CYCLES,BACKEND,SUB-EVENT,attn_0_head_3_Softmax_0:OpId_23431 (cycles)
55842143040,EXECUTE,14357,CYCLES,BACKEND,SUB-EVENT,attn_0_head_4_Softmax_0:OpId_23434 (cycles)
55842143040,EXECUTE,11405,CYCLES,BACKEND,SUB-EVENT,attn_0_head_5_Softmax_0:OpId_23437 (cycles)
55842143040,EXECUTE,11365,CYCLES,BACKEND,SUB-EVENT,attn_0_head_6_Softmax_0:OpId_23440 (cycles)
55842143040,EXECUTE,11322,CYCLES,BACKEND,SUB-EVENT,attn_0_head_7_Softmax_0:OpId_23443 (cycles)
55842143040,EXECUTE,13533,CYCLES,BACKEND,SUB-EVENT,attn_0_head_8_Softmax_0:OpId_23446 (cycles)
55842143040,EXECUTE,10809,CYCLES,BACKEND,SUB-EVENT,attn_0_head_9_Softmax_0:OpId_23449 (cycles)
55842143040,EXECUTE,13795,CYCLES,BACKEND,SUB-EVENT,attn_0_head_10_Softmax_0:OpId_23452 (cycles)
55842143040,EXECUTE,10725,CYCLES,BACKEND,SUB-EVENT,attn_0_head_11_Softmax_0:OpId_23455 (cycles)
55842143040,EXECUTE,11049,CYCLES,BACKEND,SUB-EVENT,attn_0_head_12_Softmax_0:OpId_23458 (cycles)
55842143040,EXECUTE,11080,CYCLES,BACKEND,SUB-EVENT,attn_0_head_13_Softmax_0:OpId_23461 (cycles)
55842143040,EXECUTE,43369,CYCLES,BACKEND,SUB-EVENT,attn_0_head_0_qkv_MatMul_0:OpId_23464 (cycles)
55842143040,EXECUTE,1344,CYCLES,BACKEND,SUB-EVENT,attn_0_head_1_qkv_MatMul_0:OpId_23468 (cycles)
55842143040,EXECUTE,1382,CYCLES,BACKEND,SUB-EVENT,attn_0_head_2_qkv_MatMul_0:OpId_23472 (cycles)
55842143040,EXECUTE,1392,CYCLES,BACKEND,SUB-EVENT,attn_0_head_3_qkv_MatMul_0:OpId_23476 (cycles)
55842143040,EXECUTE,1376,CYCLES,BACKEND,SUB-EVENT,attn_0_head_4_qkv_MatMul_0:OpId_23480 (cycles)
55842143040,EXECUTE,1446,CYCLES,BACKEND,SUB-EVENT,attn_0_head_5_qkv_MatMul_0:OpId_23484 (cycles)
55842143040,EXECUTE,1313,CYCLES,BACKEND,SUB-EVENT,attn_0_head_6_qkv_MatMul_0:OpId_23488 (cycles)
55842143040,EXECUTE,42888,CYCLES,BACKEND,SUB-EVENT,attn_0_head_7_qkv_MatMul_0:OpId_23492 (cycles)
55842143040,EXECUTE,1409,CYCLES,BACKEND,SUB-EVENT,attn_0_head_8_qkv_MatMul_0:OpId_23496 (cycles)
55842143040,EXECUTE,1224,CYCLES,BACKEND,SUB-EVENT,attn_0_head_9_qkv_MatMul_0:OpId_23500 (cycles)
55842143040,EXECUTE,1408,CYCLES,BACKEND,SUB-EVENT,attn_0_head_10_qkv_MatMul_0:OpId_23504 (cycles)
55842143040,EXECUTE,1224,CYCLES,BACKEND,SUB-EVENT,attn_0_head_11_qkv_MatMul_0:OpId_23508 (cycles)
55842143040,EXECUTE,1395,CYCLES,BACKEND,SUB-EVENT,attn_0_head_12_qkv_MatMul_0:OpId_23512 (cycles)
55842143040,EXECUTE,1436,CYCLES,BACKEND,SUB-EVENT,attn_0_head_13_qkv_MatMul_0:OpId_23516 (cycles)
55842143040,EXECUTE,0,CYCLES,BACKEND,SUB-EVENT,Concat_22:OpId_23520 (cycles)
55842143040,EXECUTE,0,CYCLES,BACKEND,SUB-EVENT,Reshape_2:OpId_23522 (cycles)
55842143040,EXECUTE,0,CYCLES,BACKEND,SUB-EVENT,model_layers_0_self_attn_Transpose_6:OpId_23524 (cycles)
55842143040,EXECUTE,22852,CYCLES,BACKEND,SUB-EVENT,model_layers_0_self_attn_o_proj_conv_Conv:OpId_23532 (cycles)
55842143040,EXECUTE,462,CYCLES,BACKEND,SUB-EVENT,/model_layers_0_self_attn_o_proj_conv_Conv/Conv_output_0.nchw:OpId_23536 (cycles)
55842143040,EXECUTE,0,CYCLES,BACKEND,SUB-EVENT,model_layers_0_self_attn_Reshape_9:OpId_23537 (cycles)
55842143040,EXECUTE,14342,CYCLES,BACKEND,SUB-EVENT,model_layers_0_Add:OpId_23538 (cycles)
55842143040,EXECUTE,8156,CYCLES,BACKEND,SUB-EVENT,rms_norm_0:OpId_23543 (cycles)
55842143040,EXECUTE,0,CYCLES,BACKEND,SUB-EVENT,model_layers_0_mlp_Reshape:OpId_23546 (cycles)
55842143040,EXECUTE,0,CYCLES,BACKEND,SUB-EVENT,model_layers_0_mlp_Transpose:OpId_23548 (cycles)
55842143040,EXECUTE,71809,CYCLES,BACKEND,SUB-EVENT,model_layers_0_mlp_gate_proj_conv_Conv:OpId_23556 (cycles)
55842143040,EXECUTE,59497,CYCLES,BACKEND,SUB-EVENT,model_layers_0_mlp_up_proj_conv_Conv:OpId_23566 (cycles)
55842143040,EXECUTE,0,CYCLES,BACKEND,SUB-EVENT,model_layers_0_mlp_act_fn_Sigmoid:OpId_23569 (cycles)
55842143040,EXECUTE,41778,CYCLES,BACKEND,SUB-EVENT,model_layers_0_mlp_act_fn_Mul:OpId_23576 (cycles)
55842143040,EXECUTE,18877,CYCLES,BACKEND,SUB-EVENT,model_layers_0_mlp_Mul:OpId_23578 (cycles)
55842143040,EXECUTE,31320,CYCLES,BACKEND,SUB-EVENT,model_layers_0_mlp_down_proj_conv_Conv:OpId_23587 (cycles)
55842143040,EXECUTE,371,CYCLES,BACKEND,SUB-EVENT,/model_layers_0_mlp_down_proj_conv_Conv/Conv_output_0.nchw:OpId_23591 (cycles)
55842143040,EXECUTE,0,CYCLES,BACKEND,SUB-EVENT,model_layers_0_mlp_Reshape_1:OpId_23592 (cycles)
55842143040,EXECUTE,3521,CYCLES,BACKEND,SUB-EVENT,model_layers_0_Add_1:OpId_23593 (cycles)
55842143040,EXECUTE,6844,CYCLES,BACKEND,SUB-EVENT,rms_norm_2:OpId_23598 (cycles)
55842143040,EXECUTE,0,CYCLES,BACKEND,SUB-EVENT,model_layers_1_self_attn_Reshape:OpId_23601 (cycles)
55842143040,EXECUTE,0,CYCLES,BACKEND,SUB-EVENT,model_layers_1_self_attn_Transpose:OpId_23603 (cycles)
55842143040,EXECUTE,697,CYCLES,BACKEND,SUB-EVENT,attn_1_head_0_key_Conv:OpId_23611 (cycles)
55842143040,EXECUTE,1005,CYCLES,BACKEND,SUB-EVENT,attn_1_head_0_value_Conv:OpId_23621 (cycles)
55842143040,EXECUTE,415,CYCLES,BACKEND,SUB-EVENT,attn_1_head_0_value_Transpose/output_converted_UFIXED_POINT_8:OpId_23624 (cycles)
55842143040,EXECUTE,3511,CYCLES,BACKEND,SUB-EVENT,attn_1_head_1_key_Conv:OpId_23634 (cycles)
55842143040,EXECUTE,944,CYCLES,BACKEND,SUB-EVENT,attn_1_head_1_value_Conv:OpId_23644 (cycles)
55842143040,EXECUTE,868,CYCLES,BACKEND,SUB-EVENT,attn_1_head_1_value_Transpose/output_converted_UFIXED_POINT_8:OpId_23647 (cycles)
55842143040,EXECUTE,717,CYCLES,BACKEND,SUB-EVENT,attn_1_head_0_query_Conv:OpId_23657 (cycles)
55842143040,EXECUTE,756,CYCLES,BACKEND,SUB-EVENT,attn_1_head_1_query_Conv:OpId_23667 (cycles)
55842143040,EXECUTE,814,CYCLES,BACKEND,SUB-EVENT,attn_1_head_2_query_Conv:OpId_23677 (cycles)
55842143040,EXECUTE,745,CYCLES,BACKEND,SUB-EVENT,attn_1_head_3_query_Conv:OpId_23687 (cycles)
55842143040,EXECUTE,817,CYCLES,BACKEND,SUB-EVENT,attn_1_head_4_query_Conv:OpId_23697 (cycles)
55842143040,EXECUTE,902,CYCLES,BACKEND,SUB-EVENT,attn_1_head_5_query_Conv:OpId_23707 (cycles)
55842143040,EXECUTE,787,CYCLES,BACKEND,SUB-EVENT,attn_1_head_6_query_Conv:OpId_23717 (cycles)
55842143040,EXECUTE,815,CYCLES,BACKEND,SUB-EVENT,attn_1_head_7_query_Conv:OpId_23727 (cycles)
55842143040,EXECUTE,914,CYCLES,BACKEND,SUB-EVENT,attn_1_head_8_query_Conv:OpId_23737 (cycles)
55842143040,EXECUTE,974,CYCLES,BACKEND,SUB-EVENT,attn_1_head_9_query_Conv:OpId_23747 (cycles)
55842143040,EXECUTE,707,CYCLES,BACKEND,SUB-EVENT,attn_1_head_10_query_Conv:OpId_23757 (cycles)
55842143040,EXECUTE,928,CYCLES,BACKEND,SUB-EVENT,attn_1_head_11_query_Conv:OpId_23767 (cycles)
55842143040,EXECUTE,762,CYCLES,BACKEND,SUB-EVENT,attn_1_head_12_query_Conv:OpId_23777 (cycles)
55842143040,EXECUTE,805,CYCLES,BACKEND,SUB-EVENT,attn_1_head_13_query_Conv:OpId_23787 (cycles)
55842143040,EXECUTE,315,CYCLES,BACKEND,SUB-EVENT,Slice_36:OpId_23791 (cycles)
55842143040,EXECUTE,246,CYCLES,BACKEND,SUB-EVENT,Slice_37:OpId_23797 (cycles)
55842143040,EXECUTE,255,CYCLES,BACKEND,SUB-EVENT,Slice_38:OpId_23803 (cycles)
55842143040,EXECUTE,238,CYCLES,BACKEND,SUB-EVENT,Slice_39:OpId_23809 (cycles)
55842143040,EXECUTE,0,CYCLES,BACKEND,SUB-EVENT,Concat_44:OpId_23814 (cycles)
55842143040,EXECUTE,209,CYCLES,BACKEND,SUB-EVENT,Slice_44:OpId_23817 (cycles)
55842143040,EXECUTE,174,CYCLES,BACKEND,SUB-EVENT,Slice_45:OpId_23823 (cycles)
55842143040,EXECUTE,186,CYCLES,BACKEND,SUB-EVENT,Slice_46:OpId_23829 (cycles)
55842143040,EXECUTE,122,CYCLES,BACKEND,SUB-EVENT,Slice_47:OpId_23835 (cycles)
55842143040,EXECUTE,293,CYCLES,BACKEND,SUB-EVENT,Slice_48:OpId_23841 (cycles)
55842143040,EXECUTE,186,CYCLES,BACKEND,SUB-EVENT,Slice_49:OpId_23847 (cycles)
55842143040,EXECUTE,235,CYCLES,BACKEND,SUB-EVENT,Slice_50:OpId_23853 (cycles)
55842143040,EXECUTE,150,CYCLES,BACKEND,SUB-EVENT,Slice_51:OpId_23859 (cycles)
55842143040,EXECUTE,275,CYCLES,BACKEND,SUB-EVENT,Slice_52:OpId_23865 (cycles)
55842143040,EXECUTE,222,CYCLES,BACKEND,SUB-EVENT,Slice_53:OpId_23871 (cycles)
55842143040,EXECUTE,275,CYCLES,BACKEND,SUB-EVENT,Slice_54:OpId_23877 (cycles)
55842143040,EXECUTE,234,CYCLES,BACKEND,SUB-EVENT,Slice_55:OpId_23883 (cycles)
55842143040,EXECUTE,172,CYCLES,BACKEND,SUB-EVENT,Slice_56:OpId_23889 (cycles)
55842143040,EXECUTE,151,CYCLES,BACKEND,SUB-EVENT,Slice_57:OpId_23895 (cycles)
55842143040,EXECUTE,268,CYCLES,BACKEND,SUB-EVENT,Slice_58:OpId_23901 (cycles)
55842143040,EXECUTE,224,CYCLES,BACKEND,SUB-EVENT,Slice_59:OpId_23907 (cycles)
55842143040,EXECUTE,214,CYCLES,BACKEND,SUB-EVENT,Slice_60:OpId_23913 (cycles)
55842143040,EXECUTE,159,CYCLES,BACKEND,SUB-EVENT,Slice_61:OpId_23919 (cycles)
55842143040,EXECUTE,270,CYCLES,BACKEND,SUB-EVENT,Slice_62:OpId_23925 (cycles)
55842143040,EXECUTE,219,CYCLES,BACKEND,SUB-EVENT,Slice_63:OpId_23931 (cycles)
55842143040,EXECUTE,215,CYCLES,BACKEND,SUB-EVENT,Slice_64:OpId_23937 (cycles)
55842143040,EXECUTE,232,CYCLES,BACKEND,SUB-EVENT,Slice_65:OpId_23943 (cycles)
55842143040,EXECUTE,231,CYCLES,BACKEND,SUB-EVENT,Slice_66:OpId_23949 (cycles)
55842143040,EXECUTE,166,CYCLES,BACKEND,SUB-EVENT,Slice_67:OpId_23955 (cycles)
55842143040,EXECUTE,231,CYCLES,BACKEND,SUB-EVENT,Slice_68:OpId_23961 (cycles)
55842143040,EXECUTE,233,CYCLES,BACKEND,SUB-EVENT,Slice_69:OpId_23967 (cycles)
55842143040,EXECUTE,243,CYCLES,BACKEND,SUB-EVENT,Slice_70:OpId_23973 (cycles)
55842143040,EXECUTE,206,CYCLES,BACKEND,SUB-EVENT,Slice_71:OpId_23979 (cycles)
55842143040,EXECUTE,6298,CYCLES,BACKEND,SUB-EVENT,Concat_26:OpId_23984 (cycles)
55842143040,EXECUTE,5288,CYCLES,BACKEND,SUB-EVENT,Concat_28:OpId_23986 (cycles)
55842143040,EXECUTE,664,CYCLES,BACKEND,SUB-EVENT,Mul_64:OpId_23988 (cycles)
55842143040,EXECUTE,612,CYCLES,BACKEND,SUB-EVENT,Mul_66:OpId_23990 (cycles)
55842143040,EXECUTE,590,CYCLES,BACKEND,SUB-EVENT,Mul_65:OpId_23992 (cycles)
55842143040,EXECUTE,596,CYCLES,BACKEND,SUB-EVENT,Mul_67:OpId_23994 (cycles)
55842143040,EXECUTE,180,CYCLES,BACKEND,SUB-EVENT,Mul_68:OpId_23996 (cycles)
55842143040,EXECUTE,115,CYCLES,BACKEND,SUB-EVENT,Mul_70:OpId_23998 (cycles)
55842143040,EXECUTE,137,CYCLES,BACKEND,SUB-EVENT,Mul_69:OpId_24000 (cycles)
55842143040,EXECUTE,154,CYCLES,BACKEND,SUB-EVENT,Mul_71:OpId_24002 (cycles)
55842143040,EXECUTE,413,CYCLES,BACKEND,SUB-EVENT,Mul_72:OpId_24004 (cycles)
55842143040,EXECUTE,333,CYCLES,BACKEND,SUB-EVENT,Mul_74:OpId_24006 (cycles)
55842143040,EXECUTE,338,CYCLES,BACKEND,SUB-EVENT,Mul_73:OpId_24008 (cycles)
55842143040,EXECUTE,430,CYCLES,BACKEND,SUB-EVENT,Mul_75:OpId_24010 (cycles)
55842143040,EXECUTE,178,CYCLES,BACKEND,SUB-EVENT,Mul_76:OpId_24012 (cycles)
55842143040,EXECUTE,127,CYCLES,BACKEND,SUB-EVENT,Mul_78:OpId_24014 (cycles)
55842143040,EXECUTE,212,CYCLES,BACKEND,SUB-EVENT,Mul_77:OpId_24016 (cycles)
55842143040,EXECUTE,145,CYCLES,BACKEND,SUB-EVENT,Mul_79:OpId_24018 (cycles)
55842143040,EXECUTE,233,CYCLES,BACKEND,SUB-EVENT,Mul_80:OpId_24020 (cycles)
55842143040,EXECUTE,181,CYCLES,BACKEND,SUB-EVENT,Mul_82:OpId_24022 (cycles)
55842143040,EXECUTE,161,CYCLES,BACKEND,SUB-EVENT,Mul_81:OpId_24024 (cycles)
55842143040,EXECUTE,214,CYCLES,BACKEND,SUB-EVENT,Mul_83:OpId_24026 (cycles)
55842143040,EXECUTE,240,CYCLES,BACKEND,SUB-EVENT,Mul_84:OpId_24028 (cycles)
55842143040,EXECUTE,131,CYCLES,BACKEND,SUB-EVENT,Mul_86:OpId_24030 (cycles)
55842143040,EXECUTE,156,CYCLES,BACKEND,SUB-EVENT,Mul_85:OpId_24032 (cycles)
55842143040,EXECUTE,241,CYCLES,BACKEND,SUB-EVENT,Mul_87:OpId_24034 (cycles)
55842143040,EXECUTE,228,CYCLES,BACKEND,SUB-EVENT,Mul_88:OpId_24036 (cycles)
55842143040,EXECUTE,124,CYCLES,BACKEND,SUB-EVENT,Mul_90:OpId_24038 (cycles)
55842143040,EXECUTE,153,CYCLES,BACKEND,SUB-EVENT,Mul_89:OpId_24040 (cycles)
55842143040,EXECUTE,149,CYCLES,BACKEND,SUB-EVENT,Mul_91:OpId_24042 (cycles)
55842143040,EXECUTE,221,CYCLES,BACKEND,SUB-EVENT,Mul_92:OpId_24044 (cycles)
55842143040,EXECUTE,182,CYCLES,BACKEND,SUB-EVENT,Mul_94:OpId_24046 (cycles)
55842143040,EXECUTE,215,CYCLES,BACKEND,SUB-EVENT,Mul_93:OpId_24048 (cycles)
55842143040,EXECUTE,180,CYCLES,BACKEND,SUB-EVENT,Mul_95:OpId_24050 (cycles)
55842143040,EXECUTE,187,CYCLES,BACKEND,SUB-EVENT,Mul_96:OpId_24052 (cycles)
55842143040,EXECUTE,149,CYCLES,BACKEND,SUB-EVENT,Mul_98:OpId_24054 (cycles)
55842143040,EXECUTE,234,CYCLES,BACKEND,SUB-EVENT,Mul_97:OpId_24056 (cycles)
55842143040,EXECUTE,135,CYCLES,BACKEND,SUB-EVENT,Mul_99:OpId_24058 (cycles)
55842143040,EXECUTE,239,CYCLES,BACKEND,SUB-EVENT,Mul_100:OpId_24060 (cycles)
55842143040,EXECUTE,170,CYCLES,BACKEND,SUB-EVENT,Mul_102:OpId_24062 (cycles)
55842143040,EXECUTE,223,CYCLES,BACKEND,SUB-EVENT,Mul_101:OpId_24064 (cycles)
55842143040,EXECUTE,219,CYCLES,BACKEND,SUB-EVENT,Mul_103:OpId_24066 (cycles)
55842143040,EXECUTE,182,CYCLES,BACKEND,SUB-EVENT,Mul_104:OpId_24068 (cycles)
55842143040,EXECUTE,152,CYCLES,BACKEND,SUB-EVENT,Mul_106:OpId_24070 (cycles)
55842143040,EXECUTE,202,CYCLES,BACKEND,SUB-EVENT,Mul_105:OpId_24072 (cycles)
55842143040,EXECUTE,167,CYCLES,BACKEND,SUB-EVENT,Mul_107:OpId_24074 (cycles)
55842143040,EXECUTE,191,CYCLES,BACKEND,SUB-EVENT,Mul_108:OpId_24076 (cycles)
55842143040,EXECUTE,186,CYCLES,BACKEND,SUB-EVENT,Mul_110:OpId_24078 (cycles)
55842143040,EXECUTE,248,CYCLES,BACKEND,SUB-EVENT,Mul_109:OpId_24080 (cycles)
55842143040,EXECUTE,191,CYCLES,BACKEND,SUB-EVENT,Mul_111:OpId_24082 (cycles)
55842143040,EXECUTE,193,CYCLES,BACKEND,SUB-EVENT,Mul_112:OpId_24084 (cycles)
55842143040,EXECUTE,221,CYCLES,BACKEND,SUB-EVENT,Mul_114:OpId_24086 (cycles)
55842143040,EXECUTE,277,CYCLES,BACKEND,SUB-EVENT,Mul_113:OpId_24088 (cycles)
55842143040,EXECUTE,147,CYCLES,BACKEND,SUB-EVENT,Mul_115:OpId_24090 (cycles)
55842143040,EXECUTE,239,CYCLES,BACKEND,SUB-EVENT,Mul_116:OpId_24092 (cycles)
55842143040,EXECUTE,161,CYCLES,BACKEND,SUB-EVENT,Mul_118:OpId_24094 (cycles)
55842143040,EXECUTE,168,CYCLES,BACKEND,SUB-EVENT,Mul_117:OpId_24096 (cycles)
55842143040,EXECUTE,194,CYCLES,BACKEND,SUB-EVENT,Mul_119:OpId_24098 (cycles)
55842143040,EXECUTE,157,CYCLES,BACKEND,SUB-EVENT,Mul_120:OpId_24100 (cycles)
55842143040,EXECUTE,134,CYCLES,BACKEND,SUB-EVENT,Mul_122:OpId_24102 (cycles)
55842143040,EXECUTE,216,CYCLES,BACKEND,SUB-EVENT,Mul_121:OpId_24104 (cycles)
55842143040,EXECUTE,154,CYCLES,BACKEND,SUB-EVENT,Mul_123:OpId_24106 (cycles)
55842143040,EXECUTE,156,CYCLES,BACKEND,SUB-EVENT,Mul_124:OpId_24108 (cycles)
55842143040,EXECUTE,167,CYCLES,BACKEND,SUB-EVENT,Mul_126:OpId_24110 (cycles)
55842143040,EXECUTE,189,CYCLES,BACKEND,SUB-EVENT,Mul_125:OpId_24112 (cycles)
55842143040,EXECUTE,177,CYCLES,BACKEND,SUB-EVENT,Mul_127:OpId_24114 (cycles)
55842143040,EXECUTE,689,CYCLES,BACKEND,SUB-EVENT,Sub_16:OpId_24116 (cycles)
55842143040,EXECUTE,246,CYCLES,BACKEND,SUB-EVENT,Sub_16_converted_UFIXED_POINT_8:OpId_24118 (cycles)
55842143040,EXECUTE,471,CYCLES,BACKEND,SUB-EVENT,Add_30:OpId_24121 (cycles)
55842143040,EXECUTE,224,CYCLES,BACKEND,SUB-EVENT,Add_30_converted_UFIXED_POINT_8:OpId_24123 (cycles)
55842143040,EXECUTE,190,CYCLES,BACKEND,SUB-EVENT,Sub_17:OpId_24126 (cycles)
55842143040,EXECUTE,259,CYCLES,BACKEND,SUB-EVENT,Sub_17_converted_UFIXED_POINT_8:OpId_24128 (cycles)
55842143040,EXECUTE,240,CYCLES,BACKEND,SUB-EVENT,Add_31:OpId_24131 (cycles)
55842143040,EXECUTE,261,CYCLES,BACKEND,SUB-EVENT,Add_31_converted_UFIXED_POINT_8:OpId_24133 (cycles)
55842143040,EXECUTE,690,CYCLES,BACKEND,SUB-EVENT,Sub_18:OpId_24136 (cycles)
55842143040,EXECUTE,720,CYCLES,BACKEND,SUB-EVENT,Add_32:OpId_24138 (cycles)
55842143040,EXECUTE,424,CYCLES,BACKEND,SUB-EVENT,Sub_19:OpId_24140 (cycles)
55842143040,EXECUTE,558,CYCLES,BACKEND,SUB-EVENT,Add_34:OpId_24142 (cycles)
55842143040,EXECUTE,477,CYCLES,BACKEND,SUB-EVENT,Sub_20:OpId_24144 (cycles)
55842143040,EXECUTE,422,CYCLES,BACKEND,SUB-EVENT,Add_36:OpId_24146 (cycles)
55842143040,EXECUTE,425,CYCLES,BACKEND,SUB-EVENT,Sub_21:OpId_24148 (cycles)
55842143040,EXECUTE,418,CYCLES,BACKEND,SUB-EVENT,Add_38:OpId_24150 (cycles)
55842143040,EXECUTE,454,CYCLES,BACKEND,SUB-EVENT,Sub_22:OpId_24152 (cycles)
55842143040,EXECUTE,491,CYCLES,BACKEND,SUB-EVENT,Add_40:OpId_24154 (cycles)
55842143040,EXECUTE,497,CYCLES,BACKEND,SUB-EVENT,Sub_23:OpId_24156 (cycles)
55842143040,EXECUTE,467,CYCLES,BACKEND,SUB-EVENT,Add_42:OpId_24158 (cycles)
55842143040,EXECUTE,670,CYCLES,BACKEND,SUB-EVENT,Sub_24:OpId_24160 (cycles)
55842143040,EXECUTE,530,CYCLES,BACKEND,SUB-EVENT,Add_44:OpId_24162 (cycles)
55842143040,EXECUTE,498,CYCLES,BACKEND,SUB-EVENT,Sub_25:OpId_24164 (cycles)
55842143040,EXECUTE,474,CYCLES,BACKEND,SUB-EVENT,Add_46:OpId_24166 (cycles)
55842143040,EXECUTE,500,CYCLES,BACKEND,SUB-EVENT,Sub_26:OpId_24168 (cycles)
55842143040,EXECUTE,511,CYCLES,BACKEND,SUB-EVENT,Add_48:OpId_24170 (cycles)
55842143040,EXECUTE,451,CYCLES,BACKEND,SUB-EVENT,Sub_27:OpId_24172 (cycles)
55842143040,EXECUTE,445,CYCLES,BACKEND,SUB-EVENT,Add_50:OpId_24174 (cycles)
55842143040,EXECUTE,432,CYCLES,BACKEND,SUB-EVENT,Sub_28:OpId_24176 (cycles)
55842143040,EXECUTE,501,CYCLES,BACKEND,SUB-EVENT,Add_52:OpId_24178 (cycles)
55842143040,EXECUTE,468,CYCLES,BACKEND,SUB-EVENT,Sub_29:OpId_24180 (cycles)
55842143040,EXECUTE,419,CYCLES,BACKEND,SUB-EVENT,Add_54:OpId_24182 (cycles)
55842143040,EXECUTE,400,CYCLES,BACKEND,SUB-EVENT,Sub_30:OpId_24184 (cycles)
55842143040,EXECUTE,728,CYCLES,BACKEND,SUB-EVENT,Add_56:OpId_24186 (cycles)
55842143040,EXECUTE,502,CYCLES,BACKEND,SUB-EVENT,Sub_31:OpId_24188 (cycles)
55842143040,EXECUTE,504,CYCLES,BACKEND,SUB-EVENT,Add_58:OpId_24190 (cycles)
55842143040,EXECUTE,1237,CYCLES,BACKEND,SUB-EVENT,Concat_23:OpId_24192 (cycles)
55842143040,EXECUTE,977,CYCLES,BACKEND,SUB-EVENT,Concat_24:OpId_24194 (cycles)
55842143040,EXECUTE,0,CYCLES,BACKEND,SUB-EVENT,Concat_29:OpId_24196 (cycles)
55842143040,EXECUTE,0,CYCLES,BACKEND,SUB-EVENT,Concat_30:OpId_24198 (cycles)
55842143040,EXECUTE,0,CYCLES,BACKEND,SUB-EVENT,Concat_31:OpId_24200 (cycles)
55842143040,EXECUTE,0,CYCLES,BACKEND,SUB-EVENT,Concat_32:OpId_24202 (cycles)
55842143040,EXECUTE,0,CYCLES,BACKEND,SUB-EVENT,Concat_33:OpId_24204 (cycles)
55842143040,EXECUTE,0,CYCLES,BACKEND,SUB-EVENT,Concat_34:OpId_24206 (cycles)
55842143040,EXECUTE,0,CYCLES,BACKEND,SUB-EVENT,Concat_35:OpId_24208 (cycles)
55842143040,EXECUTE,0,CYCLES,BACKEND,SUB-EVENT,Concat_36:OpId_24210 (cycles)
55842143040,EXECUTE,0,CYCLES,BACKEND,SUB-EVENT,Concat_37:OpId_24212 (cycles)
55842143040,EXECUTE,0,CYCLES,BACKEND,SUB-EVENT,Concat_38:OpId_24214 (cycles)
55842143040,EXECUTE,0,CYCLES,BACKEND,SUB-EVENT,Concat_39:OpId_24216 (cycles)
55842143040,EXECUTE,0,CYCLES,BACKEND,SUB-EVENT,Concat_40:OpId_24218 (cycles)
55842143040,EXECUTE,0,CYCLES,BACKEND,SUB-EVENT,Concat_41:OpId_24220 (cycles)
55842143040,EXECUTE,0,CYCLES,BACKEND,SUB-EVENT,Concat_42:OpId_24222 (cycles)
55842143040,EXECUTE,0,CYCLES,BACKEND,SUB-EVENT,attn_1_head_0_key_Transpose_0:OpId_24225 (cycles)
55842143040,EXECUTE,0,CYCLES,BACKEND,SUB-EVENT,attn_1_head_1_key_Transpose_0:OpId_24227 (cycles)
55842143040,EXECUTE,0,CYCLES,BACKEND,SUB-EVENT,Concat_25:OpId_24228 (cycles)
55842143040,EXECUTE,0,CYCLES,BACKEND,SUB-EVENT,Concat_27:OpId_24230 (cycles)
55842143040,EXECUTE,0,CYCLES,BACKEND,SUB-EVENT,Concat_43:OpId_24232 (cycles)
55842143040,EXECUTE,132701,CYCLES,BACKEND,SUB-EVENT,attn_1_head_0_qk_MatMul_0:OpId_24234 (cycles)
55842143040,EXECUTE,7052,CYCLES,BACKEND,SUB-EVENT,attn_1_head_1_qk_MatMul_0:OpId_24238 (cycles)
55842143040,EXECUTE,7065,CYCLES,BACKEND,SUB-EVENT,attn_1_head_2_qk_MatMul_0:OpId_24242 (cycles)
55842143040,EXECUTE,7417,CYCLES,BACKEND,SUB-EVENT,attn_1_head_3_qk_MatMul_0:OpId_24246 (cycles)
55842143040,EXECUTE,7388,CYCLES,BACKEND,SUB-EVENT,attn_1_head_4_qk_MatMul_0:OpId_24250 (cycles)
55842143040,EXECUTE,7193,CYCLES,BACKEND,SUB-EVENT,attn_1_head_5_qk_MatMul_0:OpId_24254 (cycles)
55842143040,EXECUTE,7387,CYCLES,BACKEND,SUB-EVENT,attn_1_head_6_qk_MatMul_0:OpId_24258 (cycles)
55842143040,EXECUTE,129108,CYCLES,BACKEND,SUB-EVENT,attn_1_head_7_qk_MatMul_0:OpId_24262 (cycles)
55842143040,EXECUTE,7156,CYCLES,BACKEND,SUB-EVENT,attn_1_head_8_qk_MatMul_0:OpId_24266 (cycles)
55842143040,EXECUTE,7010,CYCLES,BACKEND,SUB-EVENT,attn_1_head_9_qk_MatMul_0:OpId_24270 (cycles)
55842143040,EXECUTE,7097,CYCLES,BACKEND,SUB-EVENT,attn_1_head_10_qk_MatMul_0:OpId_24274 (cycles)
55842143040,EXECUTE,5909,CYCLES,BACKEND,SUB-EVENT,attn_1_head_11_qk_MatMul_0:OpId_24278 (cycles)
55842143040,EXECUTE,7066,CYCLES,BACKEND,SUB-EVENT,attn_1_head_12_qk_MatMul_0:OpId_24282 (cycles)
55842143040,EXECUTE,7330,CYCLES,BACKEND,SUB-EVENT,attn_1_head_13_qk_MatMul_0:OpId_24286 (cycles)
55842143040,EXECUTE,25177,CYCLES,BACKEND,SUB-EVENT,Add_33:OpId_24290 (cycles)
55842143040,EXECUTE,17632,CYCLES,BACKEND,SUB-EVENT,Add_35:OpId_24292 (cycles)
55842143040,EXECUTE,17110,CYCLES,BACKEND,SUB-EVENT,Add_37:OpId_24294 (cycles)
55842143040,EXECUTE,16548,CYCLES,BACKEND,SUB-EVENT,Add_39:OpId_24296 (cycles)
55842143040,EXECUTE,16754,CYCLES,BACKEND,SUB-EVENT,Add_41:OpId_24298 (cycles)
55842143040,EXECUTE,16263,CYCLES,BACKEND,SUB-EVENT,Add_43:OpId_24300 (cycles)
55842143040,EXECUTE,17981,CYCLES,BACKEND,SUB-EVENT,Add_45:OpId_24302 (cycles)
55842143040,EXECUTE,18078,CYCLES,BACKEND,SUB-EVENT,Add_47:OpId_24304 (cycles)
55842143040,EXECUTE,17257,CYCLES,BACKEND,SUB-EVENT,Add_49:OpId_24306 (cycles)
55842143040,EXECUTE,16998,CYCLES,BACKEND,SUB-EVENT,Add_51:OpId_24308 (cycles)
55842143040,EXECUTE,17205,CYCLES,BACKEND,SUB-EVENT,Add_53:OpId_24310 (cycles)
55842143040,EXECUTE,18105,CYCLES,BACKEND,SUB-EVENT,Add_55:OpId_24312 (cycles)
55842143040,EXECUTE,16732,CYCLES,BACKEND,SUB-EVENT,Add_57:OpId_24314 (cycles)
55842143040,EXECUTE,19121,CYCLES,BACKEND,SUB-EVENT,Add_59:OpId_24316 (cycles)
55842143040,EXECUTE,14187,CYCLES,BACKEND,SUB-EVENT,attn_1_head_0_Softmax_0:OpId_24318 (cycles)
55842143040,EXECUTE,13949,CYCLES,BACKEND,SUB-EVENT,attn_1_head_1_Softmax_0:OpId_24321 (cycles)
55842143040,EXECUTE,10621,CYCLES,BACKEND,SUB-EVENT,attn_1_head_2_Softmax_0:OpId_24324 (cycles)
55842143040,EXECUTE,10983,CYCLES,BACKEND,SUB-EVENT,attn_1_head_3_Softmax_0:OpId_24327 (cycles)
55842143040,EXECUTE,14354,CYCLES,BACKEND,SUB-EVENT,attn_1_head_4_Softmax_0:OpId_24330 (cycles)
55842143040,EXECUTE,13769,CYCLES,BACKEND,SUB-EVENT,attn_1_head_5_Softmax_0:OpId_24333 (cycles)
55842143040,EXECUTE,10921,CYCLES,BACKEND,SUB-EVENT,attn_1_head_6_Softmax_0:OpId_24336 (cycles)
55842143040,EXECUTE,13506,CYCLES,BACKEND,SUB-EVENT,attn_1_head_7_Softmax_0:OpId_24339 (cycles)
55842143040,EXECUTE,10895,CYCLES,BACKEND,SUB-EVENT,attn_1_head_8_Softmax_0:OpId_24342 (cycles)
55842143040,EXECUTE,13678,CYCLES,BACKEND,SUB-EVENT,attn_1_head_9_Softmax_0:OpId_24345 (cycles)
55842143040,EXECUTE,13215,CYCLES,BACKEND,SUB-EVENT,attn_1_head_10_Softmax_0:OpId_24348 (cycles)
55842143040,EXECUTE,12745,CYCLES,BACKEND,SUB-EVENT,attn_1_head_11_Softmax_0:OpId_24351 (cycles)
55842143040,EXECUTE,11381,CYCLES,BACKEND,SUB-EVENT,attn_1_head_12_Softmax_0:OpId_24354 (cycles)
55842143040,EXECUTE,10958,CYCLES,BACKEND,SUB-EVENT,attn_1_head_13_Softmax_0:OpId_24357 (cycles)
55842143040,EXECUTE,41399,CYCLES,BACKEND,SUB-EVENT,attn_1_head_0_qkv_MatMul_0:OpId_24360 (cycles)
55842143040,EXECUTE,1388,CYCLES,BACKEND,SUB-EVENT,attn_1_head_1_qkv_MatMul_0:OpId_24364 (cycles)
55842143040,EXECUTE,1381,CYCLES,BACKEND,SUB-EVENT,attn_1_head_2_qkv_MatMul_0:OpId_24368 (cycles)
55842143040,EXECUTE,1391,CYCLES,BACKEND,SUB-EVENT,attn_1_head_3_qkv_MatMul_0:OpId_24372 (cycles)
55842143040,EXECUTE,1393,CYCLES,BACKEND,SUB-EVENT,attn_1_head_4_qkv_MatMul_0:OpId_24376 (cycles)
55842143040,EXECUTE,1197,CYCLES,BACKEND,SUB-EVENT,attn_1_head_5_qkv_MatMul_0:OpId_24380 (cycles)
55842143040,EXECUTE,1371,CYCLES,BACKEND,SUB-EVENT,attn_1_head_6_qkv_MatMul_0:OpId_24384 (cycles)
55842143040,EXECUTE,44053,CYCLES,BACKEND,SUB-EVENT,attn_1_head_7_qkv_MatMul_0:OpId_24388 (cycles)
55842143040,EXECUTE,1359,CYCLES,BACKEND,SUB-EVENT,attn_1_head_8_qkv_MatMul_0:OpId_24392 (cycles)
55842143040,EXECUTE,1241,CYCLES,BACKEND,SUB-EVENT,attn_1_head_9_qkv_MatMul_0:OpId_24396 (cycles)
55842143040,EXECUTE,1358,CYCLES,BACKEND,SUB-EVENT,attn_1_head_10_qkv_MatMul_0:OpId_24400 (cycles)
55842143040,EXECUTE,1344,CYCLES,BACKEND,SUB-EVENT,attn_1_head_11_qkv_MatMul_0:OpId_24404 (cycles)
55842143040,EXECUTE,1450,CYCLES,BACKEND,SUB-EVENT,attn_1_head_12_qkv_MatMul_0:OpId_24408 (cycles)
55842143040,EXECUTE,1114,CYCLES,BACKEND,SUB-EVENT,attn_1_head_13_qkv_MatMul_0:OpId_24412 (cycles)
55842143040,EXECUTE,0,CYCLES,BACKEND,SUB-EVENT,Concat_45:OpId_24416 (cycles)
55842143040,EXECUTE,0,CYCLES,BACKEND,SUB-EVENT,Reshape_3:OpId_24418 (cycles)
55842143040,EXECUTE,0,CYCLES,BACKEND,SUB-EVENT,model_layers_1_self_attn_Transpose_6:OpId_24420 (cycles)
55842143040,EXECUTE,14854,CYCLES,BACKEND,SUB-EVENT,model_layers_1_self_attn_o_proj_conv_Conv:OpId_24428 (cycles)
55842143040,EXECUTE,394,CYCLES,BACKEND,SUB-EVENT,/model_layers_1_self_attn_o_proj_conv_Conv/Conv_output_0.nchw:OpId_24432 (cycles)
55842143040,EXECUTE,0,CYCLES,BACKEND,SUB-EVENT,model_layers_1_self_attn_Reshape_9:OpId_24433 (cycles)
55842143040,EXECUTE,3298,CYCLES,BACKEND,SUB-EVENT,model_layers_1_Add:OpId_24434 (cycles)
55842143040,EXECUTE,7171,CYCLES,BACKEND,SUB-EVENT,rms_norm_4:OpId_24439 (cycles)
55842143040,EXECUTE,0,CYCLES,BACKEND,SUB-EVENT,model_layers_1_mlp_Reshape:OpId_24442 (cycles)
55842143040,EXECUTE,0,CYCLES,BACKEND,SUB-EVENT,model_layers_1_mlp_Transpose:OpId_24444 (cycles)
55842143040,EXECUTE,66044,CYCLES,BACKEND,SUB-EVENT,model_layers_1_mlp_gate_proj_conv_Conv:OpId_24452 (cycles)
55842143040,EXECUTE,58147,CYCLES,BACKEND,SUB-EVENT,model_layers_1_mlp_up_proj_conv_Conv:OpId_24462 (cycles)
55842143040,EXECUTE,0,CYCLES,BACKEND,SUB-EVENT,model_layers_1_mlp_act_fn_Sigmoid:OpId_24465 (cycles)
55842143040,EXECUTE,36260,CYCLES,BACKEND,SUB-EVENT,model_layers_1_mlp_act_fn_Mul:OpId_24472 (cycles)
55842143040,EXECUTE,15288,CYCLES,BACKEND,SUB-EVENT,model_layers_1_mlp_Mul:OpId_24474 (cycles)
55842143040,EXECUTE,33934,CYCLES,BACKEND,SUB-EVENT,model_layers_1_mlp_down_proj_conv_Conv:OpId_24483 (cycles)
55842143040,EXECUTE,466,CYCLES,BACKEND,SUB-EVENT,/model_layers_1_mlp_down_proj_conv_Conv/Conv_output_0.nchw:OpId_24487 (cycles)
55842143040,EXECUTE,0,CYCLES,BACKEND,SUB-EVENT,model_layers_1_mlp_Reshape_1:OpId_24488 (cycles)
55842143040,EXECUTE,3403,CYCLES,BACKEND,SUB-EVENT,model_layers_1_Add_1:OpId_24489 (cycles)
55842143040,EXECUTE,6193,CYCLES,BACKEND,SUB-EVENT,rms_norm_6:OpId_24494 (cycles)
55842143040,EXECUTE,0,CYCLES,BACKEND,SUB-EVENT,model_layers_2_self_attn_Reshape:OpId_24497 (cycles)
55842143040,EXECUTE,0,CYCLES,BACKEND,SUB-EVENT,model_layers_2_self_attn_Transpose:OpId_24499 (cycles)
55842143040,EXECUTE,738,CYCLES,BACKEND,SUB-EVENT,attn_2_head_0_key_Conv:OpId_24507 (cycles)
55842143040,EXECUTE,638,CYCLES,BACKEND,SUB-EVENT,attn_2_head_0_value_Conv:OpId_24517 (cycles)
55842143040,EXECUTE,402,CYCLES,BACKEND,SUB-EVENT,attn_2_head_0_value_Transpose/output_converted_UFIXED_POINT_8:OpId_24520 (cycles)
55842143040,EXECUTE,853,CYCLES,BACKEND,SUB-EVENT,attn_2_head_1_key_Conv:OpId_24530 (cycles)
55842143040,EXECUTE,714,CYCLES,BACKEND,SUB-EVENT,attn_2_head_1_value_Conv:OpId_24540 (cycles)
55842143040,EXECUTE,539,CYCLES,BACKEND,SUB-EVENT,attn_2_head_1_value_Transpose/output_converted_UFIXED_POINT_8:OpId_24543 (cycles)
55842143040,EXECUTE,727,CYCLES,BACKEND,SUB-EVENT,attn_2_head_0_query_Conv:OpId_24553 (cycles)
55842143040,EXECUTE,811,CYCLES,BACKEND,SUB-EVENT,attn_2_head_1_query_Conv:OpId_24563 (cycles)
55842143040,EXECUTE,603,CYCLES,BACKEND,SUB-EVENT,attn_2_head_2_query_Conv:OpId_24573 (cycles)
55842143040,EXECUTE,730,CYCLES,BACKEND,SUB-EVENT,attn_2_head_3_query_Conv:OpId_24583 (cycles)
55842143040,EXECUTE,727,CYCLES,BACKEND,SUB-EVENT,attn_2_head_4_query_Conv:OpId_24593 (cycles)
55842143040,EXECUTE,708,CYCLES,BACKEND,SUB-EVENT,attn_2_head_5_query_Conv:OpId_24603 (cycles)
55842143040,EXECUTE,801,CYCLES,BACKEND,SUB-EVENT,attn_2_head_6_query_Conv:OpId_24613 (cycles)
55842143040,EXECUTE,633,CYCLES,BACKEND,SUB-EVENT,attn_2_head_7_query_Conv:OpId_24623 (cycles)
55842143040,EXECUTE,835,CYCLES,BACKEND,SUB-EVENT,attn_2_head_8_query_Conv:OpId_24633 (cycles)
55842143040,EXECUTE,783,CYCLES,BACKEND,SUB-EVENT,attn_2_head_9_query_Conv:OpId_24643 (cycles)
55842143040,EXECUTE,855,CYCLES,BACKEND,SUB-EVENT,attn_2_head_10_query_Conv:OpId_24653 (cycles)
55842143040,EXECUTE,892,CYCLES,BACKEND,SUB-EVENT,attn_2_head_11_query_Conv:OpId_24663 (cycles)
55842143040,EXECUTE,665,CYCLES,BACKEND,SUB-EVENT,attn_2_head_12_query_Conv:OpId_24673 (cycles)
55842143040,EXECUTE,587,CYCLES,BACKEND,SUB-EVENT,attn_2_head_13_query_Conv:OpId_24683 (cycles)
55842143040,EXECUTE,307,CYCLES,BACKEND,SUB-EVENT,Slice_72:OpId_24687 (cycles)
55842143040,EXECUTE,230,CYCLES,BACKEND,SUB-EVENT,Slice_73:OpId_24693 (cycles)
55842143040,EXECUTE,170,CYCLES,BACKEND,SUB-EVENT,Slice_74:OpId_24699 (cycles)
55842143040,EXECUTE,174,CYCLES,BACKEND,SUB-EVENT,Slice_75:OpId_24705 (cycles)
55842143040,EXECUTE,0,CYCLES,BACKEND,SUB-EVENT,Concat_67:OpId_24710 (cycles)
55842143040,EXECUTE,238,CYCLES,BACKEND,SUB-EVENT,Slice_80:OpId_24713 (cycles)
55842143040,EXECUTE,212,CYCLES,BACKEND,SUB-EVENT,Slice_81:OpId_24719 (cycles)
55842143040,EXECUTE,202,CYCLES,BACKEND,SUB-EVENT,Slice_82:OpId_24725 (cycles)
55842143040,EXECUTE,285,CYCLES,BACKEND,SUB-EVENT,Slice_83:OpId_24731 (cycles)
55842143040,EXECUTE,184,CYCLES,BACKEND,SUB-EVENT,Slice_84:OpId_24737 (cycles)
55842143040,EXECUTE,152,CYCLES,BACKEND,SUB-EVENT,Slice_85:OpId_24743 (cycles)
55842143040,EXECUTE,219,CYCLES,BACKEND,SUB-EVENT,Slice_86:OpId_24749 (cycles)
55842143040,EXECUTE,172,CYCLES,BACKEND,SUB-EVENT,Slice_87:OpId_24755 (cycles)
55842143040,EXECUTE,209,CYCLES,BACKEND,SUB-EVENT,Slice_88:OpId_24761 (cycles)
55842143040,EXECUTE,187,CYCLES,BACKEND,SUB-EVENT,Slice_89:OpId_24767 (cycles)
55842143040,EXECUTE,287,CYCLES,BACKEND,SUB-EVENT,Slice_90:OpId_24773 (cycles)
55842143040,EXECUTE,225,CYCLES,BACKEND,SUB-EVENT,Slice_91:OpId_24779 (cycles)
55842143040,EXECUTE,225,CYCLES,BACKEND,SUB-EVENT,Slice_92:OpId_24785 (cycles)
55842143040,EXECUTE,184,CYCLES,BACKEND,SUB-EVENT,Slice_93:OpId_24791 (cycles)
55842143040,EXECUTE,236,CYCLES,BACKEND,SUB-EVENT,Slice_94:OpId_24797 (cycles)
55842143040,EXECUTE,193,CYCLES,BACKEND,SUB-EVENT,Slice_95:OpId_24803 (cycles)
55842143040,EXECUTE,246,CYCLES,BACKEND,SUB-EVENT,Slice_96:OpId_24809 (cycles)
55842143040,EXECUTE,152,CYCLES,BACKEND,SUB-EVENT,Slice_97:OpId_24815 (cycles)
55842143040,EXECUTE,308,CYCLES,BACKEND,SUB-EVENT,Slice_98:OpId_24821 (cycles)
55842143040,EXECUTE,227,CYCLES,BACKEND,SUB-EVENT,Slice_99:OpId_24827 (cycles)
55842143040,EXECUTE,183,CYCLES,BACKEND,SUB-EVENT,Slice_100:OpId_24833 (cycles)
55842143040,EXECUTE,131,CYCLES,BACKEND,SUB-EVENT,Slice_101:OpId_24839 (cycles)
55842143040,EXECUTE,229,CYCLES,BACKEND,SUB-EVENT,Slice_102:OpId_24845 (cycles)
55842143040,EXECUTE,149,CYCLES,BACKEND,SUB-EVENT,Slice_103:OpId_24851 (cycles)
55842143040,EXECUTE,271,CYCLES,BACKEND,SUB-EVENT,Slice_104:OpId_24857 (cycles)
55842143040,EXECUTE,210,CYCLES,BACKEND,SUB-EVENT,Slice_105:OpId_24863 (cycles)
55842143040,EXECUTE,186,CYCLES,BACKEND,SUB-EVENT,Slice_106:OpId_24869 (cycles)
55842143040,EXECUTE,140,CYCLES,BACKEND,SUB-EVENT,Slice_107:OpId_24875 (cycles)
55842143040,EXECUTE,7844,CYCLES,BACKEND,SUB-EVENT,Concat_49:OpId_24880 (cycles)
55842143040,EXECUTE,8094,CYCLES,BACKEND,SUB-EVENT,Concat_51:OpId_24882 (cycles)
55842143040,EXECUTE,827,CYCLES,BACKEND,SUB-EVENT,Mul_128:OpId_24884 (cycles)
55842143040,EXECUTE,629,CYCLES,BACKEND,SUB-EVENT,Mul_130:OpId_24886 (cycles)
55842143040,EXECUTE,556,CYCLES,BACKEND,SUB-EVENT,Mul_129:OpId_24888 (cycles)
55842143040,EXECUTE,677,CYCLES,BACKEND,SUB-EVENT,Mul_131:OpId_24890 (cycles)
55842143040,EXECUTE,202,CYCLES,BACKEND,SUB-EVENT,Mul_132:OpId_24892 (cycles)
55842143040,EXECUTE,156,CYCLES,BACKEND,SUB-EVENT,Mul_134:OpId_24894 (cycles)
55842143040,EXECUTE,167,CYCLES,BACKEND,SUB-EVENT,Mul_133:OpId_24896 (cycles)
55842143040,EXECUTE,205,CYCLES,BACKEND,SUB-EVENT,Mul_135:OpId_24898 (cycles)
55842143040,EXECUTE,536,CYCLES,BACKEND,SUB-EVENT,Mul_136:OpId_24900 (cycles)
55842143040,EXECUTE,503,CYCLES,BACKEND,SUB-EVENT,Mul_138:OpId_24902 (cycles)
55842143040,EXECUTE,439,CYCLES,BACKEND,SUB-EVENT,Mul_137:OpId_24904 (cycles)
55842143040,EXECUTE,282,CYCLES,BACKEND,SUB-EVENT,Mul_139:OpId_24906 (cycles)
55842143040,EXECUTE,315,CYCLES,BACKEND,SUB-EVENT,Mul_140:OpId_24908 (cycles)
55842143040,EXECUTE,148,CYCLES,BACKEND,SUB-EVENT,Mul_142:OpId_24910 (cycles)
55842143040,EXECUTE,163,CYCLES,BACKEND,SUB-EVENT,Mul_141:OpId_24912 (cycles)
55842143040,EXECUTE,212,CYCLES,BACKEND,SUB-EVENT,Mul_143:OpId_24914 (cycles)
55842143040,EXECUTE,194,CYCLES,BACKEND,SUB-EVENT,Mul_144:OpId_24916 (cycles)
55842143040,EXECUTE,177,CYCLES,BACKEND,SUB-EVENT,Mul_146:OpId_24918 (cycles)
55842143040,EXECUTE,148,CYCLES,BACKEND,SUB-EVENT,Mul_145:OpId_24920 (cycles)
55842143040,EXECUTE,154,CYCLES,BACKEND,SUB-EVENT,Mul_147:OpId_24922 (cycles)
55842143040,EXECUTE,230,CYCLES,BACKEND,SUB-EVENT,Mul_148:OpId_24924 (cycles)
55842143040,EXECUTE,151,CYCLES,BACKEND,SUB-EVENT,Mul_150:OpId_24926 (cycles)
55842143040,EXECUTE,270,CYCLES,BACKEND,SUB-EVENT,Mul_149:OpId_24928 (cycles)
55842143040,EXECUTE,234,CYCLES,BACKEND,SUB-EVENT,Mul_151:OpId_24930 (cycles)
55842143040,EXECUTE,214,CYCLES,BACKEND,SUB-EVENT,Mul_152:OpId_24932 (cycles)
55842143040,EXECUTE,171,CYCLES,BACKEND,SUB-EVENT,Mul_154:OpId_24934 (cycles)
55842143040,EXECUTE,143,CYCLES,BACKEND,SUB-EVENT,Mul_153:OpId_24936 (cycles)
55842143040,EXECUTE,179,CYCLES,BACKEND,SUB-EVENT,Mul_155:OpId_24938 (cycles)
55842143040,EXECUTE,176,CYCLES,BACKEND,SUB-EVENT,Mul_156:OpId_24940 (cycles)
55842143040,EXECUTE,158,CYCLES,BACKEND,SUB-EVENT,Mul_158:OpId_24942 (cycles)
55842143040,EXECUTE,1070,CYCLES,BACKEND,SUB-EVENT,Mul_157:OpId_24944 (cycles)
55842143040,EXECUTE,146,CYCLES,BACKEND,SUB-EVENT,Mul_159:OpId_24946 (cycles)
55842143040,EXECUTE,166,CYCLES,BACKEND,SUB-EVENT,Mul_160:OpId_24948 (cycles)
55842143040,EXECUTE,186,CYCLES,BACKEND,SUB-EVENT,Mul_162:OpId_24950 (cycles)
55842143040,EXECUTE,181,CYCLES,BACKEND,SUB-EVENT,Mul_161:OpId_24952 (cycles)
55842143040,EXECUTE,138,CYCLES,BACKEND,SUB-EVENT,Mul_163:OpId_24954 (cycles)
55842143040,EXECUTE,193,CYCLES,BACKEND,SUB-EVENT,Mul_164:OpId_24956 (cycles)
55842143040,EXECUTE,137,CYCLES,BACKEND,SUB-EVENT,Mul_166:OpId_24958 (cycles)
55842143040,EXECUTE,150,CYCLES,BACKEND,SUB-EVENT,Mul_165:OpId_24960 (cycles)
55842143040,EXECUTE,187,CYCLES,BACKEND,SUB-EVENT,Mul_167:OpId_24962 (cycles)
55842143040,EXECUTE,315,CYCLES,BACKEND,SUB-EVENT,Mul_168:OpId_24964 (cycles)
55842143040,EXECUTE,161,CYCLES,BACKEND,SUB-EVENT,Mul_170:OpId_24966 (cycles)
55842143040,EXECUTE,213,CYCLES,BACKEND,SUB-EVENT,Mul_169:OpId_24968 (cycles)
55842143040,EXECUTE,132,CYCLES,BACKEND,SUB-EVENT,Mul_171:OpId_24970 (cycles)
55842143040,EXECUTE,215,CYCLES,BACKEND,SUB-EVENT,Mul_172:OpId_24972 (cycles)
55842143040,EXECUTE,191,CYCLES,BACKEND,SUB-EVENT,Mul_174:OpId_24974 (cycles)
55842143040,EXECUTE,176,CYCLES,BACKEND,SUB-EVENT,Mul_173:OpId_24976 (cycles)
55842143040,EXECUTE,158,CYCLES,BACKEND,SUB-EVENT,Mul_175:OpId_24978 (cycles)
55842143040,EXECUTE,310,CYCLES,BACKEND,SUB-EVENT,Mul_176:OpId_24980 (cycles)
55842143040,EXECUTE,236,CYCLES,BACKEND,SUB-EVENT,Mul_178:OpId_24982 (cycles)
55842143040,EXECUTE,172,CYCLES,BACKEND,SUB-EVENT,Mul_177:OpId_24984 (cycles)
55842143040,EXECUTE,140,CYCLES,BACKEND,SUB-EVENT,Mul_179:OpId_24986 (cycles)
55842143040,EXECUTE,208,CYCLES,BACKEND,SUB-EVENT,Mul_180:OpId_24988 (cycles)
55842143040,EXECUTE,166,CYCLES,BACKEND,SUB-EVENT,Mul_182:OpId_24990 (cycles)
55842143040,EXECUTE,247,CYCLES,BACKEND,SUB-EVENT,Mul_181:OpId_24992 (cycles)
55842143040,EXECUTE,160,CYCLES,BACKEND,SUB-EVENT,Mul_183:OpId_24994 (cycles)
55842143040,EXECUTE,208,CYCLES,BACKEND,SUB-EVENT,Mul_184:OpId_24996 (cycles)
55842143040,EXECUTE,166,CYCLES,BACKEND,SUB-EVENT,Mul_186:OpId_24998 (cycles)
55842143040,EXECUTE,213,CYCLES,BACKEND,SUB-EVENT,Mul_185:OpId_25000 (cycles)
55842143040,EXECUTE,162,CYCLES,BACKEND,SUB-EVENT,Mul_187:OpId_25002 (cycles)
55842143040,EXECUTE,181,CYCLES,BACKEND,SUB-EVENT,Mul_188:OpId_25004 (cycles)
55842143040,EXECUTE,187,CYCLES,BACKEND,SUB-EVENT,Mul_190:OpId_25006 (cycles)
55842143040,EXECUTE,180,CYCLES,BACKEND,SUB-EVENT,Mul_189:OpId_25008 (cycles)
55842143040,EXECUTE,166,CYCLES,BACKEND,SUB-EVENT,Mul_191:OpId_25010 (cycles)
55842143040,EXECUTE,625,CYCLES,BACKEND,SUB-EVENT,Sub_32:OpId_25012 (cycles)
55842143040,EXECUTE,257,CYCLES,BACKEND,SUB-EVENT,Sub_32_converted_UFIXED_POINT_8:OpId_25014 (cycles)
55842143040,EXECUTE,398,CYCLES,BACKEND,SUB-EVENT,Add_60:OpId_25017 (cycles)
55842143040,EXECUTE,305,CYCLES,BACKEND,SUB-EVENT,Add_60_converted_UFIXED_POINT_8:OpId_25019 (cycles)
55842143040,EXECUTE,383,CYCLES,BACKEND,SUB-EVENT,Sub_33:OpId_25022 (cycles)
55842143040,EXECUTE,274,CYCLES,BACKEND,SUB-EVENT,Sub_33_converted_UFIXED_POINT_8:OpId_25024 (cycles)
55842143040,EXECUTE,178,CYCLES,BACKEND,SUB-EVENT,Add_61:OpId_25027 (cycles)
55842143040,EXECUTE,184,CYCLES,BACKEND,SUB-EVENT,Add_61_converted_UFIXED_POINT_8:OpId_25029 (cycles)
55842143040,EXECUTE,680,CYCLES,BACKEND,SUB-EVENT,Sub_34:OpId_25032 (cycles)
55842143040,EXECUTE,571,CYCLES,BACKEND,SUB-EVENT,Add_62:OpId_25034 (cycles)
55842143040,EXECUTE,419,CYCLES,BACKEND,SUB-EVENT,Sub_35:OpId_25036 (cycles)
55842143040,EXECUTE,491,CYCLES,BACKEND,SUB-EVENT,Add_64:OpId_25038 (cycles)
55842143040,EXECUTE,419,CYCLES,BACKEND,SUB-EVENT,Sub_36:OpId_25040 (cycles)
55842143040,EXECUTE,345,CYCLES,BACKEND,SUB-EVENT,Add_66:OpId_25042 (cycles)
55842143040,EXECUTE,405,CYCLES,BACKEND,SUB-EVENT,Sub_37:OpId_25044 (cycles)
55842143040,EXECUTE,417,CYCLES,BACKEND,SUB-EVENT,Add_68:OpId_25046 (cycles)
55842143040,EXECUTE,618,CYCLES,BACKEND,SUB-EVENT,Sub_38:OpId_25048 (cycles)
55842143040,EXECUTE,430,CYCLES,BACKEND,SUB-EVENT,Add_70:OpId_25050 (cycles)
55842143040,EXECUTE,595,CYCLES,BACKEND,SUB-EVENT,Sub_39:OpId_25052 (cycles)
55842143040,EXECUTE,473,CYCLES,BACKEND,SUB-EVENT,Add_72:OpId_25054 (cycles)
55842143040,EXECUTE,399,CYCLES,BACKEND,SUB-EVENT,Sub_40:OpId_25056 (cycles)
55842143040,EXECUTE,397,CYCLES,BACKEND,SUB-EVENT,Add_74:OpId_25058 (cycles)
55842143040,EXECUTE,389,CYCLES,BACKEND,SUB-EVENT,Sub_41:OpId_25060 (cycles)
55842143040,EXECUTE,473,CYCLES,BACKEND,SUB-EVENT,Add_76:OpId_25062 (cycles)
55842143040,EXECUTE,494,CYCLES,BACKEND,SUB-EVENT,Sub_42:OpId_25064 (cycles)
55842143040,EXECUTE,661,CYCLES,BACKEND,SUB-EVENT,Add_78:OpId_25066 (cycles)
55842143040,EXECUTE,446,CYCLES,BACKEND,SUB-EVENT,Sub_43:OpId_25068 (cycles)
55842143040,EXECUTE,371,CYCLES,BACKEND,SUB-EVENT,Add_80:OpId_25070 (cycles)
55842143040,EXECUTE,494,CYCLES,BACKEND,SUB-EVENT,Sub_44:OpId_25072 (cycles)
55842143040,EXECUTE,388,CYCLES,BACKEND,SUB-EVENT,Add_82:OpId_25074 (cycles)
55842143040,EXECUTE,384,CYCLES,BACKEND,SUB-EVENT,Sub_45:OpId_25076 (cycles)
55842143040,EXECUTE,336,CYCLES,BACKEND,SUB-EVENT,Add_84:OpId_25078 (cycles)
55842143040,EXECUTE,436,CYCLES,BACKEND,SUB-EVENT,Sub_46:OpId_25080 (cycles)
55842143040,EXECUTE,361,CYCLES,BACKEND,SUB-EVENT,Add_86:OpId_25082 (cycles)
55842143040,EXECUTE,345,CYCLES,BACKEND,SUB-EVENT,Sub_47:OpId_25084 (cycles)
55842143040,EXECUTE,637,CYCLES,BACKEND,SUB-EVENT,Add_88:OpId_25086 (cycles)
55842143040,EXECUTE,1116,CYCLES,BACKEND,SUB-EVENT,Concat_46:OpId_25088 (cycles)
55842143040,EXECUTE,1235,CYCLES,BACKEND,SUB-EVENT,Concat_47:OpId_25090 (cycles)
55842143040,EXECUTE,0,CYCLES,BACKEND,SUB-EVENT,Concat_52:OpId_25092 (cycles)
55842143040,EXECUTE,0,CYCLES,BACKEND,SUB-EVENT,Concat_53:OpId_25094 (cycles)
55842143040,EXECUTE,0,CYCLES,BACKEND,SUB-EVENT,Concat_54:OpId_25096 (cycles)
55842143040,EXECUTE,0,CYCLES,BACKEND,SUB-EVENT,Concat_55:OpId_25098 (cycles)
55842143040,EXECUTE,0,CYCLES,BACKEND,SUB-EVENT,Concat_56:OpId_25100 (cycles)
55842143040,EXECUTE,0,CYCLES,BACKEND,SUB-EVENT,Concat_57:OpId_25102 (cycles)
55842143040,EXECUTE,0,CYCLES,BACKEND,SUB-EVENT,Concat_58:OpId_25104 (cycles)
55842143040,EXECUTE,0,CYCLES,BACKEND,SUB-EVENT,Concat_59:OpId_25106 (cycles)
55842143040,EXECUTE,0,CYCLES,BACKEND,SUB-EVENT,Concat_60:OpId_25108 (cycles)
55842143040,EXECUTE,0,CYCLES,BACKEND,SUB-EVENT,Concat_61:OpId_25110 (cycles)
55842143040,EXECUTE,0,CYCLES,BACKEND,SUB-EVENT,Concat_62:OpId_25112 (cycles)
55842143040,EXECUTE,0,CYCLES,BACKEND,SUB-EVENT,Concat_63:OpId_25114 (cycles)
55842143040,EXECUTE,0,CYCLES,BACKEND,SUB-EVENT,Concat_64:OpId_25116 (cycles)
55842143040,EXECUTE,0,CYCLES,BACKEND,SUB-EVENT,Concat_65:OpId_25118 (cycles)
55842143040,EXECUTE,0,CYCLES,BACKEND,SUB-EVENT,attn_2_head_0_key_Transpose_0:OpId_25121 (cycles)
55842143040,EXECUTE,0,CYCLES,BACKEND,SUB-EVENT,attn_2_head_1_key_Transpose_0:OpId_25123 (cycles)
55842143040,EXECUTE,0,CYCLES,BACKEND,SUB-EVENT,Concat_48:OpId_25124 (cycles)
55842143040,EXECUTE,0,CYCLES,BACKEND,SUB-EVENT,Concat_50:OpId_25126 (cycles)
55842143040,EXECUTE,0,CYCLES,BACKEND,SUB-EVENT,Concat_66:OpId_25128 (cycles)
55842143040,EXECUTE,128074,CYCLES,BACKEND,SUB-EVENT,attn_2_head_0_qk_MatMul_0:OpId_25130 (cycles)
55842143040,EXECUTE,8194,CYCLES,BACKEND,SUB-EVENT,attn_2_head_1_qk_MatMul_0:OpId_25134 (cycles)
55842143040,EXECUTE,7677,CYCLES,BACKEND,SUB-EVENT,attn_2_head_2_qk_MatMul_0:OpId_25138 (cycles)
55842143040,EXECUTE,7008,CYCLES,BACKEND,SUB-EVENT,attn_2_head_3_qk_MatMul_0:OpId_25142 (cycles)
55842143040,EXECUTE,6696,CYCLES,BACKEND,SUB-EVENT,attn_2_head_4_qk_MatMul_0:OpId_25146 (cycles)
55842143040,EXECUTE,7246,CYCLES,BACKEND,SUB-EVENT,attn_2_head_5_qk_MatMul_0:OpId_25150 (cycles)
55842143040,EXECUTE,7318,CYCLES,BACKEND,SUB-EVENT,attn_2_head_6_qk_MatMul_0:OpId_25154 (cycles)
55842143040,EXECUTE,123537,CYCLES,BACKEND,SUB-EVENT,attn_2_head_7_qk_MatMul_0:OpId_25158 (cycles)
55842143040,EXECUTE,7252,CYCLES,BACKEND,SUB-EVENT,attn_2_head_8_qk_MatMul_0:OpId_25162 (cycles)
55842143040,EXECUTE,7336,CYCLES,BACKEND,SUB-EVENT,attn_2_head_9_qk_MatMul_0:OpId_25166 (cycles)
55842143040,EXECUTE,7045,CYCLES,BACKEND,SUB-EVENT,attn_2_head_10_qk_MatMul_0:OpId_25170 (cycles)
55842143040,EXECUTE,6807,CYCLES,BACKEND,SUB-EVENT,attn_2_head_11_qk_MatMul_0:OpId_25174 (cycles)
55842143040,EXECUTE,8315,CYCLES,BACKEND,SUB-EVENT,attn_2_head_12_qk_MatMul_0:OpId_25178 (cycles)
55842143040,EXECUTE,7684,CYCLES,BACKEND,SUB-EVENT,attn_2_head_13_qk_MatMul_0:OpId_25182 (cycles)
55842143040,EXECUTE,17016,CYCLES,BACKEND,SUB-EVENT,Add_63:OpId_25186 (cycles)
55842143040,EXECUTE,16507,CYCLES,BACKEND,SUB-EVENT,Add_65:OpId_25188 (cycles)
55842143040,EXECUTE,17888,CYCLES,BACKEND,SUB-EVENT,Add_67:OpId_25190 (cycles)
55842143040,EXECUTE,16880,CYCLES,BACKEND,SUB-EVENT,Add_69:OpId_25192 (cycles)
55842143040,EXECUTE,17153,CYCLES,BACKEND,SUB-EVENT,Add_71:OpId_25194 (cycles)
55842143040,EXECUTE,17245,CYCLES,BACKEND,SUB-EVENT,Add_73:OpId_25196 (cycles)
55842143040,EXECUTE,16181,CYCLES,BACKEND,SUB-EVENT,Add_75:OpId_25198 (cycles)
55842143040,EXECUTE,17057,CYCLES,BACKEND,SUB-EVENT,Add_77:OpId_25200 (cycles)
55842143040,EXECUTE,17369,CYCLES,BACKEND,SUB-EVENT,Add_79:OpId_25202 (cycles)
55842143040,EXECUTE,16631,CYCLES,BACKEND,SUB-EVENT,Add_81:OpId_25204 (cycles)
55842143040,EXECUTE,16957,CYCLES,BACKEND,SUB-EVENT,Add_83:OpId_25206 (cycles)
55842143040,EXECUTE,17800,CYCLES,BACKEND,SUB-EVENT,Add_85:OpId_25208 (cycles)
55842143040,EXECUTE,16106,CYCLES,BACKEND,SUB-EVENT,Add_87:OpId_25210 (cycles)
55842143040,EXECUTE,19445,CYCLES,BACKEND,SUB-EVENT,Add_89:OpId_25212 (cycles)
55842143040,EXECUTE,10612,CYCLES,BACKEND,SUB-EVENT,attn_2_head_0_Softmax_0:OpId_25214 (cycles)
55842143040,EXECUTE,13281,CYCLES,BACKEND,SUB-EVENT,attn_2_head_1_Softmax_0:OpId_25217 (cycles)
55842143040,EXECUTE,11411,CYCLES,BACKEND,SUB-EVENT,attn_2_head_2_Softmax_0:OpId_25220 (cycles)
55842143040,EXECUTE,13603,CYCLES,BACKEND,SUB-EVENT,attn_2_head_3_Softmax_0:OpId_25223 (cycles)
55842143040,EXECUTE,13938,CYCLES,BACKEND,SUB-EVENT,attn_2_head_4_Softmax_0:OpId_25226 (cycles)
55842143040,EXECUTE,11248,CYCLES,BACKEND,SUB-EVENT,attn_2_head_5_Softmax_0:OpId_25229 (cycles)
55842143040,EXECUTE,12798,CYCLES,BACKEND,SUB-EVENT,attn_2_head_6_Softmax_0:OpId_25232 (cycles)
55842143040,EXECUTE,10638,CYCLES,BACKEND,SUB-EVENT,attn_2_head_7_Softmax_0:OpId_25235 (cycles)
55842143040,EXECUTE,13501,CYCLES,BACKEND,SUB-EVENT,attn_2_head_8_Softmax_0:OpId_25238 (cycles)
55842143040,EXECUTE,13442,CYCLES,BACKEND,SUB-EVENT,attn_2_head_9_Softmax_0:OpId_25241 (cycles)
55842143040,EXECUTE,10865,CYCLES,BACKEND,SUB-EVENT,attn_2_head_10_Softmax_0:OpId_25244 (cycles)
55842143040,EXECUTE,11018,CYCLES,BACKEND,SUB-EVENT,attn_2_head_11_Softmax_0:OpId_25247 (cycles)
55842143040,EXECUTE,11805,CYCLES,BACKEND,SUB-EVENT,attn_2_head_12_Softmax_0:OpId_25250 (cycles)
55842143040,EXECUTE,11295,CYCLES,BACKEND,SUB-EVENT,attn_2_head_13_Softmax_0:OpId_25253 (cycles)
55842143040,EXECUTE,45105,CYCLES,BACKEND,SUB-EVENT,attn_2_head_0_qkv_MatMul_0:OpId_25256 (cycles)
55842143040,EXECUTE,1306,CYCLES,BACKEND,SUB-EVENT,attn_2_head_1_qkv_MatMul_0:OpId_25260 (cycles)
55842143040,EXECUTE,1335,CYCLES,BACKEND,SUB-EVENT,attn_2_head_2_qkv_MatMul_0:OpId_25264 (cycles)
55842143040,EXECUTE,1365,CYCLES,BACKEND,SUB-EVENT,attn_2_head_3_qkv_MatMul_0:OpId_25268 (cycles)
55842143040,EXECUTE,1211,CYCLES,BACKEND,SUB-EVENT,attn_2_head_4_qkv_MatMul_0:OpId_25272 (cycles)
55842143040,EXECUTE,1289,CYCLES,BACKEND,SUB-EVENT,attn_2_head_5_qkv_MatMul_0:OpId_25276 (cycles)
55842143040,EXECUTE,1308,CYCLES,BACKEND,SUB-EVENT,attn_2_head_6_qkv_MatMul_0:OpId_25280 (cycles)
55842143040,EXECUTE,43495,CYCLES,BACKEND,SUB-EVENT,attn_2_head_7_qkv_MatMul_0:OpId_25284 (cycles)
55842143040,EXECUTE,1368,CYCLES,BACKEND,SUB-EVENT,attn_2_head_8_qkv_MatMul_0:OpId_25288 (cycles)
55842143040,EXECUTE,1334,CYCLES,BACKEND,SUB-EVENT,attn_2_head_9_qkv_MatMul_0:OpId_25292 (cycles)
55842143040,EXECUTE,1310,CYCLES,BACKEND,SUB-EVENT,attn_2_head_10_qkv_MatMul_0:OpId_25296 (cycles)
55842143040,EXECUTE,1311,CYCLES,BACKEND,SUB-EVENT,attn_2_head_11_qkv_MatMul_0:OpId_25300 (cycles)
55842143040,EXECUTE,1395,CYCLES,BACKEND,SUB-EVENT,attn_2_head_12_qkv_MatMul_0:OpId_25304 (cycles)
55842143040,EXECUTE,1549,CYCLES,BACKEND,SUB-EVENT,attn_2_head_13_qkv_MatMul_0:OpId_25308 (cycles)
55842143040,EXECUTE,0,CYCLES,BACKEND,SUB-EVENT,Concat_68:OpId_25312 (cycles)
55842143040,EXECUTE,0,CYCLES,BACKEND,SUB-EVENT,Reshape_4:OpId_25314 (cycles)
55842143040,EXECUTE,0,CYCLES,BACKEND,SUB-EVENT,model_layers_2_self_attn_Transpose_6:OpId_25316 (cycles)
55842143040,EXECUTE,16535,CYCLES,BACKEND,SUB-EVENT,model_layers_2_self_attn_o_proj_conv_Conv:OpId_25324 (cycles)
55842143040,EXECUTE,481,CYCLES,BACKEND,SUB-EVENT,/model_layers_2_self_attn_o_proj_conv_Conv/Conv_output_0.nchw:OpId_25328 (cycles)
55842143040,EXECUTE,0,CYCLES,BACKEND,SUB-EVENT,model_layers_2_self_attn_Reshape_9:OpId_25329 (cycles)
55842143040,EXECUTE,3161,CYCLES,BACKEND,SUB-EVENT,model_layers_2_Add:OpId_25330 (cycles)
55842143040,EXECUTE,5833,CYCLES,BACKEND,SUB-EVENT,rms_norm_8:OpId_25335 (cycles)
55842143040,EXECUTE,0,CYCLES,BACKEND,SUB-EVENT,model_layers_2_mlp_Reshape:OpId_25338 (cycles)
55842143040,EXECUTE,0,CYCLES,BACKEND,SUB-EVENT,model_layers_2_mlp_Transpose:OpId_25340 (cycles)
55842143040,EXECUTE,61593,CYCLES,BACKEND,SUB-EVENT,model_layers_2_mlp_gate_proj_conv_Conv:OpId_25348 (cycles)
55842143040,EXECUTE,60537,CYCLES,BACKEND,SUB-EVENT,model_layers_2_mlp_up_proj_conv_Conv:OpId_25358 (cycles)
55842143040,EXECUTE,0,CYCLES,BACKEND,SUB-EVENT,model_layers_2_mlp_act_fn_Sigmoid:OpId_25361 (cycles)
55842143040,EXECUTE,37233,CYCLES,BACKEND,SUB-EVENT,model_layers_2_mlp_act_fn_Mul:OpId_25368 (cycles)
55842143040,EXECUTE,13950,CYCLES,BACKEND,SUB-EVENT,model_layers_2_mlp_Mul:OpId_25370 (cycles)
55842143040,EXECUTE,30301,CYCLES,BACKEND,SUB-EVENT,model_layers_2_mlp_down_proj_conv_Conv:OpId_25379 (cycles)
55842143040,EXECUTE,361,CYCLES,BACKEND,SUB-EVENT,/model_layers_2_mlp_down_proj_conv_Conv/Conv_output_0.nchw:OpId_25383 (cycles)
55842143040,EXECUTE,0,CYCLES,BACKEND,SUB-EVENT,model_layers_2_mlp_Reshape_1:OpId_25384 (cycles)
55842143040,EXECUTE,4015,CYCLES,BACKEND,SUB-EVENT,model_layers_2_Add_1:OpId_25385 (cycles)
55842143040,EXECUTE,6251,CYCLES,BACKEND,SUB-EVENT,rms_norm_10:OpId_25390 (cycles)
55842143040,EXECUTE,0,CYCLES,BACKEND,SUB-EVENT,model_layers_3_self_attn_Reshape:OpId_25393 (cycles)
55842143040,EXECUTE,0,CYCLES,BACKEND,SUB-EVENT,model_layers_3_self_attn_Transpose:OpId_25395 (cycles)
55842143040,EXECUTE,864,CYCLES,BACKEND,SUB-EVENT,attn_3_head_0_key_Conv:OpId_25403 (cycles)
55842143040,EXECUTE,693,CYCLES,BACKEND,SUB-EVENT,attn_3_head_0_value_Conv:OpId_25413 (cycles)
55842143040,EXECUTE,521,CYCLES,BACKEND,SUB-EVENT,attn_3_head_0_value_Transpose/output_converted_UFIXED_POINT_8:OpId_25416 (cycles)
55842143040,EXECUTE,867,CYCLES,BACKEND,SUB-EVENT,attn_3_head_1_key_Conv:OpId_25426 (cycles)
55842143040,EXECUTE,841,CYCLES,BACKEND,SUB-EVENT,attn_3_head_1_value_Conv:OpId_25436 (cycles)
55842143040,EXECUTE,673,CYCLES,BACKEND,SUB-EVENT,attn_3_head_1_value_Transpose/output_converted_UFIXED_POINT_8:OpId_25439 (cycles)
55842143040,EXECUTE,747,CYCLES,BACKEND,SUB-EVENT,attn_3_head_0_query_Conv:OpId_25449 (cycles)
55842143040,EXECUTE,735,CYCLES,BACKEND,SUB-EVENT,attn_3_head_1_query_Conv:OpId_25459 (cycles)
55842143040,EXECUTE,734,CYCLES,BACKEND,SUB-EVENT,attn_3_head_2_query_Conv:OpId_25469 (cycles)
55842143040,EXECUTE,790,CYCLES,BACKEND,SUB-EVENT,attn_3_head_3_query_Conv:OpId_25479 (cycles)
55842143040,EXECUTE,1004,CYCLES,BACKEND,SUB-EVENT,attn_3_head_4_query_Conv:OpId_25489 (cycles)
55842143040,EXECUTE,1090,CYCLES,BACKEND,SUB-EVENT,attn_3_head_5_query_Conv:OpId_25499 (cycles)
55842143040,EXECUTE,836,CYCLES,BACKEND,SUB-EVENT,attn_3_head_6_query_Conv:OpId_25509 (cycles)
55842143040,EXECUTE,701,CYCLES,BACKEND,SUB-EVENT,attn_3_head_7_query_Conv:OpId_25519 (cycles)
55842143040,EXECUTE,756,CYCLES,BACKEND,SUB-EVENT,attn_3_head_8_query_Conv:OpId_25529 (cycles)
55842143040,EXECUTE,836,CYCLES,BACKEND,SUB-EVENT,attn_3_head_9_query_Conv:OpId_25539 (cycles)
55842143040,EXECUTE,1232,CYCLES,BACKEND,SUB-EVENT,attn_3_head_10_query_Conv:OpId_25549 (cycles)
55842143040,EXECUTE,991,CYCLES,BACKEND,SUB-EVENT,attn_3_head_11_query_Conv:OpId_25559 (cycles)
55842143040,EXECUTE,956,CYCLES,BACKEND,SUB-EVENT,attn_3_head_12_query_Conv:OpId_25569 (cycles)
55842143040,EXECUTE,3866,CYCLES,BACKEND,SUB-EVENT,attn_3_head_13_query_Conv:OpId_25579 (cycles)
55842143040,EXECUTE,291,CYCLES,BACKEND,SUB-EVENT,Slice_108:OpId_25583 (cycles)
55842143040,EXECUTE,247,CYCLES,BACKEND,SUB-EVENT,Slice_109:OpId_25589 (cycles)
55842143040,EXECUTE,226,CYCLES,BACKEND,SUB-EVENT,Slice_110:OpId_25595 (cycles)
55842143040,EXECUTE,235,CYCLES,BACKEND,SUB-EVENT,Slice_111:OpId_25601 (cycles)
55842143040,EXECUTE,0,CYCLES,BACKEND,SUB-EVENT,Concat_90:OpId_25606 (cycles)
55842143040,EXECUTE,261,CYCLES,BACKEND,SUB-EVENT,Slice_116:OpId_25609 (cycles)
55842143040,EXECUTE,231,CYCLES,BACKEND,SUB-EVENT,Slice_117:OpId_25615 (cycles)
55842143040,EXECUTE,282,CYCLES,BACKEND,SUB-EVENT,Slice_118:OpId_25621 (cycles)
55842143040,EXECUTE,189,CYCLES,BACKEND,SUB-EVENT,Slice_119:OpId_25627 (cycles)
55842143040,EXECUTE,229,CYCLES,BACKEND,SUB-EVENT,Slice_120:OpId_25633 (cycles)
55842143040,EXECUTE,255,CYCLES,BACKEND,SUB-EVENT,Slice_121:OpId_25639 (cycles)
55842143040,EXECUTE,243,CYCLES,BACKEND,SUB-EVENT,Slice_122:OpId_25645 (cycles)
55842143040,EXECUTE,287,CYCLES,BACKEND,SUB-EVENT,Slice_123:OpId_25651 (cycles)
55842143040,EXECUTE,219,CYCLES,BACKEND,SUB-EVENT,Slice_124:OpId_25657 (cycles)
55842143040,EXECUTE,187,CYCLES,BACKEND,SUB-EVENT,Slice_125:OpId_25663 (cycles)
55842143040,EXECUTE,277,CYCLES,BACKEND,SUB-EVENT,Slice_126:OpId_25669 (cycles)
55842143040,EXECUTE,232,CYCLES,BACKEND,SUB-EVENT,Slice_127:OpId_25675 (cycles)
55842143040,EXECUTE,287,CYCLES,BACKEND,SUB-EVENT,Slice_128:OpId_25681 (cycles)
55842143040,EXECUTE,215,CYCLES,BACKEND,SUB-EVENT,Slice_129:OpId_25687 (cycles)
55842143040,EXECUTE,208,CYCLES,BACKEND,SUB-EVENT,Slice_130:OpId_25693 (cycles)
55842143040,EXECUTE,224,CYCLES,BACKEND,SUB-EVENT,Slice_131:OpId_25699 (cycles)
55842143040,EXECUTE,286,CYCLES,BACKEND,SUB-EVENT,Slice_132:OpId_25705 (cycles)
55842143040,EXECUTE,180,CYCLES,BACKEND,SUB-EVENT,Slice_133:OpId_25711 (cycles)
55842143040,EXECUTE,266,CYCLES,BACKEND,SUB-EVENT,Slice_134:OpId_25717 (cycles)
55842143040,EXECUTE,184,CYCLES,BACKEND,SUB-EVENT,Slice_135:OpId_25723 (cycles)
55842143040,EXECUTE,186,CYCLES,BACKEND,SUB-EVENT,Slice_136:OpId_25729 (cycles)
55842143040,EXECUTE,163,CYCLES,BACKEND,SUB-EVENT,Slice_137:OpId_25735 (cycles)
55842143040,EXECUTE,236,CYCLES,BACKEND,SUB-EVENT,Slice_138:OpId_25741 (cycles)
55842143040,EXECUTE,195,CYCLES,BACKEND,SUB-EVENT,Slice_139:OpId_25747 (cycles)
55842143040,EXECUTE,185,CYCLES,BACKEND,SUB-EVENT,Slice_140:OpId_25753 (cycles)
55842143040,EXECUTE,175,CYCLES,BACKEND,SUB-EVENT,Slice_141:OpId_25759 (cycles)
55842143040,EXECUTE,231,CYCLES,BACKEND,SUB-EVENT,Slice_142:OpId_25765 (cycles)
55842143040,EXECUTE,174,CYCLES,BACKEND,SUB-EVENT,Slice_143:OpId_25771 (cycles)
55842143040,EXECUTE,10567,CYCLES,BACKEND,SUB-EVENT,Concat_72:OpId_25776 (cycles)
55842143040,EXECUTE,10295,CYCLES,BACKEND,SUB-EVENT,Concat_74:OpId_25778 (cycles)
55842143040,EXECUTE,505,CYCLES,BACKEND,SUB-EVENT,Mul_192:OpId_25780 (cycles)
55842143040,EXECUTE,394,CYCLES,BACKEND,SUB-EVENT,Mul_194:OpId_25782 (cycles)
55842143040,EXECUTE,414,CYCLES,BACKEND,SUB-EVENT,Mul_193:OpId_25784 (cycles)
55842143040,EXECUTE,314,CYCLES,BACKEND,SUB-EVENT,Mul_195:OpId_25786 (cycles)
55842143040,EXECUTE,200,CYCLES,BACKEND,SUB-EVENT,Mul_196:OpId_25788 (cycles)
55842143040,EXECUTE,178,CYCLES,BACKEND,SUB-EVENT,Mul_198:OpId_25790 (cycles)
55842143040,EXECUTE,178,CYCLES,BACKEND,SUB-EVENT,Mul_197:OpId_25792 (cycles)
55842143040,EXECUTE,218,CYCLES,BACKEND,SUB-EVENT,Mul_199:OpId_25794 (cycles)
55842143040,EXECUTE,407,CYCLES,BACKEND,SUB-EVENT,Mul_200:OpId_25796 (cycles)
55842143040,EXECUTE,401,CYCLES,BACKEND,SUB-EVENT,Mul_202:OpId_25798 (cycles)
55842143040,EXECUTE,482,CYCLES,BACKEND,SUB-EVENT,Mul_201:OpId_25800 (cycles)
55842143040,EXECUTE,784,CYCLES,BACKEND,SUB-EVENT,Mul_203:OpId_25802 (cycles)
55842143040,EXECUTE,179,CYCLES,BACKEND,SUB-EVENT,Mul_204:OpId_25804 (cycles)
55842143040,EXECUTE,162,CYCLES,BACKEND,SUB-EVENT,Mul_206:OpId_25806 (cycles)
55842143040,EXECUTE,138,CYCLES,BACKEND,SUB-EVENT,Mul_205:OpId_25808 (cycles)
55842143040,EXECUTE,168,CYCLES,BACKEND,SUB-EVENT,Mul_207:OpId_25810 (cycles)
55842143040,EXECUTE,212,CYCLES,BACKEND,SUB-EVENT,Mul_208:OpId_25812 (cycles)
55842143040,EXECUTE,235,CYCLES,BACKEND,SUB-EVENT,Mul_210:OpId_25814 (cycles)
55842143040,EXECUTE,192,CYCLES,BACKEND,SUB-EVENT,Mul_209:OpId_25816 (cycles)
55842143040,EXECUTE,164,CYCLES,BACKEND,SUB-EVENT,Mul_211:OpId_25818 (cycles)
55842143040,EXECUTE,216,CYCLES,BACKEND,SUB-EVENT,Mul_212:OpId_25820 (cycles)
55842143040,EXECUTE,190,CYCLES,BACKEND,SUB-EVENT,Mul_214:OpId_25822 (cycles)
55842143040,EXECUTE,228,CYCLES,BACKEND,SUB-EVENT,Mul_213:OpId_25824 (cycles)
55842143040,EXECUTE,198,CYCLES,BACKEND,SUB-EVENT,Mul_215:OpId_25826 (cycles)
55842143040,EXECUTE,320,CYCLES,BACKEND,SUB-EVENT,Mul_216:OpId_25828 (cycles)
55842143040,EXECUTE,164,CYCLES,BACKEND,SUB-EVENT,Mul_218:OpId_25830 (cycles)
55842143040,EXECUTE,267,CYCLES,BACKEND,SUB-EVENT,Mul_217:OpId_25832 (cycles)
55842143040,EXECUTE,193,CYCLES,BACKEND,SUB-EVENT,Mul_219:OpId_25834 (cycles)
55842143040,EXECUTE,182,CYCLES,BACKEND,SUB-EVENT,Mul_220:OpId_25836 (cycles)
55842143040,EXECUTE,169,CYCLES,BACKEND,SUB-EVENT,Mul_222:OpId_25838 (cycles)
55842143040,EXECUTE,196,CYCLES,BACKEND,SUB-EVENT,Mul_221:OpId_25840 (cycles)
55842143040,EXECUTE,213,CYCLES,BACKEND,SUB-EVENT,Mul_223:OpId_25842 (cycles)
55842143040,EXECUTE,220,CYCLES,BACKEND,SUB-EVENT,Mul_224:OpId_25844 (cycles)
55842143040,EXECUTE,201,CYCLES,BACKEND,SUB-EVENT,Mul_226:OpId_25846 (cycles)
55842143040,EXECUTE,188,CYCLES,BACKEND,SUB-EVENT,Mul_225:OpId_25848 (cycles)
55842143040,EXECUTE,174,CYCLES,BACKEND,SUB-EVENT,Mul_227:OpId_25850 (cycles)
55842143040,EXECUTE,202,CYCLES,BACKEND,SUB-EVENT,Mul_228:OpId_25852 (cycles)
55842143040,EXECUTE,176,CYCLES,BACKEND,SUB-EVENT,Mul_230:OpId_25854 (cycles)
55842143040,EXECUTE,172,CYCLES,BACKEND,SUB-EVENT,Mul_229:OpId_25856 (cycles)
55842143040,EXECUTE,146,CYCLES,BACKEND,SUB-EVENT,Mul_231:OpId_25858 (cycles)
55842143040,EXECUTE,497,CYCLES,BACKEND,SUB-EVENT,Mul_232:OpId_25860 (cycles)
55842143040,EXECUTE,162,CYCLES,BACKEND,SUB-EVENT,Mul_234:OpId_25862 (cycles)
55842143040,EXECUTE,177,CYCLES,BACKEND,SUB-EVENT,Mul_233:OpId_25864 (cycles)
55842143040,EXECUTE,166,CYCLES,BACKEND,SUB-EVENT,Mul_235:OpId_25866 (cycles)
55842143040,EXECUTE,183,CYCLES,BACKEND,SUB-EVENT,Mul_236:OpId_25868 (cycles)
55842143040,EXECUTE,150,CYCLES,BACKEND,SUB-EVENT,Mul_238:OpId_25870 (cycles)
55842143040,EXECUTE,192,CYCLES,BACKEND,SUB-EVENT,Mul_237:OpId_25872 (cycles)
55842143040,EXECUTE,193,CYCLES,BACKEND,SUB-EVENT,Mul_239:OpId_25874 (cycles)
55842143040,EXECUTE,184,CYCLES,BACKEND,SUB-EVENT,Mul_240:OpId_25876 (cycles)
55842143040,EXECUTE,157,CYCLES,BACKEND,SUB-EVENT,Mul_242:OpId_25878 (cycles)
55842143040,EXECUTE,174,CYCLES,BACKEND,SUB-EVENT,Mul_241:OpId_25880 (cycles)
55842143040,EXECUTE,144,CYCLES,BACKEND,SUB-EVENT,Mul_243:OpId_25882 (cycles)
55842143040,EXECUTE,444,CYCLES,BACKEND,SUB-EVENT,Mul_244:OpId_25884 (cycles)
55842143040,EXECUTE,151,CYCLES,BACKEND,SUB-EVENT,Mul_246:OpId_25886 (cycles)
55842143040,EXECUTE,205,CYCLES,BACKEND,SUB-EVENT,Mul_245:OpId_25888 (cycles)
55842143040,EXECUTE,156,CYCLES,BACKEND,SUB-EVENT,Mul_247:OpId_25890 (cycles)
55842143040,EXECUTE,200,CYCLES,BACKEND,SUB-EVENT,Mul_248:OpId_25892 (cycles)
55842143040,EXECUTE,164,CYCLES,BACKEND,SUB-EVENT,Mul_250:OpId_25894 (cycles)
55842143040,EXECUTE,180,CYCLES,BACKEND,SUB-EVENT,Mul_249:OpId_25896 (cycles)
55842143040,EXECUTE,146,CYCLES,BACKEND,SUB-EVENT,Mul_251:OpId_25898 (cycles)
55842143040,EXECUTE,236,CYCLES,BACKEND,SUB-EVENT,Mul_252:OpId_25900 (cycles)
55842143040,EXECUTE,306,CYCLES,BACKEND,SUB-EVENT,Mul_254:OpId_25902 (cycles)
55842143040,EXECUTE,288,CYCLES,BACKEND,SUB-EVENT,Mul_253:OpId_25904 (cycles)
55842143040,EXECUTE,198,CYCLES,BACKEND,SUB-EVENT,Mul_255:OpId_25906 (cycles)
55842143040,EXECUTE,504,CYCLES,BACKEND,SUB-EVENT,Sub_48:OpId_25908 (cycles)
55842143040,EXECUTE,249,CYCLES,BACKEND,SUB-EVENT,Sub_48_converted_UFIXED_POINT_8:OpId_25910 (cycles)
55842143040,EXECUTE,399,CYCLES,BACKEND,SUB-EVENT,Add_90:OpId_25913 (cycles)
55842143040,EXECUTE,205,CYCLES,BACKEND,SUB-EVENT,Add_90_converted_UFIXED_POINT_8:OpId_25915 (cycles)
55842143040,EXECUTE,231,CYCLES,BACKEND,SUB-EVENT,Sub_49:OpId_25918 (cycles)
55842143040,EXECUTE,298,CYCLES,BACKEND,SUB-EVENT,Sub_49_converted_UFIXED_POINT_8:OpId_25920 (cycles)
55842143040,EXECUTE,209,CYCLES,BACKEND,SUB-EVENT,Add_91:OpId_25923 (cycles)
55842143040,EXECUTE,228,CYCLES,BACKEND,SUB-EVENT,Add_91_converted_UFIXED_POINT_8:OpId_25925 (cycles)
55842143040,EXECUTE,1104,CYCLES,BACKEND,SUB-EVENT,Sub_50:OpId_25928 (cycles)
55842143040,EXECUTE,787,CYCLES,BACKEND,SUB-EVENT,Add_92:OpId_25930 (cycles)
55842143040,EXECUTE,410,CYCLES,BACKEND,SUB-EVENT,Sub_51:OpId_25932 (cycles)
55842143040,EXECUTE,406,CYCLES,BACKEND,SUB-EVENT,Add_94:OpId_25934 (cycles)
55842143040,EXECUTE,428,CYCLES,BACKEND,SUB-EVENT,Sub_52:OpId_25936 (cycles)
55842143040,EXECUTE,348,CYCLES,BACKEND,SUB-EVENT,Add_96:OpId_25938 (cycles)
55842143040,EXECUTE,531,CYCLES,BACKEND,SUB-EVENT,Sub_53:OpId_25940 (cycles)
55842143040,EXECUTE,442,CYCLES,BACKEND,SUB-EVENT,Add_98:OpId_25942 (cycles)
55842143040,EXECUTE,483,CYCLES,BACKEND,SUB-EVENT,Sub_54:OpId_25944 (cycles)
55842143040,EXECUTE,444,CYCLES,BACKEND,SUB-EVENT,Add_100:OpId_25946 (cycles)
55842143040,EXECUTE,471,CYCLES,BACKEND,SUB-EVENT,Sub_55:OpId_25948 (cycles)
55842143040,EXECUTE,456,CYCLES,BACKEND,SUB-EVENT,Add_102:OpId_25950 (cycles)
55842143040,EXECUTE,441,CYCLES,BACKEND,SUB-EVENT,Sub_56:OpId_25952 (cycles)
55842143040,EXECUTE,479,CYCLES,BACKEND,SUB-EVENT,Add_104:OpId_25954 (cycles)
55842143040,EXECUTE,464,CYCLES,BACKEND,SUB-EVENT,Sub_57:OpId_25956 (cycles)
55842143040,EXECUTE,410,CYCLES,BACKEND,SUB-EVENT,Add_106:OpId_25958 (cycles)
55842143040,EXECUTE,571,CYCLES,BACKEND,SUB-EVENT,Sub_58:OpId_25960 (cycles)
55842143040,EXECUTE,669,CYCLES,BACKEND,SUB-EVENT,Add_108:OpId_25962 (cycles)
55842143040,EXECUTE,491,CYCLES,BACKEND,SUB-EVENT,Sub_59:OpId_25964 (cycles)
55842143040,EXECUTE,427,CYCLES,BACKEND,SUB-EVENT,Add_110:OpId_25966 (cycles)
55842143040,EXECUTE,451,CYCLES,BACKEND,SUB-EVENT,Sub_60:OpId_25968 (cycles)
55842143040,EXECUTE,482,CYCLES,BACKEND,SUB-EVENT,Add_112:OpId_25970 (cycles)
55842143040,EXECUTE,576,CYCLES,BACKEND,SUB-EVENT,Sub_61:OpId_25972 (cycles)
55842143040,EXECUTE,410,CYCLES,BACKEND,SUB-EVENT,Add_114:OpId_25974 (cycles)
55842143040,EXECUTE,487,CYCLES,BACKEND,SUB-EVENT,Sub_62:OpId_25976 (cycles)
55842143040,EXECUTE,399,CYCLES,BACKEND,SUB-EVENT,Add_116:OpId_25978 (cycles)
55842143040,EXECUTE,587,CYCLES,BACKEND,SUB-EVENT,Sub_63:OpId_25980 (cycles)
55842143040,EXECUTE,750,CYCLES,BACKEND,SUB-EVENT,Add_118:OpId_25982 (cycles)
55842143040,EXECUTE,1326,CYCLES,BACKEND,SUB-EVENT,Concat_69:OpId_25984 (cycles)
55842143040,EXECUTE,1037,CYCLES,BACKEND,SUB-EVENT,Concat_70:OpId_25986 (cycles)
55842143040,EXECUTE,0,CYCLES,BACKEND,SUB-EVENT,Concat_75:OpId_25988 (cycles)
55842143040,EXECUTE,0,CYCLES,BACKEND,SUB-EVENT,Concat_76:OpId_25990 (cycles)
55842143040,EXECUTE,0,CYCLES,BACKEND,SUB-EVENT,Concat_77:OpId_25992 (cycles)
55842143040,EXECUTE,0,CYCLES,BACKEND,SUB-EVENT,Concat_78:OpId_25994 (cycles)
55842143040,EXECUTE,0,CYCLES,BACKEND,SUB-EVENT,Concat_79:OpId_25996 (cycles)
55842143040,EXECUTE,0,CYCLES,BACKEND,SUB-EVENT,Concat_80:OpId_25998 (cycles)
55842143040,EXECUTE,0,CYCLES,BACKEND,SUB-EVENT,Concat_81:OpId_26000 (cycles)
55842143040,EXECUTE,0,CYCLES,BACKEND,SUB-EVENT,Concat_82:OpId_26002 (cycles)
55842143040,EXECUTE,0,CYCLES,BACKEND,SUB-EVENT,Concat_83:OpId_26004 (cycles)
55842143040,EXECUTE,0,CYCLES,BACKEND,SUB-EVENT,Concat_84:OpId_26006 (cycles)
55842143040,EXECUTE,0,CYCLES,BACKEND,SUB-EVENT,Concat_85:OpId_26008 (cycles)
55842143040,EXECUTE,0,CYCLES,BACKEND,SUB-EVENT,Concat_86:OpId_26010 (cycles)
55842143040,EXECUTE,0,CYCLES,BACKEND,SUB-EVENT,Concat_87:OpId_26012 (cycles)
55842143040,EXECUTE,0,CYCLES,BACKEND,SUB-EVENT,Concat_88:OpId_26014 (cycles)
55842143040,EXECUTE,0,CYCLES,BACKEND,SUB-EVENT,attn_3_head_0_key_Transpose_0:OpId_26017 (cycles)
55842143040,EXECUTE,0,CYCLES,BACKEND,SUB-EVENT,attn_3_head_1_key_Transpose_0:OpId_26019 (cycles)
55842143040,EXECUTE,0,CYCLES,BACKEND,SUB-EVENT,Concat_71:OpId_26020 (cycles)
55842143040,EXECUTE,0,CYCLES,BACKEND,SUB-EVENT,Concat_73:OpId_26022 (cycles)
55842143040,EXECUTE,0,CYCLES,BACKEND,SUB-EVENT,Concat_89:OpId_26024 (cycles)
55842143040,EXECUTE,128744,CYCLES,BACKEND,SUB-EVENT,attn_3_head_0_qk_MatMul_0:OpId_26026 (cycles)
55842143040,EXECUTE,7788,CYCLES,BACKEND,SUB-EVENT,attn_3_head_1_qk_MatMul_0:OpId_26030 (cycles)
55842143040,EXECUTE,7694,CYCLES,BACKEND,SUB-EVENT,attn_3_head_2_qk_MatMul_0:OpId_26034 (cycles)
55842143040,EXECUTE,6939,CYCLES,BACKEND,SUB-EVENT,attn_3_head_3_qk_MatMul_0:OpId_26038 (cycles)
55842143040,EXECUTE,7414,CYCLES,BACKEND,SUB-EVENT,attn_3_head_4_qk_MatMul_0:OpId_26042 (cycles)
55842143040,EXECUTE,7051,CYCLES,BACKEND,SUB-EVENT,attn_3_head_5_qk_MatMul_0:OpId_26046 (cycles)
55842143040,EXECUTE,7620,CYCLES,BACKEND,SUB-EVENT,attn_3_head_6_qk_MatMul_0:OpId_26050 (cycles)
55842143040,EXECUTE,123840,CYCLES,BACKEND,SUB-EVENT,attn_3_head_7_qk_MatMul_0:OpId_26054 (cycles)
55842143040,EXECUTE,7552,CYCLES,BACKEND,SUB-EVENT,attn_3_head_8_qk_MatMul_0:OpId_26058 (cycles)
55842143040,EXECUTE,7194,CYCLES,BACKEND,SUB-EVENT,attn_3_head_9_qk_MatMul_0:OpId_26062 (cycles)
55842143040,EXECUTE,7364,CYCLES,BACKEND,SUB-EVENT,attn_3_head_10_qk_MatMul_0:OpId_26066 (cycles)
55842143040,EXECUTE,6516,CYCLES,BACKEND,SUB-EVENT,attn_3_head_11_qk_MatMul_0:OpId_26070 (cycles)
55842143040,EXECUTE,6460,CYCLES,BACKEND,SUB-EVENT,attn_3_head_12_qk_MatMul_0:OpId_26074 (cycles)
55842143040,EXECUTE,6481,CYCLES,BACKEND,SUB-EVENT,attn_3_head_13_qk_MatMul_0:OpId_26078 (cycles)
55842143040,EXECUTE,16772,CYCLES,BACKEND,SUB-EVENT,Add_93:OpId_26082 (cycles)
55842143040,EXECUTE,16956,CYCLES,BACKEND,SUB-EVENT,Add_95:OpId_26084 (cycles)
55842143040,EXECUTE,16314,CYCLES,BACKEND,SUB-EVENT,Add_97:OpId_26086 (cycles)
55842143040,EXECUTE,17437,CYCLES,BACKEND,SUB-EVENT,Add_99:OpId_26088 (cycles)
55842143040,EXECUTE,16588,CYCLES,BACKEND,SUB-EVENT,Add_101:OpId_26090 (cycles)
55842143040,EXECUTE,17775,CYCLES,BACKEND,SUB-EVENT,Add_103:OpId_26092 (cycles)
55842143040,EXECUTE,20650,CYCLES,BACKEND,SUB-EVENT,Add_105:OpId_26094 (cycles)
55842143040,EXECUTE,16755,CYCLES,BACKEND,SUB-EVENT,Add_107:OpId_26096 (cycles)
55842143040,EXECUTE,18225,CYCLES,BACKEND,SUB-EVENT,Add_109:OpId_26098 (cycles)
55842143040,EXECUTE,17205,CYCLES,BACKEND,SUB-EVENT,Add_111:OpId_26100 (cycles)
55842143040,EXECUTE,19770,CYCLES,BACKEND,SUB-EVENT,Add_113:OpId_26102 (cycles)
55842143040,EXECUTE,17641,CYCLES,BACKEND,SUB-EVENT,Add_115:OpId_26104 (cycles)
55842143040,EXECUTE,18406,CYCLES,BACKEND,SUB-EVENT,Add_117:OpId_26106 (cycles)
55842143040,EXECUTE,17579,CYCLES,BACKEND,SUB-EVENT,Add_119:OpId_26108 (cycles)
55842143040,EXECUTE,13480,CYCLES,BACKEND,SUB-EVENT,attn_3_head_0_Softmax_0:OpId_26110 (cycles)
55842143040,EXECUTE,10866,CYCLES,BACKEND,SUB-EVENT,attn_3_head_1_Softmax_0:OpId_26113 (cycles)
55842143040,EXECUTE,13646,CYCLES,BACKEND,SUB-EVENT,attn_3_head_2_Softmax_0:OpId_26116 (cycles)
55842143040,EXECUTE,11871,CYCLES,BACKEND,SUB-EVENT,attn_3_head_3_Softmax_0:OpId_26119 (cycles)
55842143040,EXECUTE,11174,CYCLES,BACKEND,SUB-EVENT,attn_3_head_4_Softmax_0:OpId_26122 (cycles)
55842143040,EXECUTE,11303,CYCLES,BACKEND,SUB-EVENT,attn_3_head_5_Softmax_0:OpId_26125 (cycles)
55842143040,EXECUTE,13440,CYCLES,BACKEND,SUB-EVENT,attn_3_head_6_Softmax_0:OpId_26128 (cycles)
55842143040,EXECUTE,10706,CYCLES,BACKEND,SUB-EVENT,attn_3_head_7_Softmax_0:OpId_26131 (cycles)
55842143040,EXECUTE,11030,CYCLES,BACKEND,SUB-EVENT,attn_3_head_8_Softmax_0:OpId_26134 (cycles)
55842143040,EXECUTE,11973,CYCLES,BACKEND,SUB-EVENT,attn_3_head_9_Softmax_0:OpId_26137 (cycles)
55842143040,EXECUTE,11109,CYCLES,BACKEND,SUB-EVENT,attn_3_head_10_Softmax_0:OpId_26140 (cycles)
55842143040,EXECUTE,12691,CYCLES,BACKEND,SUB-EVENT,attn_3_head_11_Softmax_0:OpId_26143 (cycles)
55842143040,EXECUTE,11149,CYCLES,BACKEND,SUB-EVENT,attn_3_head_12_Softmax_0:OpId_26146 (cycles)
55842143040,EXECUTE,11753,CYCLES,BACKEND,SUB-EVENT,attn_3_head_13_Softmax_0:OpId_26149 (cycles)
55842143040,EXECUTE,40992,CYCLES,BACKEND,SUB-EVENT,attn_3_head_0_qkv_MatMul_0:OpId_26152 (cycles)
55842143040,EXECUTE,1487,CYCLES,BACKEND,SUB-EVENT,attn_3_head_1_qkv_MatMul_0:OpId_26156 (cycles)
55842143040,EXECUTE,1375,CYCLES,BACKEND,SUB-EVENT,attn_3_head_2_qkv_MatMul_0:OpId_26160 (cycles)
55842143040,EXECUTE,1339,CYCLES,BACKEND,SUB-EVENT,attn_3_head_3_qkv_MatMul_0:OpId_26164 (cycles)
55842143040,EXECUTE,1346,CYCLES,BACKEND,SUB-EVENT,attn_3_head_4_qkv_MatMul_0:OpId_26168 (cycles)
55842143040,EXECUTE,1366,CYCLES,BACKEND,SUB-EVENT,attn_3_head_5_qkv_MatMul_0:OpId_26172 (cycles)
55842143040,EXECUTE,1440,CYCLES,BACKEND,SUB-EVENT,attn_3_head_6_qkv_MatMul_0:OpId_26176 (cycles)
55842143040,EXECUTE,38155,CYCLES,BACKEND,SUB-EVENT,attn_3_head_7_qkv_MatMul_0:OpId_26180 (cycles)
55842143040,EXECUTE,1261,CYCLES,BACKEND,SUB-EVENT,attn_3_head_8_qkv_MatMul_0:OpId_26184 (cycles)
55842143040,EXECUTE,1409,CYCLES,BACKEND,SUB-EVENT,attn_3_head_9_qkv_MatMul_0:OpId_26188 (cycles)
55842143040,EXECUTE,1383,CYCLES,BACKEND,SUB-EVENT,attn_3_head_10_qkv_MatMul_0:OpId_26192 (cycles)
55842143040,EXECUTE,1294,CYCLES,BACKEND,SUB-EVENT,attn_3_head_11_qkv_MatMul_0:OpId_26196 (cycles)
55842143040,EXECUTE,1244,CYCLES,BACKEND,SUB-EVENT,attn_3_head_12_qkv_MatMul_0:OpId_26200 (cycles)
55842143040,EXECUTE,1154,CYCLES,BACKEND,SUB-EVENT,attn_3_head_13_qkv_MatMul_0:OpId_26204 (cycles)
55842143040,EXECUTE,0,CYCLES,BACKEND,SUB-EVENT,Concat_91:OpId_26208 (cycles)
55842143040,EXECUTE,0,CYCLES,BACKEND,SUB-EVENT,Reshape_5:OpId_26210 (cycles)
55842143040,EXECUTE,0,CYCLES,BACKEND,SUB-EVENT,model_layers_3_self_attn_Transpose_6:OpId_26212 (cycles)
55842143040,EXECUTE,15883,CYCLES,BACKEND,SUB-EVENT,model_layers_3_self_attn_o_proj_conv_Conv:OpId_26220 (cycles)
55842143040,EXECUTE,417,CYCLES,BACKEND,SUB-EVENT,/model_layers_3_self_attn_o_proj_conv_Conv/Conv_output_0.nchw:OpId_26224 (cycles)
55842143040,EXECUTE,0,CYCLES,BACKEND,SUB-EVENT,model_layers_3_self_attn_Reshape_9:OpId_26225 (cycles)
55842143040,EXECUTE,3279,CYCLES,BACKEND,SUB-EVENT,model_layers_3_Add:OpId_26226 (cycles)
55842143040,EXECUTE,9334,CYCLES,BACKEND,SUB-EVENT,rms_norm_12:OpId_26231 (cycles)
55842143040,EXECUTE,0,CYCLES,BACKEND,SUB-EVENT,model_layers_3_mlp_Reshape:OpId_26234 (cycles)
55842143040,EXECUTE,0,CYCLES,BACKEND,SUB-EVENT,model_layers_3_mlp_Transpose:OpId_26236 (cycles)
55842143040,EXECUTE,68122,CYCLES,BACKEND,SUB-EVENT,model_layers_3_mlp_gate_proj_conv_Conv:OpId_26244 (cycles)
55842143040,EXECUTE,56026,CYCLES,BACKEND,SUB-EVENT,model_layers_3_mlp_up_proj_conv_Conv:OpId_26254 (cycles)
55842143040,EXECUTE,0,CYCLES,BACKEND,SUB-EVENT,model_layers_3_mlp_act_fn_Sigmoid:OpId_26257 (cycles)
55842143040,EXECUTE,35621,CYCLES,BACKEND,SUB-EVENT,model_layers_3_mlp_act_fn_Mul:OpId_26264 (cycles)
55842143040,EXECUTE,14297,CYCLES,BACKEND,SUB-EVENT,model_layers_3_mlp_Mul:OpId_26266 (cycles)
55842143040,EXECUTE,44925,CYCLES,BACKEND,SUB-EVENT,model_layers_3_mlp_down_proj_conv_Conv:OpId_26275 (cycles)
55842143040,EXECUTE,340,CYCLES,BACKEND,SUB-EVENT,/model_layers_3_mlp_down_proj_conv_Conv/Conv_output_0.nchw:OpId_26279 (cycles)
55842143040,EXECUTE,0,CYCLES,BACKEND,SUB-EVENT,model_layers_3_mlp_Reshape_1:OpId_26280 (cycles)
55842143040,EXECUTE,4214,CYCLES,BACKEND,SUB-EVENT,model_layers_3_Add_1:OpId_26281 (cycles)
55842143040,EXECUTE,6779,CYCLES,BACKEND,SUB-EVENT,rms_norm_14:OpId_26286 (cycles)
55842143040,EXECUTE,0,CYCLES,BACKEND,SUB-EVENT,model_layers_4_self_attn_Reshape:OpId_26289 (cycles)
55842143040,EXECUTE,0,CYCLES,BACKEND,SUB-EVENT,model_layers_4_self_attn_Transpose:OpId_26291 (cycles)
55842143040,EXECUTE,879,CYCLES,BACKEND,SUB-EVENT,attn_4_head_0_key_Conv:OpId_26299 (cycles)
55842143040,EXECUTE,665,CYCLES,BACKEND,SUB-EVENT,attn_4_head_0_value_Conv:OpId_26309 (cycles)
55842143040,EXECUTE,380,CYCLES,BACKEND,SUB-EVENT,attn_4_head_0_value_Transpose/output_converted_UFIXED_POINT_8:OpId_26312 (cycles)
55842143040,EXECUTE,710,CYCLES,BACKEND,SUB-EVENT,attn_4_head_1_key_Conv:OpId_26322 (cycles)
55842143040,EXECUTE,739,CYCLES,BACKEND,SUB-EVENT,attn_4_head_1_value_Conv:OpId_26332 (cycles)
55842143040,EXECUTE,530,CYCLES,BACKEND,SUB-EVENT,attn_4_head_1_value_Transpose/output_converted_UFIXED_POINT_8:OpId_26335 (cycles)
55842143040,EXECUTE,983,CYCLES,BACKEND,SUB-EVENT,attn_4_head_0_query_Conv:OpId_26345 (cycles)
55842143040,EXECUTE,1019,CYCLES,BACKEND,SUB-EVENT,attn_4_head_1_query_Conv:OpId_26355 (cycles)
55842143040,EXECUTE,919,CYCLES,BACKEND,SUB-EVENT,attn_4_head_2_query_Conv:OpId_26365 (cycles)
55842143040,EXECUTE,785,CYCLES,BACKEND,SUB-EVENT,attn_4_head_3_query_Conv:OpId_26375 (cycles)
55842143040,EXECUTE,896,CYCLES,BACKEND,SUB-EVENT,attn_4_head_4_query_Conv:OpId_26385 (cycles)
55842143040,EXECUTE,827,CYCLES,BACKEND,SUB-EVENT,attn_4_head_5_query_Conv:OpId_26395 (cycles)
55842143040,EXECUTE,792,CYCLES,BACKEND,SUB-EVENT,attn_4_head_6_query_Conv:OpId_26405 (cycles)
55842143040,EXECUTE,762,CYCLES,BACKEND,SUB-EVENT,attn_4_head_7_query_Conv:OpId_26415 (cycles)
55842143040,EXECUTE,860,CYCLES,BACKEND,SUB-EVENT,attn_4_head_8_query_Conv:OpId_26425 (cycles)
55842143040,EXECUTE,825,CYCLES,BACKEND,SUB-EVENT,attn_4_head_9_query_Conv:OpId_26435 (cycles)
55842143040,EXECUTE,980,CYCLES,BACKEND,SUB-EVENT,attn_4_head_10_query_Conv:OpId_26445 (cycles)
55842143040,EXECUTE,814,CYCLES,BACKEND,SUB-EVENT,attn_4_head_11_query_Conv:OpId_26455 (cycles)
55842143040,EXECUTE,780,CYCLES,BACKEND,SUB-EVENT,attn_4_head_12_query_Conv:OpId_26465 (cycles)
55842143040,EXECUTE,806,CYCLES,BACKEND,SUB-EVENT,attn_4_head_13_query_Conv:OpId_26475 (cycles)
55842143040,EXECUTE,308,CYCLES,BACKEND,SUB-EVENT,Slice_144:OpId_26479 (cycles)
55842143040,EXECUTE,243,CYCLES,BACKEND,SUB-EVENT,Slice_145:OpId_26485 (cycles)
55842143040,EXECUTE,209,CYCLES,BACKEND,SUB-EVENT,Slice_146:OpId_26491 (cycles)
55842143040,EXECUTE,211,CYCLES,BACKEND,SUB-EVENT,Slice_147:OpId_26497 (cycles)
55842143040,EXECUTE,0,CYCLES,BACKEND,SUB-EVENT,Concat_113:OpId_26502 (cycles)
55842143040,EXECUTE,259,CYCLES,BACKEND,SUB-EVENT,Slice_152:OpId_26505 (cycles)
55842143040,EXECUTE,213,CYCLES,BACKEND,SUB-EVENT,Slice_153:OpId_26511 (cycles)
55842143040,EXECUTE,222,CYCLES,BACKEND,SUB-EVENT,Slice_154:OpId_26517 (cycles)
55842143040,EXECUTE,177,CYCLES,BACKEND,SUB-EVENT,Slice_155:OpId_26523 (cycles)
55842143040,EXECUTE,243,CYCLES,BACKEND,SUB-EVENT,Slice_156:OpId_26529 (cycles)
55842143040,EXECUTE,189,CYCLES,BACKEND,SUB-EVENT,Slice_157:OpId_26535 (cycles)
55842143040,EXECUTE,252,CYCLES,BACKEND,SUB-EVENT,Slice_158:OpId_26541 (cycles)
55842143040,EXECUTE,191,CYCLES,BACKEND,SUB-EVENT,Slice_159:OpId_26547 (cycles)
55842143040,EXECUTE,232,CYCLES,BACKEND,SUB-EVENT,Slice_160:OpId_26553 (cycles)
55842143040,EXECUTE,189,CYCLES,BACKEND,SUB-EVENT,Slice_161:OpId_26559 (cycles)
55842143040,EXECUTE,269,CYCLES,BACKEND,SUB-EVENT,Slice_162:OpId_26565 (cycles)
55842143040,EXECUTE,189,CYCLES,BACKEND,SUB-EVENT,Slice_163:OpId_26571 (cycles)
55842143040,EXECUTE,231,CYCLES,BACKEND,SUB-EVENT,Slice_164:OpId_26577 (cycles)
55842143040,EXECUTE,139,CYCLES,BACKEND,SUB-EVENT,Slice_165:OpId_26583 (cycles)
55842143040,EXECUTE,247,CYCLES,BACKEND,SUB-EVENT,Slice_166:OpId_26589 (cycles)
55842143040,EXECUTE,131,CYCLES,BACKEND,SUB-EVENT,Slice_167:OpId_26595 (cycles)
55842143040,EXECUTE,181,CYCLES,BACKEND,SUB-EVENT,Slice_168:OpId_26601 (cycles)
55842143040,EXECUTE,153,CYCLES,BACKEND,SUB-EVENT,Slice_169:OpId_26607 (cycles)
55842143040,EXECUTE,269,CYCLES,BACKEND,SUB-EVENT,Slice_170:OpId_26613 (cycles)
55842143040,EXECUTE,185,CYCLES,BACKEND,SUB-EVENT,Slice_171:OpId_26619 (cycles)
55842143040,EXECUTE,161,CYCLES,BACKEND,SUB-EVENT,Slice_172:OpId_26625 (cycles)
55842143040,EXECUTE,247,CYCLES,BACKEND,SUB-EVENT,Slice_173:OpId_26631 (cycles)
55842143040,EXECUTE,279,CYCLES,BACKEND,SUB-EVENT,Slice_174:OpId_26637 (cycles)
55842143040,EXECUTE,178,CYCLES,BACKEND,SUB-EVENT,Slice_175:OpId_26643 (cycles)
55842143040,EXECUTE,228,CYCLES,BACKEND,SUB-EVENT,Slice_176:OpId_26649 (cycles)
55842143040,EXECUTE,196,CYCLES,BACKEND,SUB-EVENT,Slice_177:OpId_26655 (cycles)
55842143040,EXECUTE,173,CYCLES,BACKEND,SUB-EVENT,Slice_178:OpId_26661 (cycles)
55842143040,EXECUTE,163,CYCLES,BACKEND,SUB-EVENT,Slice_179:OpId_26667 (cycles)
55842143040,EXECUTE,11309,CYCLES,BACKEND,SUB-EVENT,Concat_95:OpId_26672 (cycles)
55842143040,EXECUTE,9417,CYCLES,BACKEND,SUB-EVENT,Concat_97:OpId_26674 (cycles)
55842143040,EXECUTE,1000,CYCLES,BACKEND,SUB-EVENT,Mul_256:OpId_26676 (cycles)
55842143040,EXECUTE,675,CYCLES,BACKEND,SUB-EVENT,Mul_258:OpId_26678 (cycles)
55842143040,EXECUTE,735,CYCLES,BACKEND,SUB-EVENT,Mul_257:OpId_26680 (cycles)
55842143040,EXECUTE,484,CYCLES,BACKEND,SUB-EVENT,Mul_259:OpId_26682 (cycles)
55842143040,EXECUTE,215,CYCLES,BACKEND,SUB-EVENT,Mul_260:OpId_26684 (cycles)
55842143040,EXECUTE,218,CYCLES,BACKEND,SUB-EVENT,Mul_262:OpId_26686 (cycles)
55842143040,EXECUTE,228,CYCLES,BACKEND,SUB-EVENT,Mul_261:OpId_26688 (cycles)
55842143040,EXECUTE,165,CYCLES,BACKEND,SUB-EVENT,Mul_263:OpId_26690 (cycles)
55842143040,EXECUTE,425,CYCLES,BACKEND,SUB-EVENT,Mul_264:OpId_26692 (cycles)
55842143040,EXECUTE,443,CYCLES,BACKEND,SUB-EVENT,Mul_266:OpId_26694 (cycles)
55842143040,EXECUTE,523,CYCLES,BACKEND,SUB-EVENT,Mul_265:OpId_26696 (cycles)
55842143040,EXECUTE,620,CYCLES,BACKEND,SUB-EVENT,Mul_267:OpId_26698 (cycles)
55842143040,EXECUTE,207,CYCLES,BACKEND,SUB-EVENT,Mul_268:OpId_26700 (cycles)
55842143040,EXECUTE,209,CYCLES,BACKEND,SUB-EVENT,Mul_270:OpId_26702 (cycles)
55842143040,EXECUTE,162,CYCLES,BACKEND,SUB-EVENT,Mul_269:OpId_26704 (cycles)
55842143040,EXECUTE,153,CYCLES,BACKEND,SUB-EVENT,Mul_271:OpId_26706 (cycles)
55842143040,EXECUTE,227,CYCLES,BACKEND,SUB-EVENT,Mul_272:OpId_26708 (cycles)
55842143040,EXECUTE,173,CYCLES,BACKEND,SUB-EVENT,Mul_274:OpId_26710 (cycles)
55842143040,EXECUTE,213,CYCLES,BACKEND,SUB-EVENT,Mul_273:OpId_26712 (cycles)
55842143040,EXECUTE,172,CYCLES,BACKEND,SUB-EVENT,Mul_275:OpId_26714 (cycles)
55842143040,EXECUTE,190,CYCLES,BACKEND,SUB-EVENT,Mul_276:OpId_26716 (cycles)
55842143040,EXECUTE,129,CYCLES,BACKEND,SUB-EVENT,Mul_278:OpId_26718 (cycles)
55842143040,EXECUTE,158,CYCLES,BACKEND,SUB-EVENT,Mul_277:OpId_26720 (cycles)
55842143040,EXECUTE,145,CYCLES,BACKEND,SUB-EVENT,Mul_279:OpId_26722 (cycles)
55842143040,EXECUTE,155,CYCLES,BACKEND,SUB-EVENT,Mul_280:OpId_26724 (cycles)
55842143040,EXECUTE,191,CYCLES,BACKEND,SUB-EVENT,Mul_282:OpId_26726 (cycles)
55842143040,EXECUTE,263,CYCLES,BACKEND,SUB-EVENT,Mul_281:OpId_26728 (cycles)
55842143040,EXECUTE,351,CYCLES,BACKEND,SUB-EVENT,Mul_283:OpId_26730 (cycles)
55842143040,EXECUTE,166,CYCLES,BACKEND,SUB-EVENT,Mul_284:OpId_26732 (cycles)
55842143040,EXECUTE,160,CYCLES,BACKEND,SUB-EVENT,Mul_286:OpId_26734 (cycles)
55842143040,EXECUTE,204,CYCLES,BACKEND,SUB-EVENT,Mul_285:OpId_26736 (cycles)
55842143040,EXECUTE,132,CYCLES,BACKEND,SUB-EVENT,Mul_287:OpId_26738 (cycles)
55842143040,EXECUTE,152,CYCLES,BACKEND,SUB-EVENT,Mul_288:OpId_26740 (cycles)
55842143040,EXECUTE,99,CYCLES,BACKEND,SUB-EVENT,Mul_290:OpId_26742 (cycles)
55842143040,EXECUTE,450,CYCLES,BACKEND,SUB-EVENT,Mul_289:OpId_26744 (cycles)
55842143040,EXECUTE,142,CYCLES,BACKEND,SUB-EVENT,Mul_291:OpId_26746 (cycles)
55842143040,EXECUTE,146,CYCLES,BACKEND,SUB-EVENT,Mul_292:OpId_26748 (cycles)
55842143040,EXECUTE,122,CYCLES,BACKEND,SUB-EVENT,Mul_294:OpId_26750 (cycles)
55842143040,EXECUTE,141,CYCLES,BACKEND,SUB-EVENT,Mul_293:OpId_26752 (cycles)
55842143040,EXECUTE,136,CYCLES,BACKEND,SUB-EVENT,Mul_295:OpId_26754 (cycles)
55842143040,EXECUTE,148,CYCLES,BACKEND,SUB-EVENT,Mul_296:OpId_26756 (cycles)
55842143040,EXECUTE,129,CYCLES,BACKEND,SUB-EVENT,Mul_298:OpId_26758 (cycles)
55842143040,EXECUTE,226,CYCLES,BACKEND,SUB-EVENT,Mul_297:OpId_26760 (cycles)
55842143040,EXECUTE,134,CYCLES,BACKEND,SUB-EVENT,Mul_299:OpId_26762 (cycles)
55842143040,EXECUTE,146,CYCLES,BACKEND,SUB-EVENT,Mul_300:OpId_26764 (cycles)
55842143040,EXECUTE,132,CYCLES,BACKEND,SUB-EVENT,Mul_302:OpId_26766 (cycles)
55842143040,EXECUTE,118,CYCLES,BACKEND,SUB-EVENT,Mul_301:OpId_26768 (cycles)
55842143040,EXECUTE,136,CYCLES,BACKEND,SUB-EVENT,Mul_303:OpId_26770 (cycles)
55842143040,EXECUTE,146,CYCLES,BACKEND,SUB-EVENT,Mul_304:OpId_26772 (cycles)
55842143040,EXECUTE,120,CYCLES,BACKEND,SUB-EVENT,Mul_306:OpId_26774 (cycles)
55842143040,EXECUTE,148,CYCLES,BACKEND,SUB-EVENT,Mul_305:OpId_26776 (cycles)
55842143040,EXECUTE,130,CYCLES,BACKEND,SUB-EVENT,Mul_307:OpId_26778 (cycles)
55842143040,EXECUTE,156,CYCLES,BACKEND,SUB-EVENT,Mul_308:OpId_26780 (cycles)
55842143040,EXECUTE,195,CYCLES,BACKEND,SUB-EVENT,Mul_310:OpId_26782 (cycles)
55842143040,EXECUTE,189,CYCLES,BACKEND,SUB-EVENT,Mul_309:OpId_26784 (cycles)
55842143040,EXECUTE,158,CYCLES,BACKEND,SUB-EVENT,Mul_311:OpId_26786 (cycles)
55842143040,EXECUTE,183,CYCLES,BACKEND,SUB-EVENT,Mul_312:OpId_26788 (cycles)
55842143040,EXECUTE,144,CYCLES,BACKEND,SUB-EVENT,Mul_314:OpId_26790 (cycles)
55842143040,EXECUTE,155,CYCLES,BACKEND,SUB-EVENT,Mul_313:OpId_26792 (cycles)
55842143040,EXECUTE,134,CYCLES,BACKEND,SUB-EVENT,Mul_315:OpId_26794 (cycles)
55842143040,EXECUTE,154,CYCLES,BACKEND,SUB-EVENT,Mul_316:OpId_26796 (cycles)
55842143040,EXECUTE,136,CYCLES,BACKEND,SUB-EVENT,Mul_318:OpId_26798 (cycles)
55842143040,EXECUTE,212,CYCLES,BACKEND,SUB-EVENT,Mul_317:OpId_26800 (cycles)
55842143040,EXECUTE,121,CYCLES,BACKEND,SUB-EVENT,Mul_319:OpId_26802 (cycles)
55842143040,EXECUTE,593,CYCLES,BACKEND,SUB-EVENT,Sub_64:OpId_26804 (cycles)
55842143040,EXECUTE,269,CYCLES,BACKEND,SUB-EVENT,Sub_64_converted_UFIXED_POINT_8:OpId_26806 (cycles)
55842143040,EXECUTE,681,CYCLES,BACKEND,SUB-EVENT,Add_120:OpId_26809 (cycles)
55842143040,EXECUTE,241,CYCLES,BACKEND,SUB-EVENT,Add_120_converted_UFIXED_POINT_8:OpId_26811 (cycles)
55842143040,EXECUTE,213,CYCLES,BACKEND,SUB-EVENT,Sub_65:OpId_26814 (cycles)
55842143040,EXECUTE,228,CYCLES,BACKEND,SUB-EVENT,Sub_65_converted_UFIXED_POINT_8:OpId_26816 (cycles)
55842143040,EXECUTE,303,CYCLES,BACKEND,SUB-EVENT,Add_121:OpId_26819 (cycles)
55842143040,EXECUTE,262,CYCLES,BACKEND,SUB-EVENT,Add_121_converted_UFIXED_POINT_8:OpId_26821 (cycles)
55842143040,EXECUTE,1322,CYCLES,BACKEND,SUB-EVENT,Sub_66:OpId_26824 (cycles)
55842143040,EXECUTE,970,CYCLES,BACKEND,SUB-EVENT,Add_122:OpId_26826 (cycles)
55842143040,EXECUTE,382,CYCLES,BACKEND,SUB-EVENT,Sub_67:OpId_26828 (cycles)
55842143040,EXECUTE,437,CYCLES,BACKEND,SUB-EVENT,Add_124:OpId_26830 (cycles)
55842143040,EXECUTE,388,CYCLES,BACKEND,SUB-EVENT,Sub_68:OpId_26832 (cycles)
55842143040,EXECUTE,425,CYCLES,BACKEND,SUB-EVENT,Add_126:OpId_26834 (cycles)
55842143040,EXECUTE,606,CYCLES,BACKEND,SUB-EVENT,Sub_69:OpId_26836 (cycles)
55842143040,EXECUTE,524,CYCLES,BACKEND,SUB-EVENT,Add_128:OpId_26838 (cycles)
55842143040,EXECUTE,374,CYCLES,BACKEND,SUB-EVENT,Sub_70:OpId_26840 (cycles)
55842143040,EXECUTE,340,CYCLES,BACKEND,SUB-EVENT,Add_130:OpId_26842 (cycles)
55842143040,EXECUTE,472,CYCLES,BACKEND,SUB-EVENT,Sub_71:OpId_26844 (cycles)
55842143040,EXECUTE,475,CYCLES,BACKEND,SUB-EVENT,Add_132:OpId_26846 (cycles)
55842143040,EXECUTE,430,CYCLES,BACKEND,SUB-EVENT,Sub_72:OpId_26848 (cycles)
55842143040,EXECUTE,824,CYCLES,BACKEND,SUB-EVENT,Add_134:OpId_26850 (cycles)
55842143040,EXECUTE,419,CYCLES,BACKEND,SUB-EVENT,Sub_73:OpId_26852 (cycles)
55842143040,EXECUTE,416,CYCLES,BACKEND,SUB-EVENT,Add_136:OpId_26854 (cycles)
55842143040,EXECUTE,606,CYCLES,BACKEND,SUB-EVENT,Sub_74:OpId_26856 (cycles)
55842143040,EXECUTE,373,CYCLES,BACKEND,SUB-EVENT,Add_138:OpId_26858 (cycles)
55842143040,EXECUTE,368,CYCLES,BACKEND,SUB-EVENT,Sub_75:OpId_26860 (cycles)
55842143040,EXECUTE,444,CYCLES,BACKEND,SUB-EVENT,Add_140:OpId_26862 (cycles)
55842143040,EXECUTE,534,CYCLES,BACKEND,SUB-EVENT,Sub_76:OpId_26864 (cycles)
55842143040,EXECUTE,400,CYCLES,BACKEND,SUB-EVENT,Add_142:OpId_26866 (cycles)
55842143040,EXECUTE,387,CYCLES,BACKEND,SUB-EVENT,Sub_77:OpId_26868 (cycles)
55842143040,EXECUTE,698,CYCLES,BACKEND,SUB-EVENT,Add_144:OpId_26870 (cycles)
55842143040,EXECUTE,535,CYCLES,BACKEND,SUB-EVENT,Sub_78:OpId_26872 (cycles)
55842143040,EXECUTE,476,CYCLES,BACKEND,SUB-EVENT,Add_146:OpId_26874 (cycles)
55842143040,EXECUTE,449,CYCLES,BACKEND,SUB-EVENT,Sub_79:OpId_26876 (cycles)
55842143040,EXECUTE,513,CYCLES,BACKEND,SUB-EVENT,Add_148:OpId_26878 (cycles)
55842143040,EXECUTE,1339,CYCLES,BACKEND,SUB-EVENT,Concat_92:OpId_26880 (cycles)
55842143040,EXECUTE,1083,CYCLES,BACKEND,SUB-EVENT,Concat_93:OpId_26882 (cycles)
55842143040,EXECUTE,0,CYCLES,BACKEND,SUB-EVENT,Concat_98:OpId_26884 (cycles)
55842143040,EXECUTE,0,CYCLES,BACKEND,SUB-EVENT,Concat_99:OpId_26886 (cycles)
55842143040,EXECUTE,0,CYCLES,BACKEND,SUB-EVENT,Concat_100:OpId_26888 (cycles)
55842143040,EXECUTE,0,CYCLES,BACKEND,SUB-EVENT,Concat_101:OpId_26890 (cycles)
55842143040,EXECUTE,0,CYCLES,BACKEND,SUB-EVENT,Concat_102:OpId_26892 (cycles)
55842143040,EXECUTE,0,CYCLES,BACKEND,SUB-EVENT,Concat_103:OpId_26894 (cycles)
55842143040,EXECUTE,0,CYCLES,BACKEND,SUB-EVENT,Concat_104:OpId_26896 (cycles)
55842143040,EXECUTE,0,CYCLES,BACKEND,SUB-EVENT,Concat_105:OpId_26898 (cycles)
55842143040,EXECUTE,0,CYCLES,BACKEND,SUB-EVENT,Concat_106:OpId_26900 (cycles)
55842143040,EXECUTE,0,CYCLES,BACKEND,SUB-EVENT,Concat_107:OpId_26902 (cycles)
55842143040,EXECUTE,0,CYCLES,BACKEND,SUB-EVENT,Concat_108:OpId_26904 (cycles)
55842143040,EXECUTE,0,CYCLES,BACKEND,SUB-EVENT,Concat_109:OpId_26906 (cycles)
55842143040,EXECUTE,0,CYCLES,BACKEND,SUB-EVENT,Concat_110:OpId_26908 (cycles)
55842143040,EXECUTE,0,CYCLES,BACKEND,SUB-EVENT,Concat_111:OpId_26910 (cycles)
55842143040,EXECUTE,0,CYCLES,BACKEND,SUB-EVENT,attn_4_head_0_key_Transpose_0:OpId_26913 (cycles)
55842143040,EXECUTE,0,CYCLES,BACKEND,SUB-EVENT,attn_4_head_1_key_Transpose_0:OpId_26915 (cycles)
55842143040,EXECUTE,0,CYCLES,BACKEND,SUB-EVENT,Concat_94:OpId_26916 (cycles)
55842143040,EXECUTE,0,CYCLES,BACKEND,SUB-EVENT,Concat_96:OpId_26918 (cycles)
55842143040,EXECUTE,0,CYCLES,BACKEND,SUB-EVENT,Concat_112:OpId_26920 (cycles)
55842143040,EXECUTE,123405,CYCLES,BACKEND,SUB-EVENT,attn_4_head_0_qk_MatMul_0:OpId_26922 (cycles)
55842143040,EXECUTE,7563,CYCLES,BACKEND,SUB-EVENT,attn_4_head_1_qk_MatMul_0:OpId_26926 (cycles)
55842143040,EXECUTE,7377,CYCLES,BACKEND,SUB-EVENT,attn_4_head_2_qk_MatMul_0:OpId_26930 (cycles)
55842143040,EXECUTE,7383,CYCLES,BACKEND,SUB-EVENT,attn_4_head_3_qk_MatMul_0:OpId_26934 (cycles)
55842143040,EXECUTE,8508,CYCLES,BACKEND,SUB-EVENT,attn_4_head_4_qk_MatMul_0:OpId_26938 (cycles)
55842143040,EXECUTE,7811,CYCLES,BACKEND,SUB-EVENT,attn_4_head_5_qk_MatMul_0:OpId_26942 (cycles)
55842143040,EXECUTE,6701,CYCLES,BACKEND,SUB-EVENT,attn_4_head_6_qk_MatMul_0:OpId_26946 (cycles)
55842143040,EXECUTE,119996,CYCLES,BACKEND,SUB-EVENT,attn_4_head_7_qk_MatMul_0:OpId_26950 (cycles)
55842143040,EXECUTE,7382,CYCLES,BACKEND,SUB-EVENT,attn_4_head_8_qk_MatMul_0:OpId_26954 (cycles)
55842143040,EXECUTE,9414,CYCLES,BACKEND,SUB-EVENT,attn_4_head_9_qk_MatMul_0:OpId_26958 (cycles)
55842143040,EXECUTE,7589,CYCLES,BACKEND,SUB-EVENT,attn_4_head_10_qk_MatMul_0:OpId_26962 (cycles)
55842143040,EXECUTE,7110,CYCLES,BACKEND,SUB-EVENT,attn_4_head_11_qk_MatMul_0:OpId_26966 (cycles)
55842143040,EXECUTE,6764,CYCLES,BACKEND,SUB-EVENT,attn_4_head_12_qk_MatMul_0:OpId_26970 (cycles)
55842143040,EXECUTE,7313,CYCLES,BACKEND,SUB-EVENT,attn_4_head_13_qk_MatMul_0:OpId_26974 (cycles)
55842143040,EXECUTE,17162,CYCLES,BACKEND,SUB-EVENT,Add_123:OpId_26978 (cycles)
55842143040,EXECUTE,16857,CYCLES,BACKEND,SUB-EVENT,Add_125:OpId_26980 (cycles)
55842143040,EXECUTE,16925,CYCLES,BACKEND,SUB-EVENT,Add_127:OpId_26982 (cycles)
55842143040,EXECUTE,17239,CYCLES,BACKEND,SUB-EVENT,Add_129:OpId_26984 (cycles)
55842143040,EXECUTE,16778,CYCLES,BACKEND,SUB-EVENT,Add_131:OpId_26986 (cycles)
55842143040,EXECUTE,17147,CYCLES,BACKEND,SUB-EVENT,Add_133:OpId_26988 (cycles)
55842143040,EXECUTE,17095,CYCLES,BACKEND,SUB-EVENT,Add_135:OpId_26990 (cycles)
55842143040,EXECUTE,16771,CYCLES,BACKEND,SUB-EVENT,Add_137:OpId_26992 (cycles)
55842143040,EXECUTE,19369,CYCLES,BACKEND,SUB-EVENT,Add_139:OpId_26994 (cycles)
55842143040,EXECUTE,25679,CYCLES,BACKEND,SUB-EVENT,Add_141:OpId_26996 (cycles)
55842143040,EXECUTE,17730,CYCLES,BACKEND,SUB-EVENT,Add_143:OpId_26998 (cycles)
55842143040,EXECUTE,17874,CYCLES,BACKEND,SUB-EVENT,Add_145:OpId_27000 (cycles)
55842143040,EXECUTE,17841,CYCLES,BACKEND,SUB-EVENT,Add_147:OpId_27002 (cycles)
55842143040,EXECUTE,18510,CYCLES,BACKEND,SUB-EVENT,Add_149:OpId_27004 (cycles)
55842143040,EXECUTE,11459,CYCLES,BACKEND,SUB-EVENT,attn_4_head_0_Softmax_0:OpId_27006 (cycles)
55842143040,EXECUTE,13280,CYCLES,BACKEND,SUB-EVENT,attn_4_head_1_Softmax_0:OpId_27009 (cycles)
55842143040,EXECUTE,10742,CYCLES,BACKEND,SUB-EVENT,attn_4_head_2_Softmax_0:OpId_27012 (cycles)
55842143040,EXECUTE,12969,CYCLES,BACKEND,SUB-EVENT,attn_4_head_3_Softmax_0:OpId_27015 (cycles)
55842143040,EXECUTE,11890,CYCLES,BACKEND,SUB-EVENT,attn_4_head_4_Softmax_0:OpId_27018 (cycles)
55842143040,EXECUTE,11678,CYCLES,BACKEND,SUB-EVENT,attn_4_head_5_Softmax_0:OpId_27021 (cycles)
55842143040,EXECUTE,10918,CYCLES,BACKEND,SUB-EVENT,attn_4_head_6_Softmax_0:OpId_27024 (cycles)
55842143040,EXECUTE,12958,CYCLES,BACKEND,SUB-EVENT,attn_4_head_7_Softmax_0:OpId_27027 (cycles)
55842143040,EXECUTE,10533,CYCLES,BACKEND,SUB-EVENT,attn_4_head_8_Softmax_0:OpId_27030 (cycles)
55842143040,EXECUTE,10288,CYCLES,BACKEND,SUB-EVENT,attn_4_head_9_Softmax_0:OpId_27033 (cycles)
55842143040,EXECUTE,13372,CYCLES,BACKEND,SUB-EVENT,attn_4_head_10_Softmax_0:OpId_27036 (cycles)
55842143040,EXECUTE,11320,CYCLES,BACKEND,SUB-EVENT,attn_4_head_11_Softmax_0:OpId_27039 (cycles)
55842143040,EXECUTE,11960,CYCLES,BACKEND,SUB-EVENT,attn_4_head_12_Softmax_0:OpId_27042 (cycles)
55842143040,EXECUTE,11220,CYCLES,BACKEND,SUB-EVENT,attn_4_head_13_Softmax_0:OpId_27045 (cycles)
55842143040,EXECUTE,39677,CYCLES,BACKEND,SUB-EVENT,attn_4_head_0_qkv_MatMul_0:OpId_27048 (cycles)
55842143040,EXECUTE,1394,CYCLES,BACKEND,SUB-EVENT,attn_4_head_1_qkv_MatMul_0:OpId_27052 (cycles)
55842143040,EXECUTE,1300,CYCLES,BACKEND,SUB-EVENT,attn_4_head_2_qkv_MatMul_0:OpId_27056 (cycles)
55842143040,EXECUTE,1377,CYCLES,BACKEND,SUB-EVENT,attn_4_head_3_qkv_MatMul_0:OpId_27060 (cycles)
55842143040,EXECUTE,1312,CYCLES,BACKEND,SUB-EVENT,attn_4_head_4_qkv_MatMul_0:OpId_27064 (cycles)
55842143040,EXECUTE,1275,CYCLES,BACKEND,SUB-EVENT,attn_4_head_5_qkv_MatMul_0:OpId_27068 (cycles)
55842143040,EXECUTE,1143,CYCLES,BACKEND,SUB-EVENT,attn_4_head_6_qkv_MatMul_0:OpId_27072 (cycles)
55842143040,EXECUTE,42843,CYCLES,BACKEND,SUB-EVENT,attn_4_head_7_qkv_MatMul_0:OpId_27076 (cycles)
55842143040,EXECUTE,1385,CYCLES,BACKEND,SUB-EVENT,attn_4_head_8_qkv_MatMul_0:OpId_27080 (cycles)
55842143040,EXECUTE,1259,CYCLES,BACKEND,SUB-EVENT,attn_4_head_9_qkv_MatMul_0:OpId_27084 (cycles)
55842143040,EXECUTE,1212,CYCLES,BACKEND,SUB-EVENT,attn_4_head_10_qkv_MatMul_0:OpId_27088 (cycles)
55842143040,EXECUTE,1115,CYCLES,BACKEND,SUB-EVENT,attn_4_head_11_qkv_MatMul_0:OpId_27092 (cycles)
55842143040,EXECUTE,1101,CYCLES,BACKEND,SUB-EVENT,attn_4_head_12_qkv_MatMul_0:OpId_27096 (cycles)
55842143040,EXECUTE,1098,CYCLES,BACKEND,SUB-EVENT,attn_4_head_13_qkv_MatMul_0:OpId_27100 (cycles)
55842143040,EXECUTE,0,CYCLES,BACKEND,SUB-EVENT,Concat_114:OpId_27104 (cycles)
55842143040,EXECUTE,0,CYCLES,BACKEND,SUB-EVENT,Reshape_6:OpId_27106 (cycles)
55842143040,EXECUTE,0,CYCLES,BACKEND,SUB-EVENT,model_layers_4_self_attn_Transpose_6:OpId_27108 (cycles)
55842143040,EXECUTE,18090,CYCLES,BACKEND,SUB-EVENT,model_layers_4_self_attn_o_proj_conv_Conv:OpId_27116 (cycles)
55842143040,EXECUTE,400,CYCLES,BACKEND,SUB-EVENT,/model_layers_4_self_attn_o_proj_conv_Conv/Conv_output_0.nchw:OpId_27120 (cycles)
55842143040,EXECUTE,0,CYCLES,BACKEND,SUB-EVENT,model_layers_4_self_attn_Reshape_9:OpId_27121 (cycles)
55842143040,EXECUTE,3199,CYCLES,BACKEND,SUB-EVENT,model_layers_4_Add:OpId_27122 (cycles)
55842143040,EXECUTE,6546,CYCLES,BACKEND,SUB-EVENT,rms_norm_16:OpId_27127 (cycles)
55842143040,EXECUTE,0,CYCLES,BACKEND,SUB-EVENT,model_layers_4_mlp_Reshape:OpId_27130 (cycles)
55842143040,EXECUTE,0,CYCLES,BACKEND,SUB-EVENT,model_layers_4_mlp_Transpose:OpId_27132 (cycles)
55842143040,EXECUTE,89563,CYCLES,BACKEND,SUB-EVENT,model_layers_4_mlp_gate_proj_conv_Conv:OpId_27140 (cycles)
55842143040,EXECUTE,56278,CYCLES,BACKEND,SUB-EVENT,model_layers_4_mlp_up_proj_conv_Conv:OpId_27150 (cycles)
55842143040,EXECUTE,0,CYCLES,BACKEND,SUB-EVENT,model_layers_4_mlp_act_fn_Sigmoid:OpId_27153 (cycles)
55842143040,EXECUTE,36224,CYCLES,BACKEND,SUB-EVENT,model_layers_4_mlp_act_fn_Mul:OpId_27160 (cycles)
55842143040,EXECUTE,15932,CYCLES,BACKEND,SUB-EVENT,model_layers_4_mlp_Mul:OpId_27162 (cycles)
55842143040,EXECUTE,31373,CYCLES,BACKEND,SUB-EVENT,model_layers_4_mlp_down_proj_conv_Conv:OpId_27171 (cycles)
55842143040,EXECUTE,379,CYCLES,BACKEND,SUB-EVENT,/model_layers_4_mlp_down_proj_conv_Conv/Conv_output_0.nchw:OpId_27175 (cycles)
55842143040,EXECUTE,0,CYCLES,BACKEND,SUB-EVENT,model_layers_4_mlp_Reshape_1:OpId_27176 (cycles)
55842143040,EXECUTE,3319,CYCLES,BACKEND,SUB-EVENT,model_layers_4_Add_1:OpId_27177 (cycles)
55842143040,EXECUTE,7812,CYCLES,BACKEND,SUB-EVENT,rms_norm_18:OpId_27182 (cycles)
55842143040,EXECUTE,0,CYCLES,BACKEND,SUB-EVENT,model_layers_5_self_attn_Reshape:OpId_27185 (cycles)
55842143040,EXECUTE,0,CYCLES,BACKEND,SUB-EVENT,model_layers_5_self_attn_Transpose:OpId_27187 (cycles)
55842143040,EXECUTE,787,CYCLES,BACKEND,SUB-EVENT,attn_5_head_0_key_Conv:OpId_27195 (cycles)
55842143040,EXECUTE,949,CYCLES,BACKEND,SUB-EVENT,attn_5_head_0_value_Conv:OpId_27205 (cycles)
55842143040,EXECUTE,592,CYCLES,BACKEND,SUB-EVENT,attn_5_head_0_value_Transpose/output_converted_UFIXED_POINT_8:OpId_27208 (cycles)
55842143040,EXECUTE,833,CYCLES,BACKEND,SUB-EVENT,attn_5_head_1_key_Conv:OpId_27218 (cycles)
55842143040,EXECUTE,856,CYCLES,BACKEND,SUB-EVENT,attn_5_head_1_value_Conv:OpId_27228 (cycles)
55842143040,EXECUTE,444,CYCLES,BACKEND,SUB-EVENT,attn_5_head_1_value_Transpose/output_converted_UFIXED_POINT_8:OpId_27231 (cycles)
55842143040,EXECUTE,753,CYCLES,BACKEND,SUB-EVENT,attn_5_head_0_query_Conv:OpId_27241 (cycles)
55842143040,EXECUTE,895,CYCLES,BACKEND,SUB-EVENT,attn_5_head_1_query_Conv:OpId_27251 (cycles)
55842143040,EXECUTE,991,CYCLES,BACKEND,SUB-EVENT,attn_5_head_2_query_Conv:OpId_27261 (cycles)
55842143040,EXECUTE,990,CYCLES,BACKEND,SUB-EVENT,attn_5_head_3_query_Conv:OpId_27271 (cycles)
55842143040,EXECUTE,1067,CYCLES,BACKEND,SUB-EVENT,attn_5_head_4_query_Conv:OpId_27281 (cycles)
55842143040,EXECUTE,1160,CYCLES,BACKEND,SUB-EVENT,attn_5_head_5_query_Conv:OpId_27291 (cycles)
55842143040,EXECUTE,754,CYCLES,BACKEND,SUB-EVENT,attn_5_head_6_query_Conv:OpId_27301 (cycles)
55842143040,EXECUTE,876,CYCLES,BACKEND,SUB-EVENT,attn_5_head_7_query_Conv:OpId_27311 (cycles)
55842143040,EXECUTE,859,CYCLES,BACKEND,SUB-EVENT,attn_5_head_8_query_Conv:OpId_27321 (cycles)
55842143040,EXECUTE,868,CYCLES,BACKEND,SUB-EVENT,attn_5_head_9_query_Conv:OpId_27331 (cycles)
55842143040,EXECUTE,1006,CYCLES,BACKEND,SUB-EVENT,attn_5_head_10_query_Conv:OpId_27341 (cycles)
55842143040,EXECUTE,717,CYCLES,BACKEND,SUB-EVENT,attn_5_head_11_query_Conv:OpId_27351 (cycles)
55842143040,EXECUTE,804,CYCLES,BACKEND,SUB-EVENT,attn_5_head_12_query_Conv:OpId_27361 (cycles)
55842143040,EXECUTE,797,CYCLES,BACKEND,SUB-EVENT,attn_5_head_13_query_Conv:OpId_27371 (cycles)
55842143040,EXECUTE,318,CYCLES,BACKEND,SUB-EVENT,Slice_180:OpId_27375 (cycles)
55842143040,EXECUTE,242,CYCLES,BACKEND,SUB-EVENT,Slice_181:OpId_27381 (cycles)
55842143040,EXECUTE,232,CYCLES,BACKEND,SUB-EVENT,Slice_182:OpId_27387 (cycles)
55842143040,EXECUTE,192,CYCLES,BACKEND,SUB-EVENT,Slice_183:OpId_27393 (cycles)
55842143040,EXECUTE,0,CYCLES,BACKEND,SUB-EVENT,Concat_136:OpId_27398 (cycles)
55842143040,EXECUTE,203,CYCLES,BACKEND,SUB-EVENT,Slice_188:OpId_27401 (cycles)
55842143040,EXECUTE,184,CYCLES,BACKEND,SUB-EVENT,Slice_189:OpId_27407 (cycles)
55842143040,EXECUTE,220,CYCLES,BACKEND,SUB-EVENT,Slice_190:OpId_27413 (cycles)
55842143040,EXECUTE,151,CYCLES,BACKEND,SUB-EVENT,Slice_191:OpId_27419 (cycles)
55842143040,EXECUTE,236,CYCLES,BACKEND,SUB-EVENT,Slice_192:OpId_27425 (cycles)
55842143040,EXECUTE,224,CYCLES,BACKEND,SUB-EVENT,Slice_193:OpId_27431 (cycles)
55842143040,EXECUTE,171,CYCLES,BACKEND,SUB-EVENT,Slice_194:OpId_27437 (cycles)
55842143040,EXECUTE,141,CYCLES,BACKEND,SUB-EVENT,Slice_195:OpId_27443 (cycles)
55842143040,EXECUTE,207,CYCLES,BACKEND,SUB-EVENT,Slice_196:OpId_27449 (cycles)
55842143040,EXECUTE,163,CYCLES,BACKEND,SUB-EVENT,Slice_197:OpId_27455 (cycles)
55842143040,EXECUTE,210,CYCLES,BACKEND,SUB-EVENT,Slice_198:OpId_27461 (cycles)
55842143040,EXECUTE,150,CYCLES,BACKEND,SUB-EVENT,Slice_199:OpId_27467 (cycles)
55842143040,EXECUTE,166,CYCLES,BACKEND,SUB-EVENT,Slice_200:OpId_27473 (cycles)
55842143040,EXECUTE,218,CYCLES,BACKEND,SUB-EVENT,Slice_201:OpId_27479 (cycles)
55842143040,EXECUTE,240,CYCLES,BACKEND,SUB-EVENT,Slice_202:OpId_27485 (cycles)
55842143040,EXECUTE,166,CYCLES,BACKEND,SUB-EVENT,Slice_203:OpId_27491 (cycles)
55842143040,EXECUTE,210,CYCLES,BACKEND,SUB-EVENT,Slice_204:OpId_27497 (cycles)
55842143040,EXECUTE,174,CYCLES,BACKEND,SUB-EVENT,Slice_205:OpId_27503 (cycles)
55842143040,EXECUTE,208,CYCLES,BACKEND,SUB-EVENT,Slice_206:OpId_27509 (cycles)
55842143040,EXECUTE,215,CYCLES,BACKEND,SUB-EVENT,Slice_207:OpId_27515 (cycles)
55842143040,EXECUTE,203,CYCLES,BACKEND,SUB-EVENT,Slice_208:OpId_27521 (cycles)
55842143040,EXECUTE,164,CYCLES,BACKEND,SUB-EVENT,Slice_209:OpId_27527 (cycles)
55842143040,EXECUTE,223,CYCLES,BACKEND,SUB-EVENT,Slice_210:OpId_27533 (cycles)
55842143040,EXECUTE,221,CYCLES,BACKEND,SUB-EVENT,Slice_211:OpId_27539 (cycles)
55842143040,EXECUTE,228,CYCLES,BACKEND,SUB-EVENT,Slice_212:OpId_27545 (cycles)
55842143040,EXECUTE,265,CYCLES,BACKEND,SUB-EVENT,Slice_213:OpId_27551 (cycles)
55842143040,EXECUTE,217,CYCLES,BACKEND,SUB-EVENT,Slice_214:OpId_27557 (cycles)
55842143040,EXECUTE,278,CYCLES,BACKEND,SUB-EVENT,Slice_215:OpId_27563 (cycles)
55842143040,EXECUTE,5511,CYCLES,BACKEND,SUB-EVENT,Concat_118:OpId_27568 (cycles)
55842143040,EXECUTE,5237,CYCLES,BACKEND,SUB-EVENT,Concat_120:OpId_27570 (cycles)
55842143040,EXECUTE,696,CYCLES,BACKEND,SUB-EVENT,Mul_320:OpId_27572 (cycles)
55842143040,EXECUTE,586,CYCLES,BACKEND,SUB-EVENT,Mul_322:OpId_27574 (cycles)
55842143040,EXECUTE,474,CYCLES,BACKEND,SUB-EVENT,Mul_321:OpId_27576 (cycles)
55842143040,EXECUTE,427,CYCLES,BACKEND,SUB-EVENT,Mul_323:OpId_27578 (cycles)
55842143040,EXECUTE,252,CYCLES,BACKEND,SUB-EVENT,Mul_324:OpId_27580 (cycles)
55842143040,EXECUTE,180,CYCLES,BACKEND,SUB-EVENT,Mul_326:OpId_27582 (cycles)
55842143040,EXECUTE,150,CYCLES,BACKEND,SUB-EVENT,Mul_325:OpId_27584 (cycles)
55842143040,EXECUTE,164,CYCLES,BACKEND,SUB-EVENT,Mul_327:OpId_27586 (cycles)
55842143040,EXECUTE,755,CYCLES,BACKEND,SUB-EVENT,Mul_328:OpId_27588 (cycles)
55842143040,EXECUTE,634,CYCLES,BACKEND,SUB-EVENT,Mul_330:OpId_27590 (cycles)
55842143040,EXECUTE,1002,CYCLES,BACKEND,SUB-EVENT,Mul_329:OpId_27592 (cycles)
55842143040,EXECUTE,306,CYCLES,BACKEND,SUB-EVENT,Mul_331:OpId_27594 (cycles)
55842143040,EXECUTE,245,CYCLES,BACKEND,SUB-EVENT,Mul_332:OpId_27596 (cycles)
55842143040,EXECUTE,187,CYCLES,BACKEND,SUB-EVENT,Mul_334:OpId_27598 (cycles)
55842143040,EXECUTE,166,CYCLES,BACKEND,SUB-EVENT,Mul_333:OpId_27600 (cycles)
55842143040,EXECUTE,142,CYCLES,BACKEND,SUB-EVENT,Mul_335:OpId_27602 (cycles)
55842143040,EXECUTE,236,CYCLES,BACKEND,SUB-EVENT,Mul_336:OpId_27604 (cycles)
55842143040,EXECUTE,140,CYCLES,BACKEND,SUB-EVENT,Mul_338:OpId_27606 (cycles)
55842143040,EXECUTE,129,CYCLES,BACKEND,SUB-EVENT,Mul_337:OpId_27608 (cycles)
55842143040,EXECUTE,159,CYCLES,BACKEND,SUB-EVENT,Mul_339:OpId_27610 (cycles)
55842143040,EXECUTE,186,CYCLES,BACKEND,SUB-EVENT,Mul_340:OpId_27612 (cycles)
55842143040,EXECUTE,138,CYCLES,BACKEND,SUB-EVENT,Mul_342:OpId_27614 (cycles)
55842143040,EXECUTE,196,CYCLES,BACKEND,SUB-EVENT,Mul_341:OpId_27616 (cycles)
55842143040,EXECUTE,310,CYCLES,BACKEND,SUB-EVENT,Mul_343:OpId_27618 (cycles)
55842143040,EXECUTE,196,CYCLES,BACKEND,SUB-EVENT,Mul_344:OpId_27620 (cycles)
55842143040,EXECUTE,206,CYCLES,BACKEND,SUB-EVENT,Mul_346:OpId_27622 (cycles)
55842143040,EXECUTE,192,CYCLES,BACKEND,SUB-EVENT,Mul_345:OpId_27624 (cycles)
55842143040,EXECUTE,185,CYCLES,BACKEND,SUB-EVENT,Mul_347:OpId_27626 (cycles)
55842143040,EXECUTE,170,CYCLES,BACKEND,SUB-EVENT,Mul_348:OpId_27628 (cycles)
55842143040,EXECUTE,143,CYCLES,BACKEND,SUB-EVENT,Mul_350:OpId_27630 (cycles)
55842143040,EXECUTE,182,CYCLES,BACKEND,SUB-EVENT,Mul_349:OpId_27632 (cycles)
55842143040,EXECUTE,152,CYCLES,BACKEND,SUB-EVENT,Mul_351:OpId_27634 (cycles)
55842143040,EXECUTE,168,CYCLES,BACKEND,SUB-EVENT,Mul_352:OpId_27636 (cycles)
55842143040,EXECUTE,142,CYCLES,BACKEND,SUB-EVENT,Mul_354:OpId_27638 (cycles)
55842143040,EXECUTE,170,CYCLES,BACKEND,SUB-EVENT,Mul_353:OpId_27640 (cycles)
55842143040,EXECUTE,193,CYCLES,BACKEND,SUB-EVENT,Mul_355:OpId_27642 (cycles)
55842143040,EXECUTE,227,CYCLES,BACKEND,SUB-EVENT,Mul_356:OpId_27644 (cycles)
55842143040,EXECUTE,174,CYCLES,BACKEND,SUB-EVENT,Mul_358:OpId_27646 (cycles)
55842143040,EXECUTE,174,CYCLES,BACKEND,SUB-EVENT,Mul_357:OpId_27648 (cycles)
55842143040,EXECUTE,150,CYCLES,BACKEND,SUB-EVENT,Mul_359:OpId_27650 (cycles)
55842143040,EXECUTE,210,CYCLES,BACKEND,SUB-EVENT,Mul_360:OpId_27652 (cycles)
55842143040,EXECUTE,148,CYCLES,BACKEND,SUB-EVENT,Mul_362:OpId_27654 (cycles)
55842143040,EXECUTE,232,CYCLES,BACKEND,SUB-EVENT,Mul_361:OpId_27656 (cycles)
55842143040,EXECUTE,156,CYCLES,BACKEND,SUB-EVENT,Mul_363:OpId_27658 (cycles)
55842143040,EXECUTE,281,CYCLES,BACKEND,SUB-EVENT,Mul_364:OpId_27660 (cycles)
55842143040,EXECUTE,169,CYCLES,BACKEND,SUB-EVENT,Mul_366:OpId_27662 (cycles)
55842143040,EXECUTE,171,CYCLES,BACKEND,SUB-EVENT,Mul_365:OpId_27664 (cycles)
55842143040,EXECUTE,260,CYCLES,BACKEND,SUB-EVENT,Mul_367:OpId_27666 (cycles)
55842143040,EXECUTE,204,CYCLES,BACKEND,SUB-EVENT,Mul_368:OpId_27668 (cycles)
55842143040,EXECUTE,222,CYCLES,BACKEND,SUB-EVENT,Mul_370:OpId_27670 (cycles)
55842143040,EXECUTE,167,CYCLES,BACKEND,SUB-EVENT,Mul_369:OpId_27672 (cycles)
55842143040,EXECUTE,363,CYCLES,BACKEND,SUB-EVENT,Mul_371:OpId_27674 (cycles)
55842143040,EXECUTE,342,CYCLES,BACKEND,SUB-EVENT,Mul_372:OpId_27676 (cycles)
55842143040,EXECUTE,221,CYCLES,BACKEND,SUB-EVENT,Mul_374:OpId_27678 (cycles)
55842143040,EXECUTE,271,CYCLES,BACKEND,SUB-EVENT,Mul_373:OpId_27680 (cycles)
55842143040,EXECUTE,232,CYCLES,BACKEND,SUB-EVENT,Mul_375:OpId_27682 (cycles)
55842143040,EXECUTE,213,CYCLES,BACKEND,SUB-EVENT,Mul_376:OpId_27684 (cycles)
55842143040,EXECUTE,135,CYCLES,BACKEND,SUB-EVENT,Mul_378:OpId_27686 (cycles)
55842143040,EXECUTE,201,CYCLES,BACKEND,SUB-EVENT,Mul_377:OpId_27688 (cycles)
55842143040,EXECUTE,166,CYCLES,BACKEND,SUB-EVENT,Mul_379:OpId_27690 (cycles)
55842143040,EXECUTE,154,CYCLES,BACKEND,SUB-EVENT,Mul_380:OpId_27692 (cycles)
55842143040,EXECUTE,165,CYCLES,BACKEND,SUB-EVENT,Mul_382:OpId_27694 (cycles)
55842143040,EXECUTE,230,CYCLES,BACKEND,SUB-EVENT,Mul_381:OpId_27696 (cycles)
55842143040,EXECUTE,161,CYCLES,BACKEND,SUB-EVENT,Mul_383:OpId_27698 (cycles)
55842143040,EXECUTE,804,CYCLES,BACKEND,SUB-EVENT,Sub_80:OpId_27700 (cycles)
55842143040,EXECUTE,284,CYCLES,BACKEND,SUB-EVENT,Sub_80_converted_UFIXED_POINT_8:OpId_27702 (cycles)
55842143040,EXECUTE,594,CYCLES,BACKEND,SUB-EVENT,Add_150:OpId_27705 (cycles)
55842143040,EXECUTE,1145,CYCLES,BACKEND,SUB-EVENT,Add_150_converted_UFIXED_POINT_8:OpId_27707 (cycles)
55842143040,EXECUTE,247,CYCLES,BACKEND,SUB-EVENT,Sub_81:OpId_27710 (cycles)
55842143040,EXECUTE,249,CYCLES,BACKEND,SUB-EVENT,Sub_81_converted_UFIXED_POINT_8:OpId_27712 (cycles)
55842143040,EXECUTE,178,CYCLES,BACKEND,SUB-EVENT,Add_151:OpId_27715 (cycles)
55842143040,EXECUTE,219,CYCLES,BACKEND,SUB-EVENT,Add_151_converted_UFIXED_POINT_8:OpId_27717 (cycles)
55842143040,EXECUTE,626,CYCLES,BACKEND,SUB-EVENT,Sub_82:OpId_27720 (cycles)
55842143040,EXECUTE,936,CYCLES,BACKEND,SUB-EVENT,Add_152:OpId_27722 (cycles)
55842143040,EXECUTE,404,CYCLES,BACKEND,SUB-EVENT,Sub_83:OpId_27724 (cycles)
55842143040,EXECUTE,390,CYCLES,BACKEND,SUB-EVENT,Add_154:OpId_27726 (cycles)
55842143040,EXECUTE,514,CYCLES,BACKEND,SUB-EVENT,Sub_84:OpId_27728 (cycles)
55842143040,EXECUTE,502,CYCLES,BACKEND,SUB-EVENT,Add_156:OpId_27730 (cycles)
55842143040,EXECUTE,412,CYCLES,BACKEND,SUB-EVENT,Sub_85:OpId_27732 (cycles)
55842143040,EXECUTE,765,CYCLES,BACKEND,SUB-EVENT,Add_158:OpId_27734 (cycles)
55842143040,EXECUTE,485,CYCLES,BACKEND,SUB-EVENT,Sub_86:OpId_27736 (cycles)
55842143040,EXECUTE,496,CYCLES,BACKEND,SUB-EVENT,Add_160:OpId_27738 (cycles)
55842143040,EXECUTE,412,CYCLES,BACKEND,SUB-EVENT,Sub_87:OpId_27740 (cycles)
55842143040,EXECUTE,377,CYCLES,BACKEND,SUB-EVENT,Add_162:OpId_27742 (cycles)
55842143040,EXECUTE,403,CYCLES,BACKEND,SUB-EVENT,Sub_88:OpId_27744 (cycles)
55842143040,EXECUTE,336,CYCLES,BACKEND,SUB-EVENT,Add_164:OpId_27746 (cycles)
55842143040,EXECUTE,436,CYCLES,BACKEND,SUB-EVENT,Sub_89:OpId_27748 (cycles)
55842143040,EXECUTE,649,CYCLES,BACKEND,SUB-EVENT,Add_166:OpId_27750 (cycles)
55842143040,EXECUTE,563,CYCLES,BACKEND,SUB-EVENT,Sub_90:OpId_27752 (cycles)
55842143040,EXECUTE,451,CYCLES,BACKEND,SUB-EVENT,Add_168:OpId_27754 (cycles)
55842143040,EXECUTE,460,CYCLES,BACKEND,SUB-EVENT,Sub_91:OpId_27756 (cycles)
55842143040,EXECUTE,477,CYCLES,BACKEND,SUB-EVENT,Add_170:OpId_27758 (cycles)
55842143040,EXECUTE,456,CYCLES,BACKEND,SUB-EVENT,Sub_92:OpId_27760 (cycles)
55842143040,EXECUTE,571,CYCLES,BACKEND,SUB-EVENT,Add_172:OpId_27762 (cycles)
55842143040,EXECUTE,540,CYCLES,BACKEND,SUB-EVENT,Sub_93:OpId_27764 (cycles)
55842143040,EXECUTE,505,CYCLES,BACKEND,SUB-EVENT,Add_174:OpId_27766 (cycles)
55842143040,EXECUTE,554,CYCLES,BACKEND,SUB-EVENT,Sub_94:OpId_27768 (cycles)
55842143040,EXECUTE,694,CYCLES,BACKEND,SUB-EVENT,Add_176:OpId_27770 (cycles)
55842143040,EXECUTE,482,CYCLES,BACKEND,SUB-EVENT,Sub_95:OpId_27772 (cycles)
55842143040,EXECUTE,565,CYCLES,BACKEND,SUB-EVENT,Add_178:OpId_27774 (cycles)
55842143040,EXECUTE,1276,CYCLES,BACKEND,SUB-EVENT,Concat_115:OpId_27776 (cycles)
55842143040,EXECUTE,1034,CYCLES,BACKEND,SUB-EVENT,Concat_116:OpId_27778 (cycles)
55842143040,EXECUTE,0,CYCLES,BACKEND,SUB-EVENT,Concat_121:OpId_27780 (cycles)
55842143040,EXECUTE,0,CYCLES,BACKEND,SUB-EVENT,Concat_122:OpId_27782 (cycles)
55842143040,EXECUTE,0,CYCLES,BACKEND,SUB-EVENT,Concat_123:OpId_27784 (cycles)
55842143040,EXECUTE,0,CYCLES,BACKEND,SUB-EVENT,Concat_124:OpId_27786 (cycles)
55842143040,EXECUTE,0,CYCLES,BACKEND,SUB-EVENT,Concat_125:OpId_27788 (cycles)
55842143040,EXECUTE,0,CYCLES,BACKEND,SUB-EVENT,Concat_126:OpId_27790 (cycles)
55842143040,EXECUTE,0,CYCLES,BACKEND,SUB-EVENT,Concat_127:OpId_27792 (cycles)
55842143040,EXECUTE,0,CYCLES,BACKEND,SUB-EVENT,Concat_128:OpId_27794 (cycles)
55842143040,EXECUTE,0,CYCLES,BACKEND,SUB-EVENT,Concat_129:OpId_27796 (cycles)
55842143040,EXECUTE,0,CYCLES,BACKEND,SUB-EVENT,Concat_130:OpId_27798 (cycles)
55842143040,EXECUTE,0,CYCLES,BACKEND,SUB-EVENT,Concat_131:OpId_27800 (cycles)
55842143040,EXECUTE,0,CYCLES,BACKEND,SUB-EVENT,Concat_132:OpId_27802 (cycles)
55842143040,EXECUTE,0,CYCLES,BACKEND,SUB-EVENT,Concat_133:OpId_27804 (cycles)
55842143040,EXECUTE,0,CYCLES,BACKEND,SUB-EVENT,Concat_134:OpId_27806 (cycles)
55842143040,EXECUTE,0,CYCLES,BACKEND,SUB-EVENT,attn_5_head_0_key_Transpose_0:OpId_27809 (cycles)
55842143040,EXECUTE,0,CYCLES,BACKEND,SUB-EVENT,attn_5_head_1_key_Transpose_0:OpId_27811 (cycles)
55842143040,EXECUTE,0,CYCLES,BACKEND,SUB-EVENT,Concat_117:OpId_27812 (cycles)
55842143040,EXECUTE,0,CYCLES,BACKEND,SUB-EVENT,Concat_119:OpId_27814 (cycles)
55842143040,EXECUTE,0,CYCLES,BACKEND,SUB-EVENT,Concat_135:OpId_27816 (cycles)
55842143040,EXECUTE,130908,CYCLES,BACKEND,SUB-EVENT,attn_5_head_0_qk_MatMul_0:OpId_27818 (cycles)
55842143040,EXECUTE,7393,CYCLES,BACKEND,SUB-EVENT,attn_5_head_1_qk_MatMul_0:OpId_27822 (cycles)
55842143040,EXECUTE,7353,CYCLES,BACKEND,SUB-EVENT,attn_5_head_2_qk_MatMul_0:OpId_27826 (cycles)
55842143040,EXECUTE,7014,CYCLES,BACKEND,SUB-EVENT,attn_5_head_3_qk_MatMul_0:OpId_27830 (cycles)
55842143040,EXECUTE,7177,CYCLES,BACKEND,SUB-EVENT,attn_5_head_4_qk_MatMul_0:OpId_27834 (cycles)
55842143040,EXECUTE,7306,CYCLES,BACKEND,SUB-EVENT,attn_5_head_5_qk_MatMul_0:OpId_27838 (cycles)
55842143040,EXECUTE,7535,CYCLES,BACKEND,SUB-EVENT,attn_5_head_6_qk_MatMul_0:OpId_27842 (cycles)
55842143040,EXECUTE,125093,CYCLES,BACKEND,SUB-EVENT,attn_5_head_7_qk_MatMul_0:OpId_27846 (cycles)
55842143040,EXECUTE,7781,CYCLES,BACKEND,SUB-EVENT,attn_5_head_8_qk_MatMul_0:OpId_27850 (cycles)
55842143040,EXECUTE,7199,CYCLES,BACKEND,SUB-EVENT,attn_5_head_9_qk_MatMul_0:OpId_27854 (cycles)
55842143040,EXECUTE,7362,CYCLES,BACKEND,SUB-EVENT,attn_5_head_10_qk_MatMul_0:OpId_27858 (cycles)
55842143040,EXECUTE,7518,CYCLES,BACKEND,SUB-EVENT,attn_5_head_11_qk_MatMul_0:OpId_27862 (cycles)
55842143040,EXECUTE,7257,CYCLES,BACKEND,SUB-EVENT,attn_5_head_12_qk_MatMul_0:OpId_27866 (cycles)
55842143040,EXECUTE,7979,CYCLES,BACKEND,SUB-EVENT,attn_5_head_13_qk_MatMul_0:OpId_27870 (cycles)
55842143040,EXECUTE,17002,CYCLES,BACKEND,SUB-EVENT,Add_153:OpId_27874 (cycles)
55842143040,EXECUTE,16971,CYCLES,BACKEND,SUB-EVENT,Add_155:OpId_27876 (cycles)
55842143040,EXECUTE,16844,CYCLES,BACKEND,SUB-EVENT,Add_157:OpId_27878 (cycles)
55842143040,EXECUTE,16335,CYCLES,BACKEND,SUB-EVENT,Add_159:OpId_27880 (cycles)
55842143040,EXECUTE,17432,CYCLES,BACKEND,SUB-EVENT,Add_161:OpId_27882 (cycles)
55842143040,EXECUTE,17004,CYCLES,BACKEND,SUB-EVENT,Add_163:OpId_27884 (cycles)
55842143040,EXECUTE,17155,CYCLES,BACKEND,SUB-EVENT,Add_165:OpId_27886 (cycles)
55842143040,EXECUTE,17053,CYCLES,BACKEND,SUB-EVENT,Add_167:OpId_27888 (cycles)
55842143040,EXECUTE,18053,CYCLES,BACKEND,SUB-EVENT,Add_169:OpId_27890 (cycles)
55842143040,EXECUTE,16724,CYCLES,BACKEND,SUB-EVENT,Add_171:OpId_27892 (cycles)
55842143040,EXECUTE,17024,CYCLES,BACKEND,SUB-EVENT,Add_173:OpId_27894 (cycles)
55842143040,EXECUTE,17162,CYCLES,BACKEND,SUB-EVENT,Add_175:OpId_27896 (cycles)
55842143040,EXECUTE,17253,CYCLES,BACKEND,SUB-EVENT,Add_177:OpId_27898 (cycles)
55842143040,EXECUTE,17059,CYCLES,BACKEND,SUB-EVENT,Add_179:OpId_27900 (cycles)
55842143040,EXECUTE,10523,CYCLES,BACKEND,SUB-EVENT,attn_5_head_0_Softmax_0:OpId_27902 (cycles)
55842143040,EXECUTE,10365,CYCLES,BACKEND,SUB-EVENT,attn_5_head_1_Softmax_0:OpId_27905 (cycles)
55842143040,EXECUTE,14668,CYCLES,BACKEND,SUB-EVENT,attn_5_head_2_Softmax_0:OpId_27908 (cycles)
55842143040,EXECUTE,15064,CYCLES,BACKEND,SUB-EVENT,attn_5_head_3_Softmax_0:OpId_27911 (cycles)
55842143040,EXECUTE,11415,CYCLES,BACKEND,SUB-EVENT,attn_5_head_4_Softmax_0:OpId_27914 (cycles)
55842143040,EXECUTE,13757,CYCLES,BACKEND,SUB-EVENT,attn_5_head_5_Softmax_0:OpId_27917 (cycles)
55842143040,EXECUTE,11180,CYCLES,BACKEND,SUB-EVENT,attn_5_head_6_Softmax_0:OpId_27920 (cycles)
55842143040,EXECUTE,10930,CYCLES,BACKEND,SUB-EVENT,attn_5_head_7_Softmax_0:OpId_27923 (cycles)
55842143040,EXECUTE,13727,CYCLES,BACKEND,SUB-EVENT,attn_5_head_8_Softmax_0:OpId_27926 (cycles)
55842143040,EXECUTE,13465,CYCLES,BACKEND,SUB-EVENT,attn_5_head_9_Softmax_0:OpId_27929 (cycles)
55842143040,EXECUTE,11074,CYCLES,BACKEND,SUB-EVENT,attn_5_head_10_Softmax_0:OpId_27932 (cycles)
55842143040,EXECUTE,13967,CYCLES,BACKEND,SUB-EVENT,attn_5_head_11_Softmax_0:OpId_27935 (cycles)
55842143040,EXECUTE,11047,CYCLES,BACKEND,SUB-EVENT,attn_5_head_12_Softmax_0:OpId_27938 (cycles)
55842143040,EXECUTE,11623,CYCLES,BACKEND,SUB-EVENT,attn_5_head_13_Softmax_0:OpId_27941 (cycles)
55842143040,EXECUTE,42991,CYCLES,BACKEND,SUB-EVENT,attn_5_head_0_qkv_MatMul_0:OpId_27944 (cycles)
55842143040,EXECUTE,1397,CYCLES,BACKEND,SUB-EVENT,attn_5_head_1_qkv_MatMul_0:OpId_27948 (cycles)
55842143040,EXECUTE,1410,CYCLES,BACKEND,SUB-EVENT,attn_5_head_2_qkv_MatMul_0:OpId_27952 (cycles)
55842143040,EXECUTE,1333,CYCLES,BACKEND,SUB-EVENT,attn_5_head_3_qkv_MatMul_0:OpId_27956 (cycles)
55842143040,EXECUTE,1401,CYCLES,BACKEND,SUB-EVENT,attn_5_head_4_qkv_MatMul_0:OpId_27960 (cycles)
55842143040,EXECUTE,1367,CYCLES,BACKEND,SUB-EVENT,attn_5_head_5_qkv_MatMul_0:OpId_27964 (cycles)
55842143040,EXECUTE,1445,CYCLES,BACKEND,SUB-EVENT,attn_5_head_6_qkv_MatMul_0:OpId_27968 (cycles)
55842143040,EXECUTE,44070,CYCLES,BACKEND,SUB-EVENT,attn_5_head_7_qkv_MatMul_0:OpId_27972 (cycles)
55842143040,EXECUTE,1410,CYCLES,BACKEND,SUB-EVENT,attn_5_head_8_qkv_MatMul_0:OpId_27976 (cycles)
55842143040,EXECUTE,1266,CYCLES,BACKEND,SUB-EVENT,attn_5_head_9_qkv_MatMul_0:OpId_27980 (cycles)
55842143040,EXECUTE,1382,CYCLES,BACKEND,SUB-EVENT,attn_5_head_10_qkv_MatMul_0:OpId_27984 (cycles)
55842143040,EXECUTE,1215,CYCLES,BACKEND,SUB-EVENT,attn_5_head_11_qkv_MatMul_0:OpId_27988 (cycles)
55842143040,EXECUTE,1421,CYCLES,BACKEND,SUB-EVENT,attn_5_head_12_qkv_MatMul_0:OpId_27992 (cycles)
55842143040,EXECUTE,1139,CYCLES,BACKEND,SUB-EVENT,attn_5_head_13_qkv_MatMul_0:OpId_27996 (cycles)
55842143040,EXECUTE,0,CYCLES,BACKEND,SUB-EVENT,Concat_137:OpId_28000 (cycles)
55842143040,EXECUTE,0,CYCLES,BACKEND,SUB-EVENT,Reshape_7:OpId_28002 (cycles)
55842143040,EXECUTE,0,CYCLES,BACKEND,SUB-EVENT,model_layers_5_self_attn_Transpose_6:OpId_28004 (cycles)
55842143040,EXECUTE,16359,CYCLES,BACKEND,SUB-EVENT,model_layers_5_self_attn_o_proj_conv_Conv:OpId_28012 (cycles)
55842143040,EXECUTE,374,CYCLES,BACKEND,SUB-EVENT,/model_layers_5_self_attn_o_proj_conv_Conv/Conv_output_0.nchw:OpId_28016 (cycles)
55842143040,EXECUTE,0,CYCLES,BACKEND,SUB-EVENT,model_layers_5_self_attn_Reshape_9:OpId_28017 (cycles)
55842143040,EXECUTE,3185,CYCLES,BACKEND,SUB-EVENT,model_layers_5_Add:OpId_28018 (cycles)
55842143040,EXECUTE,6667,CYCLES,BACKEND,SUB-EVENT,rms_norm_20:OpId_28023 (cycles)
55842143040,EXECUTE,0,CYCLES,BACKEND,SUB-EVENT,model_layers_5_mlp_Reshape:OpId_28026 (cycles)
55842143040,EXECUTE,0,CYCLES,BACKEND,SUB-EVENT,model_layers_5_mlp_Transpose:OpId_28028 (cycles)
55842143040,EXECUTE,65755,CYCLES,BACKEND,SUB-EVENT,model_layers_5_mlp_gate_proj_conv_Conv:OpId_28036 (cycles)
55842143040,EXECUTE,60588,CYCLES,BACKEND,SUB-EVENT,model_layers_5_mlp_up_proj_conv_Conv:OpId_28046 (cycles)
55842143040,EXECUTE,0,CYCLES,BACKEND,SUB-EVENT,model_layers_5_mlp_act_fn_Sigmoid:OpId_28049 (cycles)
55842143040,EXECUTE,37038,CYCLES,BACKEND,SUB-EVENT,model_layers_5_mlp_act_fn_Mul:OpId_28056 (cycles)
55842143040,EXECUTE,13446,CYCLES,BACKEND,SUB-EVENT,model_layers_5_mlp_Mul:OpId_28058 (cycles)
55842143040,EXECUTE,30383,CYCLES,BACKEND,SUB-EVENT,model_layers_5_mlp_down_proj_conv_Conv:OpId_28067 (cycles)
55842143040,EXECUTE,686,CYCLES,BACKEND,SUB-EVENT,/model_layers_5_mlp_down_proj_conv_Conv/Conv_output_0.nchw:OpId_28071 (cycles)
55842143040,EXECUTE,0,CYCLES,BACKEND,SUB-EVENT,model_layers_5_mlp_Reshape_1:OpId_28072 (cycles)
55842143040,EXECUTE,4426,CYCLES,BACKEND,SUB-EVENT,model_layers_5_Add_1:OpId_28073 (cycles)
55842143040,EXECUTE,8600,CYCLES,BACKEND,SUB-EVENT,rms_norm_22:OpId_28078 (cycles)
55842143040,EXECUTE,0,CYCLES,BACKEND,SUB-EVENT,model_layers_6_self_attn_Reshape:OpId_28081 (cycles)
55842143040,EXECUTE,0,CYCLES,BACKEND,SUB-EVENT,model_layers_6_self_attn_Transpose:OpId_28083 (cycles)
55842143040,EXECUTE,776,CYCLES,BACKEND,SUB-EVENT,attn_6_head_0_key_Conv:OpId_28091 (cycles)
55842143040,EXECUTE,1421,CYCLES,BACKEND,SUB-EVENT,attn_6_head_0_value_Conv:OpId_28101 (cycles)
55842143040,EXECUTE,921,CYCLES,BACKEND,SUB-EVENT,attn_6_head_0_value_Transpose/output_converted_UFIXED_POINT_8:OpId_28104 (cycles)
55842143040,EXECUTE,819,CYCLES,BACKEND,SUB-EVENT,attn_6_head_1_key_Conv:OpId_28114 (cycles)
55842143040,EXECUTE,814,CYCLES,BACKEND,SUB-EVENT,attn_6_head_1_value_Conv:OpId_28124 (cycles)
55842143040,EXECUTE,551,CYCLES,BACKEND,SUB-EVENT,attn_6_head_1_value_Transpose/output_converted_UFIXED_POINT_8:OpId_28127 (cycles)
55842143040,EXECUTE,891,CYCLES,BACKEND,SUB-EVENT,attn_6_head_0_query_Conv:OpId_28137 (cycles)
55842143040,EXECUTE,888,CYCLES,BACKEND,SUB-EVENT,attn_6_head_1_query_Conv:OpId_28147 (cycles)
55842143040,EXECUTE,936,CYCLES,BACKEND,SUB-EVENT,attn_6_head_2_query_Conv:OpId_28157 (cycles)
55842143040,EXECUTE,727,CYCLES,BACKEND,SUB-EVENT,attn_6_head_3_query_Conv:OpId_28167 (cycles)
55842143040,EXECUTE,961,CYCLES,BACKEND,SUB-EVENT,attn_6_head_4_query_Conv:OpId_28177 (cycles)
55842143040,EXECUTE,884,CYCLES,BACKEND,SUB-EVENT,attn_6_head_5_query_Conv:OpId_28187 (cycles)
55842143040,EXECUTE,894,CYCLES,BACKEND,SUB-EVENT,attn_6_head_6_query_Conv:OpId_28197 (cycles)
55842143040,EXECUTE,1156,CYCLES,BACKEND,SUB-EVENT,attn_6_head_7_query_Conv:OpId_28207 (cycles)
55842143040,EXECUTE,872,CYCLES,BACKEND,SUB-EVENT,attn_6_head_8_query_Conv:OpId_28217 (cycles)
55842143040,EXECUTE,928,CYCLES,BACKEND,SUB-EVENT,attn_6_head_9_query_Conv:OpId_28227 (cycles)
55842143040,EXECUTE,835,CYCLES,BACKEND,SUB-EVENT,attn_6_head_10_query_Conv:OpId_28237 (cycles)
55842143040,EXECUTE,827,CYCLES,BACKEND,SUB-EVENT,attn_6_head_11_query_Conv:OpId_28247 (cycles)
55842143040,EXECUTE,777,CYCLES,BACKEND,SUB-EVENT,attn_6_head_12_query_Conv:OpId_28257 (cycles)
55842143040,EXECUTE,1487,CYCLES,BACKEND,SUB-EVENT,attn_6_head_13_query_Conv:OpId_28267 (cycles)
55842143040,EXECUTE,269,CYCLES,BACKEND,SUB-EVENT,Slice_216:OpId_28271 (cycles)
55842143040,EXECUTE,204,CYCLES,BACKEND,SUB-EVENT,Slice_217:OpId_28277 (cycles)
55842143040,EXECUTE,220,CYCLES,BACKEND,SUB-EVENT,Slice_218:OpId_28283 (cycles)
55842143040,EXECUTE,162,CYCLES,BACKEND,SUB-EVENT,Slice_219:OpId_28289 (cycles)
55842143040,EXECUTE,0,CYCLES,BACKEND,SUB-EVENT,Concat_159:OpId_28294 (cycles)
55842143040,EXECUTE,215,CYCLES,BACKEND,SUB-EVENT,Slice_224:OpId_28297 (cycles)
55842143040,EXECUTE,161,CYCLES,BACKEND,SUB-EVENT,Slice_225:OpId_28303 (cycles)
55842143040,EXECUTE,202,CYCLES,BACKEND,SUB-EVENT,Slice_226:OpId_28309 (cycles)
55842143040,EXECUTE,277,CYCLES,BACKEND,SUB-EVENT,Slice_227:OpId_28315 (cycles)
55842143040,EXECUTE,207,CYCLES,BACKEND,SUB-EVENT,Slice_228:OpId_28321 (cycles)
55842143040,EXECUTE,186,CYCLES,BACKEND,SUB-EVENT,Slice_229:OpId_28327 (cycles)
55842143040,EXECUTE,236,CYCLES,BACKEND,SUB-EVENT,Slice_230:OpId_28333 (cycles)
55842143040,EXECUTE,203,CYCLES,BACKEND,SUB-EVENT,Slice_231:OpId_28339 (cycles)
55842143040,EXECUTE,286,CYCLES,BACKEND,SUB-EVENT,Slice_232:OpId_28345 (cycles)
55842143040,EXECUTE,211,CYCLES,BACKEND,SUB-EVENT,Slice_233:OpId_28351 (cycles)
55842143040,EXECUTE,285,CYCLES,BACKEND,SUB-EVENT,Slice_234:OpId_28357 (cycles)
55842143040,EXECUTE,230,CYCLES,BACKEND,SUB-EVENT,Slice_235:OpId_28363 (cycles)
55842143040,EXECUTE,307,CYCLES,BACKEND,SUB-EVENT,Slice_236:OpId_28369 (cycles)
55842143040,EXECUTE,270,CYCLES,BACKEND,SUB-EVENT,Slice_237:OpId_28375 (cycles)
55842143040,EXECUTE,247,CYCLES,BACKEND,SUB-EVENT,Slice_238:OpId_28381 (cycles)
55842143040,EXECUTE,198,CYCLES,BACKEND,SUB-EVENT,Slice_239:OpId_28387 (cycles)
55842143040,EXECUTE,216,CYCLES,BACKEND,SUB-EVENT,Slice_240:OpId_28393 (cycles)
55842143040,EXECUTE,210,CYCLES,BACKEND,SUB-EVENT,Slice_241:OpId_28399 (cycles)
55842143040,EXECUTE,227,CYCLES,BACKEND,SUB-EVENT,Slice_242:OpId_28405 (cycles)
55842143040,EXECUTE,191,CYCLES,BACKEND,SUB-EVENT,Slice_243:OpId_28411 (cycles)
55842143040,EXECUTE,210,CYCLES,BACKEND,SUB-EVENT,Slice_244:OpId_28417 (cycles)
55842143040,EXECUTE,148,CYCLES,BACKEND,SUB-EVENT,Slice_245:OpId_28423 (cycles)
55842143040,EXECUTE,202,CYCLES,BACKEND,SUB-EVENT,Slice_246:OpId_28429 (cycles)
55842143040,EXECUTE,150,CYCLES,BACKEND,SUB-EVENT,Slice_247:OpId_28435 (cycles)
55842143040,EXECUTE,208,CYCLES,BACKEND,SUB-EVENT,Slice_248:OpId_28441 (cycles)
55842143040,EXECUTE,162,CYCLES,BACKEND,SUB-EVENT,Slice_249:OpId_28447 (cycles)
55842143040,EXECUTE,215,CYCLES,BACKEND,SUB-EVENT,Slice_250:OpId_28453 (cycles)
55842143040,EXECUTE,198,CYCLES,BACKEND,SUB-EVENT,Slice_251:OpId_28459 (cycles)
55842143040,EXECUTE,7631,CYCLES,BACKEND,SUB-EVENT,Concat_141:OpId_28464 (cycles)
55842143040,EXECUTE,5159,CYCLES,BACKEND,SUB-EVENT,Concat_143:OpId_28466 (cycles)
55842143040,EXECUTE,814,CYCLES,BACKEND,SUB-EVENT,Mul_384:OpId_28468 (cycles)
55842143040,EXECUTE,757,CYCLES,BACKEND,SUB-EVENT,Mul_386:OpId_28470 (cycles)
55842143040,EXECUTE,369,CYCLES,BACKEND,SUB-EVENT,Mul_385:OpId_28472 (cycles)
55842143040,EXECUTE,328,CYCLES,BACKEND,SUB-EVENT,Mul_387:OpId_28474 (cycles)
55842143040,EXECUTE,202,CYCLES,BACKEND,SUB-EVENT,Mul_388:OpId_28476 (cycles)
55842143040,EXECUTE,235,CYCLES,BACKEND,SUB-EVENT,Mul_390:OpId_28478 (cycles)
55842143040,EXECUTE,156,CYCLES,BACKEND,SUB-EVENT,Mul_389:OpId_28480 (cycles)
55842143040,EXECUTE,128,CYCLES,BACKEND,SUB-EVENT,Mul_391:OpId_28482 (cycles)
55842143040,EXECUTE,508,CYCLES,BACKEND,SUB-EVENT,Mul_392:OpId_28484 (cycles)
55842143040,EXECUTE,487,CYCLES,BACKEND,SUB-EVENT,Mul_394:OpId_28486 (cycles)
55842143040,EXECUTE,431,CYCLES,BACKEND,SUB-EVENT,Mul_393:OpId_28488 (cycles)
55842143040,EXECUTE,490,CYCLES,BACKEND,SUB-EVENT,Mul_395:OpId_28490 (cycles)
55842143040,EXECUTE,260,CYCLES,BACKEND,SUB-EVENT,Mul_396:OpId_28492 (cycles)
55842143040,EXECUTE,269,CYCLES,BACKEND,SUB-EVENT,Mul_398:OpId_28494 (cycles)
55842143040,EXECUTE,159,CYCLES,BACKEND,SUB-EVENT,Mul_397:OpId_28496 (cycles)
55842143040,EXECUTE,135,CYCLES,BACKEND,SUB-EVENT,Mul_399:OpId_28498 (cycles)
55842143040,EXECUTE,170,CYCLES,BACKEND,SUB-EVENT,Mul_400:OpId_28500 (cycles)
55842143040,EXECUTE,140,CYCLES,BACKEND,SUB-EVENT,Mul_402:OpId_28502 (cycles)
55842143040,EXECUTE,211,CYCLES,BACKEND,SUB-EVENT,Mul_401:OpId_28504 (cycles)
55842143040,EXECUTE,214,CYCLES,BACKEND,SUB-EVENT,Mul_403:OpId_28506 (cycles)
55842143040,EXECUTE,200,CYCLES,BACKEND,SUB-EVENT,Mul_404:OpId_28508 (cycles)
55842143040,EXECUTE,124,CYCLES,BACKEND,SUB-EVENT,Mul_406:OpId_28510 (cycles)
55842143040,EXECUTE,185,CYCLES,BACKEND,SUB-EVENT,Mul_405:OpId_28512 (cycles)
55842143040,EXECUTE,195,CYCLES,BACKEND,SUB-EVENT,Mul_407:OpId_28514 (cycles)
55842143040,EXECUTE,199,CYCLES,BACKEND,SUB-EVENT,Mul_408:OpId_28516 (cycles)
55842143040,EXECUTE,210,CYCLES,BACKEND,SUB-EVENT,Mul_410:OpId_28518 (cycles)
55842143040,EXECUTE,179,CYCLES,BACKEND,SUB-EVENT,Mul_409:OpId_28520 (cycles)
55842143040,EXECUTE,133,CYCLES,BACKEND,SUB-EVENT,Mul_411:OpId_28522 (cycles)
55842143040,EXECUTE,205,CYCLES,BACKEND,SUB-EVENT,Mul_412:OpId_28524 (cycles)
55842143040,EXECUTE,144,CYCLES,BACKEND,SUB-EVENT,Mul_414:OpId_28526 (cycles)
55842143040,EXECUTE,180,CYCLES,BACKEND,SUB-EVENT,Mul_413:OpId_28528 (cycles)
55842143040,EXECUTE,163,CYCLES,BACKEND,SUB-EVENT,Mul_415:OpId_28530 (cycles)
55842143040,EXECUTE,182,CYCLES,BACKEND,SUB-EVENT,Mul_416:OpId_28532 (cycles)
55842143040,EXECUTE,119,CYCLES,BACKEND,SUB-EVENT,Mul_418:OpId_28534 (cycles)
55842143040,EXECUTE,152,CYCLES,BACKEND,SUB-EVENT,Mul_417:OpId_28536 (cycles)
55842143040,EXECUTE,139,CYCLES,BACKEND,SUB-EVENT,Mul_419:OpId_28538 (cycles)
55842143040,EXECUTE,169,CYCLES,BACKEND,SUB-EVENT,Mul_420:OpId_28540 (cycles)
55842143040,EXECUTE,139,CYCLES,BACKEND,SUB-EVENT,Mul_422:OpId_28542 (cycles)
55842143040,EXECUTE,160,CYCLES,BACKEND,SUB-EVENT,Mul_421:OpId_28544 (cycles)
55842143040,EXECUTE,181,CYCLES,BACKEND,SUB-EVENT,Mul_423:OpId_28546 (cycles)
55842143040,EXECUTE,619,CYCLES,BACKEND,SUB-EVENT,Mul_424:OpId_28548 (cycles)
55842143040,EXECUTE,145,CYCLES,BACKEND,SUB-EVENT,Mul_426:OpId_28550 (cycles)
55842143040,EXECUTE,162,CYCLES,BACKEND,SUB-EVENT,Mul_425:OpId_28552 (cycles)
55842143040,EXECUTE,145,CYCLES,BACKEND,SUB-EVENT,Mul_427:OpId_28554 (cycles)
55842143040,EXECUTE,164,CYCLES,BACKEND,SUB-EVENT,Mul_428:OpId_28556 (cycles)
55842143040,EXECUTE,148,CYCLES,BACKEND,SUB-EVENT,Mul_430:OpId_28558 (cycles)
55842143040,EXECUTE,164,CYCLES,BACKEND,SUB-EVENT,Mul_429:OpId_28560 (cycles)
55842143040,EXECUTE,132,CYCLES,BACKEND,SUB-EVENT,Mul_431:OpId_28562 (cycles)
55842143040,EXECUTE,267,CYCLES,BACKEND,SUB-EVENT,Mul_432:OpId_28564 (cycles)
55842143040,EXECUTE,360,CYCLES,BACKEND,SUB-EVENT,Mul_434:OpId_28566 (cycles)
55842143040,EXECUTE,306,CYCLES,BACKEND,SUB-EVENT,Mul_433:OpId_28568 (cycles)
55842143040,EXECUTE,207,CYCLES,BACKEND,SUB-EVENT,Mul_435:OpId_28570 (cycles)
55842143040,EXECUTE,692,CYCLES,BACKEND,SUB-EVENT,Mul_436:OpId_28572 (cycles)
55842143040,EXECUTE,158,CYCLES,BACKEND,SUB-EVENT,Mul_438:OpId_28574 (cycles)
55842143040,EXECUTE,149,CYCLES,BACKEND,SUB-EVENT,Mul_437:OpId_28576 (cycles)
55842143040,EXECUTE,106,CYCLES,BACKEND,SUB-EVENT,Mul_439:OpId_28578 (cycles)
55842143040,EXECUTE,177,CYCLES,BACKEND,SUB-EVENT,Mul_440:OpId_28580 (cycles)
55842143040,EXECUTE,191,CYCLES,BACKEND,SUB-EVENT,Mul_442:OpId_28582 (cycles)
55842143040,EXECUTE,161,CYCLES,BACKEND,SUB-EVENT,Mul_441:OpId_28584 (cycles)
55842143040,EXECUTE,232,CYCLES,BACKEND,SUB-EVENT,Mul_443:OpId_28586 (cycles)
55842143040,EXECUTE,168,CYCLES,BACKEND,SUB-EVENT,Mul_444:OpId_28588 (cycles)
55842143040,EXECUTE,180,CYCLES,BACKEND,SUB-EVENT,Mul_446:OpId_28590 (cycles)
55842143040,EXECUTE,181,CYCLES,BACKEND,SUB-EVENT,Mul_445:OpId_28592 (cycles)
55842143040,EXECUTE,141,CYCLES,BACKEND,SUB-EVENT,Mul_447:OpId_28594 (cycles)
55842143040,EXECUTE,591,CYCLES,BACKEND,SUB-EVENT,Sub_96:OpId_28596 (cycles)
55842143040,EXECUTE,263,CYCLES,BACKEND,SUB-EVENT,Sub_96_converted_UFIXED_POINT_8:OpId_28598 (cycles)
55842143040,EXECUTE,388,CYCLES,BACKEND,SUB-EVENT,Add_180:OpId_28601 (cycles)
55842143040,EXECUTE,181,CYCLES,BACKEND,SUB-EVENT,Add_180_converted_UFIXED_POINT_8:OpId_28603 (cycles)
55842143040,EXECUTE,197,CYCLES,BACKEND,SUB-EVENT,Sub_97:OpId_28606 (cycles)
55842143040,EXECUTE,361,CYCLES,BACKEND,SUB-EVENT,Sub_97_converted_UFIXED_POINT_8:OpId_28608 (cycles)
55842143040,EXECUTE,249,CYCLES,BACKEND,SUB-EVENT,Add_181:OpId_28611 (cycles)
55842143040,EXECUTE,202,CYCLES,BACKEND,SUB-EVENT,Add_181_converted_UFIXED_POINT_8:OpId_28613 (cycles)
55842143040,EXECUTE,873,CYCLES,BACKEND,SUB-EVENT,Sub_98:OpId_28616 (cycles)
55842143040,EXECUTE,781,CYCLES,BACKEND,SUB-EVENT,Add_182:OpId_28618 (cycles)
55842143040,EXECUTE,387,CYCLES,BACKEND,SUB-EVENT,Sub_99:OpId_28620 (cycles)
55842143040,EXECUTE,421,CYCLES,BACKEND,SUB-EVENT,Add_184:OpId_28622 (cycles)
55842143040,EXECUTE,475,CYCLES,BACKEND,SUB-EVENT,Sub_100:OpId_28624 (cycles)
55842143040,EXECUTE,598,CYCLES,BACKEND,SUB-EVENT,Add_186:OpId_28626 (cycles)
55842143040,EXECUTE,408,CYCLES,BACKEND,SUB-EVENT,Sub_101:OpId_28628 (cycles)
55842143040,EXECUTE,469,CYCLES,BACKEND,SUB-EVENT,Add_188:OpId_28630 (cycles)
55842143040,EXECUTE,506,CYCLES,BACKEND,SUB-EVENT,Sub_102:OpId_28632 (cycles)
55842143040,EXECUTE,485,CYCLES,BACKEND,SUB-EVENT,Add_190:OpId_28634 (cycles)
55842143040,EXECUTE,473,CYCLES,BACKEND,SUB-EVENT,Sub_103:OpId_28636 (cycles)
55842143040,EXECUTE,547,CYCLES,BACKEND,SUB-EVENT,Add_192:OpId_28638 (cycles)
55842143040,EXECUTE,481,CYCLES,BACKEND,SUB-EVENT,Sub_104:OpId_28640 (cycles)
55842143040,EXECUTE,387,CYCLES,BACKEND,SUB-EVENT,Add_194:OpId_28642 (cycles)
55842143040,EXECUTE,449,CYCLES,BACKEND,SUB-EVENT,Sub_105:OpId_28644 (cycles)
55842143040,EXECUTE,420,CYCLES,BACKEND,SUB-EVENT,Add_196:OpId_28646 (cycles)
55842143040,EXECUTE,461,CYCLES,BACKEND,SUB-EVENT,Sub_106:OpId_28648 (cycles)
55842143040,EXECUTE,442,CYCLES,BACKEND,SUB-EVENT,Add_198:OpId_28650 (cycles)
55842143040,EXECUTE,436,CYCLES,BACKEND,SUB-EVENT,Sub_107:OpId_28652 (cycles)
55842143040,EXECUTE,341,CYCLES,BACKEND,SUB-EVENT,Add_200:OpId_28654 (cycles)
55842143040,EXECUTE,503,CYCLES,BACKEND,SUB-EVENT,Sub_108:OpId_28656 (cycles)
55842143040,EXECUTE,608,CYCLES,BACKEND,SUB-EVENT,Add_202:OpId_28658 (cycles)
55842143040,EXECUTE,564,CYCLES,BACKEND,SUB-EVENT,Sub_109:OpId_28660 (cycles)
55842143040,EXECUTE,773,CYCLES,BACKEND,SUB-EVENT,Add_204:OpId_28662 (cycles)
55842143040,EXECUTE,747,CYCLES,BACKEND,SUB-EVENT,Sub_110:OpId_28664 (cycles)
55842143040,EXECUTE,542,CYCLES,BACKEND,SUB-EVENT,Add_206:OpId_28666 (cycles)
55842143040,EXECUTE,446,CYCLES,BACKEND,SUB-EVENT,Sub_111:OpId_28668 (cycles)
55842143040,EXECUTE,456,CYCLES,BACKEND,SUB-EVENT,Add_208:OpId_28670 (cycles)
55842143040,EXECUTE,1160,CYCLES,BACKEND,SUB-EVENT,Concat_138:OpId_28672 (cycles)
55842143040,EXECUTE,1071,CYCLES,BACKEND,SUB-EVENT,Concat_139:OpId_28674 (cycles)
55842143040,EXECUTE,0,CYCLES,BACKEND,SUB-EVENT,Concat_144:OpId_28676 (cycles)
55842143040,EXECUTE,0,CYCLES,BACKEND,SUB-EVENT,Concat_145:OpId_28678 (cycles)
55842143040,EXECUTE,0,CYCLES,BACKEND,SUB-EVENT,Concat_146:OpId_28680 (cycles)
55842143040,EXECUTE,0,CYCLES,BACKEND,SUB-EVENT,Concat_147:OpId_28682 (cycles)
55842143040,EXECUTE,0,CYCLES,BACKEND,SUB-EVENT,Concat_148:OpId_28684 (cycles)
55842143040,EXECUTE,0,CYCLES,BACKEND,SUB-EVENT,Concat_149:OpId_28686 (cycles)
55842143040,EXECUTE,0,CYCLES,BACKEND,SUB-EVENT,Concat_150:OpId_28688 (cycles)
55842143040,EXECUTE,0,CYCLES,BACKEND,SUB-EVENT,Concat_151:OpId_28690 (cycles)
55842143040,EXECUTE,0,CYCLES,BACKEND,SUB-EVENT,Concat_152:OpId_28692 (cycles)
55842143040,EXECUTE,0,CYCLES,BACKEND,SUB-EVENT,Concat_153:OpId_28694 (cycles)
55842143040,EXECUTE,0,CYCLES,BACKEND,SUB-EVENT,Concat_154:OpId_28696 (cycles)
55842143040,EXECUTE,0,CYCLES,BACKEND,SUB-EVENT,Concat_155:OpId_28698 (cycles)
55842143040,EXECUTE,0,CYCLES,BACKEND,SUB-EVENT,Concat_156:OpId_28700 (cycles)
55842143040,EXECUTE,0,CYCLES,BACKEND,SUB-EVENT,Concat_157:OpId_28702 (cycles)
55842143040,EXECUTE,0,CYCLES,BACKEND,SUB-EVENT,attn_6_head_0_key_Transpose_0:OpId_28705 (cycles)
55842143040,EXECUTE,0,CYCLES,BACKEND,SUB-EVENT,attn_6_head_1_key_Transpose_0:OpId_28707 (cycles)
55842143040,EXECUTE,0,CYCLES,BACKEND,SUB-EVENT,Concat_140:OpId_28708 (cycles)
55842143040,EXECUTE,0,CYCLES,BACKEND,SUB-EVENT,Concat_142:OpId_28710 (cycles)
55842143040,EXECUTE,0,CYCLES,BACKEND,SUB-EVENT,Concat_158:OpId_28712 (cycles)
55842143040,EXECUTE,129707,CYCLES,BACKEND,SUB-EVENT,attn_6_head_0_qk_MatMul_0:OpId_28714 (cycles)
55842143040,EXECUTE,8032,CYCLES,BACKEND,SUB-EVENT,attn_6_head_1_qk_MatMul_0:OpId_28718 (cycles)
55842143040,EXECUTE,8828,CYCLES,BACKEND,SUB-EVENT,attn_6_head_2_qk_MatMul_0:OpId_28722 (cycles)
55842143040,EXECUTE,7205,CYCLES,BACKEND,SUB-EVENT,attn_6_head_3_qk_MatMul_0:OpId_28726 (cycles)
55842143040,EXECUTE,6849,CYCLES,BACKEND,SUB-EVENT,attn_6_head_4_qk_MatMul_0:OpId_28730 (cycles)
55842143040,EXECUTE,7187,CYCLES,BACKEND,SUB-EVENT,attn_6_head_5_qk_MatMul_0:OpId_28734 (cycles)
55842143040,EXECUTE,7617,CYCLES,BACKEND,SUB-EVENT,attn_6_head_6_qk_MatMul_0:OpId_28738 (cycles)
55842143040,EXECUTE,125981,CYCLES,BACKEND,SUB-EVENT,attn_6_head_7_qk_MatMul_0:OpId_28742 (cycles)
55842143040,EXECUTE,8042,CYCLES,BACKEND,SUB-EVENT,attn_6_head_8_qk_MatMul_0:OpId_28746 (cycles)
55842143040,EXECUTE,7740,CYCLES,BACKEND,SUB-EVENT,attn_6_head_9_qk_MatMul_0:OpId_28750 (cycles)
55842143040,EXECUTE,7476,CYCLES,BACKEND,SUB-EVENT,attn_6_head_10_qk_MatMul_0:OpId_28754 (cycles)
55842143040,EXECUTE,7568,CYCLES,BACKEND,SUB-EVENT,attn_6_head_11_qk_MatMul_0:OpId_28758 (cycles)
55842143040,EXECUTE,7233,CYCLES,BACKEND,SUB-EVENT,attn_6_head_12_qk_MatMul_0:OpId_28762 (cycles)
55842143040,EXECUTE,7479,CYCLES,BACKEND,SUB-EVENT,attn_6_head_13_qk_MatMul_0:OpId_28766 (cycles)
55842143040,EXECUTE,16870,CYCLES,BACKEND,SUB-EVENT,Add_183:OpId_28770 (cycles)
55842143040,EXECUTE,16525,CYCLES,BACKEND,SUB-EVENT,Add_185:OpId_28772 (cycles)
55842143040,EXECUTE,16977,CYCLES,BACKEND,SUB-EVENT,Add_187:OpId_28774 (cycles)
55842143040,EXECUTE,17382,CYCLES,BACKEND,SUB-EVENT,Add_189:OpId_28776 (cycles)
55842143040,EXECUTE,16802,CYCLES,BACKEND,SUB-EVENT,Add_191:OpId_28778 (cycles)
55842143040,EXECUTE,17378,CYCLES,BACKEND,SUB-EVENT,Add_193:OpId_28780 (cycles)
55842143040,EXECUTE,18289,CYCLES,BACKEND,SUB-EVENT,Add_195:OpId_28782 (cycles)
55842143040,EXECUTE,17416,CYCLES,BACKEND,SUB-EVENT,Add_197:OpId_28784 (cycles)
55842143040,EXECUTE,18367,CYCLES,BACKEND,SUB-EVENT,Add_199:OpId_28786 (cycles)
55842143040,EXECUTE,17157,CYCLES,BACKEND,SUB-EVENT,Add_201:OpId_28788 (cycles)
55842143040,EXECUTE,16129,CYCLES,BACKEND,SUB-EVENT,Add_203:OpId_28790 (cycles)
55842143040,EXECUTE,16476,CYCLES,BACKEND,SUB-EVENT,Add_205:OpId_28792 (cycles)
55842143040,EXECUTE,18330,CYCLES,BACKEND,SUB-EVENT,Add_207:OpId_28794 (cycles)
55842143040,EXECUTE,18732,CYCLES,BACKEND,SUB-EVENT,Add_209:OpId_28796 (cycles)
55842143040,EXECUTE,11516,CYCLES,BACKEND,SUB-EVENT,attn_6_head_0_Softmax_0:OpId_28798 (cycles)
55842143040,EXECUTE,10791,CYCLES,BACKEND,SUB-EVENT,attn_6_head_1_Softmax_0:OpId_28801 (cycles)
55842143040,EXECUTE,13211,CYCLES,BACKEND,SUB-EVENT,attn_6_head_2_Softmax_0:OpId_28804 (cycles)
55842143040,EXECUTE,13567,CYCLES,BACKEND,SUB-EVENT,attn_6_head_3_Softmax_0:OpId_28807 (cycles)
55842143040,EXECUTE,10842,CYCLES,BACKEND,SUB-EVENT,attn_6_head_4_Softmax_0:OpId_28810 (cycles)
55842143040,EXECUTE,11598,CYCLES,BACKEND,SUB-EVENT,attn_6_head_5_Softmax_0:OpId_28813 (cycles)
55842143040,EXECUTE,13994,CYCLES,BACKEND,SUB-EVENT,attn_6_head_6_Softmax_0:OpId_28816 (cycles)
55842143040,EXECUTE,11155,CYCLES,BACKEND,SUB-EVENT,attn_6_head_7_Softmax_0:OpId_28819 (cycles)
55842143040,EXECUTE,13867,CYCLES,BACKEND,SUB-EVENT,attn_6_head_8_Softmax_0:OpId_28822 (cycles)
55842143040,EXECUTE,13661,CYCLES,BACKEND,SUB-EVENT,attn_6_head_9_Softmax_0:OpId_28825 (cycles)
55842143040,EXECUTE,11374,CYCLES,BACKEND,SUB-EVENT,attn_6_head_10_Softmax_0:OpId_28828 (cycles)
55842143040,EXECUTE,11404,CYCLES,BACKEND,SUB-EVENT,attn_6_head_11_Softmax_0:OpId_28831 (cycles)
55842143040,EXECUTE,14366,CYCLES,BACKEND,SUB-EVENT,attn_6_head_12_Softmax_0:OpId_28834 (cycles)
55842143040,EXECUTE,14158,CYCLES,BACKEND,SUB-EVENT,attn_6_head_13_Softmax_0:OpId_28837 (cycles)
55842143040,EXECUTE,37106,CYCLES,BACKEND,SUB-EVENT,attn_6_head_0_qkv_MatMul_0:OpId_28840 (cycles)
55842143040,EXECUTE,1357,CYCLES,BACKEND,SUB-EVENT,attn_6_head_1_qkv_MatMul_0:OpId_28844 (cycles)
55842143040,EXECUTE,1415,CYCLES,BACKEND,SUB-EVENT,attn_6_head_2_qkv_MatMul_0:OpId_28848 (cycles)
55842143040,EXECUTE,1376,CYCLES,BACKEND,SUB-EVENT,attn_6_head_3_qkv_MatMul_0:OpId_28852 (cycles)
55842143040,EXECUTE,1435,CYCLES,BACKEND,SUB-EVENT,attn_6_head_4_qkv_MatMul_0:OpId_28856 (cycles)
55842143040,EXECUTE,1335,CYCLES,BACKEND,SUB-EVENT,attn_6_head_5_qkv_MatMul_0:OpId_28860 (cycles)
55842143040,EXECUTE,1337,CYCLES,BACKEND,SUB-EVENT,attn_6_head_6_qkv_MatMul_0:OpId_28864 (cycles)
55842143040,EXECUTE,42212,CYCLES,BACKEND,SUB-EVENT,attn_6_head_7_qkv_MatMul_0:OpId_28868 (cycles)
55842143040,EXECUTE,1387,CYCLES,BACKEND,SUB-EVENT,attn_6_head_8_qkv_MatMul_0:OpId_28872 (cycles)
55842143040,EXECUTE,1389,CYCLES,BACKEND,SUB-EVENT,attn_6_head_9_qkv_MatMul_0:OpId_28876 (cycles)
55842143040,EXECUTE,1207,CYCLES,BACKEND,SUB-EVENT,attn_6_head_10_qkv_MatMul_0:OpId_28880 (cycles)
55842143040,EXECUTE,1179,CYCLES,BACKEND,SUB-EVENT,attn_6_head_11_qkv_MatMul_0:OpId_28884 (cycles)
55842143040,EXECUTE,1193,CYCLES,BACKEND,SUB-EVENT,attn_6_head_12_qkv_MatMul_0:OpId_28888 (cycles)
55842143040,EXECUTE,1123,CYCLES,BACKEND,SUB-EVENT,attn_6_head_13_qkv_MatMul_0:OpId_28892 (cycles)
55842143040,EXECUTE,0,CYCLES,BACKEND,SUB-EVENT,Concat_160:OpId_28896 (cycles)
55842143040,EXECUTE,0,CYCLES,BACKEND,SUB-EVENT,Reshape_8:OpId_28898 (cycles)
55842143040,EXECUTE,0,CYCLES,BACKEND,SUB-EVENT,model_layers_6_self_attn_Transpose_6:OpId_28900 (cycles)
55842143040,EXECUTE,17259,CYCLES,BACKEND,SUB-EVENT,model_layers_6_self_attn_o_proj_conv_Conv:OpId_28908 (cycles)
55842143040,EXECUTE,394,CYCLES,BACKEND,SUB-EVENT,/model_layers_6_self_attn_o_proj_conv_Conv/Conv_output_0.nchw:OpId_28912 (cycles)
55842143040,EXECUTE,0,CYCLES,BACKEND,SUB-EVENT,model_layers_6_self_attn_Reshape_9:OpId_28913 (cycles)
55842143040,EXECUTE,3612,CYCLES,BACKEND,SUB-EVENT,model_layers_6_Add:OpId_28914 (cycles)
55842143040,EXECUTE,6428,CYCLES,BACKEND,SUB-EVENT,rms_norm_24:OpId_28919 (cycles)
55842143040,EXECUTE,0,CYCLES,BACKEND,SUB-EVENT,model_layers_6_mlp_Reshape:OpId_28922 (cycles)
55842143040,EXECUTE,0,CYCLES,BACKEND,SUB-EVENT,model_layers_6_mlp_Transpose:OpId_28924 (cycles)
55842143040,EXECUTE,67724,CYCLES,BACKEND,SUB-EVENT,model_layers_6_mlp_gate_proj_conv_Conv:OpId_28932 (cycles)
55842143040,EXECUTE,63504,CYCLES,BACKEND,SUB-EVENT,model_layers_6_mlp_up_proj_conv_Conv:OpId_28942 (cycles)
55842143040,EXECUTE,0,CYCLES,BACKEND,SUB-EVENT,model_layers_6_mlp_act_fn_Sigmoid:OpId_28945 (cycles)
55842143040,EXECUTE,37076,CYCLES,BACKEND,SUB-EVENT,model_layers_6_mlp_act_fn_Mul:OpId_28952 (cycles)
55842143040,EXECUTE,17861,CYCLES,BACKEND,SUB-EVENT,model_layers_6_mlp_Mul:OpId_28954 (cycles)
55842143040,EXECUTE,31475,CYCLES,BACKEND,SUB-EVENT,model_layers_6_mlp_down_proj_conv_Conv:OpId_28963 (cycles)
55842143040,EXECUTE,674,CYCLES,BACKEND,SUB-EVENT,/model_layers_6_mlp_down_proj_conv_Conv/Conv_output_0.nchw:OpId_28967 (cycles)
55842143040,EXECUTE,0,CYCLES,BACKEND,SUB-EVENT,model_layers_6_mlp_Reshape_1:OpId_28968 (cycles)
55842143040,EXECUTE,3248,CYCLES,BACKEND,SUB-EVENT,model_layers_6_Add_1:OpId_28969 (cycles)
55842143040,EXECUTE,7162,CYCLES,BACKEND,SUB-EVENT,rms_norm_26:OpId_28974 (cycles)
55842143040,EXECUTE,0,CYCLES,BACKEND,SUB-EVENT,model_layers_7_self_attn_Reshape:OpId_28977 (cycles)
55842143040,EXECUTE,0,CYCLES,BACKEND,SUB-EVENT,model_layers_7_self_attn_Transpose:OpId_28979 (cycles)
55842143040,EXECUTE,764,CYCLES,BACKEND,SUB-EVENT,attn_7_head_0_key_Conv:OpId_28987 (cycles)
55842143040,EXECUTE,818,CYCLES,BACKEND,SUB-EVENT,attn_7_head_0_value_Conv:OpId_28997 (cycles)
55842143040,EXECUTE,810,CYCLES,BACKEND,SUB-EVENT,attn_7_head_0_value_Transpose/output_converted_UFIXED_POINT_8:OpId_29000 (cycles)
55842143040,EXECUTE,985,CYCLES,BACKEND,SUB-EVENT,attn_7_head_1_key_Conv:OpId_29010 (cycles)
55842143040,EXECUTE,834,CYCLES,BACKEND,SUB-EVENT,attn_7_head_1_value_Conv:OpId_29020 (cycles)
55842143040,EXECUTE,928,CYCLES,BACKEND,SUB-EVENT,attn_7_head_1_value_Transpose/output_converted_UFIXED_POINT_8:OpId_29023 (cycles)
55842143040,EXECUTE,601,CYCLES,BACKEND,SUB-EVENT,attn_7_head_0_query_Conv:OpId_29033 (cycles)
55842143040,EXECUTE,637,CYCLES,BACKEND,SUB-EVENT,attn_7_head_1_query_Conv:OpId_29043 (cycles)
55842143040,EXECUTE,678,CYCLES,BACKEND,SUB-EVENT,attn_7_head_2_query_Conv:OpId_29053 (cycles)
55842143040,EXECUTE,769,CYCLES,BACKEND,SUB-EVENT,attn_7_head_3_query_Conv:OpId_29063 (cycles)
55842143040,EXECUTE,790,CYCLES,BACKEND,SUB-EVENT,attn_7_head_4_query_Conv:OpId_29073 (cycles)
55842143040,EXECUTE,1160,CYCLES,BACKEND,SUB-EVENT,attn_7_head_5_query_Conv:OpId_29083 (cycles)
55842143040,EXECUTE,834,CYCLES,BACKEND,SUB-EVENT,attn_7_head_6_query_Conv:OpId_29093 (cycles)
55842143040,EXECUTE,735,CYCLES,BACKEND,SUB-EVENT,attn_7_head_7_query_Conv:OpId_29103 (cycles)
55842143040,EXECUTE,625,CYCLES,BACKEND,SUB-EVENT,attn_7_head_8_query_Conv:OpId_29113 (cycles)
55842143040,EXECUTE,837,CYCLES,BACKEND,SUB-EVENT,attn_7_head_9_query_Conv:OpId_29123 (cycles)
55842143040,EXECUTE,684,CYCLES,BACKEND,SUB-EVENT,attn_7_head_10_query_Conv:OpId_29133 (cycles)
55842143040,EXECUTE,836,CYCLES,BACKEND,SUB-EVENT,attn_7_head_11_query_Conv:OpId_29143 (cycles)
55842143040,EXECUTE,755,CYCLES,BACKEND,SUB-EVENT,attn_7_head_12_query_Conv:OpId_29153 (cycles)
55842143040,EXECUTE,727,CYCLES,BACKEND,SUB-EVENT,attn_7_head_13_query_Conv:OpId_29163 (cycles)
55842143040,EXECUTE,313,CYCLES,BACKEND,SUB-EVENT,Slice_252:OpId_29167 (cycles)
55842143040,EXECUTE,249,CYCLES,BACKEND,SUB-EVENT,Slice_253:OpId_29173 (cycles)
55842143040,EXECUTE,243,CYCLES,BACKEND,SUB-EVENT,Slice_254:OpId_29179 (cycles)
55842143040,EXECUTE,169,CYCLES,BACKEND,SUB-EVENT,Slice_255:OpId_29185 (cycles)
55842143040,EXECUTE,0,CYCLES,BACKEND,SUB-EVENT,Concat_182:OpId_29190 (cycles)
55842143040,EXECUTE,192,CYCLES,BACKEND,SUB-EVENT,Slice_260:OpId_29193 (cycles)
55842143040,EXECUTE,199,CYCLES,BACKEND,SUB-EVENT,Slice_261:OpId_29199 (cycles)
55842143040,EXECUTE,172,CYCLES,BACKEND,SUB-EVENT,Slice_262:OpId_29205 (cycles)
55842143040,EXECUTE,218,CYCLES,BACKEND,SUB-EVENT,Slice_263:OpId_29211 (cycles)
55842143040,EXECUTE,219,CYCLES,BACKEND,SUB-EVENT,Slice_264:OpId_29217 (cycles)
55842143040,EXECUTE,268,CYCLES,BACKEND,SUB-EVENT,Slice_265:OpId_29223 (cycles)
55842143040,EXECUTE,170,CYCLES,BACKEND,SUB-EVENT,Slice_266:OpId_29229 (cycles)
55842143040,EXECUTE,187,CYCLES,BACKEND,SUB-EVENT,Slice_267:OpId_29235 (cycles)
55842143040,EXECUTE,286,CYCLES,BACKEND,SUB-EVENT,Slice_268:OpId_29241 (cycles)
55842143040,EXECUTE,229,CYCLES,BACKEND,SUB-EVENT,Slice_269:OpId_29247 (cycles)
55842143040,EXECUTE,206,CYCLES,BACKEND,SUB-EVENT,Slice_270:OpId_29253 (cycles)
55842143040,EXECUTE,160,CYCLES,BACKEND,SUB-EVENT,Slice_271:OpId_29259 (cycles)
55842143040,EXECUTE,249,CYCLES,BACKEND,SUB-EVENT,Slice_272:OpId_29265 (cycles)
55842143040,EXECUTE,213,CYCLES,BACKEND,SUB-EVENT,Slice_273:OpId_29271 (cycles)
55842143040,EXECUTE,255,CYCLES,BACKEND,SUB-EVENT,Slice_274:OpId_29277 (cycles)
55842143040,EXECUTE,194,CYCLES,BACKEND,SUB-EVENT,Slice_275:OpId_29283 (cycles)
55842143040,EXECUTE,207,CYCLES,BACKEND,SUB-EVENT,Slice_276:OpId_29289 (cycles)
55842143040,EXECUTE,201,CYCLES,BACKEND,SUB-EVENT,Slice_277:OpId_29295 (cycles)
55842143040,EXECUTE,284,CYCLES,BACKEND,SUB-EVENT,Slice_278:OpId_29301 (cycles)
55842143040,EXECUTE,190,CYCLES,BACKEND,SUB-EVENT,Slice_279:OpId_29307 (cycles)
55842143040,EXECUTE,255,CYCLES,BACKEND,SUB-EVENT,Slice_280:OpId_29313 (cycles)
55842143040,EXECUTE,157,CYCLES,BACKEND,SUB-EVENT,Slice_281:OpId_29319 (cycles)
55842143040,EXECUTE,426,CYCLES,BACKEND,SUB-EVENT,Slice_282:OpId_29325 (cycles)
55842143040,EXECUTE,150,CYCLES,BACKEND,SUB-EVENT,Slice_283:OpId_29331 (cycles)
55842143040,EXECUTE,251,CYCLES,BACKEND,SUB-EVENT,Slice_284:OpId_29337 (cycles)
55842143040,EXECUTE,216,CYCLES,BACKEND,SUB-EVENT,Slice_285:OpId_29343 (cycles)
55842143040,EXECUTE,209,CYCLES,BACKEND,SUB-EVENT,Slice_286:OpId_29349 (cycles)
55842143040,EXECUTE,171,CYCLES,BACKEND,SUB-EVENT,Slice_287:OpId_29355 (cycles)
55842143040,EXECUTE,9083,CYCLES,BACKEND,SUB-EVENT,Concat_164:OpId_29360 (cycles)
55842143040,EXECUTE,5558,CYCLES,BACKEND,SUB-EVENT,Concat_166:OpId_29362 (cycles)
55842143040,EXECUTE,561,CYCLES,BACKEND,SUB-EVENT,Mul_448:OpId_29364 (cycles)
55842143040,EXECUTE,512,CYCLES,BACKEND,SUB-EVENT,Mul_450:OpId_29366 (cycles)
55842143040,EXECUTE,554,CYCLES,BACKEND,SUB-EVENT,Mul_449:OpId_29368 (cycles)
55842143040,EXECUTE,302,CYCLES,BACKEND,SUB-EVENT,Mul_451:OpId_29370 (cycles)
55842143040,EXECUTE,229,CYCLES,BACKEND,SUB-EVENT,Mul_452:OpId_29372 (cycles)
55842143040,EXECUTE,138,CYCLES,BACKEND,SUB-EVENT,Mul_454:OpId_29374 (cycles)
55842143040,EXECUTE,179,CYCLES,BACKEND,SUB-EVENT,Mul_453:OpId_29376 (cycles)
55842143040,EXECUTE,158,CYCLES,BACKEND,SUB-EVENT,Mul_455:OpId_29378 (cycles)
55842143040,EXECUTE,623,CYCLES,BACKEND,SUB-EVENT,Mul_456:OpId_29380 (cycles)
55842143040,EXECUTE,315,CYCLES,BACKEND,SUB-EVENT,Mul_458:OpId_29382 (cycles)
55842143040,EXECUTE,307,CYCLES,BACKEND,SUB-EVENT,Mul_457:OpId_29384 (cycles)
55842143040,EXECUTE,437,CYCLES,BACKEND,SUB-EVENT,Mul_459:OpId_29386 (cycles)
55842143040,EXECUTE,190,CYCLES,BACKEND,SUB-EVENT,Mul_460:OpId_29388 (cycles)
55842143040,EXECUTE,197,CYCLES,BACKEND,SUB-EVENT,Mul_462:OpId_29390 (cycles)
55842143040,EXECUTE,150,CYCLES,BACKEND,SUB-EVENT,Mul_461:OpId_29392 (cycles)
55842143040,EXECUTE,119,CYCLES,BACKEND,SUB-EVENT,Mul_463:OpId_29394 (cycles)
55842143040,EXECUTE,193,CYCLES,BACKEND,SUB-EVENT,Mul_464:OpId_29396 (cycles)
55842143040,EXECUTE,154,CYCLES,BACKEND,SUB-EVENT,Mul_466:OpId_29398 (cycles)
55842143040,EXECUTE,168,CYCLES,BACKEND,SUB-EVENT,Mul_465:OpId_29400 (cycles)
55842143040,EXECUTE,132,CYCLES,BACKEND,SUB-EVENT,Mul_467:OpId_29402 (cycles)
55842143040,EXECUTE,165,CYCLES,BACKEND,SUB-EVENT,Mul_468:OpId_29404 (cycles)
55842143040,EXECUTE,157,CYCLES,BACKEND,SUB-EVENT,Mul_470:OpId_29406 (cycles)
55842143040,EXECUTE,201,CYCLES,BACKEND,SUB-EVENT,Mul_469:OpId_29408 (cycles)
55842143040,EXECUTE,185,CYCLES,BACKEND,SUB-EVENT,Mul_471:OpId_29410 (cycles)
55842143040,EXECUTE,173,CYCLES,BACKEND,SUB-EVENT,Mul_472:OpId_29412 (cycles)
55842143040,EXECUTE,158,CYCLES,BACKEND,SUB-EVENT,Mul_474:OpId_29414 (cycles)
55842143040,EXECUTE,140,CYCLES,BACKEND,SUB-EVENT,Mul_473:OpId_29416 (cycles)
55842143040,EXECUTE,144,CYCLES,BACKEND,SUB-EVENT,Mul_475:OpId_29418 (cycles)
55842143040,EXECUTE,175,CYCLES,BACKEND,SUB-EVENT,Mul_476:OpId_29420 (cycles)
55842143040,EXECUTE,140,CYCLES,BACKEND,SUB-EVENT,Mul_478:OpId_29422 (cycles)
55842143040,EXECUTE,156,CYCLES,BACKEND,SUB-EVENT,Mul_477:OpId_29424 (cycles)
55842143040,EXECUTE,123,CYCLES,BACKEND,SUB-EVENT,Mul_479:OpId_29426 (cycles)
55842143040,EXECUTE,170,CYCLES,BACKEND,SUB-EVENT,Mul_480:OpId_29428 (cycles)
55842143040,EXECUTE,143,CYCLES,BACKEND,SUB-EVENT,Mul_482:OpId_29430 (cycles)
55842143040,EXECUTE,349,CYCLES,BACKEND,SUB-EVENT,Mul_481:OpId_29432 (cycles)
55842143040,EXECUTE,194,CYCLES,BACKEND,SUB-EVENT,Mul_483:OpId_29434 (cycles)
55842143040,EXECUTE,175,CYCLES,BACKEND,SUB-EVENT,Mul_484:OpId_29436 (cycles)
55842143040,EXECUTE,164,CYCLES,BACKEND,SUB-EVENT,Mul_486:OpId_29438 (cycles)
55842143040,EXECUTE,203,CYCLES,BACKEND,SUB-EVENT,Mul_485:OpId_29440 (cycles)
55842143040,EXECUTE,142,CYCLES,BACKEND,SUB-EVENT,Mul_487:OpId_29442 (cycles)
55842143040,EXECUTE,165,CYCLES,BACKEND,SUB-EVENT,Mul_488:OpId_29444 (cycles)
55842143040,EXECUTE,208,CYCLES,BACKEND,SUB-EVENT,Mul_490:OpId_29446 (cycles)
55842143040,EXECUTE,178,CYCLES,BACKEND,SUB-EVENT,Mul_489:OpId_29448 (cycles)
55842143040,EXECUTE,144,CYCLES,BACKEND,SUB-EVENT,Mul_491:OpId_29450 (cycles)
55842143040,EXECUTE,217,CYCLES,BACKEND,SUB-EVENT,Mul_492:OpId_29452 (cycles)
55842143040,EXECUTE,189,CYCLES,BACKEND,SUB-EVENT,Mul_494:OpId_29454 (cycles)
55842143040,EXECUTE,189,CYCLES,BACKEND,SUB-EVENT,Mul_493:OpId_29456 (cycles)
55842143040,EXECUTE,227,CYCLES,BACKEND,SUB-EVENT,Mul_495:OpId_29458 (cycles)
55842143040,EXECUTE,205,CYCLES,BACKEND,SUB-EVENT,Mul_496:OpId_29460 (cycles)
55842143040,EXECUTE,155,CYCLES,BACKEND,SUB-EVENT,Mul_498:OpId_29462 (cycles)
55842143040,EXECUTE,199,CYCLES,BACKEND,SUB-EVENT,Mul_497:OpId_29464 (cycles)
55842143040,EXECUTE,563,CYCLES,BACKEND,SUB-EVENT,Mul_499:OpId_29466 (cycles)
55842143040,EXECUTE,181,CYCLES,BACKEND,SUB-EVENT,Mul_500:OpId_29468 (cycles)
55842143040,EXECUTE,152,CYCLES,BACKEND,SUB-EVENT,Mul_502:OpId_29470 (cycles)
55842143040,EXECUTE,204,CYCLES,BACKEND,SUB-EVENT,Mul_501:OpId_29472 (cycles)
55842143040,EXECUTE,160,CYCLES,BACKEND,SUB-EVENT,Mul_503:OpId_29474 (cycles)
55842143040,EXECUTE,234,CYCLES,BACKEND,SUB-EVENT,Mul_504:OpId_29476 (cycles)
55842143040,EXECUTE,184,CYCLES,BACKEND,SUB-EVENT,Mul_506:OpId_29478 (cycles)
55842143040,EXECUTE,215,CYCLES,BACKEND,SUB-EVENT,Mul_505:OpId_29480 (cycles)
55842143040,EXECUTE,148,CYCLES,BACKEND,SUB-EVENT,Mul_507:OpId_29482 (cycles)
55842143040,EXECUTE,146,CYCLES,BACKEND,SUB-EVENT,Mul_508:OpId_29484 (cycles)
55842143040,EXECUTE,130,CYCLES,BACKEND,SUB-EVENT,Mul_510:OpId_29486 (cycles)
55842143040,EXECUTE,174,CYCLES,BACKEND,SUB-EVENT,Mul_509:OpId_29488 (cycles)
55842143040,EXECUTE,145,CYCLES,BACKEND,SUB-EVENT,Mul_511:OpId_29490 (cycles)
55842143040,EXECUTE,415,CYCLES,BACKEND,SUB-EVENT,Sub_112:OpId_29492 (cycles)
55842143040,EXECUTE,257,CYCLES,BACKEND,SUB-EVENT,Sub_112_converted_UFIXED_POINT_8:OpId_29494 (cycles)
55842143040,EXECUTE,471,CYCLES,BACKEND,SUB-EVENT,Add_210:OpId_29497 (cycles)
55842143040,EXECUTE,212,CYCLES,BACKEND,SUB-EVENT,Add_210_converted_UFIXED_POINT_8:OpId_29499 (cycles)
55842143040,EXECUTE,185,CYCLES,BACKEND,SUB-EVENT,Sub_113:OpId_29502 (cycles)
55842143040,EXECUTE,313,CYCLES,BACKEND,SUB-EVENT,Sub_113_converted_UFIXED_POINT_8:OpId_29504 (cycles)
55842143040,EXECUTE,210,CYCLES,BACKEND,SUB-EVENT,Add_211:OpId_29507 (cycles)
55842143040,EXECUTE,304,CYCLES,BACKEND,SUB-EVENT,Add_211_converted_UFIXED_POINT_8:OpId_29509 (cycles)
55842143040,EXECUTE,679,CYCLES,BACKEND,SUB-EVENT,Sub_114:OpId_29512 (cycles)
55842143040,EXECUTE,638,CYCLES,BACKEND,SUB-EVENT,Add_212:OpId_29514 (cycles)
55842143040,EXECUTE,408,CYCLES,BACKEND,SUB-EVENT,Sub_115:OpId_29516 (cycles)
55842143040,EXECUTE,396,CYCLES,BACKEND,SUB-EVENT,Add_214:OpId_29518 (cycles)
55842143040,EXECUTE,398,CYCLES,BACKEND,SUB-EVENT,Sub_116:OpId_29520 (cycles)
55842143040,EXECUTE,575,CYCLES,BACKEND,SUB-EVENT,Add_216:OpId_29522 (cycles)
55842143040,EXECUTE,444,CYCLES,BACKEND,SUB-EVENT,Sub_117:OpId_29524 (cycles)
55842143040,EXECUTE,506,CYCLES,BACKEND,SUB-EVENT,Add_218:OpId_29526 (cycles)
55842143040,EXECUTE,469,CYCLES,BACKEND,SUB-EVENT,Sub_118:OpId_29528 (cycles)
55842143040,EXECUTE,616,CYCLES,BACKEND,SUB-EVENT,Add_220:OpId_29530 (cycles)
55842143040,EXECUTE,514,CYCLES,BACKEND,SUB-EVENT,Sub_119:OpId_29532 (cycles)
55842143040,EXECUTE,479,CYCLES,BACKEND,SUB-EVENT,Add_222:OpId_29534 (cycles)
55842143040,EXECUTE,550,CYCLES,BACKEND,SUB-EVENT,Sub_120:OpId_29536 (cycles)
55842143040,EXECUTE,435,CYCLES,BACKEND,SUB-EVENT,Add_224:OpId_29538 (cycles)
55842143040,EXECUTE,489,CYCLES,BACKEND,SUB-EVENT,Sub_121:OpId_29540 (cycles)
55842143040,EXECUTE,450,CYCLES,BACKEND,SUB-EVENT,Add_226:OpId_29542 (cycles)
55842143040,EXECUTE,572,CYCLES,BACKEND,SUB-EVENT,Sub_122:OpId_29544 (cycles)
55842143040,EXECUTE,451,CYCLES,BACKEND,SUB-EVENT,Add_228:OpId_29546 (cycles)
55842143040,EXECUTE,564,CYCLES,BACKEND,SUB-EVENT,Sub_123:OpId_29548 (cycles)
55842143040,EXECUTE,708,CYCLES,BACKEND,SUB-EVENT,Add_230:OpId_29550 (cycles)
55842143040,EXECUTE,629,CYCLES,BACKEND,SUB-EVENT,Sub_124:OpId_29552 (cycles)
55842143040,EXECUTE,520,CYCLES,BACKEND,SUB-EVENT,Add_232:OpId_29554 (cycles)
55842143040,EXECUTE,631,CYCLES,BACKEND,SUB-EVENT,Sub_125:OpId_29556 (cycles)
55842143040,EXECUTE,521,CYCLES,BACKEND,SUB-EVENT,Add_234:OpId_29558 (cycles)
55842143040,EXECUTE,618,CYCLES,BACKEND,SUB-EVENT,Sub_126:OpId_29560 (cycles)
55842143040,EXECUTE,519,CYCLES,BACKEND,SUB-EVENT,Add_236:OpId_29562 (cycles)
55842143040,EXECUTE,473,CYCLES,BACKEND,SUB-EVENT,Sub_127:OpId_29564 (cycles)
55842143040,EXECUTE,489,CYCLES,BACKEND,SUB-EVENT,Add_238:OpId_29566 (cycles)
55842143040,EXECUTE,1531,CYCLES,BACKEND,SUB-EVENT,Concat_161:OpId_29568 (cycles)
55842143040,EXECUTE,1154,CYCLES,BACKEND,SUB-EVENT,Concat_162:OpId_29570 (cycles)
55842143040,EXECUTE,0,CYCLES,BACKEND,SUB-EVENT,Concat_167:OpId_29572 (cycles)
55842143040,EXECUTE,0,CYCLES,BACKEND,SUB-EVENT,Concat_168:OpId_29574 (cycles)
55842143040,EXECUTE,0,CYCLES,BACKEND,SUB-EVENT,Concat_169:OpId_29576 (cycles)
55842143040,EXECUTE,0,CYCLES,BACKEND,SUB-EVENT,Concat_170:OpId_29578 (cycles)
55842143040,EXECUTE,0,CYCLES,BACKEND,SUB-EVENT,Concat_171:OpId_29580 (cycles)
55842143040,EXECUTE,0,CYCLES,BACKEND,SUB-EVENT,Concat_172:OpId_29582 (cycles)
55842143040,EXECUTE,0,CYCLES,BACKEND,SUB-EVENT,Concat_173:OpId_29584 (cycles)
55842143040,EXECUTE,0,CYCLES,BACKEND,SUB-EVENT,Concat_174:OpId_29586 (cycles)
55842143040,EXECUTE,0,CYCLES,BACKEND,SUB-EVENT,Concat_175:OpId_29588 (cycles)
55842143040,EXECUTE,0,CYCLES,BACKEND,SUB-EVENT,Concat_176:OpId_29590 (cycles)
55842143040,EXECUTE,0,CYCLES,BACKEND,SUB-EVENT,Concat_177:OpId_29592 (cycles)
55842143040,EXECUTE,0,CYCLES,BACKEND,SUB-EVENT,Concat_178:OpId_29594 (cycles)
55842143040,EXECUTE,0,CYCLES,BACKEND,SUB-EVENT,Concat_179:OpId_29596 (cycles)
55842143040,EXECUTE,0,CYCLES,BACKEND,SUB-EVENT,Concat_180:OpId_29598 (cycles)
55842143040,EXECUTE,0,CYCLES,BACKEND,SUB-EVENT,attn_7_head_0_key_Transpose_0:OpId_29601 (cycles)
55842143040,EXECUTE,0,CYCLES,BACKEND,SUB-EVENT,attn_7_head_1_key_Transpose_0:OpId_29603 (cycles)
55842143040,EXECUTE,0,CYCLES,BACKEND,SUB-EVENT,Concat_163:OpId_29604 (cycles)
55842143040,EXECUTE,0,CYCLES,BACKEND,SUB-EVENT,Concat_165:OpId_29606 (cycles)
55842143040,EXECUTE,0,CYCLES,BACKEND,SUB-EVENT,Concat_181:OpId_29608 (cycles)
55842143040,EXECUTE,136481,CYCLES,BACKEND,SUB-EVENT,attn_7_head_0_qk_MatMul_0:OpId_29610 (cycles)
55842143040,EXECUTE,7356,CYCLES,BACKEND,SUB-EVENT,attn_7_head_1_qk_MatMul_0:OpId_29614 (cycles)
55842143040,EXECUTE,6868,CYCLES,BACKEND,SUB-EVENT,attn_7_head_2_qk_MatMul_0:OpId_29618 (cycles)
55842143040,EXECUTE,7399,CYCLES,BACKEND,SUB-EVENT,attn_7_head_3_qk_MatMul_0:OpId_29622 (cycles)
55842143040,EXECUTE,7160,CYCLES,BACKEND,SUB-EVENT,attn_7_head_4_qk_MatMul_0:OpId_29626 (cycles)
55842143040,EXECUTE,7078,CYCLES,BACKEND,SUB-EVENT,attn_7_head_5_qk_MatMul_0:OpId_29630 (cycles)
55842143040,EXECUTE,7821,CYCLES,BACKEND,SUB-EVENT,attn_7_head_6_qk_MatMul_0:OpId_29634 (cycles)
55842143040,EXECUTE,124828,CYCLES,BACKEND,SUB-EVENT,attn_7_head_7_qk_MatMul_0:OpId_29638 (cycles)
55842143040,EXECUTE,7202,CYCLES,BACKEND,SUB-EVENT,attn_7_head_8_qk_MatMul_0:OpId_29642 (cycles)
55842143040,EXECUTE,8143,CYCLES,BACKEND,SUB-EVENT,attn_7_head_9_qk_MatMul_0:OpId_29646 (cycles)
55842143040,EXECUTE,7426,CYCLES,BACKEND,SUB-EVENT,attn_7_head_10_qk_MatMul_0:OpId_29650 (cycles)
55842143040,EXECUTE,7463,CYCLES,BACKEND,SUB-EVENT,attn_7_head_11_qk_MatMul_0:OpId_29654 (cycles)
55842143040,EXECUTE,6487,CYCLES,BACKEND,SUB-EVENT,attn_7_head_12_qk_MatMul_0:OpId_29658 (cycles)
55842143040,EXECUTE,6652,CYCLES,BACKEND,SUB-EVENT,attn_7_head_13_qk_MatMul_0:OpId_29662 (cycles)
55842143040,EXECUTE,16782,CYCLES,BACKEND,SUB-EVENT,Add_213:OpId_29666 (cycles)
55842143040,EXECUTE,16187,CYCLES,BACKEND,SUB-EVENT,Add_215:OpId_29668 (cycles)
55842143040,EXECUTE,17328,CYCLES,BACKEND,SUB-EVENT,Add_217:OpId_29670 (cycles)
55842143040,EXECUTE,16543,CYCLES,BACKEND,SUB-EVENT,Add_219:OpId_29672 (cycles)
55842143040,EXECUTE,17041,CYCLES,BACKEND,SUB-EVENT,Add_221:OpId_29674 (cycles)
55842143040,EXECUTE,17098,CYCLES,BACKEND,SUB-EVENT,Add_223:OpId_29676 (cycles)
55842143040,EXECUTE,16337,CYCLES,BACKEND,SUB-EVENT,Add_225:OpId_29678 (cycles)
55842143040,EXECUTE,16847,CYCLES,BACKEND,SUB-EVENT,Add_227:OpId_29680 (cycles)
55842143040,EXECUTE,16083,CYCLES,BACKEND,SUB-EVENT,Add_229:OpId_29682 (cycles)
55842143040,EXECUTE,18391,CYCLES,BACKEND,SUB-EVENT,Add_231:OpId_29684 (cycles)
55842143040,EXECUTE,17193,CYCLES,BACKEND,SUB-EVENT,Add_233:OpId_29686 (cycles)
55842143040,EXECUTE,19618,CYCLES,BACKEND,SUB-EVENT,Add_235:OpId_29688 (cycles)
55842143040,EXECUTE,19559,CYCLES,BACKEND,SUB-EVENT,Add_237:OpId_29690 (cycles)
55842143040,EXECUTE,17316,CYCLES,BACKEND,SUB-EVENT,Add_239:OpId_29692 (cycles)
55842143040,EXECUTE,10831,CYCLES,BACKEND,SUB-EVENT,attn_7_head_0_Softmax_0:OpId_29694 (cycles)
55842143040,EXECUTE,13517,CYCLES,BACKEND,SUB-EVENT,attn_7_head_1_Softmax_0:OpId_29697 (cycles)
55842143040,EXECUTE,10494,CYCLES,BACKEND,SUB-EVENT,attn_7_head_2_Softmax_0:OpId_29700 (cycles)
55842143040,EXECUTE,14141,CYCLES,BACKEND,SUB-EVENT,attn_7_head_3_Softmax_0:OpId_29703 (cycles)
55842143040,EXECUTE,12041,CYCLES,BACKEND,SUB-EVENT,attn_7_head_4_Softmax_0:OpId_29706 (cycles)
55842143040,EXECUTE,11556,CYCLES,BACKEND,SUB-EVENT,attn_7_head_5_Softmax_0:OpId_29709 (cycles)
55842143040,EXECUTE,9958,CYCLES,BACKEND,SUB-EVENT,attn_7_head_6_Softmax_0:OpId_29712 (cycles)
55842143040,EXECUTE,13621,CYCLES,BACKEND,SUB-EVENT,attn_7_head_7_Softmax_0:OpId_29715 (cycles)
55842143040,EXECUTE,13407,CYCLES,BACKEND,SUB-EVENT,attn_7_head_8_Softmax_0:OpId_29718 (cycles)
55842143040,EXECUTE,11200,CYCLES,BACKEND,SUB-EVENT,attn_7_head_9_Softmax_0:OpId_29721 (cycles)
55842143040,EXECUTE,11815,CYCLES,BACKEND,SUB-EVENT,attn_7_head_10_Softmax_0:OpId_29724 (cycles)
55842143040,EXECUTE,11793,CYCLES,BACKEND,SUB-EVENT,attn_7_head_11_Softmax_0:OpId_29727 (cycles)
55842143040,EXECUTE,10373,CYCLES,BACKEND,SUB-EVENT,attn_7_head_12_Softmax_0:OpId_29730 (cycles)
55842143040,EXECUTE,9858,CYCLES,BACKEND,SUB-EVENT,attn_7_head_13_Softmax_0:OpId_29733 (cycles)
55842143040,EXECUTE,40144,CYCLES,BACKEND,SUB-EVENT,attn_7_head_0_qkv_MatMul_0:OpId_29736 (cycles)
55842143040,EXECUTE,1411,CYCLES,BACKEND,SUB-EVENT,attn_7_head_1_qkv_MatMul_0:OpId_29740 (cycles)
55842143040,EXECUTE,1380,CYCLES,BACKEND,SUB-EVENT,attn_7_head_2_qkv_MatMul_0:OpId_29744 (cycles)
55842143040,EXECUTE,1404,CYCLES,BACKEND,SUB-EVENT,attn_7_head_3_qkv_MatMul_0:OpId_29748 (cycles)
55842143040,EXECUTE,1156,CYCLES,BACKEND,SUB-EVENT,attn_7_head_4_qkv_MatMul_0:OpId_29752 (cycles)
55842143040,EXECUTE,1383,CYCLES,BACKEND,SUB-EVENT,attn_7_head_5_qkv_MatMul_0:OpId_29756 (cycles)
55842143040,EXECUTE,1406,CYCLES,BACKEND,SUB-EVENT,attn_7_head_6_qkv_MatMul_0:OpId_29760 (cycles)
55842143040,EXECUTE,43959,CYCLES,BACKEND,SUB-EVENT,attn_7_head_7_qkv_MatMul_0:OpId_29764 (cycles)
55842143040,EXECUTE,1458,CYCLES,BACKEND,SUB-EVENT,attn_7_head_8_qkv_MatMul_0:OpId_29768 (cycles)
55842143040,EXECUTE,1355,CYCLES,BACKEND,SUB-EVENT,attn_7_head_9_qkv_MatMul_0:OpId_29772 (cycles)
55842143040,EXECUTE,1335,CYCLES,BACKEND,SUB-EVENT,attn_7_head_10_qkv_MatMul_0:OpId_29776 (cycles)
55842143040,EXECUTE,1286,CYCLES,BACKEND,SUB-EVENT,attn_7_head_11_qkv_MatMul_0:OpId_29780 (cycles)
55842143040,EXECUTE,1426,CYCLES,BACKEND,SUB-EVENT,attn_7_head_12_qkv_MatMul_0:OpId_29784 (cycles)
55842143040,EXECUTE,1143,CYCLES,BACKEND,SUB-EVENT,attn_7_head_13_qkv_MatMul_0:OpId_29788 (cycles)
55842143040,EXECUTE,0,CYCLES,BACKEND,SUB-EVENT,Concat_183:OpId_29792 (cycles)
55842143040,EXECUTE,0,CYCLES,BACKEND,SUB-EVENT,Reshape_9:OpId_29794 (cycles)
55842143040,EXECUTE,0,CYCLES,BACKEND,SUB-EVENT,model_layers_7_self_attn_Transpose_6:OpId_29796 (cycles)
55842143040,EXECUTE,15137,CYCLES,BACKEND,SUB-EVENT,model_layers_7_self_attn_o_proj_conv_Conv:OpId_29804 (cycles)
55842143040,EXECUTE,320,CYCLES,BACKEND,SUB-EVENT,/model_layers_7_self_attn_o_proj_conv_Conv/Conv_output_0.nchw:OpId_29808 (cycles)
55842143040,EXECUTE,0,CYCLES,BACKEND,SUB-EVENT,model_layers_7_self_attn_Reshape_9:OpId_29809 (cycles)
55842143040,EXECUTE,3324,CYCLES,BACKEND,SUB-EVENT,model_layers_7_Add:OpId_29810 (cycles)
55842143040,EXECUTE,7003,CYCLES,BACKEND,SUB-EVENT,rms_norm_28:OpId_29815 (cycles)
55842143040,EXECUTE,0,CYCLES,BACKEND,SUB-EVENT,model_layers_7_mlp_Reshape:OpId_29818 (cycles)
55842143040,EXECUTE,0,CYCLES,BACKEND,SUB-EVENT,model_layers_7_mlp_Transpose:OpId_29820 (cycles)
55842143040,EXECUTE,61963,CYCLES,BACKEND,SUB-EVENT,model_layers_7_mlp_gate_proj_conv_Conv:OpId_29828 (cycles)
55842143040,EXECUTE,58497,CYCLES,BACKEND,SUB-EVENT,model_layers_7_mlp_up_proj_conv_Conv:OpId_29838 (cycles)
55842143040,EXECUTE,0,CYCLES,BACKEND,SUB-EVENT,model_layers_7_mlp_act_fn_Sigmoid:OpId_29841 (cycles)
55842143040,EXECUTE,35197,CYCLES,BACKEND,SUB-EVENT,model_layers_7_mlp_act_fn_Mul:OpId_29848 (cycles)
55842143040,EXECUTE,14906,CYCLES,BACKEND,SUB-EVENT,model_layers_7_mlp_Mul:OpId_29850 (cycles)
55842143040,EXECUTE,32420,CYCLES,BACKEND,SUB-EVENT,model_layers_7_mlp_down_proj_conv_Conv:OpId_29859 (cycles)
55842143040,EXECUTE,304,CYCLES,BACKEND,SUB-EVENT,/model_layers_7_mlp_down_proj_conv_Conv/Conv_output_0.nchw:OpId_29863 (cycles)
55842143040,EXECUTE,0,CYCLES,BACKEND,SUB-EVENT,model_layers_7_mlp_Reshape_1:OpId_29864 (cycles)
55842143040,EXECUTE,3427,CYCLES,BACKEND,SUB-EVENT,model_layers_7_Add_1:OpId_29865 (cycles)
55842143040,EXECUTE,6325,CYCLES,BACKEND,SUB-EVENT,rms_norm_30:OpId_29870 (cycles)
55842143040,EXECUTE,0,CYCLES,BACKEND,SUB-EVENT,model_layers_8_self_attn_Reshape:OpId_29873 (cycles)
55842143040,EXECUTE,0,CYCLES,BACKEND,SUB-EVENT,model_layers_8_self_attn_Transpose:OpId_29875 (cycles)
55842143040,EXECUTE,577,CYCLES,BACKEND,SUB-EVENT,attn_8_head_0_key_Conv:OpId_29883 (cycles)
55842143040,EXECUTE,640,CYCLES,BACKEND,SUB-EVENT,attn_8_head_0_value_Conv:OpId_29893 (cycles)
55842143040,EXECUTE,898,CYCLES,BACKEND,SUB-EVENT,attn_8_head_0_value_Transpose/output_converted_UFIXED_POINT_8:OpId_29896 (cycles)
55842143040,EXECUTE,718,CYCLES,BACKEND,SUB-EVENT,attn_8_head_1_key_Conv:OpId_29906 (cycles)
55842143040,EXECUTE,929,CYCLES,BACKEND,SUB-EVENT,attn_8_head_1_value_Conv:OpId_29916 (cycles)
55842143040,EXECUTE,475,CYCLES,BACKEND,SUB-EVENT,attn_8_head_1_value_Transpose/output_converted_UFIXED_POINT_8:OpId_29919 (cycles)
55842143040,EXECUTE,841,CYCLES,BACKEND,SUB-EVENT,attn_8_head_0_query_Conv:OpId_29929 (cycles)
55842143040,EXECUTE,633,CYCLES,BACKEND,SUB-EVENT,attn_8_head_1_query_Conv:OpId_29939 (cycles)
55842143040,EXECUTE,724,CYCLES,BACKEND,SUB-EVENT,attn_8_head_2_query_Conv:OpId_29949 (cycles)
55842143040,EXECUTE,787,CYCLES,BACKEND,SUB-EVENT,attn_8_head_3_query_Conv:OpId_29959 (cycles)
55842143040,EXECUTE,739,CYCLES,BACKEND,SUB-EVENT,attn_8_head_4_query_Conv:OpId_29969 (cycles)
55842143040,EXECUTE,761,CYCLES,BACKEND,SUB-EVENT,attn_8_head_5_query_Conv:OpId_29979 (cycles)
55842143040,EXECUTE,736,CYCLES,BACKEND,SUB-EVENT,attn_8_head_6_query_Conv:OpId_29989 (cycles)
55842143040,EXECUTE,708,CYCLES,BACKEND,SUB-EVENT,attn_8_head_7_query_Conv:OpId_29999 (cycles)
55842143040,EXECUTE,981,CYCLES,BACKEND,SUB-EVENT,attn_8_head_8_query_Conv:OpId_30009 (cycles)
55842143040,EXECUTE,677,CYCLES,BACKEND,SUB-EVENT,attn_8_head_9_query_Conv:OpId_30019 (cycles)
55842143040,EXECUTE,765,CYCLES,BACKEND,SUB-EVENT,attn_8_head_10_query_Conv:OpId_30029 (cycles)
55842143040,EXECUTE,1055,CYCLES,BACKEND,SUB-EVENT,attn_8_head_11_query_Conv:OpId_30039 (cycles)
55842143040,EXECUTE,876,CYCLES,BACKEND,SUB-EVENT,attn_8_head_12_query_Conv:OpId_30049 (cycles)
55842143040,EXECUTE,766,CYCLES,BACKEND,SUB-EVENT,attn_8_head_13_query_Conv:OpId_30059 (cycles)
55842143040,EXECUTE,544,CYCLES,BACKEND,SUB-EVENT,Slice_288:OpId_30063 (cycles)
55842143040,EXECUTE,254,CYCLES,BACKEND,SUB-EVENT,Slice_289:OpId_30069 (cycles)
55842143040,EXECUTE,292,CYCLES,BACKEND,SUB-EVENT,Slice_290:OpId_30075 (cycles)
55842143040,EXECUTE,390,CYCLES,BACKEND,SUB-EVENT,Slice_291:OpId_30081 (cycles)
55842143040,EXECUTE,0,CYCLES,BACKEND,SUB-EVENT,Concat_205:OpId_30086 (cycles)
55842143040,EXECUTE,230,CYCLES,BACKEND,SUB-EVENT,Slice_296:OpId_30089 (cycles)
55842143040,EXECUTE,152,CYCLES,BACKEND,SUB-EVENT,Slice_297:OpId_30095 (cycles)
55842143040,EXECUTE,186,CYCLES,BACKEND,SUB-EVENT,Slice_298:OpId_30101 (cycles)
55842143040,EXECUTE,160,CYCLES,BACKEND,SUB-EVENT,Slice_299:OpId_30107 (cycles)
55842143040,EXECUTE,190,CYCLES,BACKEND,SUB-EVENT,Slice_300:OpId_30113 (cycles)
55842143040,EXECUTE,174,CYCLES,BACKEND,SUB-EVENT,Slice_301:OpId_30119 (cycles)
55842143040,EXECUTE,229,CYCLES,BACKEND,SUB-EVENT,Slice_302:OpId_30125 (cycles)
55842143040,EXECUTE,179,CYCLES,BACKEND,SUB-EVENT,Slice_303:OpId_30131 (cycles)
55842143040,EXECUTE,240,CYCLES,BACKEND,SUB-EVENT,Slice_304:OpId_30137 (cycles)
55842143040,EXECUTE,188,CYCLES,BACKEND,SUB-EVENT,Slice_305:OpId_30143 (cycles)
55842143040,EXECUTE,250,CYCLES,BACKEND,SUB-EVENT,Slice_306:OpId_30149 (cycles)
55842143040,EXECUTE,179,CYCLES,BACKEND,SUB-EVENT,Slice_307:OpId_30155 (cycles)
55842143040,EXECUTE,184,CYCLES,BACKEND,SUB-EVENT,Slice_308:OpId_30161 (cycles)
55842143040,EXECUTE,224,CYCLES,BACKEND,SUB-EVENT,Slice_309:OpId_30167 (cycles)
55842143040,EXECUTE,204,CYCLES,BACKEND,SUB-EVENT,Slice_310:OpId_30173 (cycles)
55842143040,EXECUTE,136,CYCLES,BACKEND,SUB-EVENT,Slice_311:OpId_30179 (cycles)
55842143040,EXECUTE,497,CYCLES,BACKEND,SUB-EVENT,Slice_312:OpId_30185 (cycles)
55842143040,EXECUTE,229,CYCLES,BACKEND,SUB-EVENT,Slice_313:OpId_30191 (cycles)
55842143040,EXECUTE,256,CYCLES,BACKEND,SUB-EVENT,Slice_314:OpId_30197 (cycles)
55842143040,EXECUTE,202,CYCLES,BACKEND,SUB-EVENT,Slice_315:OpId_30203 (cycles)
55842143040,EXECUTE,437,CYCLES,BACKEND,SUB-EVENT,Slice_316:OpId_30209 (cycles)
55842143040,EXECUTE,359,CYCLES,BACKEND,SUB-EVENT,Slice_317:OpId_30215 (cycles)
55842143040,EXECUTE,174,CYCLES,BACKEND,SUB-EVENT,Slice_318:OpId_30221 (cycles)
55842143040,EXECUTE,150,CYCLES,BACKEND,SUB-EVENT,Slice_319:OpId_30227 (cycles)
55842143040,EXECUTE,214,CYCLES,BACKEND,SUB-EVENT,Slice_320:OpId_30233 (cycles)
55842143040,EXECUTE,150,CYCLES,BACKEND,SUB-EVENT,Slice_321:OpId_30239 (cycles)
55842143040,EXECUTE,197,CYCLES,BACKEND,SUB-EVENT,Slice_322:OpId_30245 (cycles)
55842143040,EXECUTE,123,CYCLES,BACKEND,SUB-EVENT,Slice_323:OpId_30251 (cycles)
55842143040,EXECUTE,7434,CYCLES,BACKEND,SUB-EVENT,Concat_187:OpId_30256 (cycles)
55842143040,EXECUTE,6431,CYCLES,BACKEND,SUB-EVENT,Concat_189:OpId_30258 (cycles)
55842143040,EXECUTE,555,CYCLES,BACKEND,SUB-EVENT,Mul_512:OpId_30260 (cycles)
55842143040,EXECUTE,476,CYCLES,BACKEND,SUB-EVENT,Mul_514:OpId_30262 (cycles)
55842143040,EXECUTE,634,CYCLES,BACKEND,SUB-EVENT,Mul_513:OpId_30264 (cycles)
55842143040,EXECUTE,615,CYCLES,BACKEND,SUB-EVENT,Mul_515:OpId_30266 (cycles)
55842143040,EXECUTE,218,CYCLES,BACKEND,SUB-EVENT,Mul_516:OpId_30268 (cycles)
55842143040,EXECUTE,147,CYCLES,BACKEND,SUB-EVENT,Mul_518:OpId_30270 (cycles)
55842143040,EXECUTE,187,CYCLES,BACKEND,SUB-EVENT,Mul_517:OpId_30272 (cycles)
55842143040,EXECUTE,216,CYCLES,BACKEND,SUB-EVENT,Mul_519:OpId_30274 (cycles)
55842143040,EXECUTE,546,CYCLES,BACKEND,SUB-EVENT,Mul_520:OpId_30276 (cycles)
55842143040,EXECUTE,450,CYCLES,BACKEND,SUB-EVENT,Mul_522:OpId_30278 (cycles)
55842143040,EXECUTE,498,CYCLES,BACKEND,SUB-EVENT,Mul_521:OpId_30280 (cycles)
55842143040,EXECUTE,306,CYCLES,BACKEND,SUB-EVENT,Mul_523:OpId_30282 (cycles)
55842143040,EXECUTE,243,CYCLES,BACKEND,SUB-EVENT,Mul_524:OpId_30284 (cycles)
55842143040,EXECUTE,174,CYCLES,BACKEND,SUB-EVENT,Mul_526:OpId_30286 (cycles)
55842143040,EXECUTE,167,CYCLES,BACKEND,SUB-EVENT,Mul_525:OpId_30288 (cycles)
55842143040,EXECUTE,143,CYCLES,BACKEND,SUB-EVENT,Mul_527:OpId_30290 (cycles)
55842143040,EXECUTE,192,CYCLES,BACKEND,SUB-EVENT,Mul_528:OpId_30292 (cycles)
55842143040,EXECUTE,217,CYCLES,BACKEND,SUB-EVENT,Mul_530:OpId_30294 (cycles)
55842143040,EXECUTE,200,CYCLES,BACKEND,SUB-EVENT,Mul_529:OpId_30296 (cycles)
55842143040,EXECUTE,142,CYCLES,BACKEND,SUB-EVENT,Mul_531:OpId_30298 (cycles)
55842143040,EXECUTE,167,CYCLES,BACKEND,SUB-EVENT,Mul_532:OpId_30300 (cycles)
55842143040,EXECUTE,173,CYCLES,BACKEND,SUB-EVENT,Mul_534:OpId_30302 (cycles)
55842143040,EXECUTE,148,CYCLES,BACKEND,SUB-EVENT,Mul_533:OpId_30304 (cycles)
55842143040,EXECUTE,190,CYCLES,BACKEND,SUB-EVENT,Mul_535:OpId_30306 (cycles)
55842143040,EXECUTE,260,CYCLES,BACKEND,SUB-EVENT,Mul_536:OpId_30308 (cycles)
55842143040,EXECUTE,171,CYCLES,BACKEND,SUB-EVENT,Mul_538:OpId_30310 (cycles)
55842143040,EXECUTE,214,CYCLES,BACKEND,SUB-EVENT,Mul_537:OpId_30312 (cycles)
55842143040,EXECUTE,179,CYCLES,BACKEND,SUB-EVENT,Mul_539:OpId_30314 (cycles)
55842143040,EXECUTE,177,CYCLES,BACKEND,SUB-EVENT,Mul_540:OpId_30316 (cycles)
55842143040,EXECUTE,139,CYCLES,BACKEND,SUB-EVENT,Mul_542:OpId_30318 (cycles)
55842143040,EXECUTE,147,CYCLES,BACKEND,SUB-EVENT,Mul_541:OpId_30320 (cycles)
55842143040,EXECUTE,166,CYCLES,BACKEND,SUB-EVENT,Mul_543:OpId_30322 (cycles)
55842143040,EXECUTE,181,CYCLES,BACKEND,SUB-EVENT,Mul_544:OpId_30324 (cycles)
55842143040,EXECUTE,134,CYCLES,BACKEND,SUB-EVENT,Mul_546:OpId_30326 (cycles)
55842143040,EXECUTE,167,CYCLES,BACKEND,SUB-EVENT,Mul_545:OpId_30328 (cycles)
55842143040,EXECUTE,122,CYCLES,BACKEND,SUB-EVENT,Mul_547:OpId_30330 (cycles)
55842143040,EXECUTE,188,CYCLES,BACKEND,SUB-EVENT,Mul_548:OpId_30332 (cycles)
55842143040,EXECUTE,119,CYCLES,BACKEND,SUB-EVENT,Mul_550:OpId_30334 (cycles)
55842143040,EXECUTE,148,CYCLES,BACKEND,SUB-EVENT,Mul_549:OpId_30336 (cycles)
55842143040,EXECUTE,140,CYCLES,BACKEND,SUB-EVENT,Mul_551:OpId_30338 (cycles)
55842143040,EXECUTE,211,CYCLES,BACKEND,SUB-EVENT,Mul_552:OpId_30340 (cycles)
55842143040,EXECUTE,182,CYCLES,BACKEND,SUB-EVENT,Mul_554:OpId_30342 (cycles)
55842143040,EXECUTE,182,CYCLES,BACKEND,SUB-EVENT,Mul_553:OpId_30344 (cycles)
55842143040,EXECUTE,168,CYCLES,BACKEND,SUB-EVENT,Mul_555:OpId_30346 (cycles)
55842143040,EXECUTE,284,CYCLES,BACKEND,SUB-EVENT,Mul_556:OpId_30348 (cycles)
55842143040,EXECUTE,146,CYCLES,BACKEND,SUB-EVENT,Mul_558:OpId_30350 (cycles)
55842143040,EXECUTE,263,CYCLES,BACKEND,SUB-EVENT,Mul_557:OpId_30352 (cycles)
55842143040,EXECUTE,176,CYCLES,BACKEND,SUB-EVENT,Mul_559:OpId_30354 (cycles)
55842143040,EXECUTE,205,CYCLES,BACKEND,SUB-EVENT,Mul_560:OpId_30356 (cycles)
55842143040,EXECUTE,161,CYCLES,BACKEND,SUB-EVENT,Mul_562:OpId_30358 (cycles)
55842143040,EXECUTE,209,CYCLES,BACKEND,SUB-EVENT,Mul_561:OpId_30360 (cycles)
55842143040,EXECUTE,192,CYCLES,BACKEND,SUB-EVENT,Mul_563:OpId_30362 (cycles)
55842143040,EXECUTE,208,CYCLES,BACKEND,SUB-EVENT,Mul_564:OpId_30364 (cycles)
55842143040,EXECUTE,166,CYCLES,BACKEND,SUB-EVENT,Mul_566:OpId_30366 (cycles)
55842143040,EXECUTE,218,CYCLES,BACKEND,SUB-EVENT,Mul_565:OpId_30368 (cycles)
55842143040,EXECUTE,164,CYCLES,BACKEND,SUB-EVENT,Mul_567:OpId_30370 (cycles)
55842143040,EXECUTE,240,CYCLES,BACKEND,SUB-EVENT,Mul_568:OpId_30372 (cycles)
55842143040,EXECUTE,200,CYCLES,BACKEND,SUB-EVENT,Mul_570:OpId_30374 (cycles)
55842143040,EXECUTE,240,CYCLES,BACKEND,SUB-EVENT,Mul_569:OpId_30376 (cycles)
55842143040,EXECUTE,151,CYCLES,BACKEND,SUB-EVENT,Mul_571:OpId_30378 (cycles)
55842143040,EXECUTE,218,CYCLES,BACKEND,SUB-EVENT,Mul_572:OpId_30380 (cycles)
55842143040,EXECUTE,199,CYCLES,BACKEND,SUB-EVENT,Mul_574:OpId_30382 (cycles)
55842143040,EXECUTE,179,CYCLES,BACKEND,SUB-EVENT,Mul_573:OpId_30384 (cycles)
55842143040,EXECUTE,138,CYCLES,BACKEND,SUB-EVENT,Mul_575:OpId_30386 (cycles)
55842143040,EXECUTE,483,CYCLES,BACKEND,SUB-EVENT,Sub_128:OpId_30388 (cycles)
55842143040,EXECUTE,257,CYCLES,BACKEND,SUB-EVENT,Sub_128_converted_UFIXED_POINT_8:OpId_30390 (cycles)
55842143040,EXECUTE,514,CYCLES,BACKEND,SUB-EVENT,Add_240:OpId_30393 (cycles)
55842143040,EXECUTE,191,CYCLES,BACKEND,SUB-EVENT,Add_240_converted_UFIXED_POINT_8:OpId_30395 (cycles)
55842143040,EXECUTE,272,CYCLES,BACKEND,SUB-EVENT,Sub_129:OpId_30398 (cycles)
55842143040,EXECUTE,228,CYCLES,BACKEND,SUB-EVENT,Sub_129_converted_UFIXED_POINT_8:OpId_30400 (cycles)
55842143040,EXECUTE,229,CYCLES,BACKEND,SUB-EVENT,Add_241:OpId_30403 (cycles)
55842143040,EXECUTE,200,CYCLES,BACKEND,SUB-EVENT,Add_241_converted_UFIXED_POINT_8:OpId_30405 (cycles)
55842143040,EXECUTE,638,CYCLES,BACKEND,SUB-EVENT,Sub_130:OpId_30408 (cycles)
55842143040,EXECUTE,573,CYCLES,BACKEND,SUB-EVENT,Add_242:OpId_30410 (cycles)
55842143040,EXECUTE,388,CYCLES,BACKEND,SUB-EVENT,Sub_131:OpId_30412 (cycles)
55842143040,EXECUTE,445,CYCLES,BACKEND,SUB-EVENT,Add_244:OpId_30414 (cycles)
55842143040,EXECUTE,631,CYCLES,BACKEND,SUB-EVENT,Sub_132:OpId_30416 (cycles)
55842143040,EXECUTE,627,CYCLES,BACKEND,SUB-EVENT,Add_246:OpId_30418 (cycles)
55842143040,EXECUTE,401,CYCLES,BACKEND,SUB-EVENT,Sub_133:OpId_30420 (cycles)
55842143040,EXECUTE,425,CYCLES,BACKEND,SUB-EVENT,Add_248:OpId_30422 (cycles)
55842143040,EXECUTE,468,CYCLES,BACKEND,SUB-EVENT,Sub_134:OpId_30424 (cycles)
55842143040,EXECUTE,512,CYCLES,BACKEND,SUB-EVENT,Add_250:OpId_30426 (cycles)
55842143040,EXECUTE,468,CYCLES,BACKEND,SUB-EVENT,Sub_135:OpId_30428 (cycles)
55842143040,EXECUTE,575,CYCLES,BACKEND,SUB-EVENT,Add_252:OpId_30430 (cycles)
55842143040,EXECUTE,489,CYCLES,BACKEND,SUB-EVENT,Sub_136:OpId_30432 (cycles)
55842143040,EXECUTE,466,CYCLES,BACKEND,SUB-EVENT,Add_254:OpId_30434 (cycles)
55842143040,EXECUTE,523,CYCLES,BACKEND,SUB-EVENT,Sub_137:OpId_30436 (cycles)
55842143040,EXECUTE,495,CYCLES,BACKEND,SUB-EVENT,Add_256:OpId_30438 (cycles)
55842143040,EXECUTE,484,CYCLES,BACKEND,SUB-EVENT,Sub_138:OpId_30440 (cycles)
55842143040,EXECUTE,418,CYCLES,BACKEND,SUB-EVENT,Add_258:OpId_30442 (cycles)
55842143040,EXECUTE,552,CYCLES,BACKEND,SUB-EVENT,Sub_139:OpId_30444 (cycles)
55842143040,EXECUTE,525,CYCLES,BACKEND,SUB-EVENT,Add_260:OpId_30446 (cycles)
55842143040,EXECUTE,439,CYCLES,BACKEND,SUB-EVENT,Sub_140:OpId_30448 (cycles)
55842143040,EXECUTE,412,CYCLES,BACKEND,SUB-EVENT,Add_262:OpId_30450 (cycles)
55842143040,EXECUTE,1028,CYCLES,BACKEND,SUB-EVENT,Sub_141:OpId_30452 (cycles)
55842143040,EXECUTE,1180,CYCLES,BACKEND,SUB-EVENT,Add_264:OpId_30454 (cycles)
55842143040,EXECUTE,526,CYCLES,BACKEND,SUB-EVENT,Sub_142:OpId_30456 (cycles)
55842143040,EXECUTE,458,CYCLES,BACKEND,SUB-EVENT,Add_266:OpId_30458 (cycles)
55842143040,EXECUTE,477,CYCLES,BACKEND,SUB-EVENT,Sub_143:OpId_30460 (cycles)
55842143040,EXECUTE,427,CYCLES,BACKEND,SUB-EVENT,Add_268:OpId_30462 (cycles)
55842143040,EXECUTE,1245,CYCLES,BACKEND,SUB-EVENT,Concat_184:OpId_30464 (cycles)
55842143040,EXECUTE,1021,CYCLES,BACKEND,SUB-EVENT,Concat_185:OpId_30466 (cycles)
55842143040,EXECUTE,0,CYCLES,BACKEND,SUB-EVENT,Concat_190:OpId_30468 (cycles)
55842143040,EXECUTE,0,CYCLES,BACKEND,SUB-EVENT,Concat_191:OpId_30470 (cycles)
55842143040,EXECUTE,0,CYCLES,BACKEND,SUB-EVENT,Concat_192:OpId_30472 (cycles)
55842143040,EXECUTE,0,CYCLES,BACKEND,SUB-EVENT,Concat_193:OpId_30474 (cycles)
55842143040,EXECUTE,0,CYCLES,BACKEND,SUB-EVENT,Concat_194:OpId_30476 (cycles)
55842143040,EXECUTE,0,CYCLES,BACKEND,SUB-EVENT,Concat_195:OpId_30478 (cycles)
55842143040,EXECUTE,0,CYCLES,BACKEND,SUB-EVENT,Concat_196:OpId_30480 (cycles)
55842143040,EXECUTE,0,CYCLES,BACKEND,SUB-EVENT,Concat_197:OpId_30482 (cycles)
55842143040,EXECUTE,0,CYCLES,BACKEND,SUB-EVENT,Concat_198:OpId_30484 (cycles)
55842143040,EXECUTE,0,CYCLES,BACKEND,SUB-EVENT,Concat_199:OpId_30486 (cycles)
55842143040,EXECUTE,0,CYCLES,BACKEND,SUB-EVENT,Concat_200:OpId_30488 (cycles)
55842143040,EXECUTE,0,CYCLES,BACKEND,SUB-EVENT,Concat_201:OpId_30490 (cycles)
55842143040,EXECUTE,0,CYCLES,BACKEND,SUB-EVENT,Concat_202:OpId_30492 (cycles)
55842143040,EXECUTE,0,CYCLES,BACKEND,SUB-EVENT,Concat_203:OpId_30494 (cycles)
55842143040,EXECUTE,0,CYCLES,BACKEND,SUB-EVENT,attn_8_head_0_key_Transpose_0:OpId_30497 (cycles)
55842143040,EXECUTE,0,CYCLES,BACKEND,SUB-EVENT,attn_8_head_1_key_Transpose_0:OpId_30499 (cycles)
55842143040,EXECUTE,0,CYCLES,BACKEND,SUB-EVENT,Concat_186:OpId_30500 (cycles)
55842143040,EXECUTE,0,CYCLES,BACKEND,SUB-EVENT,Concat_188:OpId_30502 (cycles)
55842143040,EXECUTE,0,CYCLES,BACKEND,SUB-EVENT,Concat_204:OpId_30504 (cycles)
55842143040,EXECUTE,124899,CYCLES,BACKEND,SUB-EVENT,attn_8_head_0_qk_MatMul_0:OpId_30506 (cycles)
55842143040,EXECUTE,7463,CYCLES,BACKEND,SUB-EVENT,attn_8_head_1_qk_MatMul_0:OpId_30510 (cycles)
55842143040,EXECUTE,7435,CYCLES,BACKEND,SUB-EVENT,attn_8_head_2_qk_MatMul_0:OpId_30514 (cycles)
55842143040,EXECUTE,7057,CYCLES,BACKEND,SUB-EVENT,attn_8_head_3_qk_MatMul_0:OpId_30518 (cycles)
55842143040,EXECUTE,7912,CYCLES,BACKEND,SUB-EVENT,attn_8_head_4_qk_MatMul_0:OpId_30522 (cycles)
55842143040,EXECUTE,7782,CYCLES,BACKEND,SUB-EVENT,attn_8_head_5_qk_MatMul_0:OpId_30526 (cycles)
55842143040,EXECUTE,7949,CYCLES,BACKEND,SUB-EVENT,attn_8_head_6_qk_MatMul_0:OpId_30530 (cycles)
55842143040,EXECUTE,127182,CYCLES,BACKEND,SUB-EVENT,attn_8_head_7_qk_MatMul_0:OpId_30534 (cycles)
55842143040,EXECUTE,8559,CYCLES,BACKEND,SUB-EVENT,attn_8_head_8_qk_MatMul_0:OpId_30538 (cycles)
55842143040,EXECUTE,9045,CYCLES,BACKEND,SUB-EVENT,attn_8_head_9_qk_MatMul_0:OpId_30542 (cycles)
55842143040,EXECUTE,7341,CYCLES,BACKEND,SUB-EVENT,attn_8_head_10_qk_MatMul_0:OpId_30546 (cycles)
55842143040,EXECUTE,6939,CYCLES,BACKEND,SUB-EVENT,attn_8_head_11_qk_MatMul_0:OpId_30550 (cycles)
55842143040,EXECUTE,7981,CYCLES,BACKEND,SUB-EVENT,attn_8_head_12_qk_MatMul_0:OpId_30554 (cycles)
55842143040,EXECUTE,5798,CYCLES,BACKEND,SUB-EVENT,attn_8_head_13_qk_MatMul_0:OpId_30558 (cycles)
55842143040,EXECUTE,17309,CYCLES,BACKEND,SUB-EVENT,Add_243:OpId_30562 (cycles)
55842143040,EXECUTE,16620,CYCLES,BACKEND,SUB-EVENT,Add_245:OpId_30564 (cycles)
55842143040,EXECUTE,16933,CYCLES,BACKEND,SUB-EVENT,Add_247:OpId_30566 (cycles)
55842143040,EXECUTE,17821,CYCLES,BACKEND,SUB-EVENT,Add_249:OpId_30568 (cycles)
55842143040,EXECUTE,17146,CYCLES,BACKEND,SUB-EVENT,Add_251:OpId_30570 (cycles)
55842143040,EXECUTE,16941,CYCLES,BACKEND,SUB-EVENT,Add_253:OpId_30572 (cycles)
55842143040,EXECUTE,16741,CYCLES,BACKEND,SUB-EVENT,Add_255:OpId_30574 (cycles)
55842143040,EXECUTE,17210,CYCLES,BACKEND,SUB-EVENT,Add_257:OpId_30576 (cycles)
55842143040,EXECUTE,16746,CYCLES,BACKEND,SUB-EVENT,Add_259:OpId_30578 (cycles)
55842143040,EXECUTE,18527,CYCLES,BACKEND,SUB-EVENT,Add_261:OpId_30580 (cycles)
55842143040,EXECUTE,17521,CYCLES,BACKEND,SUB-EVENT,Add_263:OpId_30582 (cycles)
55842143040,EXECUTE,17675,CYCLES,BACKEND,SUB-EVENT,Add_265:OpId_30584 (cycles)
55842143040,EXECUTE,17260,CYCLES,BACKEND,SUB-EVENT,Add_267:OpId_30586 (cycles)
55842143040,EXECUTE,18868,CYCLES,BACKEND,SUB-EVENT,Add_269:OpId_30588 (cycles)
55842143040,EXECUTE,13280,CYCLES,BACKEND,SUB-EVENT,attn_8_head_0_Softmax_0:OpId_30590 (cycles)
55842143040,EXECUTE,10783,CYCLES,BACKEND,SUB-EVENT,attn_8_head_1_Softmax_0:OpId_30593 (cycles)
55842143040,EXECUTE,10431,CYCLES,BACKEND,SUB-EVENT,attn_8_head_2_Softmax_0:OpId_30596 (cycles)
55842143040,EXECUTE,13580,CYCLES,BACKEND,SUB-EVENT,attn_8_head_3_Softmax_0:OpId_30599 (cycles)
55842143040,EXECUTE,11251,CYCLES,BACKEND,SUB-EVENT,attn_8_head_4_Softmax_0:OpId_30602 (cycles)
55842143040,EXECUTE,13668,CYCLES,BACKEND,SUB-EVENT,attn_8_head_5_Softmax_0:OpId_30605 (cycles)
55842143040,EXECUTE,11432,CYCLES,BACKEND,SUB-EVENT,attn_8_head_6_Softmax_0:OpId_30608 (cycles)
55842143040,EXECUTE,11278,CYCLES,BACKEND,SUB-EVENT,attn_8_head_7_Softmax_0:OpId_30611 (cycles)
55842143040,EXECUTE,13182,CYCLES,BACKEND,SUB-EVENT,attn_8_head_8_Softmax_0:OpId_30614 (cycles)
55842143040,EXECUTE,10956,CYCLES,BACKEND,SUB-EVENT,attn_8_head_9_Softmax_0:OpId_30617 (cycles)
55842143040,EXECUTE,10329,CYCLES,BACKEND,SUB-EVENT,attn_8_head_10_Softmax_0:OpId_30620 (cycles)
55842143040,EXECUTE,11470,CYCLES,BACKEND,SUB-EVENT,attn_8_head_11_Softmax_0:OpId_30623 (cycles)
55842143040,EXECUTE,10490,CYCLES,BACKEND,SUB-EVENT,attn_8_head_12_Softmax_0:OpId_30626 (cycles)
55842143040,EXECUTE,11311,CYCLES,BACKEND,SUB-EVENT,attn_8_head_13_Softmax_0:OpId_30629 (cycles)
55842143040,EXECUTE,38070,CYCLES,BACKEND,SUB-EVENT,attn_8_head_0_qkv_MatMul_0:OpId_30632 (cycles)
55842143040,EXECUTE,1418,CYCLES,BACKEND,SUB-EVENT,attn_8_head_1_qkv_MatMul_0:OpId_30636 (cycles)
55842143040,EXECUTE,1435,CYCLES,BACKEND,SUB-EVENT,attn_8_head_2_qkv_MatMul_0:OpId_30640 (cycles)
55842143040,EXECUTE,1436,CYCLES,BACKEND,SUB-EVENT,attn_8_head_3_qkv_MatMul_0:OpId_30644 (cycles)
55842143040,EXECUTE,1229,CYCLES,BACKEND,SUB-EVENT,attn_8_head_4_qkv_MatMul_0:OpId_30648 (cycles)
55842143040,EXECUTE,1212,CYCLES,BACKEND,SUB-EVENT,attn_8_head_5_qkv_MatMul_0:OpId_30652 (cycles)
55842143040,EXECUTE,1351,CYCLES,BACKEND,SUB-EVENT,attn_8_head_6_qkv_MatMul_0:OpId_30656 (cycles)
55842143040,EXECUTE,49299,CYCLES,BACKEND,SUB-EVENT,attn_8_head_7_qkv_MatMul_0:OpId_30660 (cycles)
55842143040,EXECUTE,1400,CYCLES,BACKEND,SUB-EVENT,attn_8_head_8_qkv_MatMul_0:OpId_30664 (cycles)
55842143040,EXECUTE,1249,CYCLES,BACKEND,SUB-EVENT,attn_8_head_9_qkv_MatMul_0:OpId_30668 (cycles)
55842143040,EXECUTE,1376,CYCLES,BACKEND,SUB-EVENT,attn_8_head_10_qkv_MatMul_0:OpId_30672 (cycles)
55842143040,EXECUTE,1232,CYCLES,BACKEND,SUB-EVENT,attn_8_head_11_qkv_MatMul_0:OpId_30676 (cycles)
55842143040,EXECUTE,1217,CYCLES,BACKEND,SUB-EVENT,attn_8_head_12_qkv_MatMul_0:OpId_30680 (cycles)
55842143040,EXECUTE,1154,CYCLES,BACKEND,SUB-EVENT,attn_8_head_13_qkv_MatMul_0:OpId_30684 (cycles)
55842143040,EXECUTE,0,CYCLES,BACKEND,SUB-EVENT,Concat_206:OpId_30688 (cycles)
55842143040,EXECUTE,0,CYCLES,BACKEND,SUB-EVENT,Reshape_10:OpId_30690 (cycles)
55842143040,EXECUTE,0,CYCLES,BACKEND,SUB-EVENT,model_layers_8_self_attn_Transpose_6:OpId_30692 (cycles)
55842143040,EXECUTE,17436,CYCLES,BACKEND,SUB-EVENT,model_layers_8_self_attn_o_proj_conv_Conv:OpId_30700 (cycles)
55842143040,EXECUTE,752,CYCLES,BACKEND,SUB-EVENT,/model_layers_8_self_attn_o_proj_conv_Conv/Conv_output_0.nchw:OpId_30704 (cycles)
55842143040,EXECUTE,0,CYCLES,BACKEND,SUB-EVENT,model_layers_8_self_attn_Reshape_9:OpId_30705 (cycles)
55842143040,EXECUTE,3276,CYCLES,BACKEND,SUB-EVENT,model_layers_8_Add:OpId_30706 (cycles)
55842143040,EXECUTE,8122,CYCLES,BACKEND,SUB-EVENT,rms_norm_32:OpId_30711 (cycles)
55842143040,EXECUTE,0,CYCLES,BACKEND,SUB-EVENT,model_layers_8_mlp_Reshape:OpId_30714 (cycles)
55842143040,EXECUTE,0,CYCLES,BACKEND,SUB-EVENT,model_layers_8_mlp_Transpose:OpId_30716 (cycles)
55842143040,EXECUTE,61975,CYCLES,BACKEND,SUB-EVENT,model_layers_8_mlp_gate_proj_conv_Conv:OpId_30724 (cycles)
55842143040,EXECUTE,58951,CYCLES,BACKEND,SUB-EVENT,model_layers_8_mlp_up_proj_conv_Conv:OpId_30734 (cycles)
55842143040,EXECUTE,0,CYCLES,BACKEND,SUB-EVENT,model_layers_8_mlp_act_fn_Sigmoid:OpId_30737 (cycles)
55842143040,EXECUTE,37128,CYCLES,BACKEND,SUB-EVENT,model_layers_8_mlp_act_fn_Mul:OpId_30744 (cycles)
55842143040,EXECUTE,15358,CYCLES,BACKEND,SUB-EVENT,model_layers_8_mlp_Mul:OpId_30746 (cycles)
55842143040,EXECUTE,30549,CYCLES,BACKEND,SUB-EVENT,model_layers_8_mlp_down_proj_conv_Conv:OpId_30755 (cycles)
55842143040,EXECUTE,610,CYCLES,BACKEND,SUB-EVENT,/model_layers_8_mlp_down_proj_conv_Conv/Conv_output_0.nchw:OpId_30759 (cycles)
55842143040,EXECUTE,0,CYCLES,BACKEND,SUB-EVENT,model_layers_8_mlp_Reshape_1:OpId_30760 (cycles)
55842143040,EXECUTE,3473,CYCLES,BACKEND,SUB-EVENT,model_layers_8_Add_1:OpId_30761 (cycles)
55842143040,EXECUTE,6252,CYCLES,BACKEND,SUB-EVENT,rms_norm_34:OpId_30766 (cycles)
55842143040,EXECUTE,0,CYCLES,BACKEND,SUB-EVENT,model_layers_9_self_attn_Reshape:OpId_30769 (cycles)
55842143040,EXECUTE,0,CYCLES,BACKEND,SUB-EVENT,model_layers_9_self_attn_Transpose:OpId_30771 (cycles)
55842143040,EXECUTE,609,CYCLES,BACKEND,SUB-EVENT,attn_9_head_0_key_Conv:OpId_30779 (cycles)
55842143040,EXECUTE,722,CYCLES,BACKEND,SUB-EVENT,attn_9_head_0_value_Conv:OpId_30789 (cycles)
55842143040,EXECUTE,557,CYCLES,BACKEND,SUB-EVENT,attn_9_head_0_value_Transpose/output_converted_UFIXED_POINT_8:OpId_30792 (cycles)
55842143040,EXECUTE,727,CYCLES,BACKEND,SUB-EVENT,attn_9_head_1_key_Conv:OpId_30802 (cycles)
55842143040,EXECUTE,837,CYCLES,BACKEND,SUB-EVENT,attn_9_head_1_value_Conv:OpId_30812 (cycles)
55842143040,EXECUTE,419,CYCLES,BACKEND,SUB-EVENT,attn_9_head_1_value_Transpose/output_converted_UFIXED_POINT_8:OpId_30815 (cycles)
55842143040,EXECUTE,717,CYCLES,BACKEND,SUB-EVENT,attn_9_head_0_query_Conv:OpId_30825 (cycles)
55842143040,EXECUTE,594,CYCLES,BACKEND,SUB-EVENT,attn_9_head_1_query_Conv:OpId_30835 (cycles)
55842143040,EXECUTE,595,CYCLES,BACKEND,SUB-EVENT,attn_9_head_2_query_Conv:OpId_30845 (cycles)
55842143040,EXECUTE,904,CYCLES,BACKEND,SUB-EVENT,attn_9_head_3_query_Conv:OpId_30855 (cycles)
55842143040,EXECUTE,728,CYCLES,BACKEND,SUB-EVENT,attn_9_head_4_query_Conv:OpId_30865 (cycles)
55842143040,EXECUTE,646,CYCLES,BACKEND,SUB-EVENT,attn_9_head_5_query_Conv:OpId_30875 (cycles)
55842143040,EXECUTE,999,CYCLES,BACKEND,SUB-EVENT,attn_9_head_6_query_Conv:OpId_30885 (cycles)
55842143040,EXECUTE,863,CYCLES,BACKEND,SUB-EVENT,attn_9_head_7_query_Conv:OpId_30895 (cycles)
55842143040,EXECUTE,878,CYCLES,BACKEND,SUB-EVENT,attn_9_head_8_query_Conv:OpId_30905 (cycles)
55842143040,EXECUTE,908,CYCLES,BACKEND,SUB-EVENT,attn_9_head_9_query_Conv:OpId_30915 (cycles)
55842143040,EXECUTE,672,CYCLES,BACKEND,SUB-EVENT,attn_9_head_10_query_Conv:OpId_30925 (cycles)
55842143040,EXECUTE,787,CYCLES,BACKEND,SUB-EVENT,attn_9_head_11_query_Conv:OpId_30935 (cycles)
55842143040,EXECUTE,852,CYCLES,BACKEND,SUB-EVENT,attn_9_head_12_query_Conv:OpId_30945 (cycles)
55842143040,EXECUTE,840,CYCLES,BACKEND,SUB-EVENT,attn_9_head_13_query_Conv:OpId_30955 (cycles)
55842143040,EXECUTE,305,CYCLES,BACKEND,SUB-EVENT,Slice_324:OpId_30959 (cycles)
55842143040,EXECUTE,640,CYCLES,BACKEND,SUB-EVENT,Slice_325:OpId_30965 (cycles)
55842143040,EXECUTE,248,CYCLES,BACKEND,SUB-EVENT,Slice_326:OpId_30971 (cycles)
55842143040,EXECUTE,159,CYCLES,BACKEND,SUB-EVENT,Slice_327:OpId_30977 (cycles)
55842143040,EXECUTE,0,CYCLES,BACKEND,SUB-EVENT,Concat_228:OpId_30982 (cycles)
55842143040,EXECUTE,257,CYCLES,BACKEND,SUB-EVENT,Slice_332:OpId_30985 (cycles)
55842143040,EXECUTE,221,CYCLES,BACKEND,SUB-EVENT,Slice_333:OpId_30991 (cycles)
55842143040,EXECUTE,208,CYCLES,BACKEND,SUB-EVENT,Slice_334:OpId_30997 (cycles)
55842143040,EXECUTE,230,CYCLES,BACKEND,SUB-EVENT,Slice_335:OpId_31003 (cycles)
55842143040,EXECUTE,199,CYCLES,BACKEND,SUB-EVENT,Slice_336:OpId_31009 (cycles)
55842143040,EXECUTE,685,CYCLES,BACKEND,SUB-EVENT,Slice_337:OpId_31015 (cycles)
55842143040,EXECUTE,220,CYCLES,BACKEND,SUB-EVENT,Slice_338:OpId_31021 (cycles)
55842143040,EXECUTE,188,CYCLES,BACKEND,SUB-EVENT,Slice_339:OpId_31027 (cycles)
55842143040,EXECUTE,220,CYCLES,BACKEND,SUB-EVENT,Slice_340:OpId_31033 (cycles)
55842143040,EXECUTE,169,CYCLES,BACKEND,SUB-EVENT,Slice_341:OpId_31039 (cycles)
55842143040,EXECUTE,265,CYCLES,BACKEND,SUB-EVENT,Slice_342:OpId_31045 (cycles)
55842143040,EXECUTE,645,CYCLES,BACKEND,SUB-EVENT,Slice_343:OpId_31051 (cycles)
55842143040,EXECUTE,259,CYCLES,BACKEND,SUB-EVENT,Slice_344:OpId_31057 (cycles)
55842143040,EXECUTE,211,CYCLES,BACKEND,SUB-EVENT,Slice_345:OpId_31063 (cycles)
55842143040,EXECUTE,311,CYCLES,BACKEND,SUB-EVENT,Slice_346:OpId_31069 (cycles)
55842143040,EXECUTE,202,CYCLES,BACKEND,SUB-EVENT,Slice_347:OpId_31075 (cycles)
55842143040,EXECUTE,211,CYCLES,BACKEND,SUB-EVENT,Slice_348:OpId_31081 (cycles)
55842143040,EXECUTE,190,CYCLES,BACKEND,SUB-EVENT,Slice_349:OpId_31087 (cycles)
55842143040,EXECUTE,227,CYCLES,BACKEND,SUB-EVENT,Slice_350:OpId_31093 (cycles)
55842143040,EXECUTE,209,CYCLES,BACKEND,SUB-EVENT,Slice_351:OpId_31099 (cycles)
55842143040,EXECUTE,886,CYCLES,BACKEND,SUB-EVENT,Slice_352:OpId_31105 (cycles)
55842143040,EXECUTE,433,CYCLES,BACKEND,SUB-EVENT,Slice_353:OpId_31111 (cycles)
55842143040,EXECUTE,252,CYCLES,BACKEND,SUB-EVENT,Slice_354:OpId_31117 (cycles)
55842143040,EXECUTE,147,CYCLES,BACKEND,SUB-EVENT,Slice_355:OpId_31123 (cycles)
55842143040,EXECUTE,132,CYCLES,BACKEND,SUB-EVENT,Slice_356:OpId_31129 (cycles)
55842143040,EXECUTE,190,CYCLES,BACKEND,SUB-EVENT,Slice_357:OpId_31135 (cycles)
55842143040,EXECUTE,196,CYCLES,BACKEND,SUB-EVENT,Slice_358:OpId_31141 (cycles)
55842143040,EXECUTE,224,CYCLES,BACKEND,SUB-EVENT,Slice_359:OpId_31147 (cycles)
55842143040,EXECUTE,6763,CYCLES,BACKEND,SUB-EVENT,Concat_210:OpId_31152 (cycles)
55842143040,EXECUTE,7038,CYCLES,BACKEND,SUB-EVENT,Concat_212:OpId_31154 (cycles)
55842143040,EXECUTE,694,CYCLES,BACKEND,SUB-EVENT,Mul_576:OpId_31156 (cycles)
55842143040,EXECUTE,593,CYCLES,BACKEND,SUB-EVENT,Mul_578:OpId_31158 (cycles)
55842143040,EXECUTE,411,CYCLES,BACKEND,SUB-EVENT,Mul_577:OpId_31160 (cycles)
55842143040,EXECUTE,416,CYCLES,BACKEND,SUB-EVENT,Mul_579:OpId_31162 (cycles)
55842143040,EXECUTE,160,CYCLES,BACKEND,SUB-EVENT,Mul_580:OpId_31164 (cycles)
55842143040,EXECUTE,149,CYCLES,BACKEND,SUB-EVENT,Mul_582:OpId_31166 (cycles)
55842143040,EXECUTE,154,CYCLES,BACKEND,SUB-EVENT,Mul_581:OpId_31168 (cycles)
55842143040,EXECUTE,146,CYCLES,BACKEND,SUB-EVENT,Mul_583:OpId_31170 (cycles)
55842143040,EXECUTE,457,CYCLES,BACKEND,SUB-EVENT,Mul_584:OpId_31172 (cycles)
55842143040,EXECUTE,463,CYCLES,BACKEND,SUB-EVENT,Mul_586:OpId_31174 (cycles)
55842143040,EXECUTE,376,CYCLES,BACKEND,SUB-EVENT,Mul_585:OpId_31176 (cycles)
55842143040,EXECUTE,293,CYCLES,BACKEND,SUB-EVENT,Mul_587:OpId_31178 (cycles)
55842143040,EXECUTE,209,CYCLES,BACKEND,SUB-EVENT,Mul_588:OpId_31180 (cycles)
55842143040,EXECUTE,173,CYCLES,BACKEND,SUB-EVENT,Mul_590:OpId_31182 (cycles)
55842143040,EXECUTE,188,CYCLES,BACKEND,SUB-EVENT,Mul_589:OpId_31184 (cycles)
55842143040,EXECUTE,159,CYCLES,BACKEND,SUB-EVENT,Mul_591:OpId_31186 (cycles)
55842143040,EXECUTE,160,CYCLES,BACKEND,SUB-EVENT,Mul_592:OpId_31188 (cycles)
55842143040,EXECUTE,193,CYCLES,BACKEND,SUB-EVENT,Mul_594:OpId_31190 (cycles)
55842143040,EXECUTE,239,CYCLES,BACKEND,SUB-EVENT,Mul_593:OpId_31192 (cycles)
55842143040,EXECUTE,174,CYCLES,BACKEND,SUB-EVENT,Mul_595:OpId_31194 (cycles)
55842143040,EXECUTE,205,CYCLES,BACKEND,SUB-EVENT,Mul_596:OpId_31196 (cycles)
55842143040,EXECUTE,182,CYCLES,BACKEND,SUB-EVENT,Mul_598:OpId_31198 (cycles)
55842143040,EXECUTE,154,CYCLES,BACKEND,SUB-EVENT,Mul_597:OpId_31200 (cycles)
55842143040,EXECUTE,219,CYCLES,BACKEND,SUB-EVENT,Mul_599:OpId_31202 (cycles)
55842143040,EXECUTE,343,CYCLES,BACKEND,SUB-EVENT,Mul_600:OpId_31204 (cycles)
55842143040,EXECUTE,163,CYCLES,BACKEND,SUB-EVENT,Mul_602:OpId_31206 (cycles)
55842143040,EXECUTE,160,CYCLES,BACKEND,SUB-EVENT,Mul_601:OpId_31208 (cycles)
55842143040,EXECUTE,209,CYCLES,BACKEND,SUB-EVENT,Mul_603:OpId_31210 (cycles)
55842143040,EXECUTE,250,CYCLES,BACKEND,SUB-EVENT,Mul_604:OpId_31212 (cycles)
55842143040,EXECUTE,183,CYCLES,BACKEND,SUB-EVENT,Mul_606:OpId_31214 (cycles)
55842143040,EXECUTE,192,CYCLES,BACKEND,SUB-EVENT,Mul_605:OpId_31216 (cycles)
55842143040,EXECUTE,166,CYCLES,BACKEND,SUB-EVENT,Mul_607:OpId_31218 (cycles)
55842143040,EXECUTE,298,CYCLES,BACKEND,SUB-EVENT,Mul_608:OpId_31220 (cycles)
55842143040,EXECUTE,170,CYCLES,BACKEND,SUB-EVENT,Mul_610:OpId_31222 (cycles)
55842143040,EXECUTE,160,CYCLES,BACKEND,SUB-EVENT,Mul_609:OpId_31224 (cycles)
55842143040,EXECUTE,160,CYCLES,BACKEND,SUB-EVENT,Mul_611:OpId_31226 (cycles)
55842143040,EXECUTE,221,CYCLES,BACKEND,SUB-EVENT,Mul_612:OpId_31228 (cycles)
55842143040,EXECUTE,172,CYCLES,BACKEND,SUB-EVENT,Mul_614:OpId_31230 (cycles)
55842143040,EXECUTE,177,CYCLES,BACKEND,SUB-EVENT,Mul_613:OpId_31232 (cycles)
55842143040,EXECUTE,158,CYCLES,BACKEND,SUB-EVENT,Mul_615:OpId_31234 (cycles)
55842143040,EXECUTE,223,CYCLES,BACKEND,SUB-EVENT,Mul_616:OpId_31236 (cycles)
55842143040,EXECUTE,141,CYCLES,BACKEND,SUB-EVENT,Mul_618:OpId_31238 (cycles)
55842143040,EXECUTE,180,CYCLES,BACKEND,SUB-EVENT,Mul_617:OpId_31240 (cycles)
55842143040,EXECUTE,175,CYCLES,BACKEND,SUB-EVENT,Mul_619:OpId_31242 (cycles)
55842143040,EXECUTE,168,CYCLES,BACKEND,SUB-EVENT,Mul_620:OpId_31244 (cycles)
55842143040,EXECUTE,161,CYCLES,BACKEND,SUB-EVENT,Mul_622:OpId_31246 (cycles)
55842143040,EXECUTE,212,CYCLES,BACKEND,SUB-EVENT,Mul_621:OpId_31248 (cycles)
55842143040,EXECUTE,175,CYCLES,BACKEND,SUB-EVENT,Mul_623:OpId_31250 (cycles)
55842143040,EXECUTE,245,CYCLES,BACKEND,SUB-EVENT,Mul_624:OpId_31252 (cycles)
55842143040,EXECUTE,168,CYCLES,BACKEND,SUB-EVENT,Mul_626:OpId_31254 (cycles)
55842143040,EXECUTE,172,CYCLES,BACKEND,SUB-EVENT,Mul_625:OpId_31256 (cycles)
55842143040,EXECUTE,213,CYCLES,BACKEND,SUB-EVENT,Mul_627:OpId_31258 (cycles)
55842143040,EXECUTE,181,CYCLES,BACKEND,SUB-EVENT,Mul_628:OpId_31260 (cycles)
55842143040,EXECUTE,205,CYCLES,BACKEND,SUB-EVENT,Mul_630:OpId_31262 (cycles)
55842143040,EXECUTE,199,CYCLES,BACKEND,SUB-EVENT,Mul_629:OpId_31264 (cycles)
55842143040,EXECUTE,189,CYCLES,BACKEND,SUB-EVENT,Mul_631:OpId_31266 (cycles)
55842143040,EXECUTE,183,CYCLES,BACKEND,SUB-EVENT,Mul_632:OpId_31268 (cycles)
55842143040,EXECUTE,201,CYCLES,BACKEND,SUB-EVENT,Mul_634:OpId_31270 (cycles)
55842143040,EXECUTE,181,CYCLES,BACKEND,SUB-EVENT,Mul_633:OpId_31272 (cycles)
55842143040,EXECUTE,172,CYCLES,BACKEND,SUB-EVENT,Mul_635:OpId_31274 (cycles)
55842143040,EXECUTE,332,CYCLES,BACKEND,SUB-EVENT,Mul_636:OpId_31276 (cycles)
55842143040,EXECUTE,162,CYCLES,BACKEND,SUB-EVENT,Mul_638:OpId_31278 (cycles)
55842143040,EXECUTE,207,CYCLES,BACKEND,SUB-EVENT,Mul_637:OpId_31280 (cycles)
55842143040,EXECUTE,142,CYCLES,BACKEND,SUB-EVENT,Mul_639:OpId_31282 (cycles)
55842143040,EXECUTE,531,CYCLES,BACKEND,SUB-EVENT,Sub_144:OpId_31284 (cycles)
55842143040,EXECUTE,293,CYCLES,BACKEND,SUB-EVENT,Sub_144_converted_UFIXED_POINT_8:OpId_31286 (cycles)
55842143040,EXECUTE,494,CYCLES,BACKEND,SUB-EVENT,Add_270:OpId_31289 (cycles)
55842143040,EXECUTE,299,CYCLES,BACKEND,SUB-EVENT,Add_270_converted_UFIXED_POINT_8:OpId_31291 (cycles)
55842143040,EXECUTE,219,CYCLES,BACKEND,SUB-EVENT,Sub_145:OpId_31294 (cycles)
55842143040,EXECUTE,297,CYCLES,BACKEND,SUB-EVENT,Sub_145_converted_UFIXED_POINT_8:OpId_31296 (cycles)
55842143040,EXECUTE,282,CYCLES,BACKEND,SUB-EVENT,Add_271:OpId_31299 (cycles)
55842143040,EXECUTE,227,CYCLES,BACKEND,SUB-EVENT,Add_271_converted_UFIXED_POINT_8:OpId_31301 (cycles)
55842143040,EXECUTE,732,CYCLES,BACKEND,SUB-EVENT,Sub_146:OpId_31304 (cycles)
55842143040,EXECUTE,671,CYCLES,BACKEND,SUB-EVENT,Add_272:OpId_31306 (cycles)
55842143040,EXECUTE,480,CYCLES,BACKEND,SUB-EVENT,Sub_147:OpId_31308 (cycles)
55842143040,EXECUTE,400,CYCLES,BACKEND,SUB-EVENT,Add_274:OpId_31310 (cycles)
55842143040,EXECUTE,432,CYCLES,BACKEND,SUB-EVENT,Sub_148:OpId_31312 (cycles)
55842143040,EXECUTE,489,CYCLES,BACKEND,SUB-EVENT,Add_276:OpId_31314 (cycles)
55842143040,EXECUTE,442,CYCLES,BACKEND,SUB-EVENT,Sub_149:OpId_31316 (cycles)
55842143040,EXECUTE,436,CYCLES,BACKEND,SUB-EVENT,Add_278:OpId_31318 (cycles)
55842143040,EXECUTE,592,CYCLES,BACKEND,SUB-EVENT,Sub_150:OpId_31320 (cycles)
55842143040,EXECUTE,454,CYCLES,BACKEND,SUB-EVENT,Add_280:OpId_31322 (cycles)
55842143040,EXECUTE,480,CYCLES,BACKEND,SUB-EVENT,Sub_151:OpId_31324 (cycles)
55842143040,EXECUTE,389,CYCLES,BACKEND,SUB-EVENT,Add_282:OpId_31326 (cycles)
55842143040,EXECUTE,401,CYCLES,BACKEND,SUB-EVENT,Sub_152:OpId_31328 (cycles)
55842143040,EXECUTE,510,CYCLES,BACKEND,SUB-EVENT,Add_284:OpId_31330 (cycles)
55842143040,EXECUTE,664,CYCLES,BACKEND,SUB-EVENT,Sub_153:OpId_31332 (cycles)
55842143040,EXECUTE,504,CYCLES,BACKEND,SUB-EVENT,Add_286:OpId_31334 (cycles)
55842143040,EXECUTE,424,CYCLES,BACKEND,SUB-EVENT,Sub_154:OpId_31336 (cycles)
55842143040,EXECUTE,450,CYCLES,BACKEND,SUB-EVENT,Add_288:OpId_31338 (cycles)
55842143040,EXECUTE,413,CYCLES,BACKEND,SUB-EVENT,Sub_155:OpId_31340 (cycles)
55842143040,EXECUTE,372,CYCLES,BACKEND,SUB-EVENT,Add_290:OpId_31342 (cycles)
55842143040,EXECUTE,369,CYCLES,BACKEND,SUB-EVENT,Sub_156:OpId_31344 (cycles)
55842143040,EXECUTE,342,CYCLES,BACKEND,SUB-EVENT,Add_292:OpId_31346 (cycles)
55842143040,EXECUTE,385,CYCLES,BACKEND,SUB-EVENT,Sub_157:OpId_31348 (cycles)
55842143040,EXECUTE,462,CYCLES,BACKEND,SUB-EVENT,Add_294:OpId_31350 (cycles)
55842143040,EXECUTE,590,CYCLES,BACKEND,SUB-EVENT,Sub_158:OpId_31352 (cycles)
55842143040,EXECUTE,384,CYCLES,BACKEND,SUB-EVENT,Add_296:OpId_31354 (cycles)
55842143040,EXECUTE,540,CYCLES,BACKEND,SUB-EVENT,Sub_159:OpId_31356 (cycles)
55842143040,EXECUTE,559,CYCLES,BACKEND,SUB-EVENT,Add_298:OpId_31358 (cycles)
55842143040,EXECUTE,1272,CYCLES,BACKEND,SUB-EVENT,Concat_207:OpId_31360 (cycles)
55842143040,EXECUTE,1118,CYCLES,BACKEND,SUB-EVENT,Concat_208:OpId_31362 (cycles)
55842143040,EXECUTE,0,CYCLES,BACKEND,SUB-EVENT,Concat_213:OpId_31364 (cycles)
55842143040,EXECUTE,0,CYCLES,BACKEND,SUB-EVENT,Concat_214:OpId_31366 (cycles)
55842143040,EXECUTE,0,CYCLES,BACKEND,SUB-EVENT,Concat_215:OpId_31368 (cycles)
55842143040,EXECUTE,0,CYCLES,BACKEND,SUB-EVENT,Concat_216:OpId_31370 (cycles)
55842143040,EXECUTE,0,CYCLES,BACKEND,SUB-EVENT,Concat_217:OpId_31372 (cycles)
55842143040,EXECUTE,0,CYCLES,BACKEND,SUB-EVENT,Concat_218:OpId_31374 (cycles)
55842143040,EXECUTE,0,CYCLES,BACKEND,SUB-EVENT,Concat_219:OpId_31376 (cycles)
55842143040,EXECUTE,0,CYCLES,BACKEND,SUB-EVENT,Concat_220:OpId_31378 (cycles)
55842143040,EXECUTE,0,CYCLES,BACKEND,SUB-EVENT,Concat_221:OpId_31380 (cycles)
55842143040,EXECUTE,0,CYCLES,BACKEND,SUB-EVENT,Concat_222:OpId_31382 (cycles)
55842143040,EXECUTE,0,CYCLES,BACKEND,SUB-EVENT,Concat_223:OpId_31384 (cycles)
55842143040,EXECUTE,0,CYCLES,BACKEND,SUB-EVENT,Concat_224:OpId_31386 (cycles)
55842143040,EXECUTE,0,CYCLES,BACKEND,SUB-EVENT,Concat_225:OpId_31388 (cycles)
55842143040,EXECUTE,0,CYCLES,BACKEND,SUB-EVENT,Concat_226:OpId_31390 (cycles)
55842143040,EXECUTE,0,CYCLES,BACKEND,SUB-EVENT,attn_9_head_0_key_Transpose_0:OpId_31393 (cycles)
55842143040,EXECUTE,0,CYCLES,BACKEND,SUB-EVENT,attn_9_head_1_key_Transpose_0:OpId_31395 (cycles)
55842143040,EXECUTE,0,CYCLES,BACKEND,SUB-EVENT,Concat_209:OpId_31396 (cycles)
55842143040,EXECUTE,0,CYCLES,BACKEND,SUB-EVENT,Concat_211:OpId_31398 (cycles)
55842143040,EXECUTE,0,CYCLES,BACKEND,SUB-EVENT,Concat_227:OpId_31400 (cycles)
55842143040,EXECUTE,127473,CYCLES,BACKEND,SUB-EVENT,attn_9_head_0_qk_MatMul_0:OpId_31402 (cycles)
55842143040,EXECUTE,7184,CYCLES,BACKEND,SUB-EVENT,attn_9_head_1_qk_MatMul_0:OpId_31406 (cycles)
55842143040,EXECUTE,7520,CYCLES,BACKEND,SUB-EVENT,attn_9_head_2_qk_MatMul_0:OpId_31410 (cycles)
55842143040,EXECUTE,7239,CYCLES,BACKEND,SUB-EVENT,attn_9_head_3_qk_MatMul_0:OpId_31414 (cycles)
55842143040,EXECUTE,7568,CYCLES,BACKEND,SUB-EVENT,attn_9_head_4_qk_MatMul_0:OpId_31418 (cycles)
55842143040,EXECUTE,7828,CYCLES,BACKEND,SUB-EVENT,attn_9_head_5_qk_MatMul_0:OpId_31422 (cycles)
55842143040,EXECUTE,8168,CYCLES,BACKEND,SUB-EVENT,attn_9_head_6_qk_MatMul_0:OpId_31426 (cycles)
55842143040,EXECUTE,121885,CYCLES,BACKEND,SUB-EVENT,attn_9_head_7_qk_MatMul_0:OpId_31430 (cycles)
55842143040,EXECUTE,6477,CYCLES,BACKEND,SUB-EVENT,attn_9_head_8_qk_MatMul_0:OpId_31434 (cycles)
55842143040,EXECUTE,7277,CYCLES,BACKEND,SUB-EVENT,attn_9_head_9_qk_MatMul_0:OpId_31438 (cycles)
55842143040,EXECUTE,7968,CYCLES,BACKEND,SUB-EVENT,attn_9_head_10_qk_MatMul_0:OpId_31442 (cycles)
55842143040,EXECUTE,6668,CYCLES,BACKEND,SUB-EVENT,attn_9_head_11_qk_MatMul_0:OpId_31446 (cycles)
55842143040,EXECUTE,7102,CYCLES,BACKEND,SUB-EVENT,attn_9_head_12_qk_MatMul_0:OpId_31450 (cycles)
55842143040,EXECUTE,6776,CYCLES,BACKEND,SUB-EVENT,attn_9_head_13_qk_MatMul_0:OpId_31454 (cycles)
55842143040,EXECUTE,16586,CYCLES,BACKEND,SUB-EVENT,Add_273:OpId_31458 (cycles)
55842143040,EXECUTE,17036,CYCLES,BACKEND,SUB-EVENT,Add_275:OpId_31460 (cycles)
55842143040,EXECUTE,16978,CYCLES,BACKEND,SUB-EVENT,Add_277:OpId_31462 (cycles)
55842143040,EXECUTE,16620,CYCLES,BACKEND,SUB-EVENT,Add_279:OpId_31464 (cycles)
55842143040,EXECUTE,17456,CYCLES,BACKEND,SUB-EVENT,Add_281:OpId_31466 (cycles)
55842143040,EXECUTE,17163,CYCLES,BACKEND,SUB-EVENT,Add_283:OpId_31468 (cycles)
55842143040,EXECUTE,16903,CYCLES,BACKEND,SUB-EVENT,Add_285:OpId_31470 (cycles)
55842143040,EXECUTE,18844,CYCLES,BACKEND,SUB-EVENT,Add_287:OpId_31472 (cycles)
55842143040,EXECUTE,16507,CYCLES,BACKEND,SUB-EVENT,Add_289:OpId_31474 (cycles)
55842143040,EXECUTE,18208,CYCLES,BACKEND,SUB-EVENT,Add_291:OpId_31476 (cycles)
55842143040,EXECUTE,19382,CYCLES,BACKEND,SUB-EVENT,Add_293:OpId_31478 (cycles)
55842143040,EXECUTE,17927,CYCLES,BACKEND,SUB-EVENT,Add_295:OpId_31480 (cycles)
55842143040,EXECUTE,17706,CYCLES,BACKEND,SUB-EVENT,Add_297:OpId_31482 (cycles)
55842143040,EXECUTE,17715,CYCLES,BACKEND,SUB-EVENT,Add_299:OpId_31484 (cycles)
55842143040,EXECUTE,11112,CYCLES,BACKEND,SUB-EVENT,attn_9_head_0_Softmax_0:OpId_31486 (cycles)
55842143040,EXECUTE,13314,CYCLES,BACKEND,SUB-EVENT,attn_9_head_1_Softmax_0:OpId_31489 (cycles)
55842143040,EXECUTE,11192,CYCLES,BACKEND,SUB-EVENT,attn_9_head_2_Softmax_0:OpId_31492 (cycles)
55842143040,EXECUTE,14333,CYCLES,BACKEND,SUB-EVENT,attn_9_head_3_Softmax_0:OpId_31495 (cycles)
55842143040,EXECUTE,11352,CYCLES,BACKEND,SUB-EVENT,attn_9_head_4_Softmax_0:OpId_31498 (cycles)
55842143040,EXECUTE,11669,CYCLES,BACKEND,SUB-EVENT,attn_9_head_5_Softmax_0:OpId_31501 (cycles)
55842143040,EXECUTE,13509,CYCLES,BACKEND,SUB-EVENT,attn_9_head_6_Softmax_0:OpId_31504 (cycles)
55842143040,EXECUTE,11867,CYCLES,BACKEND,SUB-EVENT,attn_9_head_7_Softmax_0:OpId_31507 (cycles)
55842143040,EXECUTE,20237,CYCLES,BACKEND,SUB-EVENT,attn_9_head_8_Softmax_0:OpId_31510 (cycles)
55842143040,EXECUTE,11780,CYCLES,BACKEND,SUB-EVENT,attn_9_head_9_Softmax_0:OpId_31513 (cycles)
55842143040,EXECUTE,11426,CYCLES,BACKEND,SUB-EVENT,attn_9_head_10_Softmax_0:OpId_31516 (cycles)
55842143040,EXECUTE,13263,CYCLES,BACKEND,SUB-EVENT,attn_9_head_11_Softmax_0:OpId_31519 (cycles)
55842143040,EXECUTE,13195,CYCLES,BACKEND,SUB-EVENT,attn_9_head_12_Softmax_0:OpId_31522 (cycles)
55842143040,EXECUTE,10737,CYCLES,BACKEND,SUB-EVENT,attn_9_head_13_Softmax_0:OpId_31525 (cycles)
55842143040,EXECUTE,38917,CYCLES,BACKEND,SUB-EVENT,attn_9_head_0_qkv_MatMul_0:OpId_31528 (cycles)
55842143040,EXECUTE,1301,CYCLES,BACKEND,SUB-EVENT,attn_9_head_1_qkv_MatMul_0:OpId_31532 (cycles)
55842143040,EXECUTE,1357,CYCLES,BACKEND,SUB-EVENT,attn_9_head_2_qkv_MatMul_0:OpId_31536 (cycles)
55842143040,EXECUTE,1388,CYCLES,BACKEND,SUB-EVENT,attn_9_head_3_qkv_MatMul_0:OpId_31540 (cycles)
55842143040,EXECUTE,1155,CYCLES,BACKEND,SUB-EVENT,attn_9_head_4_qkv_MatMul_0:OpId_31544 (cycles)
55842143040,EXECUTE,1441,CYCLES,BACKEND,SUB-EVENT,attn_9_head_5_qkv_MatMul_0:OpId_31548 (cycles)
55842143040,EXECUTE,1407,CYCLES,BACKEND,SUB-EVENT,attn_9_head_6_qkv_MatMul_0:OpId_31552 (cycles)
55842143040,EXECUTE,43309,CYCLES,BACKEND,SUB-EVENT,attn_9_head_7_qkv_MatMul_0:OpId_31556 (cycles)
55842143040,EXECUTE,1390,CYCLES,BACKEND,SUB-EVENT,attn_9_head_8_qkv_MatMul_0:OpId_31560 (cycles)
55842143040,EXECUTE,1325,CYCLES,BACKEND,SUB-EVENT,attn_9_head_9_qkv_MatMul_0:OpId_31564 (cycles)
55842143040,EXECUTE,1263,CYCLES,BACKEND,SUB-EVENT,attn_9_head_10_qkv_MatMul_0:OpId_31568 (cycles)
55842143040,EXECUTE,1167,CYCLES,BACKEND,SUB-EVENT,attn_9_head_11_qkv_MatMul_0:OpId_31572 (cycles)
55842143040,EXECUTE,1295,CYCLES,BACKEND,SUB-EVENT,attn_9_head_12_qkv_MatMul_0:OpId_31576 (cycles)
55842143040,EXECUTE,1340,CYCLES,BACKEND,SUB-EVENT,attn_9_head_13_qkv_MatMul_0:OpId_31580 (cycles)
55842143040,EXECUTE,0,CYCLES,BACKEND,SUB-EVENT,Concat_229:OpId_31584 (cycles)
55842143040,EXECUTE,0,CYCLES,BACKEND,SUB-EVENT,Reshape_11:OpId_31586 (cycles)
55842143040,EXECUTE,0,CYCLES,BACKEND,SUB-EVENT,model_layers_9_self_attn_Transpose_6:OpId_31588 (cycles)
55842143040,EXECUTE,16990,CYCLES,BACKEND,SUB-EVENT,model_layers_9_self_attn_o_proj_conv_Conv:OpId_31596 (cycles)
55842143040,EXECUTE,448,CYCLES,BACKEND,SUB-EVENT,/model_layers_9_self_attn_o_proj_conv_Conv/Conv_output_0.nchw:OpId_31600 (cycles)
55842143040,EXECUTE,0,CYCLES,BACKEND,SUB-EVENT,model_layers_9_self_attn_Reshape_9:OpId_31601 (cycles)
55842143040,EXECUTE,3135,CYCLES,BACKEND,SUB-EVENT,model_layers_9_Add:OpId_31602 (cycles)
55842143040,EXECUTE,7156,CYCLES,BACKEND,SUB-EVENT,rms_norm_36:OpId_31607 (cycles)
55842143040,EXECUTE,0,CYCLES,BACKEND,SUB-EVENT,model_layers_9_mlp_Reshape:OpId_31610 (cycles)
55842143040,EXECUTE,0,CYCLES,BACKEND,SUB-EVENT,model_layers_9_mlp_Transpose:OpId_31612 (cycles)
55842143040,EXECUTE,70508,CYCLES,BACKEND,SUB-EVENT,model_layers_9_mlp_gate_proj_conv_Conv:OpId_31620 (cycles)
55842143040,EXECUTE,61729,CYCLES,BACKEND,SUB-EVENT,model_layers_9_mlp_up_proj_conv_Conv:OpId_31630 (cycles)
55842143040,EXECUTE,0,CYCLES,BACKEND,SUB-EVENT,model_layers_9_mlp_act_fn_Sigmoid:OpId_31633 (cycles)
55842143040,EXECUTE,39110,CYCLES,BACKEND,SUB-EVENT,model_layers_9_mlp_act_fn_Mul:OpId_31640 (cycles)
55842143040,EXECUTE,16360,CYCLES,BACKEND,SUB-EVENT,model_layers_9_mlp_Mul:OpId_31642 (cycles)
55842143040,EXECUTE,31043,CYCLES,BACKEND,SUB-EVENT,model_layers_9_mlp_down_proj_conv_Conv:OpId_31651 (cycles)
55842143040,EXECUTE,381,CYCLES,BACKEND,SUB-EVENT,/model_layers_9_mlp_down_proj_conv_Conv/Conv_output_0.nchw:OpId_31655 (cycles)
55842143040,EXECUTE,0,CYCLES,BACKEND,SUB-EVENT,model_layers_9_mlp_Reshape_1:OpId_31656 (cycles)
55842143040,EXECUTE,3621,CYCLES,BACKEND,SUB-EVENT,model_layers_9_Add_1:OpId_31657 (cycles)
55842143040,EXECUTE,8089,CYCLES,BACKEND,SUB-EVENT,rms_norm_38:OpId_31662 (cycles)
55842143040,EXECUTE,0,CYCLES,BACKEND,SUB-EVENT,model_layers_10_self_attn_Reshape:OpId_31665 (cycles)
55842143040,EXECUTE,0,CYCLES,BACKEND,SUB-EVENT,model_layers_10_self_attn_Transpose:OpId_31667 (cycles)
55842143040,EXECUTE,796,CYCLES,BACKEND,SUB-EVENT,attn_10_head_0_key_Conv:OpId_31675 (cycles)
55842143040,EXECUTE,880,CYCLES,BACKEND,SUB-EVENT,attn_10_head_0_value_Conv:OpId_31685 (cycles)
55842143040,EXECUTE,1039,CYCLES,BACKEND,SUB-EVENT,attn_10_head_0_value_Transpose/output_converted_UFIXED_POINT_8:OpId_31688 (cycles)
55842143040,EXECUTE,854,CYCLES,BACKEND,SUB-EVENT,attn_10_head_1_key_Conv:OpId_31698 (cycles)
55842143040,EXECUTE,891,CYCLES,BACKEND,SUB-EVENT,attn_10_head_1_value_Conv:OpId_31708 (cycles)
55842143040,EXECUTE,399,CYCLES,BACKEND,SUB-EVENT,attn_10_head_1_value_Transpose/output_converted_UFIXED_POINT_8:OpId_31711 (cycles)
55842143040,EXECUTE,1021,CYCLES,BACKEND,SUB-EVENT,attn_10_head_0_query_Conv:OpId_31721 (cycles)
55842143040,EXECUTE,791,CYCLES,BACKEND,SUB-EVENT,attn_10_head_1_query_Conv:OpId_31731 (cycles)
55842143040,EXECUTE,790,CYCLES,BACKEND,SUB-EVENT,attn_10_head_2_query_Conv:OpId_31741 (cycles)
55842143040,EXECUTE,930,CYCLES,BACKEND,SUB-EVENT,attn_10_head_3_query_Conv:OpId_31751 (cycles)
55842143040,EXECUTE,884,CYCLES,BACKEND,SUB-EVENT,attn_10_head_4_query_Conv:OpId_31761 (cycles)
55842143040,EXECUTE,880,CYCLES,BACKEND,SUB-EVENT,attn_10_head_5_query_Conv:OpId_31771 (cycles)
55842143040,EXECUTE,836,CYCLES,BACKEND,SUB-EVENT,attn_10_head_6_query_Conv:OpId_31781 (cycles)
55842143040,EXECUTE,1026,CYCLES,BACKEND,SUB-EVENT,attn_10_head_7_query_Conv:OpId_31791 (cycles)
55842143040,EXECUTE,813,CYCLES,BACKEND,SUB-EVENT,attn_10_head_8_query_Conv:OpId_31801 (cycles)
55842143040,EXECUTE,1001,CYCLES,BACKEND,SUB-EVENT,attn_10_head_9_query_Conv:OpId_31811 (cycles)
55842143040,EXECUTE,1024,CYCLES,BACKEND,SUB-EVENT,attn_10_head_10_query_Conv:OpId_31821 (cycles)
55842143040,EXECUTE,953,CYCLES,BACKEND,SUB-EVENT,attn_10_head_11_query_Conv:OpId_31831 (cycles)
55842143040,EXECUTE,826,CYCLES,BACKEND,SUB-EVENT,attn_10_head_12_query_Conv:OpId_31841 (cycles)
55842143040,EXECUTE,937,CYCLES,BACKEND,SUB-EVENT,attn_10_head_13_query_Conv:OpId_31851 (cycles)
55842143040,EXECUTE,613,CYCLES,BACKEND,SUB-EVENT,Slice_360:OpId_31855 (cycles)
55842143040,EXECUTE,526,CYCLES,BACKEND,SUB-EVENT,Slice_361:OpId_31861 (cycles)
55842143040,EXECUTE,239,CYCLES,BACKEND,SUB-EVENT,Slice_362:OpId_31867 (cycles)
55842143040,EXECUTE,194,CYCLES,BACKEND,SUB-EVENT,Slice_363:OpId_31873 (cycles)
55842143040,EXECUTE,0,CYCLES,BACKEND,SUB-EVENT,Concat_251:OpId_31878 (cycles)
55842143040,EXECUTE,265,CYCLES,BACKEND,SUB-EVENT,Slice_368:OpId_31881 (cycles)
55842143040,EXECUTE,233,CYCLES,BACKEND,SUB-EVENT,Slice_369:OpId_31887 (cycles)
55842143040,EXECUTE,220,CYCLES,BACKEND,SUB-EVENT,Slice_370:OpId_31893 (cycles)
55842143040,EXECUTE,216,CYCLES,BACKEND,SUB-EVENT,Slice_371:OpId_31899 (cycles)
55842143040,EXECUTE,195,CYCLES,BACKEND,SUB-EVENT,Slice_372:OpId_31905 (cycles)
55842143040,EXECUTE,180,CYCLES,BACKEND,SUB-EVENT,Slice_373:OpId_31911 (cycles)
55842143040,EXECUTE,213,CYCLES,BACKEND,SUB-EVENT,Slice_374:OpId_31917 (cycles)
55842143040,EXECUTE,172,CYCLES,BACKEND,SUB-EVENT,Slice_375:OpId_31923 (cycles)
55842143040,EXECUTE,252,CYCLES,BACKEND,SUB-EVENT,Slice_376:OpId_31929 (cycles)
55842143040,EXECUTE,198,CYCLES,BACKEND,SUB-EVENT,Slice_377:OpId_31935 (cycles)
55842143040,EXECUTE,269,CYCLES,BACKEND,SUB-EVENT,Slice_378:OpId_31941 (cycles)
55842143040,EXECUTE,231,CYCLES,BACKEND,SUB-EVENT,Slice_379:OpId_31947 (cycles)
55842143040,EXECUTE,274,CYCLES,BACKEND,SUB-EVENT,Slice_380:OpId_31953 (cycles)
55842143040,EXECUTE,205,CYCLES,BACKEND,SUB-EVENT,Slice_381:OpId_31959 (cycles)
55842143040,EXECUTE,182,CYCLES,BACKEND,SUB-EVENT,Slice_382:OpId_31965 (cycles)
55842143040,EXECUTE,196,CYCLES,BACKEND,SUB-EVENT,Slice_383:OpId_31971 (cycles)
55842143040,EXECUTE,236,CYCLES,BACKEND,SUB-EVENT,Slice_384:OpId_31977 (cycles)
55842143040,EXECUTE,229,CYCLES,BACKEND,SUB-EVENT,Slice_385:OpId_31983 (cycles)
55842143040,EXECUTE,200,CYCLES,BACKEND,SUB-EVENT,Slice_386:OpId_31989 (cycles)
55842143040,EXECUTE,180,CYCLES,BACKEND,SUB-EVENT,Slice_387:OpId_31995 (cycles)
55842143040,EXECUTE,230,CYCLES,BACKEND,SUB-EVENT,Slice_388:OpId_32001 (cycles)
55842143040,EXECUTE,168,CYCLES,BACKEND,SUB-EVENT,Slice_389:OpId_32007 (cycles)
55842143040,EXECUTE,448,CYCLES,BACKEND,SUB-EVENT,Slice_390:OpId_32013 (cycles)
55842143040,EXECUTE,377,CYCLES,BACKEND,SUB-EVENT,Slice_391:OpId_32019 (cycles)
55842143040,EXECUTE,433,CYCLES,BACKEND,SUB-EVENT,Slice_392:OpId_32025 (cycles)
55842143040,EXECUTE,386,CYCLES,BACKEND,SUB-EVENT,Slice_393:OpId_32031 (cycles)
55842143040,EXECUTE,233,CYCLES,BACKEND,SUB-EVENT,Slice_394:OpId_32037 (cycles)
55842143040,EXECUTE,188,CYCLES,BACKEND,SUB-EVENT,Slice_395:OpId_32043 (cycles)
55842143040,EXECUTE,10681,CYCLES,BACKEND,SUB-EVENT,Concat_233:OpId_32048 (cycles)
55842143040,EXECUTE,6980,CYCLES,BACKEND,SUB-EVENT,Concat_235:OpId_32050 (cycles)
55842143040,EXECUTE,744,CYCLES,BACKEND,SUB-EVENT,Mul_640:OpId_32052 (cycles)
55842143040,EXECUTE,592,CYCLES,BACKEND,SUB-EVENT,Mul_642:OpId_32054 (cycles)
55842143040,EXECUTE,671,CYCLES,BACKEND,SUB-EVENT,Mul_641:OpId_32056 (cycles)
55842143040,EXECUTE,632,CYCLES,BACKEND,SUB-EVENT,Mul_643:OpId_32058 (cycles)
55842143040,EXECUTE,205,CYCLES,BACKEND,SUB-EVENT,Mul_644:OpId_32060 (cycles)
55842143040,EXECUTE,210,CYCLES,BACKEND,SUB-EVENT,Mul_646:OpId_32062 (cycles)
55842143040,EXECUTE,357,CYCLES,BACKEND,SUB-EVENT,Mul_645:OpId_32064 (cycles)
55842143040,EXECUTE,215,CYCLES,BACKEND,SUB-EVENT,Mul_647:OpId_32066 (cycles)
55842143040,EXECUTE,422,CYCLES,BACKEND,SUB-EVENT,Mul_648:OpId_32068 (cycles)
55842143040,EXECUTE,384,CYCLES,BACKEND,SUB-EVENT,Mul_650:OpId_32070 (cycles)
55842143040,EXECUTE,405,CYCLES,BACKEND,SUB-EVENT,Mul_649:OpId_32072 (cycles)
55842143040,EXECUTE,347,CYCLES,BACKEND,SUB-EVENT,Mul_651:OpId_32074 (cycles)
55842143040,EXECUTE,256,CYCLES,BACKEND,SUB-EVENT,Mul_652:OpId_32076 (cycles)
55842143040,EXECUTE,143,CYCLES,BACKEND,SUB-EVENT,Mul_654:OpId_32078 (cycles)
55842143040,EXECUTE,200,CYCLES,BACKEND,SUB-EVENT,Mul_653:OpId_32080 (cycles)
55842143040,EXECUTE,193,CYCLES,BACKEND,SUB-EVENT,Mul_655:OpId_32082 (cycles)
55842143040,EXECUTE,161,CYCLES,BACKEND,SUB-EVENT,Mul_656:OpId_32084 (cycles)
55842143040,EXECUTE,169,CYCLES,BACKEND,SUB-EVENT,Mul_658:OpId_32086 (cycles)
55842143040,EXECUTE,162,CYCLES,BACKEND,SUB-EVENT,Mul_657:OpId_32088 (cycles)
55842143040,EXECUTE,167,CYCLES,BACKEND,SUB-EVENT,Mul_659:OpId_32090 (cycles)
55842143040,EXECUTE,256,CYCLES,BACKEND,SUB-EVENT,Mul_660:OpId_32092 (cycles)
55842143040,EXECUTE,129,CYCLES,BACKEND,SUB-EVENT,Mul_662:OpId_32094 (cycles)
55842143040,EXECUTE,215,CYCLES,BACKEND,SUB-EVENT,Mul_661:OpId_32096 (cycles)
55842143040,EXECUTE,177,CYCLES,BACKEND,SUB-EVENT,Mul_663:OpId_32098 (cycles)
55842143040,EXECUTE,235,CYCLES,BACKEND,SUB-EVENT,Mul_664:OpId_32100 (cycles)
55842143040,EXECUTE,136,CYCLES,BACKEND,SUB-EVENT,Mul_666:OpId_32102 (cycles)
55842143040,EXECUTE,230,CYCLES,BACKEND,SUB-EVENT,Mul_665:OpId_32104 (cycles)
55842143040,EXECUTE,233,CYCLES,BACKEND,SUB-EVENT,Mul_667:OpId_32106 (cycles)
55842143040,EXECUTE,257,CYCLES,BACKEND,SUB-EVENT,Mul_668:OpId_32108 (cycles)
55842143040,EXECUTE,192,CYCLES,BACKEND,SUB-EVENT,Mul_670:OpId_32110 (cycles)
55842143040,EXECUTE,176,CYCLES,BACKEND,SUB-EVENT,Mul_669:OpId_32112 (cycles)
55842143040,EXECUTE,134,CYCLES,BACKEND,SUB-EVENT,Mul_671:OpId_32114 (cycles)
55842143040,EXECUTE,250,CYCLES,BACKEND,SUB-EVENT,Mul_672:OpId_32116 (cycles)
55842143040,EXECUTE,199,CYCLES,BACKEND,SUB-EVENT,Mul_674:OpId_32118 (cycles)
55842143040,EXECUTE,147,CYCLES,BACKEND,SUB-EVENT,Mul_673:OpId_32120 (cycles)
55842143040,EXECUTE,166,CYCLES,BACKEND,SUB-EVENT,Mul_675:OpId_32122 (cycles)
55842143040,EXECUTE,215,CYCLES,BACKEND,SUB-EVENT,Mul_676:OpId_32124 (cycles)
55842143040,EXECUTE,152,CYCLES,BACKEND,SUB-EVENT,Mul_678:OpId_32126 (cycles)
55842143040,EXECUTE,204,CYCLES,BACKEND,SUB-EVENT,Mul_677:OpId_32128 (cycles)
55842143040,EXECUTE,142,CYCLES,BACKEND,SUB-EVENT,Mul_679:OpId_32130 (cycles)
55842143040,EXECUTE,173,CYCLES,BACKEND,SUB-EVENT,Mul_680:OpId_32132 (cycles)
55842143040,EXECUTE,133,CYCLES,BACKEND,SUB-EVENT,Mul_682:OpId_32134 (cycles)
55842143040,EXECUTE,174,CYCLES,BACKEND,SUB-EVENT,Mul_681:OpId_32136 (cycles)
55842143040,EXECUTE,144,CYCLES,BACKEND,SUB-EVENT,Mul_683:OpId_32138 (cycles)
55842143040,EXECUTE,222,CYCLES,BACKEND,SUB-EVENT,Mul_684:OpId_32140 (cycles)
55842143040,EXECUTE,184,CYCLES,BACKEND,SUB-EVENT,Mul_686:OpId_32142 (cycles)
55842143040,EXECUTE,171,CYCLES,BACKEND,SUB-EVENT,Mul_685:OpId_32144 (cycles)
55842143040,EXECUTE,158,CYCLES,BACKEND,SUB-EVENT,Mul_687:OpId_32146 (cycles)
55842143040,EXECUTE,205,CYCLES,BACKEND,SUB-EVENT,Mul_688:OpId_32148 (cycles)
55842143040,EXECUTE,179,CYCLES,BACKEND,SUB-EVENT,Mul_690:OpId_32150 (cycles)
55842143040,EXECUTE,231,CYCLES,BACKEND,SUB-EVENT,Mul_689:OpId_32152 (cycles)
55842143040,EXECUTE,173,CYCLES,BACKEND,SUB-EVENT,Mul_691:OpId_32154 (cycles)
55842143040,EXECUTE,249,CYCLES,BACKEND,SUB-EVENT,Mul_692:OpId_32156 (cycles)
55842143040,EXECUTE,182,CYCLES,BACKEND,SUB-EVENT,Mul_694:OpId_32158 (cycles)
55842143040,EXECUTE,177,CYCLES,BACKEND,SUB-EVENT,Mul_693:OpId_32160 (cycles)
55842143040,EXECUTE,182,CYCLES,BACKEND,SUB-EVENT,Mul_695:OpId_32162 (cycles)
55842143040,EXECUTE,196,CYCLES,BACKEND,SUB-EVENT,Mul_696:OpId_32164 (cycles)
55842143040,EXECUTE,132,CYCLES,BACKEND,SUB-EVENT,Mul_698:OpId_32166 (cycles)
55842143040,EXECUTE,227,CYCLES,BACKEND,SUB-EVENT,Mul_697:OpId_32168 (cycles)
55842143040,EXECUTE,140,CYCLES,BACKEND,SUB-EVENT,Mul_699:OpId_32170 (cycles)
55842143040,EXECUTE,187,CYCLES,BACKEND,SUB-EVENT,Mul_700:OpId_32172 (cycles)
55842143040,EXECUTE,227,CYCLES,BACKEND,SUB-EVENT,Mul_702:OpId_32174 (cycles)
55842143040,EXECUTE,203,CYCLES,BACKEND,SUB-EVENT,Mul_701:OpId_32176 (cycles)
55842143040,EXECUTE,184,CYCLES,BACKEND,SUB-EVENT,Mul_703:OpId_32178 (cycles)
55842143040,EXECUTE,692,CYCLES,BACKEND,SUB-EVENT,Sub_160:OpId_32180 (cycles)
55842143040,EXECUTE,351,CYCLES,BACKEND,SUB-EVENT,Sub_160_converted_UFIXED_POINT_8:OpId_32182 (cycles)
55842143040,EXECUTE,658,CYCLES,BACKEND,SUB-EVENT,Add_300:OpId_32185 (cycles)
55842143040,EXECUTE,208,CYCLES,BACKEND,SUB-EVENT,Add_300_converted_UFIXED_POINT_8:OpId_32187 (cycles)
55842143040,EXECUTE,224,CYCLES,BACKEND,SUB-EVENT,Sub_161:OpId_32190 (cycles)
55842143040,EXECUTE,354,CYCLES,BACKEND,SUB-EVENT,Sub_161_converted_UFIXED_POINT_8:OpId_32192 (cycles)
55842143040,EXECUTE,268,CYCLES,BACKEND,SUB-EVENT,Add_301:OpId_32195 (cycles)
55842143040,EXECUTE,259,CYCLES,BACKEND,SUB-EVENT,Add_301_converted_UFIXED_POINT_8:OpId_32197 (cycles)
55842143040,EXECUTE,868,CYCLES,BACKEND,SUB-EVENT,Sub_162:OpId_32200 (cycles)
55842143040,EXECUTE,821,CYCLES,BACKEND,SUB-EVENT,Add_302:OpId_32202 (cycles)
55842143040,EXECUTE,403,CYCLES,BACKEND,SUB-EVENT,Sub_163:OpId_32204 (cycles)
55842143040,EXECUTE,520,CYCLES,BACKEND,SUB-EVENT,Add_304:OpId_32206 (cycles)
55842143040,EXECUTE,418,CYCLES,BACKEND,SUB-EVENT,Sub_164:OpId_32208 (cycles)
55842143040,EXECUTE,562,CYCLES,BACKEND,SUB-EVENT,Add_306:OpId_32210 (cycles)
55842143040,EXECUTE,431,CYCLES,BACKEND,SUB-EVENT,Sub_165:OpId_32212 (cycles)
55842143040,EXECUTE,497,CYCLES,BACKEND,SUB-EVENT,Add_308:OpId_32214 (cycles)
55842143040,EXECUTE,596,CYCLES,BACKEND,SUB-EVENT,Sub_166:OpId_32216 (cycles)
55842143040,EXECUTE,430,CYCLES,BACKEND,SUB-EVENT,Add_310:OpId_32218 (cycles)
55842143040,EXECUTE,446,CYCLES,BACKEND,SUB-EVENT,Sub_167:OpId_32220 (cycles)
55842143040,EXECUTE,406,CYCLES,BACKEND,SUB-EVENT,Add_312:OpId_32222 (cycles)
55842143040,EXECUTE,363,CYCLES,BACKEND,SUB-EVENT,Sub_168:OpId_32224 (cycles)
55842143040,EXECUTE,665,CYCLES,BACKEND,SUB-EVENT,Add_314:OpId_32226 (cycles)
55842143040,EXECUTE,429,CYCLES,BACKEND,SUB-EVENT,Sub_169:OpId_32228 (cycles)
55842143040,EXECUTE,533,CYCLES,BACKEND,SUB-EVENT,Add_316:OpId_32230 (cycles)
55842143040,EXECUTE,498,CYCLES,BACKEND,SUB-EVENT,Sub_170:OpId_32232 (cycles)
55842143040,EXECUTE,713,CYCLES,BACKEND,SUB-EVENT,Add_318:OpId_32234 (cycles)
55842143040,EXECUTE,555,CYCLES,BACKEND,SUB-EVENT,Sub_171:OpId_32236 (cycles)
55842143040,EXECUTE,443,CYCLES,BACKEND,SUB-EVENT,Add_320:OpId_32238 (cycles)
55842143040,EXECUTE,493,CYCLES,BACKEND,SUB-EVENT,Sub_172:OpId_32240 (cycles)
55842143040,EXECUTE,441,CYCLES,BACKEND,SUB-EVENT,Add_322:OpId_32242 (cycles)
55842143040,EXECUTE,600,CYCLES,BACKEND,SUB-EVENT,Sub_173:OpId_32244 (cycles)
55842143040,EXECUTE,597,CYCLES,BACKEND,SUB-EVENT,Add_324:OpId_32246 (cycles)
55842143040,EXECUTE,491,CYCLES,BACKEND,SUB-EVENT,Sub_174:OpId_32248 (cycles)
55842143040,EXECUTE,439,CYCLES,BACKEND,SUB-EVENT,Add_326:OpId_32250 (cycles)
55842143040,EXECUTE,620,CYCLES,BACKEND,SUB-EVENT,Sub_175:OpId_32252 (cycles)
55842143040,EXECUTE,604,CYCLES,BACKEND,SUB-EVENT,Add_328:OpId_32254 (cycles)
55842143040,EXECUTE,1121,CYCLES,BACKEND,SUB-EVENT,Concat_230:OpId_32256 (cycles)
55842143040,EXECUTE,1161,CYCLES,BACKEND,SUB-EVENT,Concat_231:OpId_32258 (cycles)
55842143040,EXECUTE,0,CYCLES,BACKEND,SUB-EVENT,Concat_236:OpId_32260 (cycles)
55842143040,EXECUTE,0,CYCLES,BACKEND,SUB-EVENT,Concat_237:OpId_32262 (cycles)
55842143040,EXECUTE,0,CYCLES,BACKEND,SUB-EVENT,Concat_238:OpId_32264 (cycles)
55842143040,EXECUTE,0,CYCLES,BACKEND,SUB-EVENT,Concat_239:OpId_32266 (cycles)
55842143040,EXECUTE,0,CYCLES,BACKEND,SUB-EVENT,Concat_240:OpId_32268 (cycles)
55842143040,EXECUTE,0,CYCLES,BACKEND,SUB-EVENT,Concat_241:OpId_32270 (cycles)
55842143040,EXECUTE,0,CYCLES,BACKEND,SUB-EVENT,Concat_242:OpId_32272 (cycles)
55842143040,EXECUTE,0,CYCLES,BACKEND,SUB-EVENT,Concat_243:OpId_32274 (cycles)
55842143040,EXECUTE,0,CYCLES,BACKEND,SUB-EVENT,Concat_244:OpId_32276 (cycles)
55842143040,EXECUTE,0,CYCLES,BACKEND,SUB-EVENT,Concat_245:OpId_32278 (cycles)
55842143040,EXECUTE,0,CYCLES,BACKEND,SUB-EVENT,Concat_246:OpId_32280 (cycles)
55842143040,EXECUTE,0,CYCLES,BACKEND,SUB-EVENT,Concat_247:OpId_32282 (cycles)
55842143040,EXECUTE,0,CYCLES,BACKEND,SUB-EVENT,Concat_248:OpId_32284 (cycles)
55842143040,EXECUTE,0,CYCLES,BACKEND,SUB-EVENT,Concat_249:OpId_32286 (cycles)
55842143040,EXECUTE,0,CYCLES,BACKEND,SUB-EVENT,attn_10_head_0_key_Transpose_0:OpId_32289 (cycles)
55842143040,EXECUTE,0,CYCLES,BACKEND,SUB-EVENT,attn_10_head_1_key_Transpose_0:OpId_32291 (cycles)
55842143040,EXECUTE,0,CYCLES,BACKEND,SUB-EVENT,Concat_232:OpId_32292 (cycles)
55842143040,EXECUTE,0,CYCLES,BACKEND,SUB-EVENT,Concat_234:OpId_32294 (cycles)
55842143040,EXECUTE,0,CYCLES,BACKEND,SUB-EVENT,Concat_250:OpId_32296 (cycles)
55842143040,EXECUTE,128917,CYCLES,BACKEND,SUB-EVENT,attn_10_head_0_qk_MatMul_0:OpId_32298 (cycles)
55842143040,EXECUTE,7750,CYCLES,BACKEND,SUB-EVENT,attn_10_head_1_qk_MatMul_0:OpId_32302 (cycles)
55842143040,EXECUTE,6834,CYCLES,BACKEND,SUB-EVENT,attn_10_head_2_qk_MatMul_0:OpId_32306 (cycles)
55842143040,EXECUTE,7077,CYCLES,BACKEND,SUB-EVENT,attn_10_head_3_qk_MatMul_0:OpId_32310 (cycles)
55842143040,EXECUTE,7286,CYCLES,BACKEND,SUB-EVENT,attn_10_head_4_qk_MatMul_0:OpId_32314 (cycles)
55842143040,EXECUTE,8708,CYCLES,BACKEND,SUB-EVENT,attn_10_head_5_qk_MatMul_0:OpId_32318 (cycles)
55842143040,EXECUTE,8065,CYCLES,BACKEND,SUB-EVENT,attn_10_head_6_qk_MatMul_0:OpId_32322 (cycles)
55842143040,EXECUTE,127220,CYCLES,BACKEND,SUB-EVENT,attn_10_head_7_qk_MatMul_0:OpId_32326 (cycles)
55842143040,EXECUTE,7641,CYCLES,BACKEND,SUB-EVENT,attn_10_head_8_qk_MatMul_0:OpId_32330 (cycles)
55842143040,EXECUTE,6896,CYCLES,BACKEND,SUB-EVENT,attn_10_head_9_qk_MatMul_0:OpId_32334 (cycles)
55842143040,EXECUTE,6475,CYCLES,BACKEND,SUB-EVENT,attn_10_head_10_qk_MatMul_0:OpId_32338 (cycles)
55842143040,EXECUTE,8204,CYCLES,BACKEND,SUB-EVENT,attn_10_head_11_qk_MatMul_0:OpId_32342 (cycles)
55842143040,EXECUTE,7397,CYCLES,BACKEND,SUB-EVENT,attn_10_head_12_qk_MatMul_0:OpId_32346 (cycles)
55842143040,EXECUTE,6466,CYCLES,BACKEND,SUB-EVENT,attn_10_head_13_qk_MatMul_0:OpId_32350 (cycles)
55842143040,EXECUTE,16938,CYCLES,BACKEND,SUB-EVENT,Add_303:OpId_32354 (cycles)
55842143040,EXECUTE,17632,CYCLES,BACKEND,SUB-EVENT,Add_305:OpId_32356 (cycles)
55842143040,EXECUTE,17327,CYCLES,BACKEND,SUB-EVENT,Add_307:OpId_32358 (cycles)
55842143040,EXECUTE,16714,CYCLES,BACKEND,SUB-EVENT,Add_309:OpId_32360 (cycles)
55842143040,EXECUTE,16673,CYCLES,BACKEND,SUB-EVENT,Add_311:OpId_32362 (cycles)
55842143040,EXECUTE,16902,CYCLES,BACKEND,SUB-EVENT,Add_313:OpId_32364 (cycles)
55842143040,EXECUTE,17627,CYCLES,BACKEND,SUB-EVENT,Add_315:OpId_32366 (cycles)
55842143040,EXECUTE,16257,CYCLES,BACKEND,SUB-EVENT,Add_317:OpId_32368 (cycles)
55842143040,EXECUTE,17079,CYCLES,BACKEND,SUB-EVENT,Add_319:OpId_32370 (cycles)
55842143040,EXECUTE,16758,CYCLES,BACKEND,SUB-EVENT,Add_321:OpId_32372 (cycles)
55842143040,EXECUTE,17951,CYCLES,BACKEND,SUB-EVENT,Add_323:OpId_32374 (cycles)
55842143040,EXECUTE,16065,CYCLES,BACKEND,SUB-EVENT,Add_325:OpId_32376 (cycles)
55842143040,EXECUTE,18761,CYCLES,BACKEND,SUB-EVENT,Add_327:OpId_32378 (cycles)
55842143040,EXECUTE,17294,CYCLES,BACKEND,SUB-EVENT,Add_329:OpId_32380 (cycles)
55842143040,EXECUTE,10729,CYCLES,BACKEND,SUB-EVENT,attn_10_head_0_Softmax_0:OpId_32382 (cycles)
55842143040,EXECUTE,10350,CYCLES,BACKEND,SUB-EVENT,attn_10_head_1_Softmax_0:OpId_32385 (cycles)
55842143040,EXECUTE,14627,CYCLES,BACKEND,SUB-EVENT,attn_10_head_2_Softmax_0:OpId_32388 (cycles)
55842143040,EXECUTE,14472,CYCLES,BACKEND,SUB-EVENT,attn_10_head_3_Softmax_0:OpId_32391 (cycles)
55842143040,EXECUTE,11795,CYCLES,BACKEND,SUB-EVENT,attn_10_head_4_Softmax_0:OpId_32394 (cycles)
55842143040,EXECUTE,12904,CYCLES,BACKEND,SUB-EVENT,attn_10_head_5_Softmax_0:OpId_32397 (cycles)
55842143040,EXECUTE,11273,CYCLES,BACKEND,SUB-EVENT,attn_10_head_6_Softmax_0:OpId_32400 (cycles)
55842143040,EXECUTE,10280,CYCLES,BACKEND,SUB-EVENT,attn_10_head_7_Softmax_0:OpId_32403 (cycles)
55842143040,EXECUTE,13044,CYCLES,BACKEND,SUB-EVENT,attn_10_head_8_Softmax_0:OpId_32406 (cycles)
55842143040,EXECUTE,10762,CYCLES,BACKEND,SUB-EVENT,attn_10_head_9_Softmax_0:OpId_32409 (cycles)
55842143040,EXECUTE,13745,CYCLES,BACKEND,SUB-EVENT,attn_10_head_10_Softmax_0:OpId_32412 (cycles)
55842143040,EXECUTE,10645,CYCLES,BACKEND,SUB-EVENT,attn_10_head_11_Softmax_0:OpId_32415 (cycles)
55842143040,EXECUTE,12791,CYCLES,BACKEND,SUB-EVENT,attn_10_head_12_Softmax_0:OpId_32418 (cycles)
55842143040,EXECUTE,11637,CYCLES,BACKEND,SUB-EVENT,attn_10_head_13_Softmax_0:OpId_32421 (cycles)
55842143040,EXECUTE,40346,CYCLES,BACKEND,SUB-EVENT,attn_10_head_0_qkv_MatMul_0:OpId_32424 (cycles)
55842143040,EXECUTE,1367,CYCLES,BACKEND,SUB-EVENT,attn_10_head_1_qkv_MatMul_0:OpId_32428 (cycles)
55842143040,EXECUTE,1255,CYCLES,BACKEND,SUB-EVENT,attn_10_head_2_qkv_MatMul_0:OpId_32432 (cycles)
55842143040,EXECUTE,1305,CYCLES,BACKEND,SUB-EVENT,attn_10_head_3_qkv_MatMul_0:OpId_32436 (cycles)
55842143040,EXECUTE,1132,CYCLES,BACKEND,SUB-EVENT,attn_10_head_4_qkv_MatMul_0:OpId_32440 (cycles)
55842143040,EXECUTE,1367,CYCLES,BACKEND,SUB-EVENT,attn_10_head_5_qkv_MatMul_0:OpId_32444 (cycles)
55842143040,EXECUTE,1426,CYCLES,BACKEND,SUB-EVENT,attn_10_head_6_qkv_MatMul_0:OpId_32448 (cycles)
55842143040,EXECUTE,43017,CYCLES,BACKEND,SUB-EVENT,attn_10_head_7_qkv_MatMul_0:OpId_32452 (cycles)
55842143040,EXECUTE,1332,CYCLES,BACKEND,SUB-EVENT,attn_10_head_8_qkv_MatMul_0:OpId_32456 (cycles)
55842143040,EXECUTE,1350,CYCLES,BACKEND,SUB-EVENT,attn_10_head_9_qkv_MatMul_0:OpId_32460 (cycles)
55842143040,EXECUTE,1274,CYCLES,BACKEND,SUB-EVENT,attn_10_head_10_qkv_MatMul_0:OpId_32464 (cycles)
55842143040,EXECUTE,1363,CYCLES,BACKEND,SUB-EVENT,attn_10_head_11_qkv_MatMul_0:OpId_32468 (cycles)
55842143040,EXECUTE,1264,CYCLES,BACKEND,SUB-EVENT,attn_10_head_12_qkv_MatMul_0:OpId_32472 (cycles)
55842143040,EXECUTE,1238,CYCLES,BACKEND,SUB-EVENT,attn_10_head_13_qkv_MatMul_0:OpId_32476 (cycles)
55842143040,EXECUTE,0,CYCLES,BACKEND,SUB-EVENT,Concat_252:OpId_32480 (cycles)
55842143040,EXECUTE,0,CYCLES,BACKEND,SUB-EVENT,Reshape_12:OpId_32482 (cycles)
55842143040,EXECUTE,0,CYCLES,BACKEND,SUB-EVENT,model_layers_10_self_attn_Transpose_6:OpId_32484 (cycles)
55842143040,EXECUTE,14784,CYCLES,BACKEND,SUB-EVENT,model_layers_10_self_attn_o_proj_conv_Conv:OpId_32492 (cycles)
55842143040,EXECUTE,512,CYCLES,BACKEND,SUB-EVENT,/model_layers_10_self_attn_o_proj_conv_Conv/Conv_output_0.nchw:OpId_32496 (cycles)
55842143040,EXECUTE,0,CYCLES,BACKEND,SUB-EVENT,model_layers_10_self_attn_Reshape_9:OpId_32497 (cycles)
55842143040,EXECUTE,3395,CYCLES,BACKEND,SUB-EVENT,model_layers_10_Add:OpId_32498 (cycles)
55842143040,EXECUTE,14629,CYCLES,BACKEND,SUB-EVENT,rms_norm_40:OpId_32503 (cycles)
55842143040,EXECUTE,0,CYCLES,BACKEND,SUB-EVENT,model_layers_10_mlp_Reshape:OpId_32506 (cycles)
55842143040,EXECUTE,0,CYCLES,BACKEND,SUB-EVENT,model_layers_10_mlp_Transpose:OpId_32508 (cycles)
55842143040,EXECUTE,71527,CYCLES,BACKEND,SUB-EVENT,model_layers_10_mlp_gate_proj_conv_Conv:OpId_32516 (cycles)
55842143040,EXECUTE,60074,CYCLES,BACKEND,SUB-EVENT,model_layers_10_mlp_up_proj_conv_Conv:OpId_32526 (cycles)
55842143040,EXECUTE,0,CYCLES,BACKEND,SUB-EVENT,model_layers_10_mlp_act_fn_Sigmoid:OpId_32529 (cycles)
55842143040,EXECUTE,37229,CYCLES,BACKEND,SUB-EVENT,model_layers_10_mlp_act_fn_Mul:OpId_32536 (cycles)
55842143040,EXECUTE,14336,CYCLES,BACKEND,SUB-EVENT,model_layers_10_mlp_Mul:OpId_32538 (cycles)
55842143040,EXECUTE,35089,CYCLES,BACKEND,SUB-EVENT,model_layers_10_mlp_down_proj_conv_Conv:OpId_32547 (cycles)
55842143040,EXECUTE,1037,CYCLES,BACKEND,SUB-EVENT,/model_layers_10_mlp_down_proj_conv_Conv/Conv_output_0.nchw:OpId_32551 (cycles)
55842143040,EXECUTE,0,CYCLES,BACKEND,SUB-EVENT,model_layers_10_mlp_Reshape_1:OpId_32552 (cycles)
55842143040,EXECUTE,4048,CYCLES,BACKEND,SUB-EVENT,model_layers_10_Add_1:OpId_32553 (cycles)
55842143040,EXECUTE,8171,CYCLES,BACKEND,SUB-EVENT,rms_norm_42:OpId_32558 (cycles)
55842143040,EXECUTE,0,CYCLES,BACKEND,SUB-EVENT,model_layers_11_self_attn_Reshape:OpId_32561 (cycles)
55842143040,EXECUTE,0,CYCLES,BACKEND,SUB-EVENT,model_layers_11_self_attn_Transpose:OpId_32563 (cycles)
55842143040,EXECUTE,998,CYCLES,BACKEND,SUB-EVENT,attn_11_head_0_key_Conv:OpId_32571 (cycles)
55842143040,EXECUTE,1146,CYCLES,BACKEND,SUB-EVENT,attn_11_head_0_value_Conv:OpId_32581 (cycles)
55842143040,EXECUTE,787,CYCLES,BACKEND,SUB-EVENT,attn_11_head_0_value_Transpose/output_converted_UFIXED_POINT_8:OpId_32584 (cycles)
55842143040,EXECUTE,730,CYCLES,BACKEND,SUB-EVENT,attn_11_head_1_key_Conv:OpId_32594 (cycles)
55842143040,EXECUTE,789,CYCLES,BACKEND,SUB-EVENT,attn_11_head_1_value_Conv:OpId_32604 (cycles)
55842143040,EXECUTE,690,CYCLES,BACKEND,SUB-EVENT,attn_11_head_1_value_Transpose/output_converted_UFIXED_POINT_8:OpId_32607 (cycles)
55842143040,EXECUTE,873,CYCLES,BACKEND,SUB-EVENT,attn_11_head_0_query_Conv:OpId_32617 (cycles)
55842143040,EXECUTE,1201,CYCLES,BACKEND,SUB-EVENT,attn_11_head_1_query_Conv:OpId_32627 (cycles)
55842143040,EXECUTE,748,CYCLES,BACKEND,SUB-EVENT,attn_11_head_2_query_Conv:OpId_32637 (cycles)
55842143040,EXECUTE,757,CYCLES,BACKEND,SUB-EVENT,attn_11_head_3_query_Conv:OpId_32647 (cycles)
55842143040,EXECUTE,709,CYCLES,BACKEND,SUB-EVENT,attn_11_head_4_query_Conv:OpId_32657 (cycles)
55842143040,EXECUTE,744,CYCLES,BACKEND,SUB-EVENT,attn_11_head_5_query_Conv:OpId_32667 (cycles)
55842143040,EXECUTE,945,CYCLES,BACKEND,SUB-EVENT,attn_11_head_6_query_Conv:OpId_32677 (cycles)
55842143040,EXECUTE,754,CYCLES,BACKEND,SUB-EVENT,attn_11_head_7_query_Conv:OpId_32687 (cycles)
55842143040,EXECUTE,826,CYCLES,BACKEND,SUB-EVENT,attn_11_head_8_query_Conv:OpId_32697 (cycles)
55842143040,EXECUTE,1218,CYCLES,BACKEND,SUB-EVENT,attn_11_head_9_query_Conv:OpId_32707 (cycles)
55842143040,EXECUTE,1096,CYCLES,BACKEND,SUB-EVENT,attn_11_head_10_query_Conv:OpId_32717 (cycles)
55842143040,EXECUTE,933,CYCLES,BACKEND,SUB-EVENT,attn_11_head_11_query_Conv:OpId_32727 (cycles)
55842143040,EXECUTE,684,CYCLES,BACKEND,SUB-EVENT,attn_11_head_12_query_Conv:OpId_32737 (cycles)
55842143040,EXECUTE,987,CYCLES,BACKEND,SUB-EVENT,attn_11_head_13_query_Conv:OpId_32747 (cycles)
55842143040,EXECUTE,697,CYCLES,BACKEND,SUB-EVENT,Slice_396:OpId_32751 (cycles)
55842143040,EXECUTE,610,CYCLES,BACKEND,SUB-EVENT,Slice_397:OpId_32757 (cycles)
55842143040,EXECUTE,203,CYCLES,BACKEND,SUB-EVENT,Slice_398:OpId_32763 (cycles)
55842143040,EXECUTE,209,CYCLES,BACKEND,SUB-EVENT,Slice_399:OpId_32769 (cycles)
55842143040,EXECUTE,0,CYCLES,BACKEND,SUB-EVENT,Concat_274:OpId_32774 (cycles)
55842143040,EXECUTE,199,CYCLES,BACKEND,SUB-EVENT,Slice_404:OpId_32777 (cycles)
55842143040,EXECUTE,180,CYCLES,BACKEND,SUB-EVENT,Slice_405:OpId_32783 (cycles)
55842143040,EXECUTE,262,CYCLES,BACKEND,SUB-EVENT,Slice_406:OpId_32789 (cycles)
55842143040,EXECUTE,277,CYCLES,BACKEND,SUB-EVENT,Slice_407:OpId_32795 (cycles)
55842143040,EXECUTE,220,CYCLES,BACKEND,SUB-EVENT,Slice_408:OpId_32801 (cycles)
55842143040,EXECUTE,142,CYCLES,BACKEND,SUB-EVENT,Slice_409:OpId_32807 (cycles)
55842143040,EXECUTE,203,CYCLES,BACKEND,SUB-EVENT,Slice_410:OpId_32813 (cycles)
55842143040,EXECUTE,219,CYCLES,BACKEND,SUB-EVENT,Slice_411:OpId_32819 (cycles)
55842143040,EXECUTE,214,CYCLES,BACKEND,SUB-EVENT,Slice_412:OpId_32825 (cycles)
55842143040,EXECUTE,161,CYCLES,BACKEND,SUB-EVENT,Slice_413:OpId_32831 (cycles)
55842143040,EXECUTE,213,CYCLES,BACKEND,SUB-EVENT,Slice_414:OpId_32837 (cycles)
55842143040,EXECUTE,197,CYCLES,BACKEND,SUB-EVENT,Slice_415:OpId_32843 (cycles)
55842143040,EXECUTE,233,CYCLES,BACKEND,SUB-EVENT,Slice_416:OpId_32849 (cycles)
55842143040,EXECUTE,422,CYCLES,BACKEND,SUB-EVENT,Slice_417:OpId_32855 (cycles)
55842143040,EXECUTE,370,CYCLES,BACKEND,SUB-EVENT,Slice_418:OpId_32861 (cycles)
55842143040,EXECUTE,191,CYCLES,BACKEND,SUB-EVENT,Slice_419:OpId_32867 (cycles)
55842143040,EXECUTE,291,CYCLES,BACKEND,SUB-EVENT,Slice_420:OpId_32873 (cycles)
55842143040,EXECUTE,162,CYCLES,BACKEND,SUB-EVENT,Slice_421:OpId_32879 (cycles)
55842143040,EXECUTE,637,CYCLES,BACKEND,SUB-EVENT,Slice_422:OpId_32885 (cycles)
55842143040,EXECUTE,290,CYCLES,BACKEND,SUB-EVENT,Slice_423:OpId_32891 (cycles)
55842143040,EXECUTE,144,CYCLES,BACKEND,SUB-EVENT,Slice_424:OpId_32897 (cycles)
55842143040,EXECUTE,148,CYCLES,BACKEND,SUB-EVENT,Slice_425:OpId_32903 (cycles)
55842143040,EXECUTE,250,CYCLES,BACKEND,SUB-EVENT,Slice_426:OpId_32909 (cycles)
55842143040,EXECUTE,197,CYCLES,BACKEND,SUB-EVENT,Slice_427:OpId_32915 (cycles)
55842143040,EXECUTE,206,CYCLES,BACKEND,SUB-EVENT,Slice_428:OpId_32921 (cycles)
55842143040,EXECUTE,205,CYCLES,BACKEND,SUB-EVENT,Slice_429:OpId_32927 (cycles)
55842143040,EXECUTE,195,CYCLES,BACKEND,SUB-EVENT,Slice_430:OpId_32933 (cycles)
55842143040,EXECUTE,163,CYCLES,BACKEND,SUB-EVENT,Slice_431:OpId_32939 (cycles)
55842143040,EXECUTE,8308,CYCLES,BACKEND,SUB-EVENT,Concat_256:OpId_32944 (cycles)
55842143040,EXECUTE,5161,CYCLES,BACKEND,SUB-EVENT,Concat_258:OpId_32946 (cycles)
55842143040,EXECUTE,511,CYCLES,BACKEND,SUB-EVENT,Mul_704:OpId_32948 (cycles)
55842143040,EXECUTE,453,CYCLES,BACKEND,SUB-EVENT,Mul_706:OpId_32950 (cycles)
55842143040,EXECUTE,522,CYCLES,BACKEND,SUB-EVENT,Mul_705:OpId_32952 (cycles)
55842143040,EXECUTE,393,CYCLES,BACKEND,SUB-EVENT,Mul_707:OpId_32954 (cycles)
55842143040,EXECUTE,201,CYCLES,BACKEND,SUB-EVENT,Mul_708:OpId_32956 (cycles)
55842143040,EXECUTE,234,CYCLES,BACKEND,SUB-EVENT,Mul_710:OpId_32958 (cycles)
55842143040,EXECUTE,167,CYCLES,BACKEND,SUB-EVENT,Mul_709:OpId_32960 (cycles)
55842143040,EXECUTE,167,CYCLES,BACKEND,SUB-EVENT,Mul_711:OpId_32962 (cycles)
55842143040,EXECUTE,463,CYCLES,BACKEND,SUB-EVENT,Mul_712:OpId_32964 (cycles)
55842143040,EXECUTE,294,CYCLES,BACKEND,SUB-EVENT,Mul_714:OpId_32966 (cycles)
55842143040,EXECUTE,377,CYCLES,BACKEND,SUB-EVENT,Mul_713:OpId_32968 (cycles)
55842143040,EXECUTE,346,CYCLES,BACKEND,SUB-EVENT,Mul_715:OpId_32970 (cycles)
55842143040,EXECUTE,195,CYCLES,BACKEND,SUB-EVENT,Mul_716:OpId_32972 (cycles)
55842143040,EXECUTE,214,CYCLES,BACKEND,SUB-EVENT,Mul_718:OpId_32974 (cycles)
55842143040,EXECUTE,185,CYCLES,BACKEND,SUB-EVENT,Mul_717:OpId_32976 (cycles)
55842143040,EXECUTE,171,CYCLES,BACKEND,SUB-EVENT,Mul_719:OpId_32978 (cycles)
55842143040,EXECUTE,233,CYCLES,BACKEND,SUB-EVENT,Mul_720:OpId_32980 (cycles)
55842143040,EXECUTE,167,CYCLES,BACKEND,SUB-EVENT,Mul_722:OpId_32982 (cycles)
55842143040,EXECUTE,196,CYCLES,BACKEND,SUB-EVENT,Mul_721:OpId_32984 (cycles)
55842143040,EXECUTE,189,CYCLES,BACKEND,SUB-EVENT,Mul_723:OpId_32986 (cycles)
55842143040,EXECUTE,239,CYCLES,BACKEND,SUB-EVENT,Mul_724:OpId_32988 (cycles)
55842143040,EXECUTE,166,CYCLES,BACKEND,SUB-EVENT,Mul_726:OpId_32990 (cycles)
55842143040,EXECUTE,177,CYCLES,BACKEND,SUB-EVENT,Mul_725:OpId_32992 (cycles)
55842143040,EXECUTE,165,CYCLES,BACKEND,SUB-EVENT,Mul_727:OpId_32994 (cycles)
55842143040,EXECUTE,135,CYCLES,BACKEND,SUB-EVENT,Mul_728:OpId_32996 (cycles)
55842143040,EXECUTE,129,CYCLES,BACKEND,SUB-EVENT,Mul_730:OpId_32998 (cycles)
55842143040,EXECUTE,821,CYCLES,BACKEND,SUB-EVENT,Mul_729:OpId_33000 (cycles)
55842143040,EXECUTE,149,CYCLES,BACKEND,SUB-EVENT,Mul_731:OpId_33002 (cycles)
55842143040,EXECUTE,190,CYCLES,BACKEND,SUB-EVENT,Mul_732:OpId_33004 (cycles)
55842143040,EXECUTE,163,CYCLES,BACKEND,SUB-EVENT,Mul_734:OpId_33006 (cycles)
55842143040,EXECUTE,147,CYCLES,BACKEND,SUB-EVENT,Mul_733:OpId_33008 (cycles)
55842143040,EXECUTE,150,CYCLES,BACKEND,SUB-EVENT,Mul_735:OpId_33010 (cycles)
55842143040,EXECUTE,148,CYCLES,BACKEND,SUB-EVENT,Mul_736:OpId_33012 (cycles)
55842143040,EXECUTE,137,CYCLES,BACKEND,SUB-EVENT,Mul_738:OpId_33014 (cycles)
55842143040,EXECUTE,198,CYCLES,BACKEND,SUB-EVENT,Mul_737:OpId_33016 (cycles)
55842143040,EXECUTE,176,CYCLES,BACKEND,SUB-EVENT,Mul_739:OpId_33018 (cycles)
55842143040,EXECUTE,203,CYCLES,BACKEND,SUB-EVENT,Mul_740:OpId_33020 (cycles)
55842143040,EXECUTE,802,CYCLES,BACKEND,SUB-EVENT,Mul_742:OpId_33022 (cycles)
55842143040,EXECUTE,183,CYCLES,BACKEND,SUB-EVENT,Mul_741:OpId_33024 (cycles)
55842143040,EXECUTE,173,CYCLES,BACKEND,SUB-EVENT,Mul_743:OpId_33026 (cycles)
55842143040,EXECUTE,211,CYCLES,BACKEND,SUB-EVENT,Mul_744:OpId_33028 (cycles)
55842143040,EXECUTE,192,CYCLES,BACKEND,SUB-EVENT,Mul_746:OpId_33030 (cycles)
55842143040,EXECUTE,163,CYCLES,BACKEND,SUB-EVENT,Mul_745:OpId_33032 (cycles)
55842143040,EXECUTE,137,CYCLES,BACKEND,SUB-EVENT,Mul_747:OpId_33034 (cycles)
55842143040,EXECUTE,201,CYCLES,BACKEND,SUB-EVENT,Mul_748:OpId_33036 (cycles)
55842143040,EXECUTE,143,CYCLES,BACKEND,SUB-EVENT,Mul_750:OpId_33038 (cycles)
55842143040,EXECUTE,171,CYCLES,BACKEND,SUB-EVENT,Mul_749:OpId_33040 (cycles)
55842143040,EXECUTE,139,CYCLES,BACKEND,SUB-EVENT,Mul_751:OpId_33042 (cycles)
55842143040,EXECUTE,167,CYCLES,BACKEND,SUB-EVENT,Mul_752:OpId_33044 (cycles)
55842143040,EXECUTE,165,CYCLES,BACKEND,SUB-EVENT,Mul_754:OpId_33046 (cycles)
55842143040,EXECUTE,159,CYCLES,BACKEND,SUB-EVENT,Mul_753:OpId_33048 (cycles)
55842143040,EXECUTE,135,CYCLES,BACKEND,SUB-EVENT,Mul_755:OpId_33050 (cycles)
55842143040,EXECUTE,286,CYCLES,BACKEND,SUB-EVENT,Mul_756:OpId_33052 (cycles)
55842143040,EXECUTE,242,CYCLES,BACKEND,SUB-EVENT,Mul_758:OpId_33054 (cycles)
55842143040,EXECUTE,247,CYCLES,BACKEND,SUB-EVENT,Mul_757:OpId_33056 (cycles)
55842143040,EXECUTE,175,CYCLES,BACKEND,SUB-EVENT,Mul_759:OpId_33058 (cycles)
55842143040,EXECUTE,196,CYCLES,BACKEND,SUB-EVENT,Mul_760:OpId_33060 (cycles)
55842143040,EXECUTE,174,CYCLES,BACKEND,SUB-EVENT,Mul_762:OpId_33062 (cycles)
55842143040,EXECUTE,215,CYCLES,BACKEND,SUB-EVENT,Mul_761:OpId_33064 (cycles)
55842143040,EXECUTE,219,CYCLES,BACKEND,SUB-EVENT,Mul_763:OpId_33066 (cycles)
55842143040,EXECUTE,265,CYCLES,BACKEND,SUB-EVENT,Mul_764:OpId_33068 (cycles)
55842143040,EXECUTE,196,CYCLES,BACKEND,SUB-EVENT,Mul_766:OpId_33070 (cycles)
55842143040,EXECUTE,168,CYCLES,BACKEND,SUB-EVENT,Mul_765:OpId_33072 (cycles)
55842143040,EXECUTE,227,CYCLES,BACKEND,SUB-EVENT,Mul_767:OpId_33074 (cycles)
55842143040,EXECUTE,414,CYCLES,BACKEND,SUB-EVENT,Sub_176:OpId_33076 (cycles)
55842143040,EXECUTE,426,CYCLES,BACKEND,SUB-EVENT,Sub_176_converted_UFIXED_POINT_8:OpId_33078 (cycles)
55842143040,EXECUTE,504,CYCLES,BACKEND,SUB-EVENT,Add_330:OpId_33081 (cycles)
55842143040,EXECUTE,277,CYCLES,BACKEND,SUB-EVENT,Add_330_converted_UFIXED_POINT_8:OpId_33083 (cycles)
55842143040,EXECUTE,287,CYCLES,BACKEND,SUB-EVENT,Sub_177:OpId_33086 (cycles)
55842143040,EXECUTE,209,CYCLES,BACKEND,SUB-EVENT,Sub_177_converted_UFIXED_POINT_8:OpId_33088 (cycles)
55842143040,EXECUTE,274,CYCLES,BACKEND,SUB-EVENT,Add_331:OpId_33091 (cycles)
55842143040,EXECUTE,190,CYCLES,BACKEND,SUB-EVENT,Add_331_converted_UFIXED_POINT_8:OpId_33093 (cycles)
55842143040,EXECUTE,1298,CYCLES,BACKEND,SUB-EVENT,Sub_178:OpId_33096 (cycles)
55842143040,EXECUTE,1619,CYCLES,BACKEND,SUB-EVENT,Add_332:OpId_33098 (cycles)
55842143040,EXECUTE,381,CYCLES,BACKEND,SUB-EVENT,Sub_179:OpId_33100 (cycles)
55842143040,EXECUTE,411,CYCLES,BACKEND,SUB-EVENT,Add_334:OpId_33102 (cycles)
55842143040,EXECUTE,503,CYCLES,BACKEND,SUB-EVENT,Sub_180:OpId_33104 (cycles)
55842143040,EXECUTE,474,CYCLES,BACKEND,SUB-EVENT,Add_336:OpId_33106 (cycles)
55842143040,EXECUTE,411,CYCLES,BACKEND,SUB-EVENT,Sub_181:OpId_33108 (cycles)
55842143040,EXECUTE,501,CYCLES,BACKEND,SUB-EVENT,Add_338:OpId_33110 (cycles)
55842143040,EXECUTE,445,CYCLES,BACKEND,SUB-EVENT,Sub_182:OpId_33112 (cycles)
55842143040,EXECUTE,536,CYCLES,BACKEND,SUB-EVENT,Add_340:OpId_33114 (cycles)
55842143040,EXECUTE,442,CYCLES,BACKEND,SUB-EVENT,Sub_183:OpId_33116 (cycles)
55842143040,EXECUTE,454,CYCLES,BACKEND,SUB-EVENT,Add_342:OpId_33118 (cycles)
55842143040,EXECUTE,546,CYCLES,BACKEND,SUB-EVENT,Sub_184:OpId_33120 (cycles)
55842143040,EXECUTE,554,CYCLES,BACKEND,SUB-EVENT,Add_344:OpId_33122 (cycles)
55842143040,EXECUTE,723,CYCLES,BACKEND,SUB-EVENT,Sub_185:OpId_33124 (cycles)
55842143040,EXECUTE,447,CYCLES,BACKEND,SUB-EVENT,Add_346:OpId_33126 (cycles)
55842143040,EXECUTE,606,CYCLES,BACKEND,SUB-EVENT,Sub_186:OpId_33128 (cycles)
55842143040,EXECUTE,546,CYCLES,BACKEND,SUB-EVENT,Add_348:OpId_33130 (cycles)
55842143040,EXECUTE,426,CYCLES,BACKEND,SUB-EVENT,Sub_187:OpId_33132 (cycles)
55842143040,EXECUTE,524,CYCLES,BACKEND,SUB-EVENT,Add_350:OpId_33134 (cycles)
55842143040,EXECUTE,631,CYCLES,BACKEND,SUB-EVENT,Sub_188:OpId_33136 (cycles)
55842143040,EXECUTE,1072,CYCLES,BACKEND,SUB-EVENT,Add_352:OpId_33138 (cycles)
55842143040,EXECUTE,573,CYCLES,BACKEND,SUB-EVENT,Sub_189:OpId_33140 (cycles)
55842143040,EXECUTE,589,CYCLES,BACKEND,SUB-EVENT,Add_354:OpId_33142 (cycles)
55842143040,EXECUTE,740,CYCLES,BACKEND,SUB-EVENT,Sub_190:OpId_33144 (cycles)
55842143040,EXECUTE,627,CYCLES,BACKEND,SUB-EVENT,Add_356:OpId_33146 (cycles)
55842143040,EXECUTE,591,CYCLES,BACKEND,SUB-EVENT,Sub_191:OpId_33148 (cycles)
55842143040,EXECUTE,533,CYCLES,BACKEND,SUB-EVENT,Add_358:OpId_33150 (cycles)
55842143040,EXECUTE,1035,CYCLES,BACKEND,SUB-EVENT,Concat_253:OpId_33152 (cycles)
55842143040,EXECUTE,1287,CYCLES,BACKEND,SUB-EVENT,Concat_254:OpId_33154 (cycles)
55842143040,EXECUTE,0,CYCLES,BACKEND,SUB-EVENT,Concat_259:OpId_33156 (cycles)
55842143040,EXECUTE,0,CYCLES,BACKEND,SUB-EVENT,Concat_260:OpId_33158 (cycles)
55842143040,EXECUTE,0,CYCLES,BACKEND,SUB-EVENT,Concat_261:OpId_33160 (cycles)
55842143040,EXECUTE,0,CYCLES,BACKEND,SUB-EVENT,Concat_262:OpId_33162 (cycles)
55842143040,EXECUTE,0,CYCLES,BACKEND,SUB-EVENT,Concat_263:OpId_33164 (cycles)
55842143040,EXECUTE,0,CYCLES,BACKEND,SUB-EVENT,Concat_264:OpId_33166 (cycles)
55842143040,EXECUTE,0,CYCLES,BACKEND,SUB-EVENT,Concat_265:OpId_33168 (cycles)
55842143040,EXECUTE,0,CYCLES,BACKEND,SUB-EVENT,Concat_266:OpId_33170 (cycles)
55842143040,EXECUTE,0,CYCLES,BACKEND,SUB-EVENT,Concat_267:OpId_33172 (cycles)
55842143040,EXECUTE,0,CYCLES,BACKEND,SUB-EVENT,Concat_268:OpId_33174 (cycles)
55842143040,EXECUTE,0,CYCLES,BACKEND,SUB-EVENT,Concat_269:OpId_33176 (cycles)
55842143040,EXECUTE,0,CYCLES,BACKEND,SUB-EVENT,Concat_270:OpId_33178 (cycles)
55842143040,EXECUTE,0,CYCLES,BACKEND,SUB-EVENT,Concat_271:OpId_33180 (cycles)
55842143040,EXECUTE,0,CYCLES,BACKEND,SUB-EVENT,Concat_272:OpId_33182 (cycles)
55842143040,EXECUTE,0,CYCLES,BACKEND,SUB-EVENT,attn_11_head_0_key_Transpose_0:OpId_33185 (cycles)
55842143040,EXECUTE,0,CYCLES,BACKEND,SUB-EVENT,attn_11_head_1_key_Transpose_0:OpId_33187 (cycles)
55842143040,EXECUTE,0,CYCLES,BACKEND,SUB-EVENT,Concat_255:OpId_33188 (cycles)
55842143040,EXECUTE,0,CYCLES,BACKEND,SUB-EVENT,Concat_257:OpId_33190 (cycles)
55842143040,EXECUTE,0,CYCLES,BACKEND,SUB-EVENT,Concat_273:OpId_33192 (cycles)
55842143040,EXECUTE,125099,CYCLES,BACKEND,SUB-EVENT,attn_11_head_0_qk_MatMul_0:OpId_33194 (cycles)
55842143040,EXECUTE,7061,CYCLES,BACKEND,SUB-EVENT,attn_11_head_1_qk_MatMul_0:OpId_33198 (cycles)
55842143040,EXECUTE,6563,CYCLES,BACKEND,SUB-EVENT,attn_11_head_2_qk_MatMul_0:OpId_33202 (cycles)
55842143040,EXECUTE,8033,CYCLES,BACKEND,SUB-EVENT,attn_11_head_3_qk_MatMul_0:OpId_33206 (cycles)
55842143040,EXECUTE,7687,CYCLES,BACKEND,SUB-EVENT,attn_11_head_4_qk_MatMul_0:OpId_33210 (cycles)
55842143040,EXECUTE,7680,CYCLES,BACKEND,SUB-EVENT,attn_11_head_5_qk_MatMul_0:OpId_33214 (cycles)
55842143040,EXECUTE,7851,CYCLES,BACKEND,SUB-EVENT,attn_11_head_6_qk_MatMul_0:OpId_33218 (cycles)
55842143040,EXECUTE,130865,CYCLES,BACKEND,SUB-EVENT,attn_11_head_7_qk_MatMul_0:OpId_33222 (cycles)
55842143040,EXECUTE,8043,CYCLES,BACKEND,SUB-EVENT,attn_11_head_8_qk_MatMul_0:OpId_33226 (cycles)
55842143040,EXECUTE,8305,CYCLES,BACKEND,SUB-EVENT,attn_11_head_9_qk_MatMul_0:OpId_33230 (cycles)
55842143040,EXECUTE,6881,CYCLES,BACKEND,SUB-EVENT,attn_11_head_10_qk_MatMul_0:OpId_33234 (cycles)
55842143040,EXECUTE,6524,CYCLES,BACKEND,SUB-EVENT,attn_11_head_11_qk_MatMul_0:OpId_33238 (cycles)
55842143040,EXECUTE,6122,CYCLES,BACKEND,SUB-EVENT,attn_11_head_12_qk_MatMul_0:OpId_33242 (cycles)
55842143040,EXECUTE,6277,CYCLES,BACKEND,SUB-EVENT,attn_11_head_13_qk_MatMul_0:OpId_33246 (cycles)
55842143040,EXECUTE,17362,CYCLES,BACKEND,SUB-EVENT,Add_333:OpId_33250 (cycles)
55842143040,EXECUTE,16902,CYCLES,BACKEND,SUB-EVENT,Add_335:OpId_33252 (cycles)
55842143040,EXECUTE,16751,CYCLES,BACKEND,SUB-EVENT,Add_337:OpId_33254 (cycles)
55842143040,EXECUTE,17096,CYCLES,BACKEND,SUB-EVENT,Add_339:OpId_33256 (cycles)
55842143040,EXECUTE,17686,CYCLES,BACKEND,SUB-EVENT,Add_341:OpId_33258 (cycles)
55842143040,EXECUTE,16273,CYCLES,BACKEND,SUB-EVENT,Add_343:OpId_33260 (cycles)
55842143040,EXECUTE,16916,CYCLES,BACKEND,SUB-EVENT,Add_345:OpId_33262 (cycles)
55842143040,EXECUTE,16937,CYCLES,BACKEND,SUB-EVENT,Add_347:OpId_33264 (cycles)
55842143040,EXECUTE,17354,CYCLES,BACKEND,SUB-EVENT,Add_349:OpId_33266 (cycles)
55842143040,EXECUTE,19001,CYCLES,BACKEND,SUB-EVENT,Add_351:OpId_33268 (cycles)
55842143040,EXECUTE,19123,CYCLES,BACKEND,SUB-EVENT,Add_353:OpId_33270 (cycles)
55842143040,EXECUTE,17876,CYCLES,BACKEND,SUB-EVENT,Add_355:OpId_33272 (cycles)
55842143040,EXECUTE,17792,CYCLES,BACKEND,SUB-EVENT,Add_357:OpId_33274 (cycles)
55842143040,EXECUTE,16901,CYCLES,BACKEND,SUB-EVENT,Add_359:OpId_33276 (cycles)
55842143040,EXECUTE,10910,CYCLES,BACKEND,SUB-EVENT,attn_11_head_0_Softmax_0:OpId_33278 (cycles)
55842143040,EXECUTE,10895,CYCLES,BACKEND,SUB-EVENT,attn_11_head_1_Softmax_0:OpId_33281 (cycles)
55842143040,EXECUTE,12614,CYCLES,BACKEND,SUB-EVENT,attn_11_head_2_Softmax_0:OpId_33284 (cycles)
55842143040,EXECUTE,11739,CYCLES,BACKEND,SUB-EVENT,attn_11_head_3_Softmax_0:OpId_33287 (cycles)
55842143040,EXECUTE,10904,CYCLES,BACKEND,SUB-EVENT,attn_11_head_4_Softmax_0:OpId_33290 (cycles)
55842143040,EXECUTE,12821,CYCLES,BACKEND,SUB-EVENT,attn_11_head_5_Softmax_0:OpId_33293 (cycles)
55842143040,EXECUTE,10665,CYCLES,BACKEND,SUB-EVENT,attn_11_head_6_Softmax_0:OpId_33296 (cycles)
55842143040,EXECUTE,11633,CYCLES,BACKEND,SUB-EVENT,attn_11_head_7_Softmax_0:OpId_33299 (cycles)
55842143040,EXECUTE,11650,CYCLES,BACKEND,SUB-EVENT,attn_11_head_8_Softmax_0:OpId_33302 (cycles)
55842143040,EXECUTE,11684,CYCLES,BACKEND,SUB-EVENT,attn_11_head_9_Softmax_0:OpId_33305 (cycles)
55842143040,EXECUTE,11136,CYCLES,BACKEND,SUB-EVENT,attn_11_head_10_Softmax_0:OpId_33308 (cycles)
55842143040,EXECUTE,10406,CYCLES,BACKEND,SUB-EVENT,attn_11_head_11_Softmax_0:OpId_33311 (cycles)
55842143040,EXECUTE,12175,CYCLES,BACKEND,SUB-EVENT,attn_11_head_12_Softmax_0:OpId_33314 (cycles)
55842143040,EXECUTE,10454,CYCLES,BACKEND,SUB-EVENT,attn_11_head_13_Softmax_0:OpId_33317 (cycles)
55842143040,EXECUTE,40128,CYCLES,BACKEND,SUB-EVENT,attn_11_head_0_qkv_MatMul_0:OpId_33320 (cycles)
55842143040,EXECUTE,1381,CYCLES,BACKEND,SUB-EVENT,attn_11_head_1_qkv_MatMul_0:OpId_33324 (cycles)
55842143040,EXECUTE,1382,CYCLES,BACKEND,SUB-EVENT,attn_11_head_2_qkv_MatMul_0:OpId_33328 (cycles)
55842143040,EXECUTE,1269,CYCLES,BACKEND,SUB-EVENT,attn_11_head_3_qkv_MatMul_0:OpId_33332 (cycles)
55842143040,EXECUTE,1282,CYCLES,BACKEND,SUB-EVENT,attn_11_head_4_qkv_MatMul_0:OpId_33336 (cycles)
55842143040,EXECUTE,1505,CYCLES,BACKEND,SUB-EVENT,attn_11_head_5_qkv_MatMul_0:OpId_33340 (cycles)
55842143040,EXECUTE,1265,CYCLES,BACKEND,SUB-EVENT,attn_11_head_6_qkv_MatMul_0:OpId_33344 (cycles)
55842143040,EXECUTE,42522,CYCLES,BACKEND,SUB-EVENT,attn_11_head_7_qkv_MatMul_0:OpId_33348 (cycles)
55842143040,EXECUTE,1232,CYCLES,BACKEND,SUB-EVENT,attn_11_head_8_qkv_MatMul_0:OpId_33352 (cycles)
55842143040,EXECUTE,1251,CYCLES,BACKEND,SUB-EVENT,attn_11_head_9_qkv_MatMul_0:OpId_33356 (cycles)
55842143040,EXECUTE,1379,CYCLES,BACKEND,SUB-EVENT,attn_11_head_10_qkv_MatMul_0:OpId_33360 (cycles)
55842143040,EXECUTE,1218,CYCLES,BACKEND,SUB-EVENT,attn_11_head_11_qkv_MatMul_0:OpId_33364 (cycles)
55842143040,EXECUTE,1196,CYCLES,BACKEND,SUB-EVENT,attn_11_head_12_qkv_MatMul_0:OpId_33368 (cycles)
55842143040,EXECUTE,1314,CYCLES,BACKEND,SUB-EVENT,attn_11_head_13_qkv_MatMul_0:OpId_33372 (cycles)
55842143040,EXECUTE,0,CYCLES,BACKEND,SUB-EVENT,Concat_275:OpId_33376 (cycles)
55842143040,EXECUTE,0,CYCLES,BACKEND,SUB-EVENT,Reshape_13:OpId_33378 (cycles)
55842143040,EXECUTE,0,CYCLES,BACKEND,SUB-EVENT,model_layers_11_self_attn_Transpose_6:OpId_33380 (cycles)
55842143040,EXECUTE,16436,CYCLES,BACKEND,SUB-EVENT,model_layers_11_self_attn_o_proj_conv_Conv:OpId_33388 (cycles)
55842143040,EXECUTE,455,CYCLES,BACKEND,SUB-EVENT,/model_layers_11_self_attn_o_proj_conv_Conv/Conv_output_0.nchw:OpId_33392 (cycles)
55842143040,EXECUTE,0,CYCLES,BACKEND,SUB-EVENT,model_layers_11_self_attn_Reshape_9:OpId_33393 (cycles)
55842143040,EXECUTE,3232,CYCLES,BACKEND,SUB-EVENT,model_layers_11_Add:OpId_33394 (cycles)
55842143040,EXECUTE,6492,CYCLES,BACKEND,SUB-EVENT,rms_norm_44:OpId_33399 (cycles)
55842143040,EXECUTE,0,CYCLES,BACKEND,SUB-EVENT,model_layers_11_mlp_Reshape:OpId_33402 (cycles)
55842143040,EXECUTE,0,CYCLES,BACKEND,SUB-EVENT,model_layers_11_mlp_Transpose:OpId_33404 (cycles)
55842143040,EXECUTE,82504,CYCLES,BACKEND,SUB-EVENT,model_layers_11_mlp_gate_proj_conv_Conv:OpId_33412 (cycles)
55842143040,EXECUTE,59092,CYCLES,BACKEND,SUB-EVENT,model_layers_11_mlp_up_proj_conv_Conv:OpId_33422 (cycles)
55842143040,EXECUTE,0,CYCLES,BACKEND,SUB-EVENT,model_layers_11_mlp_act_fn_Sigmoid:OpId_33425 (cycles)
55842143040,EXECUTE,35581,CYCLES,BACKEND,SUB-EVENT,model_layers_11_mlp_act_fn_Mul:OpId_33432 (cycles)
55842143040,EXECUTE,15343,CYCLES,BACKEND,SUB-EVENT,model_layers_11_mlp_Mul:OpId_33434 (cycles)
55842143040,EXECUTE,60109,CYCLES,BACKEND,SUB-EVENT,model_layers_11_mlp_down_proj_conv_Conv:OpId_33443 (cycles)
55842143040,EXECUTE,531,CYCLES,BACKEND,SUB-EVENT,/model_layers_11_mlp_down_proj_conv_Conv/Conv_output_0.nchw:OpId_33447 (cycles)
55842143040,EXECUTE,0,CYCLES,BACKEND,SUB-EVENT,model_layers_11_mlp_Reshape_1:OpId_33448 (cycles)
55842143040,EXECUTE,3211,CYCLES,BACKEND,SUB-EVENT,model_layers_11_Add_1:OpId_33449 (cycles)
55842143040,EXECUTE,7985,CYCLES,BACKEND,SUB-EVENT,rms_norm_46:OpId_33454 (cycles)
55842143040,EXECUTE,0,CYCLES,BACKEND,SUB-EVENT,model_layers_12_self_attn_Reshape:OpId_33457 (cycles)
55842143040,EXECUTE,0,CYCLES,BACKEND,SUB-EVENT,model_layers_12_self_attn_Transpose:OpId_33459 (cycles)
55842143040,EXECUTE,1006,CYCLES,BACKEND,SUB-EVENT,attn_12_head_0_key_Conv:OpId_33467 (cycles)
55842143040,EXECUTE,860,CYCLES,BACKEND,SUB-EVENT,attn_12_head_0_value_Conv:OpId_33477 (cycles)
55842143040,EXECUTE,823,CYCLES,BACKEND,SUB-EVENT,attn_12_head_0_value_Transpose/output_converted_UFIXED_POINT_8:OpId_33480 (cycles)
55842143040,EXECUTE,912,CYCLES,BACKEND,SUB-EVENT,attn_12_head_1_key_Conv:OpId_33490 (cycles)
55842143040,EXECUTE,1138,CYCLES,BACKEND,SUB-EVENT,attn_12_head_1_value_Conv:OpId_33500 (cycles)
55842143040,EXECUTE,501,CYCLES,BACKEND,SUB-EVENT,attn_12_head_1_value_Transpose/output_converted_UFIXED_POINT_8:OpId_33503 (cycles)
55842143040,EXECUTE,1513,CYCLES,BACKEND,SUB-EVENT,attn_12_head_0_query_Conv:OpId_33513 (cycles)
55842143040,EXECUTE,733,CYCLES,BACKEND,SUB-EVENT,attn_12_head_1_query_Conv:OpId_33523 (cycles)
55842143040,EXECUTE,759,CYCLES,BACKEND,SUB-EVENT,attn_12_head_2_query_Conv:OpId_33533 (cycles)
55842143040,EXECUTE,671,CYCLES,BACKEND,SUB-EVENT,attn_12_head_3_query_Conv:OpId_33543 (cycles)
55842143040,EXECUTE,967,CYCLES,BACKEND,SUB-EVENT,attn_12_head_4_query_Conv:OpId_33553 (cycles)
55842143040,EXECUTE,781,CYCLES,BACKEND,SUB-EVENT,attn_12_head_5_query_Conv:OpId_33563 (cycles)
55842143040,EXECUTE,837,CYCLES,BACKEND,SUB-EVENT,attn_12_head_6_query_Conv:OpId_33573 (cycles)
55842143040,EXECUTE,762,CYCLES,BACKEND,SUB-EVENT,attn_12_head_7_query_Conv:OpId_33583 (cycles)
55842143040,EXECUTE,627,CYCLES,BACKEND,SUB-EVENT,attn_12_head_8_query_Conv:OpId_33593 (cycles)
55842143040,EXECUTE,814,CYCLES,BACKEND,SUB-EVENT,attn_12_head_9_query_Conv:OpId_33603 (cycles)
55842143040,EXECUTE,879,CYCLES,BACKEND,SUB-EVENT,attn_12_head_10_query_Conv:OpId_33613 (cycles)
55842143040,EXECUTE,1012,CYCLES,BACKEND,SUB-EVENT,attn_12_head_11_query_Conv:OpId_33623 (cycles)
55842143040,EXECUTE,731,CYCLES,BACKEND,SUB-EVENT,attn_12_head_12_query_Conv:OpId_33633 (cycles)
55842143040,EXECUTE,660,CYCLES,BACKEND,SUB-EVENT,attn_12_head_13_query_Conv:OpId_33643 (cycles)
55842143040,EXECUTE,338,CYCLES,BACKEND,SUB-EVENT,Slice_432:OpId_33647 (cycles)
55842143040,EXECUTE,290,CYCLES,BACKEND,SUB-EVENT,Slice_433:OpId_33653 (cycles)
55842143040,EXECUTE,213,CYCLES,BACKEND,SUB-EVENT,Slice_434:OpId_33659 (cycles)
55842143040,EXECUTE,230,CYCLES,BACKEND,SUB-EVENT,Slice_435:OpId_33665 (cycles)
55842143040,EXECUTE,0,CYCLES,BACKEND,SUB-EVENT,Concat_297:OpId_33670 (cycles)
55842143040,EXECUTE,223,CYCLES,BACKEND,SUB-EVENT,Slice_440:OpId_33673 (cycles)
55842143040,EXECUTE,183,CYCLES,BACKEND,SUB-EVENT,Slice_441:OpId_33679 (cycles)
55842143040,EXECUTE,217,CYCLES,BACKEND,SUB-EVENT,Slice_442:OpId_33685 (cycles)
55842143040,EXECUTE,286,CYCLES,BACKEND,SUB-EVENT,Slice_443:OpId_33691 (cycles)
55842143040,EXECUTE,260,CYCLES,BACKEND,SUB-EVENT,Slice_444:OpId_33697 (cycles)
55842143040,EXECUTE,202,CYCLES,BACKEND,SUB-EVENT,Slice_445:OpId_33703 (cycles)
55842143040,EXECUTE,207,CYCLES,BACKEND,SUB-EVENT,Slice_446:OpId_33709 (cycles)
55842143040,EXECUTE,175,CYCLES,BACKEND,SUB-EVENT,Slice_447:OpId_33715 (cycles)
55842143040,EXECUTE,270,CYCLES,BACKEND,SUB-EVENT,Slice_448:OpId_33721 (cycles)
55842143040,EXECUTE,199,CYCLES,BACKEND,SUB-EVENT,Slice_449:OpId_33727 (cycles)
55842143040,EXECUTE,242,CYCLES,BACKEND,SUB-EVENT,Slice_450:OpId_33733 (cycles)
55842143040,EXECUTE,178,CYCLES,BACKEND,SUB-EVENT,Slice_451:OpId_33739 (cycles)
55842143040,EXECUTE,299,CYCLES,BACKEND,SUB-EVENT,Slice_452:OpId_33745 (cycles)
55842143040,EXECUTE,235,CYCLES,BACKEND,SUB-EVENT,Slice_453:OpId_33751 (cycles)
55842143040,EXECUTE,203,CYCLES,BACKEND,SUB-EVENT,Slice_454:OpId_33757 (cycles)
55842143040,EXECUTE,218,CYCLES,BACKEND,SUB-EVENT,Slice_455:OpId_33763 (cycles)
55842143040,EXECUTE,248,CYCLES,BACKEND,SUB-EVENT,Slice_456:OpId_33769 (cycles)
55842143040,EXECUTE,236,CYCLES,BACKEND,SUB-EVENT,Slice_457:OpId_33775 (cycles)
55842143040,EXECUTE,301,CYCLES,BACKEND,SUB-EVENT,Slice_458:OpId_33781 (cycles)
55842143040,EXECUTE,207,CYCLES,BACKEND,SUB-EVENT,Slice_459:OpId_33787 (cycles)
55842143040,EXECUTE,230,CYCLES,BACKEND,SUB-EVENT,Slice_460:OpId_33793 (cycles)
55842143040,EXECUTE,139,CYCLES,BACKEND,SUB-EVENT,Slice_461:OpId_33799 (cycles)
55842143040,EXECUTE,254,CYCLES,BACKEND,SUB-EVENT,Slice_462:OpId_33805 (cycles)
55842143040,EXECUTE,189,CYCLES,BACKEND,SUB-EVENT,Slice_463:OpId_33811 (cycles)
55842143040,EXECUTE,270,CYCLES,BACKEND,SUB-EVENT,Slice_464:OpId_33817 (cycles)
55842143040,EXECUTE,226,CYCLES,BACKEND,SUB-EVENT,Slice_465:OpId_33823 (cycles)
55842143040,EXECUTE,242,CYCLES,BACKEND,SUB-EVENT,Slice_466:OpId_33829 (cycles)
55842143040,EXECUTE,186,CYCLES,BACKEND,SUB-EVENT,Slice_467:OpId_33835 (cycles)
55842143040,EXECUTE,8126,CYCLES,BACKEND,SUB-EVENT,Concat_279:OpId_33840 (cycles)
55842143040,EXECUTE,5373,CYCLES,BACKEND,SUB-EVENT,Concat_281:OpId_33842 (cycles)
55842143040,EXECUTE,783,CYCLES,BACKEND,SUB-EVENT,Mul_768:OpId_33844 (cycles)
55842143040,EXECUTE,680,CYCLES,BACKEND,SUB-EVENT,Mul_770:OpId_33846 (cycles)
55842143040,EXECUTE,364,CYCLES,BACKEND,SUB-EVENT,Mul_769:OpId_33848 (cycles)
55842143040,EXECUTE,269,CYCLES,BACKEND,SUB-EVENT,Mul_771:OpId_33850 (cycles)
55842143040,EXECUTE,268,CYCLES,BACKEND,SUB-EVENT,Mul_772:OpId_33852 (cycles)
55842143040,EXECUTE,210,CYCLES,BACKEND,SUB-EVENT,Mul_774:OpId_33854 (cycles)
55842143040,EXECUTE,160,CYCLES,BACKEND,SUB-EVENT,Mul_773:OpId_33856 (cycles)
55842143040,EXECUTE,143,CYCLES,BACKEND,SUB-EVENT,Mul_775:OpId_33858 (cycles)
55842143040,EXECUTE,630,CYCLES,BACKEND,SUB-EVENT,Mul_776:OpId_33860 (cycles)
55842143040,EXECUTE,571,CYCLES,BACKEND,SUB-EVENT,Mul_778:OpId_33862 (cycles)
55842143040,EXECUTE,495,CYCLES,BACKEND,SUB-EVENT,Mul_777:OpId_33864 (cycles)
55842143040,EXECUTE,356,CYCLES,BACKEND,SUB-EVENT,Mul_779:OpId_33866 (cycles)
55842143040,EXECUTE,238,CYCLES,BACKEND,SUB-EVENT,Mul_780:OpId_33868 (cycles)
55842143040,EXECUTE,207,CYCLES,BACKEND,SUB-EVENT,Mul_782:OpId_33870 (cycles)
55842143040,EXECUTE,202,CYCLES,BACKEND,SUB-EVENT,Mul_781:OpId_33872 (cycles)
55842143040,EXECUTE,159,CYCLES,BACKEND,SUB-EVENT,Mul_783:OpId_33874 (cycles)
55842143040,EXECUTE,232,CYCLES,BACKEND,SUB-EVENT,Mul_784:OpId_33876 (cycles)
55842143040,EXECUTE,194,CYCLES,BACKEND,SUB-EVENT,Mul_786:OpId_33878 (cycles)
55842143040,EXECUTE,148,CYCLES,BACKEND,SUB-EVENT,Mul_785:OpId_33880 (cycles)
55842143040,EXECUTE,190,CYCLES,BACKEND,SUB-EVENT,Mul_787:OpId_33882 (cycles)
55842143040,EXECUTE,216,CYCLES,BACKEND,SUB-EVENT,Mul_788:OpId_33884 (cycles)
55842143040,EXECUTE,125,CYCLES,BACKEND,SUB-EVENT,Mul_790:OpId_33886 (cycles)
55842143040,EXECUTE,203,CYCLES,BACKEND,SUB-EVENT,Mul_789:OpId_33888 (cycles)
55842143040,EXECUTE,184,CYCLES,BACKEND,SUB-EVENT,Mul_791:OpId_33890 (cycles)
55842143040,EXECUTE,254,CYCLES,BACKEND,SUB-EVENT,Mul_792:OpId_33892 (cycles)
55842143040,EXECUTE,153,CYCLES,BACKEND,SUB-EVENT,Mul_794:OpId_33894 (cycles)
55842143040,EXECUTE,189,CYCLES,BACKEND,SUB-EVENT,Mul_793:OpId_33896 (cycles)
55842143040,EXECUTE,219,CYCLES,BACKEND,SUB-EVENT,Mul_795:OpId_33898 (cycles)
55842143040,EXECUTE,174,CYCLES,BACKEND,SUB-EVENT,Mul_796:OpId_33900 (cycles)
55842143040,EXECUTE,136,CYCLES,BACKEND,SUB-EVENT,Mul_798:OpId_33902 (cycles)
55842143040,EXECUTE,159,CYCLES,BACKEND,SUB-EVENT,Mul_797:OpId_33904 (cycles)
55842143040,EXECUTE,171,CYCLES,BACKEND,SUB-EVENT,Mul_799:OpId_33906 (cycles)
55842143040,EXECUTE,198,CYCLES,BACKEND,SUB-EVENT,Mul_800:OpId_33908 (cycles)
55842143040,EXECUTE,155,CYCLES,BACKEND,SUB-EVENT,Mul_802:OpId_33910 (cycles)
55842143040,EXECUTE,134,CYCLES,BACKEND,SUB-EVENT,Mul_801:OpId_33912 (cycles)
55842143040,EXECUTE,159,CYCLES,BACKEND,SUB-EVENT,Mul_803:OpId_33914 (cycles)
55842143040,EXECUTE,142,CYCLES,BACKEND,SUB-EVENT,Mul_804:OpId_33916 (cycles)
55842143040,EXECUTE,123,CYCLES,BACKEND,SUB-EVENT,Mul_806:OpId_33918 (cycles)
55842143040,EXECUTE,199,CYCLES,BACKEND,SUB-EVENT,Mul_805:OpId_33920 (cycles)
55842143040,EXECUTE,156,CYCLES,BACKEND,SUB-EVENT,Mul_807:OpId_33922 (cycles)
55842143040,EXECUTE,181,CYCLES,BACKEND,SUB-EVENT,Mul_808:OpId_33924 (cycles)
55842143040,EXECUTE,136,CYCLES,BACKEND,SUB-EVENT,Mul_810:OpId_33926 (cycles)
55842143040,EXECUTE,163,CYCLES,BACKEND,SUB-EVENT,Mul_809:OpId_33928 (cycles)
55842143040,EXECUTE,137,CYCLES,BACKEND,SUB-EVENT,Mul_811:OpId_33930 (cycles)
55842143040,EXECUTE,205,CYCLES,BACKEND,SUB-EVENT,Mul_812:OpId_33932 (cycles)
55842143040,EXECUTE,153,CYCLES,BACKEND,SUB-EVENT,Mul_814:OpId_33934 (cycles)
55842143040,EXECUTE,168,CYCLES,BACKEND,SUB-EVENT,Mul_813:OpId_33936 (cycles)
55842143040,EXECUTE,139,CYCLES,BACKEND,SUB-EVENT,Mul_815:OpId_33938 (cycles)
55842143040,EXECUTE,163,CYCLES,BACKEND,SUB-EVENT,Mul_816:OpId_33940 (cycles)
55842143040,EXECUTE,144,CYCLES,BACKEND,SUB-EVENT,Mul_818:OpId_33942 (cycles)
55842143040,EXECUTE,239,CYCLES,BACKEND,SUB-EVENT,Mul_817:OpId_33944 (cycles)
55842143040,EXECUTE,136,CYCLES,BACKEND,SUB-EVENT,Mul_819:OpId_33946 (cycles)
55842143040,EXECUTE,170,CYCLES,BACKEND,SUB-EVENT,Mul_820:OpId_33948 (cycles)
55842143040,EXECUTE,133,CYCLES,BACKEND,SUB-EVENT,Mul_822:OpId_33950 (cycles)
55842143040,EXECUTE,150,CYCLES,BACKEND,SUB-EVENT,Mul_821:OpId_33952 (cycles)
55842143040,EXECUTE,128,CYCLES,BACKEND,SUB-EVENT,Mul_823:OpId_33954 (cycles)
55842143040,EXECUTE,172,CYCLES,BACKEND,SUB-EVENT,Mul_824:OpId_33956 (cycles)
55842143040,EXECUTE,155,CYCLES,BACKEND,SUB-EVENT,Mul_826:OpId_33958 (cycles)
55842143040,EXECUTE,147,CYCLES,BACKEND,SUB-EVENT,Mul_825:OpId_33960 (cycles)
55842143040,EXECUTE,159,CYCLES,BACKEND,SUB-EVENT,Mul_827:OpId_33962 (cycles)
55842143040,EXECUTE,152,CYCLES,BACKEND,SUB-EVENT,Mul_828:OpId_33964 (cycles)
55842143040,EXECUTE,140,CYCLES,BACKEND,SUB-EVENT,Mul_830:OpId_33966 (cycles)
55842143040,EXECUTE,150,CYCLES,BACKEND,SUB-EVENT,Mul_829:OpId_33968 (cycles)
55842143040,EXECUTE,150,CYCLES,BACKEND,SUB-EVENT,Mul_831:OpId_33970 (cycles)
55842143040,EXECUTE,577,CYCLES,BACKEND,SUB-EVENT,Sub_192:OpId_33972 (cycles)
55842143040,EXECUTE,277,CYCLES,BACKEND,SUB-EVENT,Sub_192_converted_UFIXED_POINT_8:OpId_33974 (cycles)
55842143040,EXECUTE,538,CYCLES,BACKEND,SUB-EVENT,Add_360:OpId_33977 (cycles)
55842143040,EXECUTE,246,CYCLES,BACKEND,SUB-EVENT,Add_360_converted_UFIXED_POINT_8:OpId_33979 (cycles)
55842143040,EXECUTE,209,CYCLES,BACKEND,SUB-EVENT,Sub_193:OpId_33982 (cycles)
55842143040,EXECUTE,269,CYCLES,BACKEND,SUB-EVENT,Sub_193_converted_UFIXED_POINT_8:OpId_33984 (cycles)
55842143040,EXECUTE,256,CYCLES,BACKEND,SUB-EVENT,Add_361:OpId_33987 (cycles)
55842143040,EXECUTE,181,CYCLES,BACKEND,SUB-EVENT,Add_361_converted_UFIXED_POINT_8:OpId_33989 (cycles)
55842143040,EXECUTE,1322,CYCLES,BACKEND,SUB-EVENT,Sub_194:OpId_33992 (cycles)
55842143040,EXECUTE,1340,CYCLES,BACKEND,SUB-EVENT,Add_362:OpId_33994 (cycles)
55842143040,EXECUTE,366,CYCLES,BACKEND,SUB-EVENT,Sub_195:OpId_33996 (cycles)
55842143040,EXECUTE,978,CYCLES,BACKEND,SUB-EVENT,Add_364:OpId_33998 (cycles)
55842143040,EXECUTE,528,CYCLES,BACKEND,SUB-EVENT,Sub_196:OpId_34000 (cycles)
55842143040,EXECUTE,424,CYCLES,BACKEND,SUB-EVENT,Add_366:OpId_34002 (cycles)
55842143040,EXECUTE,392,CYCLES,BACKEND,SUB-EVENT,Sub_197:OpId_34004 (cycles)
55842143040,EXECUTE,354,CYCLES,BACKEND,SUB-EVENT,Add_368:OpId_34006 (cycles)
55842143040,EXECUTE,394,CYCLES,BACKEND,SUB-EVENT,Sub_198:OpId_34008 (cycles)
55842143040,EXECUTE,443,CYCLES,BACKEND,SUB-EVENT,Add_370:OpId_34010 (cycles)
55842143040,EXECUTE,641,CYCLES,BACKEND,SUB-EVENT,Sub_199:OpId_34012 (cycles)
55842143040,EXECUTE,382,CYCLES,BACKEND,SUB-EVENT,Add_372:OpId_34014 (cycles)
55842143040,EXECUTE,381,CYCLES,BACKEND,SUB-EVENT,Sub_200:OpId_34016 (cycles)
55842143040,EXECUTE,376,CYCLES,BACKEND,SUB-EVENT,Add_374:OpId_34018 (cycles)
55842143040,EXECUTE,419,CYCLES,BACKEND,SUB-EVENT,Sub_201:OpId_34020 (cycles)
55842143040,EXECUTE,461,CYCLES,BACKEND,SUB-EVENT,Add_376:OpId_34022 (cycles)
55842143040,EXECUTE,424,CYCLES,BACKEND,SUB-EVENT,Sub_202:OpId_34024 (cycles)
55842143040,EXECUTE,464,CYCLES,BACKEND,SUB-EVENT,Add_378:OpId_34026 (cycles)
55842143040,EXECUTE,635,CYCLES,BACKEND,SUB-EVENT,Sub_203:OpId_34028 (cycles)
55842143040,EXECUTE,437,CYCLES,BACKEND,SUB-EVENT,Add_380:OpId_34030 (cycles)
55842143040,EXECUTE,627,CYCLES,BACKEND,SUB-EVENT,Sub_204:OpId_34032 (cycles)
55842143040,EXECUTE,430,CYCLES,BACKEND,SUB-EVENT,Add_382:OpId_34034 (cycles)
55842143040,EXECUTE,545,CYCLES,BACKEND,SUB-EVENT,Sub_205:OpId_34036 (cycles)
55842143040,EXECUTE,388,CYCLES,BACKEND,SUB-EVENT,Add_384:OpId_34038 (cycles)
55842143040,EXECUTE,411,CYCLES,BACKEND,SUB-EVENT,Sub_206:OpId_34040 (cycles)
55842143040,EXECUTE,369,CYCLES,BACKEND,SUB-EVENT,Add_386:OpId_34042 (cycles)
55842143040,EXECUTE,814,CYCLES,BACKEND,SUB-EVENT,Sub_207:OpId_34044 (cycles)
55842143040,EXECUTE,763,CYCLES,BACKEND,SUB-EVENT,Add_388:OpId_34046 (cycles)
55842143040,EXECUTE,1096,CYCLES,BACKEND,SUB-EVENT,Concat_276:OpId_34048 (cycles)
55842143040,EXECUTE,911,CYCLES,BACKEND,SUB-EVENT,Concat_277:OpId_34050 (cycles)
55842143040,EXECUTE,0,CYCLES,BACKEND,SUB-EVENT,Concat_282:OpId_34052 (cycles)
55842143040,EXECUTE,0,CYCLES,BACKEND,SUB-EVENT,Concat_283:OpId_34054 (cycles)
55842143040,EXECUTE,0,CYCLES,BACKEND,SUB-EVENT,Concat_284:OpId_34056 (cycles)
55842143040,EXECUTE,0,CYCLES,BACKEND,SUB-EVENT,Concat_285:OpId_34058 (cycles)
55842143040,EXECUTE,0,CYCLES,BACKEND,SUB-EVENT,Concat_286:OpId_34060 (cycles)
55842143040,EXECUTE,0,CYCLES,BACKEND,SUB-EVENT,Concat_287:OpId_34062 (cycles)
55842143040,EXECUTE,0,CYCLES,BACKEND,SUB-EVENT,Concat_288:OpId_34064 (cycles)
55842143040,EXECUTE,0,CYCLES,BACKEND,SUB-EVENT,Concat_289:OpId_34066 (cycles)
55842143040,EXECUTE,0,CYCLES,BACKEND,SUB-EVENT,Concat_290:OpId_34068 (cycles)
55842143040,EXECUTE,0,CYCLES,BACKEND,SUB-EVENT,Concat_291:OpId_34070 (cycles)
55842143040,EXECUTE,0,CYCLES,BACKEND,SUB-EVENT,Concat_292:OpId_34072 (cycles)
55842143040,EXECUTE,0,CYCLES,BACKEND,SUB-EVENT,Concat_293:OpId_34074 (cycles)
55842143040,EXECUTE,0,CYCLES,BACKEND,SUB-EVENT,Concat_294:OpId_34076 (cycles)
55842143040,EXECUTE,0,CYCLES,BACKEND,SUB-EVENT,Concat_295:OpId_34078 (cycles)
55842143040,EXECUTE,0,CYCLES,BACKEND,SUB-EVENT,attn_12_head_0_key_Transpose_0:OpId_34081 (cycles)
55842143040,EXECUTE,0,CYCLES,BACKEND,SUB-EVENT,attn_12_head_1_key_Transpose_0:OpId_34083 (cycles)
55842143040,EXECUTE,0,CYCLES,BACKEND,SUB-EVENT,Concat_278:OpId_34084 (cycles)
55842143040,EXECUTE,0,CYCLES,BACKEND,SUB-EVENT,Concat_280:OpId_34086 (cycles)
55842143040,EXECUTE,0,CYCLES,BACKEND,SUB-EVENT,Concat_296:OpId_34088 (cycles)
55842143040,EXECUTE,140815,CYCLES,BACKEND,SUB-EVENT,attn_12_head_0_qk_MatMul_0:OpId_34090 (cycles)
55842143040,EXECUTE,7304,CYCLES,BACKEND,SUB-EVENT,attn_12_head_1_qk_MatMul_0:OpId_34094 (cycles)
55842143040,EXECUTE,7372,CYCLES,BACKEND,SUB-EVENT,attn_12_head_2_qk_MatMul_0:OpId_34098 (cycles)
55842143040,EXECUTE,8032,CYCLES,BACKEND,SUB-EVENT,attn_12_head_3_qk_MatMul_0:OpId_34102 (cycles)
55842143040,EXECUTE,7901,CYCLES,BACKEND,SUB-EVENT,attn_12_head_4_qk_MatMul_0:OpId_34106 (cycles)
55842143040,EXECUTE,7598,CYCLES,BACKEND,SUB-EVENT,attn_12_head_5_qk_MatMul_0:OpId_34110 (cycles)
55842143040,EXECUTE,7711,CYCLES,BACKEND,SUB-EVENT,attn_12_head_6_qk_MatMul_0:OpId_34114 (cycles)
55842143040,EXECUTE,118690,CYCLES,BACKEND,SUB-EVENT,attn_12_head_7_qk_MatMul_0:OpId_34118 (cycles)
55842143040,EXECUTE,7028,CYCLES,BACKEND,SUB-EVENT,attn_12_head_8_qk_MatMul_0:OpId_34122 (cycles)
55842143040,EXECUTE,6703,CYCLES,BACKEND,SUB-EVENT,attn_12_head_9_qk_MatMul_0:OpId_34126 (cycles)
55842143040,EXECUTE,7102,CYCLES,BACKEND,SUB-EVENT,attn_12_head_10_qk_MatMul_0:OpId_34130 (cycles)
55842143040,EXECUTE,8178,CYCLES,BACKEND,SUB-EVENT,attn_12_head_11_qk_MatMul_0:OpId_34134 (cycles)
55842143040,EXECUTE,7571,CYCLES,BACKEND,SUB-EVENT,attn_12_head_12_qk_MatMul_0:OpId_34138 (cycles)
55842143040,EXECUTE,7021,CYCLES,BACKEND,SUB-EVENT,attn_12_head_13_qk_MatMul_0:OpId_34142 (cycles)
55842143040,EXECUTE,17035,CYCLES,BACKEND,SUB-EVENT,Add_363:OpId_34146 (cycles)
55842143040,EXECUTE,17148,CYCLES,BACKEND,SUB-EVENT,Add_365:OpId_34148 (cycles)
55842143040,EXECUTE,16384,CYCLES,BACKEND,SUB-EVENT,Add_367:OpId_34150 (cycles)
55842143040,EXECUTE,16751,CYCLES,BACKEND,SUB-EVENT,Add_369:OpId_34152 (cycles)
55842143040,EXECUTE,17392,CYCLES,BACKEND,SUB-EVENT,Add_371:OpId_34154 (cycles)
55842143040,EXECUTE,18056,CYCLES,BACKEND,SUB-EVENT,Add_373:OpId_34156 (cycles)
55842143040,EXECUTE,18163,CYCLES,BACKEND,SUB-EVENT,Add_375:OpId_34158 (cycles)
55842143040,EXECUTE,19467,CYCLES,BACKEND,SUB-EVENT,Add_377:OpId_34160 (cycles)
55842143040,EXECUTE,18338,CYCLES,BACKEND,SUB-EVENT,Add_379:OpId_34162 (cycles)
55842143040,EXECUTE,17366,CYCLES,BACKEND,SUB-EVENT,Add_381:OpId_34164 (cycles)
55842143040,EXECUTE,19264,CYCLES,BACKEND,SUB-EVENT,Add_383:OpId_34166 (cycles)
55842143040,EXECUTE,17366,CYCLES,BACKEND,SUB-EVENT,Add_385:OpId_34168 (cycles)
55842143040,EXECUTE,17251,CYCLES,BACKEND,SUB-EVENT,Add_387:OpId_34170 (cycles)
55842143040,EXECUTE,17961,CYCLES,BACKEND,SUB-EVENT,Add_389:OpId_34172 (cycles)
55842143040,EXECUTE,10762,CYCLES,BACKEND,SUB-EVENT,attn_12_head_0_Softmax_0:OpId_34174 (cycles)
55842143040,EXECUTE,10878,CYCLES,BACKEND,SUB-EVENT,attn_12_head_1_Softmax_0:OpId_34177 (cycles)
55842143040,EXECUTE,13452,CYCLES,BACKEND,SUB-EVENT,attn_12_head_2_Softmax_0:OpId_34180 (cycles)
55842143040,EXECUTE,11173,CYCLES,BACKEND,SUB-EVENT,attn_12_head_3_Softmax_0:OpId_34183 (cycles)
55842143040,EXECUTE,14061,CYCLES,BACKEND,SUB-EVENT,attn_12_head_4_Softmax_0:OpId_34186 (cycles)
55842143040,EXECUTE,11322,CYCLES,BACKEND,SUB-EVENT,attn_12_head_5_Softmax_0:OpId_34189 (cycles)
55842143040,EXECUTE,13629,CYCLES,BACKEND,SUB-EVENT,attn_12_head_6_Softmax_0:OpId_34192 (cycles)
55842143040,EXECUTE,10595,CYCLES,BACKEND,SUB-EVENT,attn_12_head_7_Softmax_0:OpId_34195 (cycles)
55842143040,EXECUTE,12911,CYCLES,BACKEND,SUB-EVENT,attn_12_head_8_Softmax_0:OpId_34198 (cycles)
55842143040,EXECUTE,11310,CYCLES,BACKEND,SUB-EVENT,attn_12_head_9_Softmax_0:OpId_34201 (cycles)
55842143040,EXECUTE,13145,CYCLES,BACKEND,SUB-EVENT,attn_12_head_10_Softmax_0:OpId_34204 (cycles)
55842143040,EXECUTE,11190,CYCLES,BACKEND,SUB-EVENT,attn_12_head_11_Softmax_0:OpId_34207 (cycles)
55842143040,EXECUTE,11084,CYCLES,BACKEND,SUB-EVENT,attn_12_head_12_Softmax_0:OpId_34210 (cycles)
55842143040,EXECUTE,10320,CYCLES,BACKEND,SUB-EVENT,attn_12_head_13_Softmax_0:OpId_34213 (cycles)
55842143040,EXECUTE,39419,CYCLES,BACKEND,SUB-EVENT,attn_12_head_0_qkv_MatMul_0:OpId_34216 (cycles)
55842143040,EXECUTE,1336,CYCLES,BACKEND,SUB-EVENT,attn_12_head_1_qkv_MatMul_0:OpId_34220 (cycles)
55842143040,EXECUTE,1392,CYCLES,BACKEND,SUB-EVENT,attn_12_head_2_qkv_MatMul_0:OpId_34224 (cycles)
55842143040,EXECUTE,1432,CYCLES,BACKEND,SUB-EVENT,attn_12_head_3_qkv_MatMul_0:OpId_34228 (cycles)
55842143040,EXECUTE,1344,CYCLES,BACKEND,SUB-EVENT,attn_12_head_4_qkv_MatMul_0:OpId_34232 (cycles)
55842143040,EXECUTE,1433,CYCLES,BACKEND,SUB-EVENT,attn_12_head_5_qkv_MatMul_0:OpId_34236 (cycles)
55842143040,EXECUTE,1326,CYCLES,BACKEND,SUB-EVENT,attn_12_head_6_qkv_MatMul_0:OpId_34240 (cycles)
55842143040,EXECUTE,42679,CYCLES,BACKEND,SUB-EVENT,attn_12_head_7_qkv_MatMul_0:OpId_34244 (cycles)
55842143040,EXECUTE,1353,CYCLES,BACKEND,SUB-EVENT,attn_12_head_8_qkv_MatMul_0:OpId_34248 (cycles)
55842143040,EXECUTE,1364,CYCLES,BACKEND,SUB-EVENT,attn_12_head_9_qkv_MatMul_0:OpId_34252 (cycles)
55842143040,EXECUTE,1498,CYCLES,BACKEND,SUB-EVENT,attn_12_head_10_qkv_MatMul_0:OpId_34256 (cycles)
55842143040,EXECUTE,1220,CYCLES,BACKEND,SUB-EVENT,attn_12_head_11_qkv_MatMul_0:OpId_34260 (cycles)
55842143040,EXECUTE,1089,CYCLES,BACKEND,SUB-EVENT,attn_12_head_12_qkv_MatMul_0:OpId_34264 (cycles)
55842143040,EXECUTE,1105,CYCLES,BACKEND,SUB-EVENT,attn_12_head_13_qkv_MatMul_0:OpId_34268 (cycles)
55842143040,EXECUTE,0,CYCLES,BACKEND,SUB-EVENT,Concat_298:OpId_34272 (cycles)
55842143040,EXECUTE,0,CYCLES,BACKEND,SUB-EVENT,Reshape_14:OpId_34274 (cycles)
55842143040,EXECUTE,0,CYCLES,BACKEND,SUB-EVENT,model_layers_12_self_attn_Transpose_6:OpId_34276 (cycles)
55842143040,EXECUTE,16139,CYCLES,BACKEND,SUB-EVENT,model_layers_12_self_attn_o_proj_conv_Conv:OpId_34284 (cycles)
55842143040,EXECUTE,697,CYCLES,BACKEND,SUB-EVENT,/model_layers_12_self_attn_o_proj_conv_Conv/Conv_output_0.nchw:OpId_34288 (cycles)
55842143040,EXECUTE,0,CYCLES,BACKEND,SUB-EVENT,model_layers_12_self_attn_Reshape_9:OpId_34289 (cycles)
55842143040,EXECUTE,3416,CYCLES,BACKEND,SUB-EVENT,model_layers_12_Add:OpId_34290 (cycles)
55842143040,EXECUTE,7138,CYCLES,BACKEND,SUB-EVENT,rms_norm_48:OpId_34295 (cycles)
55842143040,EXECUTE,0,CYCLES,BACKEND,SUB-EVENT,model_layers_12_mlp_Reshape:OpId_34298 (cycles)
55842143040,EXECUTE,0,CYCLES,BACKEND,SUB-EVENT,model_layers_12_mlp_Transpose:OpId_34300 (cycles)
55842143040,EXECUTE,75190,CYCLES,BACKEND,SUB-EVENT,model_layers_12_mlp_gate_proj_conv_Conv:OpId_34308 (cycles)
55842143040,EXECUTE,96892,CYCLES,BACKEND,SUB-EVENT,model_layers_12_mlp_up_proj_conv_Conv:OpId_34318 (cycles)
55842143040,EXECUTE,0,CYCLES,BACKEND,SUB-EVENT,model_layers_12_mlp_act_fn_Sigmoid:OpId_34321 (cycles)
55842143040,EXECUTE,40753,CYCLES,BACKEND,SUB-EVENT,model_layers_12_mlp_act_fn_Mul:OpId_34328 (cycles)
55842143040,EXECUTE,26965,CYCLES,BACKEND,SUB-EVENT,model_layers_12_mlp_Mul:OpId_34330 (cycles)
55842143040,EXECUTE,85256,CYCLES,BACKEND,SUB-EVENT,model_layers_12_mlp_down_proj_conv_Conv:OpId_34339 (cycles)
55842143040,EXECUTE,358,CYCLES,BACKEND,SUB-EVENT,/model_layers_12_mlp_down_proj_conv_Conv/Conv_output_0.nchw:OpId_34343 (cycles)
55842143040,EXECUTE,0,CYCLES,BACKEND,SUB-EVENT,model_layers_12_mlp_Reshape_1:OpId_34344 (cycles)
55842143040,EXECUTE,3886,CYCLES,BACKEND,SUB-EVENT,model_layers_12_Add_1:OpId_34345 (cycles)
55842143040,EXECUTE,6484,CYCLES,BACKEND,SUB-EVENT,rms_norm_50:OpId_34350 (cycles)
55842143040,EXECUTE,0,CYCLES,BACKEND,SUB-EVENT,model_layers_13_self_attn_Reshape:OpId_34353 (cycles)
55842143040,EXECUTE,0,CYCLES,BACKEND,SUB-EVENT,model_layers_13_self_attn_Transpose:OpId_34355 (cycles)
55842143040,EXECUTE,737,CYCLES,BACKEND,SUB-EVENT,attn_13_head_0_key_Conv:OpId_34363 (cycles)
55842143040,EXECUTE,1562,CYCLES,BACKEND,SUB-EVENT,attn_13_head_0_value_Conv:OpId_34373 (cycles)
55842143040,EXECUTE,571,CYCLES,BACKEND,SUB-EVENT,attn_13_head_0_value_Transpose/output_converted_UFIXED_POINT_8:OpId_34376 (cycles)
55842143040,EXECUTE,920,CYCLES,BACKEND,SUB-EVENT,attn_13_head_1_key_Conv:OpId_34386 (cycles)
55842143040,EXECUTE,733,CYCLES,BACKEND,SUB-EVENT,attn_13_head_1_value_Conv:OpId_34396 (cycles)
55842143040,EXECUTE,532,CYCLES,BACKEND,SUB-EVENT,attn_13_head_1_value_Transpose/output_converted_UFIXED_POINT_8:OpId_34399 (cycles)
55842143040,EXECUTE,2082,CYCLES,BACKEND,SUB-EVENT,attn_13_head_0_query_Conv:OpId_34409 (cycles)
55842143040,EXECUTE,906,CYCLES,BACKEND,SUB-EVENT,attn_13_head_1_query_Conv:OpId_34419 (cycles)
55842143040,EXECUTE,2866,CYCLES,BACKEND,SUB-EVENT,attn_13_head_2_query_Conv:OpId_34429 (cycles)
55842143040,EXECUTE,2723,CYCLES,BACKEND,SUB-EVENT,attn_13_head_3_query_Conv:OpId_34439 (cycles)
55842143040,EXECUTE,1022,CYCLES,BACKEND,SUB-EVENT,attn_13_head_4_query_Conv:OpId_34449 (cycles)
55842143040,EXECUTE,871,CYCLES,BACKEND,SUB-EVENT,attn_13_head_5_query_Conv:OpId_34459 (cycles)
55842143040,EXECUTE,2075,CYCLES,BACKEND,SUB-EVENT,attn_13_head_6_query_Conv:OpId_34469 (cycles)
55842143040,EXECUTE,1585,CYCLES,BACKEND,SUB-EVENT,attn_13_head_7_query_Conv:OpId_34479 (cycles)
55842143040,EXECUTE,913,CYCLES,BACKEND,SUB-EVENT,attn_13_head_8_query_Conv:OpId_34489 (cycles)
55842143040,EXECUTE,1932,CYCLES,BACKEND,SUB-EVENT,attn_13_head_9_query_Conv:OpId_34499 (cycles)
55842143040,EXECUTE,1112,CYCLES,BACKEND,SUB-EVENT,attn_13_head_10_query_Conv:OpId_34509 (cycles)
55842143040,EXECUTE,5765,CYCLES,BACKEND,SUB-EVENT,attn_13_head_11_query_Conv:OpId_34519 (cycles)
55842143040,EXECUTE,888,CYCLES,BACKEND,SUB-EVENT,attn_13_head_12_query_Conv:OpId_34529 (cycles)
55842143040,EXECUTE,915,CYCLES,BACKEND,SUB-EVENT,attn_13_head_13_query_Conv:OpId_34539 (cycles)
55842143040,EXECUTE,2429,CYCLES,BACKEND,SUB-EVENT,Slice_468:OpId_34543 (cycles)
55842143040,EXECUTE,241,CYCLES,BACKEND,SUB-EVENT,Slice_469:OpId_34549 (cycles)
55842143040,EXECUTE,245,CYCLES,BACKEND,SUB-EVENT,Slice_470:OpId_34555 (cycles)
55842143040,EXECUTE,184,CYCLES,BACKEND,SUB-EVENT,Slice_471:OpId_34561 (cycles)
55842143040,EXECUTE,0,CYCLES,BACKEND,SUB-EVENT,Concat_320:OpId_34566 (cycles)
55842143040,EXECUTE,4796,CYCLES,BACKEND,SUB-EVENT,Slice_476:OpId_34569 (cycles)
55842143040,EXECUTE,351,CYCLES,BACKEND,SUB-EVENT,Slice_477:OpId_34575 (cycles)
55842143040,EXECUTE,295,CYCLES,BACKEND,SUB-EVENT,Slice_478:OpId_34581 (cycles)
55842143040,EXECUTE,180,CYCLES,BACKEND,SUB-EVENT,Slice_479:OpId_34587 (cycles)
55842143040,EXECUTE,848,CYCLES,BACKEND,SUB-EVENT,Slice_480:OpId_34593 (cycles)
55842143040,EXECUTE,962,CYCLES,BACKEND,SUB-EVENT,Slice_481:OpId_34599 (cycles)
55842143040,EXECUTE,2823,CYCLES,BACKEND,SUB-EVENT,Slice_482:OpId_34605 (cycles)
55842143040,EXECUTE,702,CYCLES,BACKEND,SUB-EVENT,Slice_483:OpId_34611 (cycles)
55842143040,EXECUTE,279,CYCLES,BACKEND,SUB-EVENT,Slice_484:OpId_34617 (cycles)
55842143040,EXECUTE,223,CYCLES,BACKEND,SUB-EVENT,Slice_485:OpId_34623 (cycles)
55842143040,EXECUTE,241,CYCLES,BACKEND,SUB-EVENT,Slice_486:OpId_34629 (cycles)
55842143040,EXECUTE,225,CYCLES,BACKEND,SUB-EVENT,Slice_487:OpId_34635 (cycles)
55842143040,EXECUTE,229,CYCLES,BACKEND,SUB-EVENT,Slice_488:OpId_34641 (cycles)
55842143040,EXECUTE,2445,CYCLES,BACKEND,SUB-EVENT,Slice_489:OpId_34647 (cycles)
55842143040,EXECUTE,2440,CYCLES,BACKEND,SUB-EVENT,Slice_490:OpId_34653 (cycles)
55842143040,EXECUTE,188,CYCLES,BACKEND,SUB-EVENT,Slice_491:OpId_34659 (cycles)
55842143040,EXECUTE,219,CYCLES,BACKEND,SUB-EVENT,Slice_492:OpId_34665 (cycles)
55842143040,EXECUTE,667,CYCLES,BACKEND,SUB-EVENT,Slice_493:OpId_34671 (cycles)
55842143040,EXECUTE,621,CYCLES,BACKEND,SUB-EVENT,Slice_494:OpId_34677 (cycles)
55842143040,EXECUTE,589,CYCLES,BACKEND,SUB-EVENT,Slice_495:OpId_34683 (cycles)
55842143040,EXECUTE,174,CYCLES,BACKEND,SUB-EVENT,Slice_496:OpId_34689 (cycles)
55842143040,EXECUTE,132,CYCLES,BACKEND,SUB-EVENT,Slice_497:OpId_34695 (cycles)
55842143040,EXECUTE,231,CYCLES,BACKEND,SUB-EVENT,Slice_498:OpId_34701 (cycles)
55842143040,EXECUTE,170,CYCLES,BACKEND,SUB-EVENT,Slice_499:OpId_34707 (cycles)
55842143040,EXECUTE,2143,CYCLES,BACKEND,SUB-EVENT,Slice_500:OpId_34713 (cycles)
55842143040,EXECUTE,2259,CYCLES,BACKEND,SUB-EVENT,Slice_501:OpId_34719 (cycles)
55842143040,EXECUTE,205,CYCLES,BACKEND,SUB-EVENT,Slice_502:OpId_34725 (cycles)
55842143040,EXECUTE,187,CYCLES,BACKEND,SUB-EVENT,Slice_503:OpId_34731 (cycles)
55842143040,EXECUTE,8919,CYCLES,BACKEND,SUB-EVENT,Concat_302:OpId_34736 (cycles)
55842143040,EXECUTE,6906,CYCLES,BACKEND,SUB-EVENT,Concat_304:OpId_34738 (cycles)
55842143040,EXECUTE,1785,CYCLES,BACKEND,SUB-EVENT,Mul_832:OpId_34740 (cycles)
55842143040,EXECUTE,1817,CYCLES,BACKEND,SUB-EVENT,Mul_834:OpId_34742 (cycles)
55842143040,EXECUTE,1716,CYCLES,BACKEND,SUB-EVENT,Mul_833:OpId_34744 (cycles)
55842143040,EXECUTE,1665,CYCLES,BACKEND,SUB-EVENT,Mul_835:OpId_34746 (cycles)
55842143040,EXECUTE,161,CYCLES,BACKEND,SUB-EVENT,Mul_836:OpId_34748 (cycles)
55842143040,EXECUTE,150,CYCLES,BACKEND,SUB-EVENT,Mul_838:OpId_34750 (cycles)
55842143040,EXECUTE,1270,CYCLES,BACKEND,SUB-EVENT,Mul_837:OpId_34752 (cycles)
55842143040,EXECUTE,349,CYCLES,BACKEND,SUB-EVENT,Mul_839:OpId_34754 (cycles)
55842143040,EXECUTE,2424,CYCLES,BACKEND,SUB-EVENT,Mul_840:OpId_34756 (cycles)
55842143040,EXECUTE,1008,CYCLES,BACKEND,SUB-EVENT,Mul_842:OpId_34758 (cycles)
55842143040,EXECUTE,528,CYCLES,BACKEND,SUB-EVENT,Mul_841:OpId_34760 (cycles)
55842143040,EXECUTE,500,CYCLES,BACKEND,SUB-EVENT,Mul_843:OpId_34762 (cycles)
55842143040,EXECUTE,132,CYCLES,BACKEND,SUB-EVENT,Mul_844:OpId_34764 (cycles)
55842143040,EXECUTE,150,CYCLES,BACKEND,SUB-EVENT,Mul_846:OpId_34766 (cycles)
55842143040,EXECUTE,162,CYCLES,BACKEND,SUB-EVENT,Mul_845:OpId_34768 (cycles)
55842143040,EXECUTE,161,CYCLES,BACKEND,SUB-EVENT,Mul_847:OpId_34770 (cycles)
55842143040,EXECUTE,184,CYCLES,BACKEND,SUB-EVENT,Mul_848:OpId_34772 (cycles)
55842143040,EXECUTE,107,CYCLES,BACKEND,SUB-EVENT,Mul_850:OpId_34774 (cycles)
55842143040,EXECUTE,226,CYCLES,BACKEND,SUB-EVENT,Mul_849:OpId_34776 (cycles)
55842143040,EXECUTE,210,CYCLES,BACKEND,SUB-EVENT,Mul_851:OpId_34778 (cycles)
55842143040,EXECUTE,167,CYCLES,BACKEND,SUB-EVENT,Mul_852:OpId_34780 (cycles)
55842143040,EXECUTE,180,CYCLES,BACKEND,SUB-EVENT,Mul_854:OpId_34782 (cycles)
55842143040,EXECUTE,161,CYCLES,BACKEND,SUB-EVENT,Mul_853:OpId_34784 (cycles)
55842143040,EXECUTE,185,CYCLES,BACKEND,SUB-EVENT,Mul_855:OpId_34786 (cycles)
55842143040,EXECUTE,203,CYCLES,BACKEND,SUB-EVENT,Mul_856:OpId_34788 (cycles)
55842143040,EXECUTE,174,CYCLES,BACKEND,SUB-EVENT,Mul_858:OpId_34790 (cycles)
55842143040,EXECUTE,321,CYCLES,BACKEND,SUB-EVENT,Mul_857:OpId_34792 (cycles)
55842143040,EXECUTE,193,CYCLES,BACKEND,SUB-EVENT,Mul_859:OpId_34794 (cycles)
55842143040,EXECUTE,234,CYCLES,BACKEND,SUB-EVENT,Mul_860:OpId_34796 (cycles)
55842143040,EXECUTE,169,CYCLES,BACKEND,SUB-EVENT,Mul_862:OpId_34798 (cycles)
55842143040,EXECUTE,179,CYCLES,BACKEND,SUB-EVENT,Mul_861:OpId_34800 (cycles)
55842143040,EXECUTE,168,CYCLES,BACKEND,SUB-EVENT,Mul_863:OpId_34802 (cycles)
55842143040,EXECUTE,179,CYCLES,BACKEND,SUB-EVENT,Mul_864:OpId_34804 (cycles)
55842143040,EXECUTE,160,CYCLES,BACKEND,SUB-EVENT,Mul_866:OpId_34806 (cycles)
55842143040,EXECUTE,173,CYCLES,BACKEND,SUB-EVENT,Mul_865:OpId_34808 (cycles)
55842143040,EXECUTE,187,CYCLES,BACKEND,SUB-EVENT,Mul_867:OpId_34810 (cycles)
55842143040,EXECUTE,235,CYCLES,BACKEND,SUB-EVENT,Mul_868:OpId_34812 (cycles)
55842143040,EXECUTE,149,CYCLES,BACKEND,SUB-EVENT,Mul_870:OpId_34814 (cycles)
55842143040,EXECUTE,173,CYCLES,BACKEND,SUB-EVENT,Mul_869:OpId_34816 (cycles)
55842143040,EXECUTE,144,CYCLES,BACKEND,SUB-EVENT,Mul_871:OpId_34818 (cycles)
55842143040,EXECUTE,158,CYCLES,BACKEND,SUB-EVENT,Mul_872:OpId_34820 (cycles)
55842143040,EXECUTE,143,CYCLES,BACKEND,SUB-EVENT,Mul_874:OpId_34822 (cycles)
55842143040,EXECUTE,175,CYCLES,BACKEND,SUB-EVENT,Mul_873:OpId_34824 (cycles)
55842143040,EXECUTE,213,CYCLES,BACKEND,SUB-EVENT,Mul_875:OpId_34826 (cycles)
55842143040,EXECUTE,203,CYCLES,BACKEND,SUB-EVENT,Mul_876:OpId_34828 (cycles)
55842143040,EXECUTE,154,CYCLES,BACKEND,SUB-EVENT,Mul_878:OpId_34830 (cycles)
55842143040,EXECUTE,211,CYCLES,BACKEND,SUB-EVENT,Mul_877:OpId_34832 (cycles)
55842143040,EXECUTE,171,CYCLES,BACKEND,SUB-EVENT,Mul_879:OpId_34834 (cycles)
55842143040,EXECUTE,550,CYCLES,BACKEND,SUB-EVENT,Mul_880:OpId_34836 (cycles)
55842143040,EXECUTE,165,CYCLES,BACKEND,SUB-EVENT,Mul_882:OpId_34838 (cycles)
55842143040,EXECUTE,159,CYCLES,BACKEND,SUB-EVENT,Mul_881:OpId_34840 (cycles)
55842143040,EXECUTE,160,CYCLES,BACKEND,SUB-EVENT,Mul_883:OpId_34842 (cycles)
55842143040,EXECUTE,171,CYCLES,BACKEND,SUB-EVENT,Mul_884:OpId_34844 (cycles)
55842143040,EXECUTE,158,CYCLES,BACKEND,SUB-EVENT,Mul_886:OpId_34846 (cycles)
55842143040,EXECUTE,189,CYCLES,BACKEND,SUB-EVENT,Mul_885:OpId_34848 (cycles)
55842143040,EXECUTE,171,CYCLES,BACKEND,SUB-EVENT,Mul_887:OpId_34850 (cycles)
55842143040,EXECUTE,183,CYCLES,BACKEND,SUB-EVENT,Mul_888:OpId_34852 (cycles)
55842143040,EXECUTE,149,CYCLES,BACKEND,SUB-EVENT,Mul_890:OpId_34854 (cycles)
55842143040,EXECUTE,180,CYCLES,BACKEND,SUB-EVENT,Mul_889:OpId_34856 (cycles)
55842143040,EXECUTE,156,CYCLES,BACKEND,SUB-EVENT,Mul_891:OpId_34858 (cycles)
55842143040,EXECUTE,158,CYCLES,BACKEND,SUB-EVENT,Mul_892:OpId_34860 (cycles)
55842143040,EXECUTE,123,CYCLES,BACKEND,SUB-EVENT,Mul_894:OpId_34862 (cycles)
55842143040,EXECUTE,128,CYCLES,BACKEND,SUB-EVENT,Mul_893:OpId_34864 (cycles)
55842143040,EXECUTE,143,CYCLES,BACKEND,SUB-EVENT,Mul_895:OpId_34866 (cycles)
55842143040,EXECUTE,2209,CYCLES,BACKEND,SUB-EVENT,Sub_208:OpId_34868 (cycles)
55842143040,EXECUTE,291,CYCLES,BACKEND,SUB-EVENT,Sub_208_converted_UFIXED_POINT_8:OpId_34870 (cycles)
55842143040,EXECUTE,3043,CYCLES,BACKEND,SUB-EVENT,Add_390:OpId_34873 (cycles)
55842143040,EXECUTE,215,CYCLES,BACKEND,SUB-EVENT,Add_390_converted_UFIXED_POINT_8:OpId_34875 (cycles)
55842143040,EXECUTE,497,CYCLES,BACKEND,SUB-EVENT,Sub_209:OpId_34878 (cycles)
55842143040,EXECUTE,275,CYCLES,BACKEND,SUB-EVENT,Sub_209_converted_UFIXED_POINT_8:OpId_34880 (cycles)
55842143040,EXECUTE,268,CYCLES,BACKEND,SUB-EVENT,Add_391:OpId_34883 (cycles)
55842143040,EXECUTE,225,CYCLES,BACKEND,SUB-EVENT,Add_391_converted_UFIXED_POINT_8:OpId_34885 (cycles)
55842143040,EXECUTE,788,CYCLES,BACKEND,SUB-EVENT,Sub_210:OpId_34888 (cycles)
55842143040,EXECUTE,825,CYCLES,BACKEND,SUB-EVENT,Add_392:OpId_34890 (cycles)
55842143040,EXECUTE,2421,CYCLES,BACKEND,SUB-EVENT,Sub_211:OpId_34892 (cycles)
55842143040,EXECUTE,2328,CYCLES,BACKEND,SUB-EVENT,Add_394:OpId_34894 (cycles)
55842143040,EXECUTE,506,CYCLES,BACKEND,SUB-EVENT,Sub_212:OpId_34896 (cycles)
55842143040,EXECUTE,954,CYCLES,BACKEND,SUB-EVENT,Add_396:OpId_34898 (cycles)
55842143040,EXECUTE,443,CYCLES,BACKEND,SUB-EVENT,Sub_213:OpId_34900 (cycles)
55842143040,EXECUTE,489,CYCLES,BACKEND,SUB-EVENT,Add_398:OpId_34902 (cycles)
55842143040,EXECUTE,931,CYCLES,BACKEND,SUB-EVENT,Sub_214:OpId_34904 (cycles)
55842143040,EXECUTE,468,CYCLES,BACKEND,SUB-EVENT,Add_400:OpId_34906 (cycles)
55842143040,EXECUTE,651,CYCLES,BACKEND,SUB-EVENT,Sub_215:OpId_34908 (cycles)
55842143040,EXECUTE,430,CYCLES,BACKEND,SUB-EVENT,Add_402:OpId_34910 (cycles)
55842143040,EXECUTE,428,CYCLES,BACKEND,SUB-EVENT,Sub_216:OpId_34912 (cycles)
55842143040,EXECUTE,453,CYCLES,BACKEND,SUB-EVENT,Add_404:OpId_34914 (cycles)
55842143040,EXECUTE,488,CYCLES,BACKEND,SUB-EVENT,Sub_217:OpId_34916 (cycles)
55842143040,EXECUTE,459,CYCLES,BACKEND,SUB-EVENT,Add_406:OpId_34918 (cycles)
55842143040,EXECUTE,483,CYCLES,BACKEND,SUB-EVENT,Sub_218:OpId_34920 (cycles)
55842143040,EXECUTE,529,CYCLES,BACKEND,SUB-EVENT,Add_408:OpId_34922 (cycles)
55842143040,EXECUTE,436,CYCLES,BACKEND,SUB-EVENT,Sub_219:OpId_34924 (cycles)
55842143040,EXECUTE,410,CYCLES,BACKEND,SUB-EVENT,Add_410:OpId_34926 (cycles)
55842143040,EXECUTE,1644,CYCLES,BACKEND,SUB-EVENT,Sub_220:OpId_34928 (cycles)
55842143040,EXECUTE,475,CYCLES,BACKEND,SUB-EVENT,Add_412:OpId_34930 (cycles)
55842143040,EXECUTE,904,CYCLES,BACKEND,SUB-EVENT,Sub_221:OpId_34932 (cycles)
55842143040,EXECUTE,827,CYCLES,BACKEND,SUB-EVENT,Add_414:OpId_34934 (cycles)
55842143040,EXECUTE,412,CYCLES,BACKEND,SUB-EVENT,Sub_222:OpId_34936 (cycles)
55842143040,EXECUTE,451,CYCLES,BACKEND,SUB-EVENT,Add_416:OpId_34938 (cycles)
55842143040,EXECUTE,1070,CYCLES,BACKEND,SUB-EVENT,Sub_223:OpId_34940 (cycles)
55842143040,EXECUTE,990,CYCLES,BACKEND,SUB-EVENT,Add_418:OpId_34942 (cycles)
55842143040,EXECUTE,3463,CYCLES,BACKEND,SUB-EVENT,Concat_299:OpId_34944 (cycles)
55842143040,EXECUTE,1289,CYCLES,BACKEND,SUB-EVENT,Concat_300:OpId_34946 (cycles)
55842143040,EXECUTE,0,CYCLES,BACKEND,SUB-EVENT,Concat_305:OpId_34948 (cycles)
55842143040,EXECUTE,0,CYCLES,BACKEND,SUB-EVENT,Concat_306:OpId_34950 (cycles)
55842143040,EXECUTE,0,CYCLES,BACKEND,SUB-EVENT,Concat_307:OpId_34952 (cycles)
55842143040,EXECUTE,0,CYCLES,BACKEND,SUB-EVENT,Concat_308:OpId_34954 (cycles)
55842143040,EXECUTE,0,CYCLES,BACKEND,SUB-EVENT,Concat_309:OpId_34956 (cycles)
55842143040,EXECUTE,0,CYCLES,BACKEND,SUB-EVENT,Concat_310:OpId_34958 (cycles)
55842143040,EXECUTE,0,CYCLES,BACKEND,SUB-EVENT,Concat_311:OpId_34960 (cycles)
55842143040,EXECUTE,0,CYCLES,BACKEND,SUB-EVENT,Concat_312:OpId_34962 (cycles)
55842143040,EXECUTE,0,CYCLES,BACKEND,SUB-EVENT,Concat_313:OpId_34964 (cycles)
55842143040,EXECUTE,0,CYCLES,BACKEND,SUB-EVENT,Concat_314:OpId_34966 (cycles)
55842143040,EXECUTE,0,CYCLES,BACKEND,SUB-EVENT,Concat_315:OpId_34968 (cycles)
55842143040,EXECUTE,0,CYCLES,BACKEND,SUB-EVENT,Concat_316:OpId_34970 (cycles)
55842143040,EXECUTE,0,CYCLES,BACKEND,SUB-EVENT,Concat_317:OpId_34972 (cycles)
55842143040,EXECUTE,0,CYCLES,BACKEND,SUB-EVENT,Concat_318:OpId_34974 (cycles)
55842143040,EXECUTE,0,CYCLES,BACKEND,SUB-EVENT,attn_13_head_0_key_Transpose_0:OpId_34977 (cycles)
55842143040,EXECUTE,0,CYCLES,BACKEND,SUB-EVENT,attn_13_head_1_key_Transpose_0:OpId_34979 (cycles)
55842143040,EXECUTE,0,CYCLES,BACKEND,SUB-EVENT,Concat_301:OpId_34980 (cycles)
55842143040,EXECUTE,0,CYCLES,BACKEND,SUB-EVENT,Concat_303:OpId_34982 (cycles)
55842143040,EXECUTE,0,CYCLES,BACKEND,SUB-EVENT,Concat_319:OpId_34984 (cycles)
55842143040,EXECUTE,133174,CYCLES,BACKEND,SUB-EVENT,attn_13_head_0_qk_MatMul_0:OpId_34986 (cycles)
55842143040,EXECUTE,6823,CYCLES,BACKEND,SUB-EVENT,attn_13_head_1_qk_MatMul_0:OpId_34990 (cycles)
55842143040,EXECUTE,5886,CYCLES,BACKEND,SUB-EVENT,attn_13_head_2_qk_MatMul_0:OpId_34994 (cycles)
55842143040,EXECUTE,10093,CYCLES,BACKEND,SUB-EVENT,attn_13_head_3_qk_MatMul_0:OpId_34998 (cycles)
55842143040,EXECUTE,7016,CYCLES,BACKEND,SUB-EVENT,attn_13_head_4_qk_MatMul_0:OpId_35002 (cycles)
55842143040,EXECUTE,10778,CYCLES,BACKEND,SUB-EVENT,attn_13_head_5_qk_MatMul_0:OpId_35006 (cycles)
55842143040,EXECUTE,7550,CYCLES,BACKEND,SUB-EVENT,attn_13_head_6_qk_MatMul_0:OpId_35010 (cycles)
55842143040,EXECUTE,122729,CYCLES,BACKEND,SUB-EVENT,attn_13_head_7_qk_MatMul_0:OpId_35014 (cycles)
55842143040,EXECUTE,8770,CYCLES,BACKEND,SUB-EVENT,attn_13_head_8_qk_MatMul_0:OpId_35018 (cycles)
55842143040,EXECUTE,10624,CYCLES,BACKEND,SUB-EVENT,attn_13_head_9_qk_MatMul_0:OpId_35022 (cycles)
55842143040,EXECUTE,12121,CYCLES,BACKEND,SUB-EVENT,attn_13_head_10_qk_MatMul_0:OpId_35026 (cycles)
55842143040,EXECUTE,14923,CYCLES,BACKEND,SUB-EVENT,attn_13_head_11_qk_MatMul_0:OpId_35030 (cycles)
55842143040,EXECUTE,7153,CYCLES,BACKEND,SUB-EVENT,attn_13_head_12_qk_MatMul_0:OpId_35034 (cycles)
55842143040,EXECUTE,6425,CYCLES,BACKEND,SUB-EVENT,attn_13_head_13_qk_MatMul_0:OpId_35038 (cycles)
55842143040,EXECUTE,18035,CYCLES,BACKEND,SUB-EVENT,Add_393:OpId_35042 (cycles)
55842143040,EXECUTE,16515,CYCLES,BACKEND,SUB-EVENT,Add_395:OpId_35044 (cycles)
55842143040,EXECUTE,16992,CYCLES,BACKEND,SUB-EVENT,Add_397:OpId_35046 (cycles)
55842143040,EXECUTE,16933,CYCLES,BACKEND,SUB-EVENT,Add_399:OpId_35048 (cycles)
55842143040,EXECUTE,19032,CYCLES,BACKEND,SUB-EVENT,Add_401:OpId_35050 (cycles)
55842143040,EXECUTE,16982,CYCLES,BACKEND,SUB-EVENT,Add_403:OpId_35052 (cycles)
55842143040,EXECUTE,16362,CYCLES,BACKEND,SUB-EVENT,Add_405:OpId_35054 (cycles)
55842143040,EXECUTE,16650,CYCLES,BACKEND,SUB-EVENT,Add_407:OpId_35056 (cycles)
55842143040,EXECUTE,16619,CYCLES,BACKEND,SUB-EVENT,Add_409:OpId_35058 (cycles)
55842143040,EXECUTE,16892,CYCLES,BACKEND,SUB-EVENT,Add_411:OpId_35060 (cycles)
55842143040,EXECUTE,17694,CYCLES,BACKEND,SUB-EVENT,Add_413:OpId_35062 (cycles)
55842143040,EXECUTE,16906,CYCLES,BACKEND,SUB-EVENT,Add_415:OpId_35064 (cycles)
55842143040,EXECUTE,16701,CYCLES,BACKEND,SUB-EVENT,Add_417:OpId_35066 (cycles)
55842143040,EXECUTE,17810,CYCLES,BACKEND,SUB-EVENT,Add_419:OpId_35068 (cycles)
55842143040,EXECUTE,12407,CYCLES,BACKEND,SUB-EVENT,attn_13_head_0_Softmax_0:OpId_35070 (cycles)
55842143040,EXECUTE,10547,CYCLES,BACKEND,SUB-EVENT,attn_13_head_1_Softmax_0:OpId_35073 (cycles)
55842143040,EXECUTE,12589,CYCLES,BACKEND,SUB-EVENT,attn_13_head_2_Softmax_0:OpId_35076 (cycles)
55842143040,EXECUTE,10817,CYCLES,BACKEND,SUB-EVENT,attn_13_head_3_Softmax_0:OpId_35079 (cycles)
55842143040,EXECUTE,11348,CYCLES,BACKEND,SUB-EVENT,attn_13_head_4_Softmax_0:OpId_35082 (cycles)
55842143040,EXECUTE,10703,CYCLES,BACKEND,SUB-EVENT,attn_13_head_5_Softmax_0:OpId_35085 (cycles)
55842143040,EXECUTE,13468,CYCLES,BACKEND,SUB-EVENT,attn_13_head_6_Softmax_0:OpId_35088 (cycles)
55842143040,EXECUTE,9871,CYCLES,BACKEND,SUB-EVENT,attn_13_head_7_Softmax_0:OpId_35091 (cycles)
55842143040,EXECUTE,9854,CYCLES,BACKEND,SUB-EVENT,attn_13_head_8_Softmax_0:OpId_35094 (cycles)
55842143040,EXECUTE,10663,CYCLES,BACKEND,SUB-EVENT,attn_13_head_9_Softmax_0:OpId_35097 (cycles)
55842143040,EXECUTE,12891,CYCLES,BACKEND,SUB-EVENT,attn_13_head_10_Softmax_0:OpId_35100 (cycles)
55842143040,EXECUTE,12080,CYCLES,BACKEND,SUB-EVENT,attn_13_head_11_Softmax_0:OpId_35103 (cycles)
55842143040,EXECUTE,11440,CYCLES,BACKEND,SUB-EVENT,attn_13_head_12_Softmax_0:OpId_35106 (cycles)
55842143040,EXECUTE,10308,CYCLES,BACKEND,SUB-EVENT,attn_13_head_13_Softmax_0:OpId_35109 (cycles)
55842143040,EXECUTE,43422,CYCLES,BACKEND,SUB-EVENT,attn_13_head_0_qkv_MatMul_0:OpId_35112 (cycles)
55842143040,EXECUTE,1386,CYCLES,BACKEND,SUB-EVENT,attn_13_head_1_qkv_MatMul_0:OpId_35116 (cycles)
55842143040,EXECUTE,1312,CYCLES,BACKEND,SUB-EVENT,attn_13_head_2_qkv_MatMul_0:OpId_35120 (cycles)
55842143040,EXECUTE,1329,CYCLES,BACKEND,SUB-EVENT,attn_13_head_3_qkv_MatMul_0:OpId_35124 (cycles)
55842143040,EXECUTE,2009,CYCLES,BACKEND,SUB-EVENT,attn_13_head_4_qkv_MatMul_0:OpId_35128 (cycles)
55842143040,EXECUTE,1269,CYCLES,BACKEND,SUB-EVENT,attn_13_head_5_qkv_MatMul_0:OpId_35132 (cycles)
55842143040,EXECUTE,1259,CYCLES,BACKEND,SUB-EVENT,attn_13_head_6_qkv_MatMul_0:OpId_35136 (cycles)
55842143040,EXECUTE,44441,CYCLES,BACKEND,SUB-EVENT,attn_13_head_7_qkv_MatMul_0:OpId_35140 (cycles)
55842143040,EXECUTE,1306,CYCLES,BACKEND,SUB-EVENT,attn_13_head_8_qkv_MatMul_0:OpId_35144 (cycles)
55842143040,EXECUTE,1270,CYCLES,BACKEND,SUB-EVENT,attn_13_head_9_qkv_MatMul_0:OpId_35148 (cycles)
55842143040,EXECUTE,1333,CYCLES,BACKEND,SUB-EVENT,attn_13_head_10_qkv_MatMul_0:OpId_35152 (cycles)
55842143040,EXECUTE,1136,CYCLES,BACKEND,SUB-EVENT,attn_13_head_11_qkv_MatMul_0:OpId_35156 (cycles)
55842143040,EXECUTE,1686,CYCLES,BACKEND,SUB-EVENT,attn_13_head_12_qkv_MatMul_0:OpId_35160 (cycles)
55842143040,EXECUTE,1303,CYCLES,BACKEND,SUB-EVENT,attn_13_head_13_qkv_MatMul_0:OpId_35164 (cycles)
55842143040,EXECUTE,0,CYCLES,BACKEND,SUB-EVENT,Concat_321:OpId_35168 (cycles)
55842143040,EXECUTE,0,CYCLES,BACKEND,SUB-EVENT,Reshape_15:OpId_35170 (cycles)
55842143040,EXECUTE,0,CYCLES,BACKEND,SUB-EVENT,model_layers_13_self_attn_Transpose_6:OpId_35172 (cycles)
55842143040,EXECUTE,32900,CYCLES,BACKEND,SUB-EVENT,model_layers_13_self_attn_o_proj_conv_Conv:OpId_35180 (cycles)
55842143040,EXECUTE,3582,CYCLES,BACKEND,SUB-EVENT,/model_layers_13_self_attn_o_proj_conv_Conv/Conv_output_0.nchw:OpId_35184 (cycles)
55842143040,EXECUTE,0,CYCLES,BACKEND,SUB-EVENT,model_layers_13_self_attn_Reshape_9:OpId_35185 (cycles)
55842143040,EXECUTE,3273,CYCLES,BACKEND,SUB-EVENT,model_layers_13_Add:OpId_35186 (cycles)
55842143040,EXECUTE,10280,CYCLES,BACKEND,SUB-EVENT,rms_norm_52:OpId_35191 (cycles)
55842143040,EXECUTE,0,CYCLES,BACKEND,SUB-EVENT,model_layers_13_mlp_Reshape:OpId_35194 (cycles)
55842143040,EXECUTE,0,CYCLES,BACKEND,SUB-EVENT,model_layers_13_mlp_Transpose:OpId_35196 (cycles)
55842143040,EXECUTE,94871,CYCLES,BACKEND,SUB-EVENT,model_layers_13_mlp_gate_proj_conv_Conv:OpId_35204 (cycles)
55842143040,EXECUTE,126015,CYCLES,BACKEND,SUB-EVENT,model_layers_13_mlp_up_proj_conv_Conv:OpId_35214 (cycles)
55842143040,EXECUTE,0,CYCLES,BACKEND,SUB-EVENT,model_layers_13_mlp_act_fn_Sigmoid:OpId_35217 (cycles)
55842143040,EXECUTE,41268,CYCLES,BACKEND,SUB-EVENT,model_layers_13_mlp_act_fn_Mul:OpId_35224 (cycles)
55842143040,EXECUTE,30263,CYCLES,BACKEND,SUB-EVENT,model_layers_13_mlp_Mul:OpId_35226 (cycles)
55842143040,EXECUTE,54893,CYCLES,BACKEND,SUB-EVENT,model_layers_13_mlp_down_proj_conv_Conv:OpId_35235 (cycles)
55842143040,EXECUTE,332,CYCLES,BACKEND,SUB-EVENT,/model_layers_13_mlp_down_proj_conv_Conv/Conv_output_0.nchw:OpId_35239 (cycles)
55842143040,EXECUTE,0,CYCLES,BACKEND,SUB-EVENT,model_layers_13_mlp_Reshape_1:OpId_35240 (cycles)
55842143040,EXECUTE,3306,CYCLES,BACKEND,SUB-EVENT,model_layers_13_Add_1:OpId_35241 (cycles)
55842143040,EXECUTE,12975,CYCLES,BACKEND,SUB-EVENT,rms_norm_54:OpId_35246 (cycles)
55842143040,EXECUTE,0,CYCLES,BACKEND,SUB-EVENT,model_layers_14_self_attn_Reshape:OpId_35249 (cycles)
55842143040,EXECUTE,0,CYCLES,BACKEND,SUB-EVENT,model_layers_14_self_attn_Transpose:OpId_35251 (cycles)
55842143040,EXECUTE,2024,CYCLES,BACKEND,SUB-EVENT,attn_14_head_0_key_Conv:OpId_35259 (cycles)
55842143040,EXECUTE,1252,CYCLES,BACKEND,SUB-EVENT,attn_14_head_0_value_Conv:OpId_35269 (cycles)
55842143040,EXECUTE,969,CYCLES,BACKEND,SUB-EVENT,attn_14_head_0_value_Transpose/output_converted_UFIXED_POINT_8:OpId_35272 (cycles)
55842143040,EXECUTE,1627,CYCLES,BACKEND,SUB-EVENT,attn_14_head_1_key_Conv:OpId_35282 (cycles)
55842143040,EXECUTE,852,CYCLES,BACKEND,SUB-EVENT,attn_14_head_1_value_Conv:OpId_35292 (cycles)
55842143040,EXECUTE,461,CYCLES,BACKEND,SUB-EVENT,attn_14_head_1_value_Transpose/output_converted_UFIXED_POINT_8:OpId_35295 (cycles)
55842143040,EXECUTE,3184,CYCLES,BACKEND,SUB-EVENT,attn_14_head_0_query_Conv:OpId_35305 (cycles)
55842143040,EXECUTE,900,CYCLES,BACKEND,SUB-EVENT,attn_14_head_1_query_Conv:OpId_35315 (cycles)
55842143040,EXECUTE,895,CYCLES,BACKEND,SUB-EVENT,attn_14_head_2_query_Conv:OpId_35325 (cycles)
55842143040,EXECUTE,989,CYCLES,BACKEND,SUB-EVENT,attn_14_head_3_query_Conv:OpId_35335 (cycles)
55842143040,EXECUTE,5471,CYCLES,BACKEND,SUB-EVENT,attn_14_head_4_query_Conv:OpId_35345 (cycles)
55842143040,EXECUTE,653,CYCLES,BACKEND,SUB-EVENT,attn_14_head_5_query_Conv:OpId_35355 (cycles)
55842143040,EXECUTE,1715,CYCLES,BACKEND,SUB-EVENT,attn_14_head_6_query_Conv:OpId_35365 (cycles)
55842143040,EXECUTE,736,CYCLES,BACKEND,SUB-EVENT,attn_14_head_7_query_Conv:OpId_35375 (cycles)
55842143040,EXECUTE,608,CYCLES,BACKEND,SUB-EVENT,attn_14_head_8_query_Conv:OpId_35385 (cycles)
55842143040,EXECUTE,2709,CYCLES,BACKEND,SUB-EVENT,attn_14_head_9_query_Conv:OpId_35395 (cycles)
55842143040,EXECUTE,968,CYCLES,BACKEND,SUB-EVENT,attn_14_head_10_query_Conv:OpId_35405 (cycles)
55842143040,EXECUTE,9490,CYCLES,BACKEND,SUB-EVENT,attn_14_head_11_query_Conv:OpId_35415 (cycles)
55842143040,EXECUTE,976,CYCLES,BACKEND,SUB-EVENT,attn_14_head_12_query_Conv:OpId_35425 (cycles)
55842143040,EXECUTE,1072,CYCLES,BACKEND,SUB-EVENT,attn_14_head_13_query_Conv:OpId_35435 (cycles)
55842143040,EXECUTE,270,CYCLES,BACKEND,SUB-EVENT,Slice_504:OpId_35439 (cycles)
55842143040,EXECUTE,201,CYCLES,BACKEND,SUB-EVENT,Slice_505:OpId_35445 (cycles)
55842143040,EXECUTE,189,CYCLES,BACKEND,SUB-EVENT,Slice_506:OpId_35451 (cycles)
55842143040,EXECUTE,123,CYCLES,BACKEND,SUB-EVENT,Slice_507:OpId_35457 (cycles)
55842143040,EXECUTE,0,CYCLES,BACKEND,SUB-EVENT,Concat_343:OpId_35462 (cycles)
55842143040,EXECUTE,223,CYCLES,BACKEND,SUB-EVENT,Slice_512:OpId_35465 (cycles)
55842143040,EXECUTE,167,CYCLES,BACKEND,SUB-EVENT,Slice_513:OpId_35471 (cycles)
55842143040,EXECUTE,247,CYCLES,BACKEND,SUB-EVENT,Slice_514:OpId_35477 (cycles)
55842143040,EXECUTE,187,CYCLES,BACKEND,SUB-EVENT,Slice_515:OpId_35483 (cycles)
55842143040,EXECUTE,835,CYCLES,BACKEND,SUB-EVENT,Slice_516:OpId_35489 (cycles)
55842143040,EXECUTE,179,CYCLES,BACKEND,SUB-EVENT,Slice_517:OpId_35495 (cycles)
55842143040,EXECUTE,1555,CYCLES,BACKEND,SUB-EVENT,Slice_518:OpId_35501 (cycles)
55842143040,EXECUTE,109,CYCLES,BACKEND,SUB-EVENT,Slice_519:OpId_35507 (cycles)
55842143040,EXECUTE,234,CYCLES,BACKEND,SUB-EVENT,Slice_520:OpId_35513 (cycles)
55842143040,EXECUTE,158,CYCLES,BACKEND,SUB-EVENT,Slice_521:OpId_35519 (cycles)
55842143040,EXECUTE,194,CYCLES,BACKEND,SUB-EVENT,Slice_522:OpId_35525 (cycles)
55842143040,EXECUTE,168,CYCLES,BACKEND,SUB-EVENT,Slice_523:OpId_35531 (cycles)
55842143040,EXECUTE,229,CYCLES,BACKEND,SUB-EVENT,Slice_524:OpId_35537 (cycles)
55842143040,EXECUTE,206,CYCLES,BACKEND,SUB-EVENT,Slice_525:OpId_35543 (cycles)
55842143040,EXECUTE,207,CYCLES,BACKEND,SUB-EVENT,Slice_526:OpId_35549 (cycles)
55842143040,EXECUTE,175,CYCLES,BACKEND,SUB-EVENT,Slice_527:OpId_35555 (cycles)
55842143040,EXECUTE,199,CYCLES,BACKEND,SUB-EVENT,Slice_528:OpId_35561 (cycles)
55842143040,EXECUTE,159,CYCLES,BACKEND,SUB-EVENT,Slice_529:OpId_35567 (cycles)
55842143040,EXECUTE,236,CYCLES,BACKEND,SUB-EVENT,Slice_530:OpId_35573 (cycles)
55842143040,EXECUTE,150,CYCLES,BACKEND,SUB-EVENT,Slice_531:OpId_35579 (cycles)
55842143040,EXECUTE,259,CYCLES,BACKEND,SUB-EVENT,Slice_532:OpId_35585 (cycles)
55842143040,EXECUTE,220,CYCLES,BACKEND,SUB-EVENT,Slice_533:OpId_35591 (cycles)
55842143040,EXECUTE,235,CYCLES,BACKEND,SUB-EVENT,Slice_534:OpId_35597 (cycles)
55842143040,EXECUTE,184,CYCLES,BACKEND,SUB-EVENT,Slice_535:OpId_35603 (cycles)
55842143040,EXECUTE,3313,CYCLES,BACKEND,SUB-EVENT,Slice_536:OpId_35609 (cycles)
55842143040,EXECUTE,141,CYCLES,BACKEND,SUB-EVENT,Slice_537:OpId_35615 (cycles)
55842143040,EXECUTE,140,CYCLES,BACKEND,SUB-EVENT,Slice_538:OpId_35621 (cycles)
55842143040,EXECUTE,121,CYCLES,BACKEND,SUB-EVENT,Slice_539:OpId_35627 (cycles)
55842143040,EXECUTE,5679,CYCLES,BACKEND,SUB-EVENT,Concat_325:OpId_35632 (cycles)
55842143040,EXECUTE,6129,CYCLES,BACKEND,SUB-EVENT,Concat_327:OpId_35634 (cycles)
55842143040,EXECUTE,2193,CYCLES,BACKEND,SUB-EVENT,Mul_896:OpId_35636 (cycles)
55842143040,EXECUTE,3211,CYCLES,BACKEND,SUB-EVENT,Mul_898:OpId_35638 (cycles)
55842143040,EXECUTE,2408,CYCLES,BACKEND,SUB-EVENT,Mul_897:OpId_35640 (cycles)
55842143040,EXECUTE,1439,CYCLES,BACKEND,SUB-EVENT,Mul_899:OpId_35642 (cycles)
55842143040,EXECUTE,274,CYCLES,BACKEND,SUB-EVENT,Mul_900:OpId_35644 (cycles)
55842143040,EXECUTE,217,CYCLES,BACKEND,SUB-EVENT,Mul_902:OpId_35646 (cycles)
55842143040,EXECUTE,189,CYCLES,BACKEND,SUB-EVENT,Mul_901:OpId_35648 (cycles)
55842143040,EXECUTE,164,CYCLES,BACKEND,SUB-EVENT,Mul_903:OpId_35650 (cycles)
55842143040,EXECUTE,551,CYCLES,BACKEND,SUB-EVENT,Mul_904:OpId_35652 (cycles)
55842143040,EXECUTE,2385,CYCLES,BACKEND,SUB-EVENT,Mul_906:OpId_35654 (cycles)
55842143040,EXECUTE,3168,CYCLES,BACKEND,SUB-EVENT,Mul_905:OpId_35656 (cycles)
55842143040,EXECUTE,2808,CYCLES,BACKEND,SUB-EVENT,Mul_907:OpId_35658 (cycles)
55842143040,EXECUTE,230,CYCLES,BACKEND,SUB-EVENT,Mul_908:OpId_35660 (cycles)
55842143040,EXECUTE,143,CYCLES,BACKEND,SUB-EVENT,Mul_910:OpId_35662 (cycles)
55842143040,EXECUTE,270,CYCLES,BACKEND,SUB-EVENT,Mul_909:OpId_35664 (cycles)
55842143040,EXECUTE,140,CYCLES,BACKEND,SUB-EVENT,Mul_911:OpId_35666 (cycles)
55842143040,EXECUTE,229,CYCLES,BACKEND,SUB-EVENT,Mul_912:OpId_35668 (cycles)
55842143040,EXECUTE,124,CYCLES,BACKEND,SUB-EVENT,Mul_914:OpId_35670 (cycles)
55842143040,EXECUTE,241,CYCLES,BACKEND,SUB-EVENT,Mul_913:OpId_35672 (cycles)
55842143040,EXECUTE,157,CYCLES,BACKEND,SUB-EVENT,Mul_915:OpId_35674 (cycles)
55842143040,EXECUTE,194,CYCLES,BACKEND,SUB-EVENT,Mul_916:OpId_35676 (cycles)
55842143040,EXECUTE,146,CYCLES,BACKEND,SUB-EVENT,Mul_918:OpId_35678 (cycles)
55842143040,EXECUTE,190,CYCLES,BACKEND,SUB-EVENT,Mul_917:OpId_35680 (cycles)
55842143040,EXECUTE,147,CYCLES,BACKEND,SUB-EVENT,Mul_919:OpId_35682 (cycles)
55842143040,EXECUTE,159,CYCLES,BACKEND,SUB-EVENT,Mul_920:OpId_35684 (cycles)
55842143040,EXECUTE,150,CYCLES,BACKEND,SUB-EVENT,Mul_922:OpId_35686 (cycles)
55842143040,EXECUTE,2999,CYCLES,BACKEND,SUB-EVENT,Mul_921:OpId_35688 (cycles)
55842143040,EXECUTE,229,CYCLES,BACKEND,SUB-EVENT,Mul_923:OpId_35690 (cycles)
55842143040,EXECUTE,188,CYCLES,BACKEND,SUB-EVENT,Mul_924:OpId_35692 (cycles)
55842143040,EXECUTE,150,CYCLES,BACKEND,SUB-EVENT,Mul_926:OpId_35694 (cycles)
55842143040,EXECUTE,160,CYCLES,BACKEND,SUB-EVENT,Mul_925:OpId_35696 (cycles)
55842143040,EXECUTE,131,CYCLES,BACKEND,SUB-EVENT,Mul_927:OpId_35698 (cycles)
55842143040,EXECUTE,162,CYCLES,BACKEND,SUB-EVENT,Mul_928:OpId_35700 (cycles)
55842143040,EXECUTE,139,CYCLES,BACKEND,SUB-EVENT,Mul_930:OpId_35702 (cycles)
55842143040,EXECUTE,169,CYCLES,BACKEND,SUB-EVENT,Mul_929:OpId_35704 (cycles)
55842143040,EXECUTE,156,CYCLES,BACKEND,SUB-EVENT,Mul_931:OpId_35706 (cycles)
55842143040,EXECUTE,206,CYCLES,BACKEND,SUB-EVENT,Mul_932:OpId_35708 (cycles)
55842143040,EXECUTE,183,CYCLES,BACKEND,SUB-EVENT,Mul_934:OpId_35710 (cycles)
55842143040,EXECUTE,169,CYCLES,BACKEND,SUB-EVENT,Mul_933:OpId_35712 (cycles)
55842143040,EXECUTE,160,CYCLES,BACKEND,SUB-EVENT,Mul_935:OpId_35714 (cycles)
55842143040,EXECUTE,187,CYCLES,BACKEND,SUB-EVENT,Mul_936:OpId_35716 (cycles)
55842143040,EXECUTE,202,CYCLES,BACKEND,SUB-EVENT,Mul_938:OpId_35718 (cycles)
55842143040,EXECUTE,152,CYCLES,BACKEND,SUB-EVENT,Mul_937:OpId_35720 (cycles)
55842143040,EXECUTE,136,CYCLES,BACKEND,SUB-EVENT,Mul_939:OpId_35722 (cycles)
55842143040,EXECUTE,211,CYCLES,BACKEND,SUB-EVENT,Mul_940:OpId_35724 (cycles)
55842143040,EXECUTE,156,CYCLES,BACKEND,SUB-EVENT,Mul_942:OpId_35726 (cycles)
55842143040,EXECUTE,217,CYCLES,BACKEND,SUB-EVENT,Mul_941:OpId_35728 (cycles)
55842143040,EXECUTE,136,CYCLES,BACKEND,SUB-EVENT,Mul_943:OpId_35730 (cycles)
55842143040,EXECUTE,181,CYCLES,BACKEND,SUB-EVENT,Mul_944:OpId_35732 (cycles)
55842143040,EXECUTE,185,CYCLES,BACKEND,SUB-EVENT,Mul_946:OpId_35734 (cycles)
55842143040,EXECUTE,186,CYCLES,BACKEND,SUB-EVENT,Mul_945:OpId_35736 (cycles)
55842143040,EXECUTE,171,CYCLES,BACKEND,SUB-EVENT,Mul_947:OpId_35738 (cycles)
55842143040,EXECUTE,187,CYCLES,BACKEND,SUB-EVENT,Mul_948:OpId_35740 (cycles)
55842143040,EXECUTE,186,CYCLES,BACKEND,SUB-EVENT,Mul_950:OpId_35742 (cycles)
55842143040,EXECUTE,239,CYCLES,BACKEND,SUB-EVENT,Mul_949:OpId_35744 (cycles)
55842143040,EXECUTE,191,CYCLES,BACKEND,SUB-EVENT,Mul_951:OpId_35746 (cycles)
55842143040,EXECUTE,193,CYCLES,BACKEND,SUB-EVENT,Mul_952:OpId_35748 (cycles)
55842143040,EXECUTE,177,CYCLES,BACKEND,SUB-EVENT,Mul_954:OpId_35750 (cycles)
55842143040,EXECUTE,183,CYCLES,BACKEND,SUB-EVENT,Mul_953:OpId_35752 (cycles)
55842143040,EXECUTE,162,CYCLES,BACKEND,SUB-EVENT,Mul_955:OpId_35754 (cycles)
55842143040,EXECUTE,288,CYCLES,BACKEND,SUB-EVENT,Mul_956:OpId_35756 (cycles)
55842143040,EXECUTE,173,CYCLES,BACKEND,SUB-EVENT,Mul_958:OpId_35758 (cycles)
55842143040,EXECUTE,199,CYCLES,BACKEND,SUB-EVENT,Mul_957:OpId_35760 (cycles)
55842143040,EXECUTE,277,CYCLES,BACKEND,SUB-EVENT,Mul_959:OpId_35762 (cycles)
55842143040,EXECUTE,709,CYCLES,BACKEND,SUB-EVENT,Sub_224:OpId_35764 (cycles)
55842143040,EXECUTE,1466,CYCLES,BACKEND,SUB-EVENT,Sub_224_converted_UFIXED_POINT_8:OpId_35766 (cycles)
55842143040,EXECUTE,516,CYCLES,BACKEND,SUB-EVENT,Add_420:OpId_35769 (cycles)
55842143040,EXECUTE,1591,CYCLES,BACKEND,SUB-EVENT,Add_420_converted_UFIXED_POINT_8:OpId_35771 (cycles)
55842143040,EXECUTE,179,CYCLES,BACKEND,SUB-EVENT,Sub_225:OpId_35774 (cycles)
55842143040,EXECUTE,189,CYCLES,BACKEND,SUB-EVENT,Sub_225_converted_UFIXED_POINT_8:OpId_35776 (cycles)
55842143040,EXECUTE,203,CYCLES,BACKEND,SUB-EVENT,Add_421:OpId_35779 (cycles)
55842143040,EXECUTE,213,CYCLES,BACKEND,SUB-EVENT,Add_421_converted_UFIXED_POINT_8:OpId_35781 (cycles)
55842143040,EXECUTE,1882,CYCLES,BACKEND,SUB-EVENT,Sub_226:OpId_35784 (cycles)
55842143040,EXECUTE,676,CYCLES,BACKEND,SUB-EVENT,Add_422:OpId_35786 (cycles)
55842143040,EXECUTE,396,CYCLES,BACKEND,SUB-EVENT,Sub_227:OpId_35788 (cycles)
55842143040,EXECUTE,463,CYCLES,BACKEND,SUB-EVENT,Add_424:OpId_35790 (cycles)
55842143040,EXECUTE,1160,CYCLES,BACKEND,SUB-EVENT,Sub_228:OpId_35792 (cycles)
55842143040,EXECUTE,415,CYCLES,BACKEND,SUB-EVENT,Add_426:OpId_35794 (cycles)
55842143040,EXECUTE,3605,CYCLES,BACKEND,SUB-EVENT,Sub_229:OpId_35796 (cycles)
55842143040,EXECUTE,1346,CYCLES,BACKEND,SUB-EVENT,Add_428:OpId_35798 (cycles)
55842143040,EXECUTE,484,CYCLES,BACKEND,SUB-EVENT,Sub_230:OpId_35800 (cycles)
55842143040,EXECUTE,374,CYCLES,BACKEND,SUB-EVENT,Add_430:OpId_35802 (cycles)
55842143040,EXECUTE,885,CYCLES,BACKEND,SUB-EVENT,Sub_231:OpId_35804 (cycles)
55842143040,EXECUTE,435,CYCLES,BACKEND,SUB-EVENT,Add_432:OpId_35806 (cycles)
55842143040,EXECUTE,976,CYCLES,BACKEND,SUB-EVENT,Sub_232:OpId_35808 (cycles)
55842143040,EXECUTE,881,CYCLES,BACKEND,SUB-EVENT,Add_434:OpId_35810 (cycles)
55842143040,EXECUTE,1462,CYCLES,BACKEND,SUB-EVENT,Sub_233:OpId_35812 (cycles)
55842143040,EXECUTE,586,CYCLES,BACKEND,SUB-EVENT,Add_436:OpId_35814 (cycles)
55842143040,EXECUTE,436,CYCLES,BACKEND,SUB-EVENT,Sub_234:OpId_35816 (cycles)
55842143040,EXECUTE,503,CYCLES,BACKEND,SUB-EVENT,Add_438:OpId_35818 (cycles)
55842143040,EXECUTE,733,CYCLES,BACKEND,SUB-EVENT,Sub_235:OpId_35820 (cycles)
55842143040,EXECUTE,455,CYCLES,BACKEND,SUB-EVENT,Add_440:OpId_35822 (cycles)
55842143040,EXECUTE,951,CYCLES,BACKEND,SUB-EVENT,Sub_236:OpId_35824 (cycles)
55842143040,EXECUTE,1247,CYCLES,BACKEND,SUB-EVENT,Add_442:OpId_35826 (cycles)
55842143040,EXECUTE,439,CYCLES,BACKEND,SUB-EVENT,Sub_237:OpId_35828 (cycles)
55842143040,EXECUTE,598,CYCLES,BACKEND,SUB-EVENT,Add_444:OpId_35830 (cycles)
55842143040,EXECUTE,519,CYCLES,BACKEND,SUB-EVENT,Sub_238:OpId_35832 (cycles)
55842143040,EXECUTE,1000,CYCLES,BACKEND,SUB-EVENT,Add_446:OpId_35834 (cycles)
55842143040,EXECUTE,433,CYCLES,BACKEND,SUB-EVENT,Sub_239:OpId_35836 (cycles)
55842143040,EXECUTE,2185,CYCLES,BACKEND,SUB-EVENT,Add_448:OpId_35838 (cycles)
55842143040,EXECUTE,3787,CYCLES,BACKEND,SUB-EVENT,Concat_322:OpId_35840 (cycles)
55842143040,EXECUTE,1183,CYCLES,BACKEND,SUB-EVENT,Concat_323:OpId_35842 (cycles)
55842143040,EXECUTE,0,CYCLES,BACKEND,SUB-EVENT,Concat_328:OpId_35844 (cycles)
55842143040,EXECUTE,0,CYCLES,BACKEND,SUB-EVENT,Concat_329:OpId_35846 (cycles)
55842143040,EXECUTE,0,CYCLES,BACKEND,SUB-EVENT,Concat_330:OpId_35848 (cycles)
55842143040,EXECUTE,0,CYCLES,BACKEND,SUB-EVENT,Concat_331:OpId_35850 (cycles)
55842143040,EXECUTE,0,CYCLES,BACKEND,SUB-EVENT,Concat_332:OpId_35852 (cycles)
55842143040,EXECUTE,0,CYCLES,BACKEND,SUB-EVENT,Concat_333:OpId_35854 (cycles)
55842143040,EXECUTE,0,CYCLES,BACKEND,SUB-EVENT,Concat_334:OpId_35856 (cycles)
55842143040,EXECUTE,0,CYCLES,BACKEND,SUB-EVENT,Concat_335:OpId_35858 (cycles)
55842143040,EXECUTE,0,CYCLES,BACKEND,SUB-EVENT,Concat_336:OpId_35860 (cycles)
55842143040,EXECUTE,0,CYCLES,BACKEND,SUB-EVENT,Concat_337:OpId_35862 (cycles)
55842143040,EXECUTE,0,CYCLES,BACKEND,SUB-EVENT,Concat_338:OpId_35864 (cycles)
55842143040,EXECUTE,0,CYCLES,BACKEND,SUB-EVENT,Concat_339:OpId_35866 (cycles)
55842143040,EXECUTE,0,CYCLES,BACKEND,SUB-EVENT,Concat_340:OpId_35868 (cycles)
55842143040,EXECUTE,0,CYCLES,BACKEND,SUB-EVENT,Concat_341:OpId_35870 (cycles)
55842143040,EXECUTE,0,CYCLES,BACKEND,SUB-EVENT,attn_14_head_0_key_Transpose_0:OpId_35873 (cycles)
55842143040,EXECUTE,0,CYCLES,BACKEND,SUB-EVENT,attn_14_head_1_key_Transpose_0:OpId_35875 (cycles)
55842143040,EXECUTE,0,CYCLES,BACKEND,SUB-EVENT,Concat_324:OpId_35876 (cycles)
55842143040,EXECUTE,0,CYCLES,BACKEND,SUB-EVENT,Concat_326:OpId_35878 (cycles)
55842143040,EXECUTE,0,CYCLES,BACKEND,SUB-EVENT,Concat_342:OpId_35880 (cycles)
55842143040,EXECUTE,177684,CYCLES,BACKEND,SUB-EVENT,attn_14_head_0_qk_MatMul_0:OpId_35882 (cycles)
55842143040,EXECUTE,8080,CYCLES,BACKEND,SUB-EVENT,attn_14_head_1_qk_MatMul_0:OpId_35886 (cycles)
55842143040,EXECUTE,9670,CYCLES,BACKEND,SUB-EVENT,attn_14_head_2_qk_MatMul_0:OpId_35890 (cycles)
55842143040,EXECUTE,8851,CYCLES,BACKEND,SUB-EVENT,attn_14_head_3_qk_MatMul_0:OpId_35894 (cycles)
55842143040,EXECUTE,6917,CYCLES,BACKEND,SUB-EVENT,attn_14_head_4_qk_MatMul_0:OpId_35898 (cycles)
55842143040,EXECUTE,7519,CYCLES,BACKEND,SUB-EVENT,attn_14_head_5_qk_MatMul_0:OpId_35902 (cycles)
55842143040,EXECUTE,10466,CYCLES,BACKEND,SUB-EVENT,attn_14_head_6_qk_MatMul_0:OpId_35906 (cycles)
55842143040,EXECUTE,137214,CYCLES,BACKEND,SUB-EVENT,attn_14_head_7_qk_MatMul_0:OpId_35910 (cycles)
55842143040,EXECUTE,7220,CYCLES,BACKEND,SUB-EVENT,attn_14_head_8_qk_MatMul_0:OpId_35914 (cycles)
55842143040,EXECUTE,10374,CYCLES,BACKEND,SUB-EVENT,attn_14_head_9_qk_MatMul_0:OpId_35918 (cycles)
55842143040,EXECUTE,11908,CYCLES,BACKEND,SUB-EVENT,attn_14_head_10_qk_MatMul_0:OpId_35922 (cycles)
55842143040,EXECUTE,14896,CYCLES,BACKEND,SUB-EVENT,attn_14_head_11_qk_MatMul_0:OpId_35926 (cycles)
55842143040,EXECUTE,11024,CYCLES,BACKEND,SUB-EVENT,attn_14_head_12_qk_MatMul_0:OpId_35930 (cycles)
55842143040,EXECUTE,7743,CYCLES,BACKEND,SUB-EVENT,attn_14_head_13_qk_MatMul_0:OpId_35934 (cycles)
55842143040,EXECUTE,16672,CYCLES,BACKEND,SUB-EVENT,Add_423:OpId_35938 (cycles)
55842143040,EXECUTE,15950,CYCLES,BACKEND,SUB-EVENT,Add_425:OpId_35940 (cycles)
55842143040,EXECUTE,16735,CYCLES,BACKEND,SUB-EVENT,Add_427:OpId_35942 (cycles)
55842143040,EXECUTE,17238,CYCLES,BACKEND,SUB-EVENT,Add_429:OpId_35944 (cycles)
55842143040,EXECUTE,17359,CYCLES,BACKEND,SUB-EVENT,Add_431:OpId_35946 (cycles)
55842143040,EXECUTE,16699,CYCLES,BACKEND,SUB-EVENT,Add_433:OpId_35948 (cycles)
55842143040,EXECUTE,15680,CYCLES,BACKEND,SUB-EVENT,Add_435:OpId_35950 (cycles)
55842143040,EXECUTE,18004,CYCLES,BACKEND,SUB-EVENT,Add_437:OpId_35952 (cycles)
55842143040,EXECUTE,16468,CYCLES,BACKEND,SUB-EVENT,Add_439:OpId_35954 (cycles)
55842143040,EXECUTE,15970,CYCLES,BACKEND,SUB-EVENT,Add_441:OpId_35956 (cycles)
55842143040,EXECUTE,16578,CYCLES,BACKEND,SUB-EVENT,Add_443:OpId_35958 (cycles)
55842143040,EXECUTE,15563,CYCLES,BACKEND,SUB-EVENT,Add_445:OpId_35960 (cycles)
55842143040,EXECUTE,17046,CYCLES,BACKEND,SUB-EVENT,Add_447:OpId_35962 (cycles)
55842143040,EXECUTE,18814,CYCLES,BACKEND,SUB-EVENT,Add_449:OpId_35964 (cycles)
55842143040,EXECUTE,10469,CYCLES,BACKEND,SUB-EVENT,attn_14_head_0_Softmax_0:OpId_35966 (cycles)
55842143040,EXECUTE,11217,CYCLES,BACKEND,SUB-EVENT,attn_14_head_1_Softmax_0:OpId_35969 (cycles)
55842143040,EXECUTE,11571,CYCLES,BACKEND,SUB-EVENT,attn_14_head_2_Softmax_0:OpId_35972 (cycles)
55842143040,EXECUTE,10448,CYCLES,BACKEND,SUB-EVENT,attn_14_head_3_Softmax_0:OpId_35975 (cycles)
55842143040,EXECUTE,12901,CYCLES,BACKEND,SUB-EVENT,attn_14_head_4_Softmax_0:OpId_35978 (cycles)
55842143040,EXECUTE,10897,CYCLES,BACKEND,SUB-EVENT,attn_14_head_5_Softmax_0:OpId_35981 (cycles)
55842143040,EXECUTE,11066,CYCLES,BACKEND,SUB-EVENT,attn_14_head_6_Softmax_0:OpId_35984 (cycles)
55842143040,EXECUTE,33788,CYCLES,BACKEND,SUB-EVENT,attn_14_head_7_Softmax_0:OpId_35987 (cycles)
55842143040,EXECUTE,11233,CYCLES,BACKEND,SUB-EVENT,attn_14_head_8_Softmax_0:OpId_35990 (cycles)
55842143040,EXECUTE,10753,CYCLES,BACKEND,SUB-EVENT,attn_14_head_9_Softmax_0:OpId_35993 (cycles)
55842143040,EXECUTE,10661,CYCLES,BACKEND,SUB-EVENT,attn_14_head_10_Softmax_0:OpId_35996 (cycles)
55842143040,EXECUTE,11634,CYCLES,BACKEND,SUB-EVENT,attn_14_head_11_Softmax_0:OpId_35999 (cycles)
55842143040,EXECUTE,10452,CYCLES,BACKEND,SUB-EVENT,attn_14_head_12_Softmax_0:OpId_36002 (cycles)
55842143040,EXECUTE,9994,CYCLES,BACKEND,SUB-EVENT,attn_14_head_13_Softmax_0:OpId_36005 (cycles)
55842143040,EXECUTE,40421,CYCLES,BACKEND,SUB-EVENT,attn_14_head_0_qkv_MatMul_0:OpId_36008 (cycles)
55842143040,EXECUTE,1323,CYCLES,BACKEND,SUB-EVENT,attn_14_head_1_qkv_MatMul_0:OpId_36012 (cycles)
55842143040,EXECUTE,1260,CYCLES,BACKEND,SUB-EVENT,attn_14_head_2_qkv_MatMul_0:OpId_36016 (cycles)
55842143040,EXECUTE,1834,CYCLES,BACKEND,SUB-EVENT,attn_14_head_3_qkv_MatMul_0:OpId_36020 (cycles)
55842143040,EXECUTE,1357,CYCLES,BACKEND,SUB-EVENT,attn_14_head_4_qkv_MatMul_0:OpId_36024 (cycles)
55842143040,EXECUTE,1153,CYCLES,BACKEND,SUB-EVENT,attn_14_head_5_qkv_MatMul_0:OpId_36028 (cycles)
55842143040,EXECUTE,1307,CYCLES,BACKEND,SUB-EVENT,attn_14_head_6_qkv_MatMul_0:OpId_36032 (cycles)
55842143040,EXECUTE,40199,CYCLES,BACKEND,SUB-EVENT,attn_14_head_7_qkv_MatMul_0:OpId_36036 (cycles)
55842143040,EXECUTE,1784,CYCLES,BACKEND,SUB-EVENT,attn_14_head_8_qkv_MatMul_0:OpId_36040 (cycles)
55842143040,EXECUTE,1185,CYCLES,BACKEND,SUB-EVENT,attn_14_head_9_qkv_MatMul_0:OpId_36044 (cycles)
55842143040,EXECUTE,1369,CYCLES,BACKEND,SUB-EVENT,attn_14_head_10_qkv_MatMul_0:OpId_36048 (cycles)
55842143040,EXECUTE,1335,CYCLES,BACKEND,SUB-EVENT,attn_14_head_11_qkv_MatMul_0:OpId_36052 (cycles)
55842143040,EXECUTE,1253,CYCLES,BACKEND,SUB-EVENT,attn_14_head_12_qkv_MatMul_0:OpId_36056 (cycles)
55842143040,EXECUTE,1249,CYCLES,BACKEND,SUB-EVENT,attn_14_head_13_qkv_MatMul_0:OpId_36060 (cycles)
55842143040,EXECUTE,0,CYCLES,BACKEND,SUB-EVENT,Concat_344:OpId_36064 (cycles)
55842143040,EXECUTE,0,CYCLES,BACKEND,SUB-EVENT,Reshape_16:OpId_36066 (cycles)
55842143040,EXECUTE,0,CYCLES,BACKEND,SUB-EVENT,model_layers_14_self_attn_Transpose_6:OpId_36068 (cycles)
55842143040,EXECUTE,18864,CYCLES,BACKEND,SUB-EVENT,model_layers_14_self_attn_o_proj_conv_Conv:OpId_36076 (cycles)
55842143040,EXECUTE,1096,CYCLES,BACKEND,SUB-EVENT,/model_layers_14_self_attn_o_proj_conv_Conv/Conv_output_0.nchw:OpId_36080 (cycles)
55842143040,EXECUTE,0,CYCLES,BACKEND,SUB-EVENT,model_layers_14_self_attn_Reshape_9:OpId_36081 (cycles)
55842143040,EXECUTE,3252,CYCLES,BACKEND,SUB-EVENT,model_layers_14_Add:OpId_36082 (cycles)
55842143040,EXECUTE,9480,CYCLES,BACKEND,SUB-EVENT,rms_norm_56:OpId_36087 (cycles)
55842143040,EXECUTE,0,CYCLES,BACKEND,SUB-EVENT,model_layers_14_mlp_Reshape:OpId_36090 (cycles)
55842143040,EXECUTE,0,CYCLES,BACKEND,SUB-EVENT,model_layers_14_mlp_Transpose:OpId_36092 (cycles)
55842143040,EXECUTE,114164,CYCLES,BACKEND,SUB-EVENT,model_layers_14_mlp_gate_proj_conv_Conv:OpId_36100 (cycles)
55842143040,EXECUTE,94114,CYCLES,BACKEND,SUB-EVENT,model_layers_14_mlp_up_proj_conv_Conv:OpId_36110 (cycles)
55842143040,EXECUTE,0,CYCLES,BACKEND,SUB-EVENT,model_layers_14_mlp_act_fn_Sigmoid:OpId_36113 (cycles)
55842143040,EXECUTE,37080,CYCLES,BACKEND,SUB-EVENT,model_layers_14_mlp_act_fn_Mul:OpId_36120 (cycles)
55842143040,EXECUTE,32867,CYCLES,BACKEND,SUB-EVENT,model_layers_14_mlp_Mul:OpId_36122 (cycles)
55842143040,EXECUTE,109277,CYCLES,BACKEND,SUB-EVENT,model_layers_14_mlp_down_proj_conv_Conv:OpId_36131 (cycles)
55842143040,EXECUTE,299,CYCLES,BACKEND,SUB-EVENT,/model_layers_14_mlp_down_proj_conv_Conv/Conv_output_0.nchw:OpId_36135 (cycles)
55842143040,EXECUTE,0,CYCLES,BACKEND,SUB-EVENT,model_layers_14_mlp_Reshape_1:OpId_36136 (cycles)
55842143040,EXECUTE,3472,CYCLES,BACKEND,SUB-EVENT,model_layers_14_Add_1:OpId_36137 (cycles)
55842143040,EXECUTE,12624,CYCLES,BACKEND,SUB-EVENT,rms_norm_58:OpId_36142 (cycles)
55842143040,EXECUTE,0,CYCLES,BACKEND,SUB-EVENT,model_layers_15_self_attn_Reshape:OpId_36145 (cycles)
55842143040,EXECUTE,0,CYCLES,BACKEND,SUB-EVENT,model_layers_15_self_attn_Transpose:OpId_36147 (cycles)
55842143040,EXECUTE,760,CYCLES,BACKEND,SUB-EVENT,attn_15_head_0_key_Conv:OpId_36155 (cycles)
55842143040,EXECUTE,721,CYCLES,BACKEND,SUB-EVENT,attn_15_head_0_value_Conv:OpId_36165 (cycles)
55842143040,EXECUTE,4833,CYCLES,BACKEND,SUB-EVENT,attn_15_head_0_value_Transpose/output_converted_UFIXED_POINT_8:OpId_36168 (cycles)
55842143040,EXECUTE,944,CYCLES,BACKEND,SUB-EVENT,attn_15_head_1_key_Conv:OpId_36178 (cycles)
55842143040,EXECUTE,1027,CYCLES,BACKEND,SUB-EVENT,attn_15_head_1_value_Conv:OpId_36188 (cycles)
55842143040,EXECUTE,427,CYCLES,BACKEND,SUB-EVENT,attn_15_head_1_value_Transpose/output_converted_UFIXED_POINT_8:OpId_36191 (cycles)
55842143040,EXECUTE,2376,CYCLES,BACKEND,SUB-EVENT,attn_15_head_0_query_Conv:OpId_36201 (cycles)
55842143040,EXECUTE,855,CYCLES,BACKEND,SUB-EVENT,attn_15_head_1_query_Conv:OpId_36211 (cycles)
55842143040,EXECUTE,826,CYCLES,BACKEND,SUB-EVENT,attn_15_head_2_query_Conv:OpId_36221 (cycles)
55842143040,EXECUTE,753,CYCLES,BACKEND,SUB-EVENT,attn_15_head_3_query_Conv:OpId_36231 (cycles)
55842143040,EXECUTE,2637,CYCLES,BACKEND,SUB-EVENT,attn_15_head_4_query_Conv:OpId_36241 (cycles)
55842143040,EXECUTE,2805,CYCLES,BACKEND,SUB-EVENT,attn_15_head_5_query_Conv:OpId_36251 (cycles)
55842143040,EXECUTE,773,CYCLES,BACKEND,SUB-EVENT,attn_15_head_6_query_Conv:OpId_36261 (cycles)
55842143040,EXECUTE,1805,CYCLES,BACKEND,SUB-EVENT,attn_15_head_7_query_Conv:OpId_36271 (cycles)
55842143040,EXECUTE,781,CYCLES,BACKEND,SUB-EVENT,attn_15_head_8_query_Conv:OpId_36281 (cycles)
55842143040,EXECUTE,748,CYCLES,BACKEND,SUB-EVENT,attn_15_head_9_query_Conv:OpId_36291 (cycles)
55842143040,EXECUTE,4267,CYCLES,BACKEND,SUB-EVENT,attn_15_head_10_query_Conv:OpId_36301 (cycles)
55842143040,EXECUTE,791,CYCLES,BACKEND,SUB-EVENT,attn_15_head_11_query_Conv:OpId_36311 (cycles)
55842143040,EXECUTE,846,CYCLES,BACKEND,SUB-EVENT,attn_15_head_12_query_Conv:OpId_36321 (cycles)
55842143040,EXECUTE,2314,CYCLES,BACKEND,SUB-EVENT,attn_15_head_13_query_Conv:OpId_36331 (cycles)
55842143040,EXECUTE,4516,CYCLES,BACKEND,SUB-EVENT,Slice_540:OpId_36335 (cycles)
55842143040,EXECUTE,178,CYCLES,BACKEND,SUB-EVENT,Slice_541:OpId_36341 (cycles)
55842143040,EXECUTE,194,CYCLES,BACKEND,SUB-EVENT,Slice_542:OpId_36347 (cycles)
55842143040,EXECUTE,118,CYCLES,BACKEND,SUB-EVENT,Slice_543:OpId_36353 (cycles)
55842143040,EXECUTE,0,CYCLES,BACKEND,SUB-EVENT,Concat_366:OpId_36358 (cycles)
55842143040,EXECUTE,205,CYCLES,BACKEND,SUB-EVENT,Slice_548:OpId_36361 (cycles)
55842143040,EXECUTE,190,CYCLES,BACKEND,SUB-EVENT,Slice_549:OpId_36367 (cycles)
55842143040,EXECUTE,6184,CYCLES,BACKEND,SUB-EVENT,Slice_550:OpId_36373 (cycles)
55842143040,EXECUTE,224,CYCLES,BACKEND,SUB-EVENT,Slice_551:OpId_36379 (cycles)
55842143040,EXECUTE,232,CYCLES,BACKEND,SUB-EVENT,Slice_552:OpId_36385 (cycles)
55842143040,EXECUTE,2474,CYCLES,BACKEND,SUB-EVENT,Slice_553:OpId_36391 (cycles)
55842143040,EXECUTE,190,CYCLES,BACKEND,SUB-EVENT,Slice_554:OpId_36397 (cycles)
55842143040,EXECUTE,2241,CYCLES,BACKEND,SUB-EVENT,Slice_555:OpId_36403 (cycles)
55842143040,EXECUTE,181,CYCLES,BACKEND,SUB-EVENT,Slice_556:OpId_36409 (cycles)
55842143040,EXECUTE,139,CYCLES,BACKEND,SUB-EVENT,Slice_557:OpId_36415 (cycles)
55842143040,EXECUTE,228,CYCLES,BACKEND,SUB-EVENT,Slice_558:OpId_36421 (cycles)
55842143040,EXECUTE,1406,CYCLES,BACKEND,SUB-EVENT,Slice_559:OpId_36427 (cycles)
55842143040,EXECUTE,202,CYCLES,BACKEND,SUB-EVENT,Slice_560:OpId_36433 (cycles)
55842143040,EXECUTE,148,CYCLES,BACKEND,SUB-EVENT,Slice_561:OpId_36439 (cycles)
55842143040,EXECUTE,2110,CYCLES,BACKEND,SUB-EVENT,Slice_562:OpId_36445 (cycles)
55842143040,EXECUTE,297,CYCLES,BACKEND,SUB-EVENT,Slice_563:OpId_36451 (cycles)
55842143040,EXECUTE,257,CYCLES,BACKEND,SUB-EVENT,Slice_564:OpId_36457 (cycles)
55842143040,EXECUTE,193,CYCLES,BACKEND,SUB-EVENT,Slice_565:OpId_36463 (cycles)
55842143040,EXECUTE,2296,CYCLES,BACKEND,SUB-EVENT,Slice_566:OpId_36469 (cycles)
55842143040,EXECUTE,289,CYCLES,BACKEND,SUB-EVENT,Slice_567:OpId_36475 (cycles)
55842143040,EXECUTE,231,CYCLES,BACKEND,SUB-EVENT,Slice_568:OpId_36481 (cycles)
55842143040,EXECUTE,1483,CYCLES,BACKEND,SUB-EVENT,Slice_569:OpId_36487 (cycles)
55842143040,EXECUTE,1299,CYCLES,BACKEND,SUB-EVENT,Slice_570:OpId_36493 (cycles)
55842143040,EXECUTE,2021,CYCLES,BACKEND,SUB-EVENT,Slice_571:OpId_36499 (cycles)
55842143040,EXECUTE,166,CYCLES,BACKEND,SUB-EVENT,Slice_572:OpId_36505 (cycles)
55842143040,EXECUTE,2223,CYCLES,BACKEND,SUB-EVENT,Slice_573:OpId_36511 (cycles)
55842143040,EXECUTE,281,CYCLES,BACKEND,SUB-EVENT,Slice_574:OpId_36517 (cycles)
55842143040,EXECUTE,243,CYCLES,BACKEND,SUB-EVENT,Slice_575:OpId_36523 (cycles)
55842143040,EXECUTE,9424,CYCLES,BACKEND,SUB-EVENT,Concat_348:OpId_36528 (cycles)
55842143040,EXECUTE,5560,CYCLES,BACKEND,SUB-EVENT,Concat_350:OpId_36530 (cycles)
55842143040,EXECUTE,2105,CYCLES,BACKEND,SUB-EVENT,Mul_960:OpId_36532 (cycles)
55842143040,EXECUTE,1492,CYCLES,BACKEND,SUB-EVENT,Mul_962:OpId_36534 (cycles)
55842143040,EXECUTE,1854,CYCLES,BACKEND,SUB-EVENT,Mul_961:OpId_36536 (cycles)
55842143040,EXECUTE,926,CYCLES,BACKEND,SUB-EVENT,Mul_963:OpId_36538 (cycles)
55842143040,EXECUTE,147,CYCLES,BACKEND,SUB-EVENT,Mul_964:OpId_36540 (cycles)
55842143040,EXECUTE,117,CYCLES,BACKEND,SUB-EVENT,Mul_966:OpId_36542 (cycles)
55842143040,EXECUTE,125,CYCLES,BACKEND,SUB-EVENT,Mul_965:OpId_36544 (cycles)
55842143040,EXECUTE,115,CYCLES,BACKEND,SUB-EVENT,Mul_967:OpId_36546 (cycles)
55842143040,EXECUTE,1885,CYCLES,BACKEND,SUB-EVENT,Mul_968:OpId_36548 (cycles)
55842143040,EXECUTE,3179,CYCLES,BACKEND,SUB-EVENT,Mul_970:OpId_36550 (cycles)
55842143040,EXECUTE,4475,CYCLES,BACKEND,SUB-EVENT,Mul_969:OpId_36552 (cycles)
55842143040,EXECUTE,3125,CYCLES,BACKEND,SUB-EVENT,Mul_971:OpId_36554 (cycles)
55842143040,EXECUTE,188,CYCLES,BACKEND,SUB-EVENT,Mul_972:OpId_36556 (cycles)
55842143040,EXECUTE,139,CYCLES,BACKEND,SUB-EVENT,Mul_974:OpId_36558 (cycles)
55842143040,EXECUTE,164,CYCLES,BACKEND,SUB-EVENT,Mul_973:OpId_36560 (cycles)
55842143040,EXECUTE,168,CYCLES,BACKEND,SUB-EVENT,Mul_975:OpId_36562 (cycles)
55842143040,EXECUTE,153,CYCLES,BACKEND,SUB-EVENT,Mul_976:OpId_36564 (cycles)
55842143040,EXECUTE,164,CYCLES,BACKEND,SUB-EVENT,Mul_978:OpId_36566 (cycles)
55842143040,EXECUTE,172,CYCLES,BACKEND,SUB-EVENT,Mul_977:OpId_36568 (cycles)
55842143040,EXECUTE,123,CYCLES,BACKEND,SUB-EVENT,Mul_979:OpId_36570 (cycles)
55842143040,EXECUTE,241,CYCLES,BACKEND,SUB-EVENT,Mul_980:OpId_36572 (cycles)
55842143040,EXECUTE,257,CYCLES,BACKEND,SUB-EVENT,Mul_982:OpId_36574 (cycles)
55842143040,EXECUTE,229,CYCLES,BACKEND,SUB-EVENT,Mul_981:OpId_36576 (cycles)
55842143040,EXECUTE,216,CYCLES,BACKEND,SUB-EVENT,Mul_983:OpId_36578 (cycles)
55842143040,EXECUTE,208,CYCLES,BACKEND,SUB-EVENT,Mul_984:OpId_36580 (cycles)
55842143040,EXECUTE,145,CYCLES,BACKEND,SUB-EVENT,Mul_986:OpId_36582 (cycles)
55842143040,EXECUTE,146,CYCLES,BACKEND,SUB-EVENT,Mul_985:OpId_36584 (cycles)
55842143040,EXECUTE,147,CYCLES,BACKEND,SUB-EVENT,Mul_987:OpId_36586 (cycles)
55842143040,EXECUTE,139,CYCLES,BACKEND,SUB-EVENT,Mul_988:OpId_36588 (cycles)
55842143040,EXECUTE,171,CYCLES,BACKEND,SUB-EVENT,Mul_990:OpId_36590 (cycles)
55842143040,EXECUTE,2785,CYCLES,BACKEND,SUB-EVENT,Mul_989:OpId_36592 (cycles)
55842143040,EXECUTE,122,CYCLES,BACKEND,SUB-EVENT,Mul_991:OpId_36594 (cycles)
55842143040,EXECUTE,267,CYCLES,BACKEND,SUB-EVENT,Mul_992:OpId_36596 (cycles)
55842143040,EXECUTE,200,CYCLES,BACKEND,SUB-EVENT,Mul_994:OpId_36598 (cycles)
55842143040,EXECUTE,234,CYCLES,BACKEND,SUB-EVENT,Mul_993:OpId_36600 (cycles)
55842143040,EXECUTE,137,CYCLES,BACKEND,SUB-EVENT,Mul_995:OpId_36602 (cycles)
55842143040,EXECUTE,317,CYCLES,BACKEND,SUB-EVENT,Mul_996:OpId_36604 (cycles)
55842143040,EXECUTE,163,CYCLES,BACKEND,SUB-EVENT,Mul_998:OpId_36606 (cycles)
55842143040,EXECUTE,194,CYCLES,BACKEND,SUB-EVENT,Mul_997:OpId_36608 (cycles)
55842143040,EXECUTE,181,CYCLES,BACKEND,SUB-EVENT,Mul_999:OpId_36610 (cycles)
55842143040,EXECUTE,218,CYCLES,BACKEND,SUB-EVENT,Mul_1000:OpId_36612 (cycles)
55842143040,EXECUTE,155,CYCLES,BACKEND,SUB-EVENT,Mul_1002:OpId_36614 (cycles)
55842143040,EXECUTE,216,CYCLES,BACKEND,SUB-EVENT,Mul_1001:OpId_36616 (cycles)
55842143040,EXECUTE,176,CYCLES,BACKEND,SUB-EVENT,Mul_1003:OpId_36618 (cycles)
55842143040,EXECUTE,197,CYCLES,BACKEND,SUB-EVENT,Mul_1004:OpId_36620 (cycles)
55842143040,EXECUTE,166,CYCLES,BACKEND,SUB-EVENT,Mul_1006:OpId_36622 (cycles)
55842143040,EXECUTE,142,CYCLES,BACKEND,SUB-EVENT,Mul_1005:OpId_36624 (cycles)
55842143040,EXECUTE,146,CYCLES,BACKEND,SUB-EVENT,Mul_1007:OpId_36626 (cycles)
55842143040,EXECUTE,154,CYCLES,BACKEND,SUB-EVENT,Mul_1008:OpId_36628 (cycles)
55842143040,EXECUTE,141,CYCLES,BACKEND,SUB-EVENT,Mul_1010:OpId_36630 (cycles)
55842143040,EXECUTE,149,CYCLES,BACKEND,SUB-EVENT,Mul_1009:OpId_36632 (cycles)
55842143040,EXECUTE,145,CYCLES,BACKEND,SUB-EVENT,Mul_1011:OpId_36634 (cycles)
55842143040,EXECUTE,174,CYCLES,BACKEND,SUB-EVENT,Mul_1012:OpId_36636 (cycles)
55842143040,EXECUTE,143,CYCLES,BACKEND,SUB-EVENT,Mul_1014:OpId_36638 (cycles)
55842143040,EXECUTE,157,CYCLES,BACKEND,SUB-EVENT,Mul_1013:OpId_36640 (cycles)
55842143040,EXECUTE,149,CYCLES,BACKEND,SUB-EVENT,Mul_1015:OpId_36642 (cycles)
55842143040,EXECUTE,175,CYCLES,BACKEND,SUB-EVENT,Mul_1016:OpId_36644 (cycles)
55842143040,EXECUTE,149,CYCLES,BACKEND,SUB-EVENT,Mul_1018:OpId_36646 (cycles)
55842143040,EXECUTE,178,CYCLES,BACKEND,SUB-EVENT,Mul_1017:OpId_36648 (cycles)
55842143040,EXECUTE,133,CYCLES,BACKEND,SUB-EVENT,Mul_1019:OpId_36650 (cycles)
55842143040,EXECUTE,186,CYCLES,BACKEND,SUB-EVENT,Mul_1020:OpId_36652 (cycles)
55842143040,EXECUTE,172,CYCLES,BACKEND,SUB-EVENT,Mul_1022:OpId_36654 (cycles)
55842143040,EXECUTE,156,CYCLES,BACKEND,SUB-EVENT,Mul_1021:OpId_36656 (cycles)
55842143040,EXECUTE,155,CYCLES,BACKEND,SUB-EVENT,Mul_1023:OpId_36658 (cycles)
55842143040,EXECUTE,2201,CYCLES,BACKEND,SUB-EVENT,Sub_240:OpId_36660 (cycles)
55842143040,EXECUTE,321,CYCLES,BACKEND,SUB-EVENT,Sub_240_converted_UFIXED_POINT_8:OpId_36662 (cycles)
55842143040,EXECUTE,1649,CYCLES,BACKEND,SUB-EVENT,Add_450:OpId_36665 (cycles)
55842143040,EXECUTE,187,CYCLES,BACKEND,SUB-EVENT,Add_450_converted_UFIXED_POINT_8:OpId_36667 (cycles)
55842143040,EXECUTE,209,CYCLES,BACKEND,SUB-EVENT,Sub_241:OpId_36670 (cycles)
55842143040,EXECUTE,241,CYCLES,BACKEND,SUB-EVENT,Sub_241_converted_UFIXED_POINT_8:OpId_36672 (cycles)
55842143040,EXECUTE,270,CYCLES,BACKEND,SUB-EVENT,Add_451:OpId_36675 (cycles)
55842143040,EXECUTE,202,CYCLES,BACKEND,SUB-EVENT,Add_451_converted_UFIXED_POINT_8:OpId_36677 (cycles)
55842143040,EXECUTE,2426,CYCLES,BACKEND,SUB-EVENT,Sub_242:OpId_36680 (cycles)
55842143040,EXECUTE,1849,CYCLES,BACKEND,SUB-EVENT,Add_452:OpId_36682 (cycles)
55842143040,EXECUTE,445,CYCLES,BACKEND,SUB-EVENT,Sub_243:OpId_36684 (cycles)
55842143040,EXECUTE,1979,CYCLES,BACKEND,SUB-EVENT,Add_454:OpId_36686 (cycles)
55842143040,EXECUTE,438,CYCLES,BACKEND,SUB-EVENT,Sub_244:OpId_36688 (cycles)
55842143040,EXECUTE,401,CYCLES,BACKEND,SUB-EVENT,Add_456:OpId_36690 (cycles)
55842143040,EXECUTE,437,CYCLES,BACKEND,SUB-EVENT,Sub_245:OpId_36692 (cycles)
55842143040,EXECUTE,412,CYCLES,BACKEND,SUB-EVENT,Add_458:OpId_36694 (cycles)
55842143040,EXECUTE,402,CYCLES,BACKEND,SUB-EVENT,Sub_246:OpId_36696 (cycles)
55842143040,EXECUTE,416,CYCLES,BACKEND,SUB-EVENT,Add_460:OpId_36698 (cycles)
55842143040,EXECUTE,375,CYCLES,BACKEND,SUB-EVENT,Sub_247:OpId_36700 (cycles)
55842143040,EXECUTE,360,CYCLES,BACKEND,SUB-EVENT,Add_462:OpId_36702 (cycles)
55842143040,EXECUTE,423,CYCLES,BACKEND,SUB-EVENT,Sub_248:OpId_36704 (cycles)
55842143040,EXECUTE,368,CYCLES,BACKEND,SUB-EVENT,Add_464:OpId_36706 (cycles)
55842143040,EXECUTE,462,CYCLES,BACKEND,SUB-EVENT,Sub_249:OpId_36708 (cycles)
55842143040,EXECUTE,370,CYCLES,BACKEND,SUB-EVENT,Add_466:OpId_36710 (cycles)
55842143040,EXECUTE,558,CYCLES,BACKEND,SUB-EVENT,Sub_250:OpId_36712 (cycles)
55842143040,EXECUTE,457,CYCLES,BACKEND,SUB-EVENT,Add_468:OpId_36714 (cycles)
55842143040,EXECUTE,1117,CYCLES,BACKEND,SUB-EVENT,Sub_251:OpId_36716 (cycles)
55842143040,EXECUTE,843,CYCLES,BACKEND,SUB-EVENT,Add_470:OpId_36718 (cycles)
55842143040,EXECUTE,350,CYCLES,BACKEND,SUB-EVENT,Sub_252:OpId_36720 (cycles)
55842143040,EXECUTE,746,CYCLES,BACKEND,SUB-EVENT,Add_472:OpId_36722 (cycles)
55842143040,EXECUTE,508,CYCLES,BACKEND,SUB-EVENT,Sub_253:OpId_36724 (cycles)
55842143040,EXECUTE,469,CYCLES,BACKEND,SUB-EVENT,Add_474:OpId_36726 (cycles)
55842143040,EXECUTE,452,CYCLES,BACKEND,SUB-EVENT,Sub_254:OpId_36728 (cycles)
55842143040,EXECUTE,415,CYCLES,BACKEND,SUB-EVENT,Add_476:OpId_36730 (cycles)
55842143040,EXECUTE,805,CYCLES,BACKEND,SUB-EVENT,Sub_255:OpId_36732 (cycles)
55842143040,EXECUTE,573,CYCLES,BACKEND,SUB-EVENT,Add_478:OpId_36734 (cycles)
55842143040,EXECUTE,1621,CYCLES,BACKEND,SUB-EVENT,Concat_345:OpId_36736 (cycles)
55842143040,EXECUTE,3110,CYCLES,BACKEND,SUB-EVENT,Concat_346:OpId_36738 (cycles)
55842143040,EXECUTE,0,CYCLES,BACKEND,SUB-EVENT,Concat_351:OpId_36740 (cycles)
55842143040,EXECUTE,0,CYCLES,BACKEND,SUB-EVENT,Concat_352:OpId_36742 (cycles)
55842143040,EXECUTE,0,CYCLES,BACKEND,SUB-EVENT,Concat_353:OpId_36744 (cycles)
55842143040,EXECUTE,0,CYCLES,BACKEND,SUB-EVENT,Concat_354:OpId_36746 (cycles)
55842143040,EXECUTE,0,CYCLES,BACKEND,SUB-EVENT,Concat_355:OpId_36748 (cycles)
55842143040,EXECUTE,0,CYCLES,BACKEND,SUB-EVENT,Concat_356:OpId_36750 (cycles)
55842143040,EXECUTE,0,CYCLES,BACKEND,SUB-EVENT,Concat_357:OpId_36752 (cycles)
55842143040,EXECUTE,0,CYCLES,BACKEND,SUB-EVENT,Concat_358:OpId_36754 (cycles)
55842143040,EXECUTE,0,CYCLES,BACKEND,SUB-EVENT,Concat_359:OpId_36756 (cycles)
55842143040,EXECUTE,0,CYCLES,BACKEND,SUB-EVENT,Concat_360:OpId_36758 (cycles)
55842143040,EXECUTE,0,CYCLES,BACKEND,SUB-EVENT,Concat_361:OpId_36760 (cycles)
55842143040,EXECUTE,0,CYCLES,BACKEND,SUB-EVENT,Concat_362:OpId_36762 (cycles)
55842143040,EXECUTE,0,CYCLES,BACKEND,SUB-EVENT,Concat_363:OpId_36764 (cycles)
55842143040,EXECUTE,0,CYCLES,BACKEND,SUB-EVENT,Concat_364:OpId_36766 (cycles)
55842143040,EXECUTE,0,CYCLES,BACKEND,SUB-EVENT,attn_15_head_0_key_Transpose_0:OpId_36769 (cycles)
55842143040,EXECUTE,0,CYCLES,BACKEND,SUB-EVENT,attn_15_head_1_key_Transpose_0:OpId_36771 (cycles)
55842143040,EXECUTE,0,CYCLES,BACKEND,SUB-EVENT,Concat_347:OpId_36772 (cycles)
55842143040,EXECUTE,0,CYCLES,BACKEND,SUB-EVENT,Concat_349:OpId_36774 (cycles)
55842143040,EXECUTE,0,CYCLES,BACKEND,SUB-EVENT,Concat_365:OpId_36776 (cycles)
55842143040,EXECUTE,166603,CYCLES,BACKEND,SUB-EVENT,attn_15_head_0_qk_MatMul_0:OpId_36778 (cycles)
55842143040,EXECUTE,8593,CYCLES,BACKEND,SUB-EVENT,attn_15_head_1_qk_MatMul_0:OpId_36782 (cycles)
55842143040,EXECUTE,8591,CYCLES,BACKEND,SUB-EVENT,attn_15_head_2_qk_MatMul_0:OpId_36786 (cycles)
55842143040,EXECUTE,7346,CYCLES,BACKEND,SUB-EVENT,attn_15_head_3_qk_MatMul_0:OpId_36790 (cycles)
55842143040,EXECUTE,12393,CYCLES,BACKEND,SUB-EVENT,attn_15_head_4_qk_MatMul_0:OpId_36794 (cycles)
55842143040,EXECUTE,7126,CYCLES,BACKEND,SUB-EVENT,attn_15_head_5_qk_MatMul_0:OpId_36798 (cycles)
55842143040,EXECUTE,11595,CYCLES,BACKEND,SUB-EVENT,attn_15_head_6_qk_MatMul_0:OpId_36802 (cycles)
55842143040,EXECUTE,127904,CYCLES,BACKEND,SUB-EVENT,attn_15_head_7_qk_MatMul_0:OpId_36806 (cycles)
55842143040,EXECUTE,9076,CYCLES,BACKEND,SUB-EVENT,attn_15_head_8_qk_MatMul_0:OpId_36810 (cycles)
55842143040,EXECUTE,7840,CYCLES,BACKEND,SUB-EVENT,attn_15_head_9_qk_MatMul_0:OpId_36814 (cycles)
55842143040,EXECUTE,10575,CYCLES,BACKEND,SUB-EVENT,attn_15_head_10_qk_MatMul_0:OpId_36818 (cycles)
55842143040,EXECUTE,7841,CYCLES,BACKEND,SUB-EVENT,attn_15_head_11_qk_MatMul_0:OpId_36822 (cycles)
55842143040,EXECUTE,11286,CYCLES,BACKEND,SUB-EVENT,attn_15_head_12_qk_MatMul_0:OpId_36826 (cycles)
55842143040,EXECUTE,17796,CYCLES,BACKEND,SUB-EVENT,attn_15_head_13_qk_MatMul_0:OpId_36830 (cycles)
55842143040,EXECUTE,21142,CYCLES,BACKEND,SUB-EVENT,Add_453:OpId_36834 (cycles)
55842143040,EXECUTE,16809,CYCLES,BACKEND,SUB-EVENT,Add_455:OpId_36836 (cycles)
55842143040,EXECUTE,16980,CYCLES,BACKEND,SUB-EVENT,Add_457:OpId_36838 (cycles)
55842143040,EXECUTE,15690,CYCLES,BACKEND,SUB-EVENT,Add_459:OpId_36840 (cycles)
55842143040,EXECUTE,16396,CYCLES,BACKEND,SUB-EVENT,Add_461:OpId_36842 (cycles)
55842143040,EXECUTE,16666,CYCLES,BACKEND,SUB-EVENT,Add_463:OpId_36844 (cycles)
55842143040,EXECUTE,15461,CYCLES,BACKEND,SUB-EVENT,Add_465:OpId_36846 (cycles)
55842143040,EXECUTE,17053,CYCLES,BACKEND,SUB-EVENT,Add_467:OpId_36848 (cycles)
55842143040,EXECUTE,17402,CYCLES,BACKEND,SUB-EVENT,Add_469:OpId_36850 (cycles)
55842143040,EXECUTE,18578,CYCLES,BACKEND,SUB-EVENT,Add_471:OpId_36852 (cycles)
55842143040,EXECUTE,17028,CYCLES,BACKEND,SUB-EVENT,Add_473:OpId_36854 (cycles)
55842143040,EXECUTE,16537,CYCLES,BACKEND,SUB-EVENT,Add_475:OpId_36856 (cycles)
55842143040,EXECUTE,16090,CYCLES,BACKEND,SUB-EVENT,Add_477:OpId_36858 (cycles)
55842143040,EXECUTE,18344,CYCLES,BACKEND,SUB-EVENT,Add_479:OpId_36860 (cycles)
55842143040,EXECUTE,11138,CYCLES,BACKEND,SUB-EVENT,attn_15_head_0_Softmax_0:OpId_36862 (cycles)
55842143040,EXECUTE,11966,CYCLES,BACKEND,SUB-EVENT,attn_15_head_1_Softmax_0:OpId_36865 (cycles)
55842143040,EXECUTE,10560,CYCLES,BACKEND,SUB-EVENT,attn_15_head_2_Softmax_0:OpId_36868 (cycles)
55842143040,EXECUTE,12261,CYCLES,BACKEND,SUB-EVENT,attn_15_head_3_Softmax_0:OpId_36871 (cycles)
55842143040,EXECUTE,12338,CYCLES,BACKEND,SUB-EVENT,attn_15_head_4_Softmax_0:OpId_36874 (cycles)
55842143040,EXECUTE,11225,CYCLES,BACKEND,SUB-EVENT,attn_15_head_5_Softmax_0:OpId_36877 (cycles)
55842143040,EXECUTE,11020,CYCLES,BACKEND,SUB-EVENT,attn_15_head_6_Softmax_0:OpId_36880 (cycles)
55842143040,EXECUTE,10483,CYCLES,BACKEND,SUB-EVENT,attn_15_head_7_Softmax_0:OpId_36883 (cycles)
55842143040,EXECUTE,10489,CYCLES,BACKEND,SUB-EVENT,attn_15_head_8_Softmax_0:OpId_36886 (cycles)
55842143040,EXECUTE,12517,CYCLES,BACKEND,SUB-EVENT,attn_15_head_9_Softmax_0:OpId_36889 (cycles)
55842143040,EXECUTE,12580,CYCLES,BACKEND,SUB-EVENT,attn_15_head_10_Softmax_0:OpId_36892 (cycles)
55842143040,EXECUTE,9740,CYCLES,BACKEND,SUB-EVENT,attn_15_head_11_Softmax_0:OpId_36895 (cycles)
55842143040,EXECUTE,9558,CYCLES,BACKEND,SUB-EVENT,attn_15_head_12_Softmax_0:OpId_36898 (cycles)
55842143040,EXECUTE,10091,CYCLES,BACKEND,SUB-EVENT,attn_15_head_13_Softmax_0:OpId_36901 (cycles)
55842143040,EXECUTE,37521,CYCLES,BACKEND,SUB-EVENT,attn_15_head_0_qkv_MatMul_0:OpId_36904 (cycles)
55842143040,EXECUTE,1443,CYCLES,BACKEND,SUB-EVENT,attn_15_head_1_qkv_MatMul_0:OpId_36908 (cycles)
55842143040,EXECUTE,1184,CYCLES,BACKEND,SUB-EVENT,attn_15_head_2_qkv_MatMul_0:OpId_36912 (cycles)
55842143040,EXECUTE,1158,CYCLES,BACKEND,SUB-EVENT,attn_15_head_3_qkv_MatMul_0:OpId_36916 (cycles)
55842143040,EXECUTE,1166,CYCLES,BACKEND,SUB-EVENT,attn_15_head_4_qkv_MatMul_0:OpId_36920 (cycles)
55842143040,EXECUTE,1149,CYCLES,BACKEND,SUB-EVENT,attn_15_head_5_qkv_MatMul_0:OpId_36924 (cycles)
55842143040,EXECUTE,1422,CYCLES,BACKEND,SUB-EVENT,attn_15_head_6_qkv_MatMul_0:OpId_36928 (cycles)
55842143040,EXECUTE,43164,CYCLES,BACKEND,SUB-EVENT,attn_15_head_7_qkv_MatMul_0:OpId_36932 (cycles)
55842143040,EXECUTE,1373,CYCLES,BACKEND,SUB-EVENT,attn_15_head_8_qkv_MatMul_0:OpId_36936 (cycles)
55842143040,EXECUTE,1381,CYCLES,BACKEND,SUB-EVENT,attn_15_head_9_qkv_MatMul_0:OpId_36940 (cycles)
55842143040,EXECUTE,1378,CYCLES,BACKEND,SUB-EVENT,attn_15_head_10_qkv_MatMul_0:OpId_36944 (cycles)
55842143040,EXECUTE,1291,CYCLES,BACKEND,SUB-EVENT,attn_15_head_11_qkv_MatMul_0:OpId_36948 (cycles)
55842143040,EXECUTE,2086,CYCLES,BACKEND,SUB-EVENT,attn_15_head_12_qkv_MatMul_0:OpId_36952 (cycles)
55842143040,EXECUTE,1820,CYCLES,BACKEND,SUB-EVENT,attn_15_head_13_qkv_MatMul_0:OpId_36956 (cycles)
55842143040,EXECUTE,0,CYCLES,BACKEND,SUB-EVENT,Concat_367:OpId_36960 (cycles)
55842143040,EXECUTE,0,CYCLES,BACKEND,SUB-EVENT,Reshape_17:OpId_36962 (cycles)
55842143040,EXECUTE,0,CYCLES,BACKEND,SUB-EVENT,model_layers_15_self_attn_Transpose_6:OpId_36964 (cycles)
55842143040,EXECUTE,29041,CYCLES,BACKEND,SUB-EVENT,model_layers_15_self_attn_o_proj_conv_Conv:OpId_36972 (cycles)
55842143040,EXECUTE,342,CYCLES,BACKEND,SUB-EVENT,/model_layers_15_self_attn_o_proj_conv_Conv/Conv_output_0.nchw:OpId_36976 (cycles)
55842143040,EXECUTE,0,CYCLES,BACKEND,SUB-EVENT,model_layers_15_self_attn_Reshape_9:OpId_36977 (cycles)
55842143040,EXECUTE,3362,CYCLES,BACKEND,SUB-EVENT,model_layers_15_Add:OpId_36978 (cycles)
55842143040,EXECUTE,12233,CYCLES,BACKEND,SUB-EVENT,rms_norm_60:OpId_36983 (cycles)
55842143040,EXECUTE,0,CYCLES,BACKEND,SUB-EVENT,model_layers_15_mlp_Reshape:OpId_36986 (cycles)
55842143040,EXECUTE,0,CYCLES,BACKEND,SUB-EVENT,model_layers_15_mlp_Transpose:OpId_36988 (cycles)
55842143040,EXECUTE,98697,CYCLES,BACKEND,SUB-EVENT,model_layers_15_mlp_gate_proj_conv_Conv:OpId_36996 (cycles)
55842143040,EXECUTE,117681,CYCLES,BACKEND,SUB-EVENT,model_layers_15_mlp_up_proj_conv_Conv:OpId_37006 (cycles)
55842143040,EXECUTE,0,CYCLES,BACKEND,SUB-EVENT,model_layers_15_mlp_act_fn_Sigmoid:OpId_37009 (cycles)
55842143040,EXECUTE,39765,CYCLES,BACKEND,SUB-EVENT,model_layers_15_mlp_act_fn_Mul:OpId_37016 (cycles)
55842143040,EXECUTE,36796,CYCLES,BACKEND,SUB-EVENT,model_layers_15_mlp_Mul:OpId_37018 (cycles)
55842143040,EXECUTE,78335,CYCLES,BACKEND,SUB-EVENT,model_layers_15_mlp_down_proj_conv_Conv:OpId_37027 (cycles)
55842143040,EXECUTE,2132,CYCLES,BACKEND,SUB-EVENT,/model_layers_15_mlp_down_proj_conv_Conv/Conv_output_0.nchw:OpId_37031 (cycles)
55842143040,EXECUTE,0,CYCLES,BACKEND,SUB-EVENT,model_layers_15_mlp_Reshape_1:OpId_37032 (cycles)
55842143040,EXECUTE,3043,CYCLES,BACKEND,SUB-EVENT,model_layers_15_Add_1:OpId_37033 (cycles)
55842143040,EXECUTE,10297,CYCLES,BACKEND,SUB-EVENT,rms_norm_62:OpId_37038 (cycles)
55842143040,EXECUTE,0,CYCLES,BACKEND,SUB-EVENT,model_layers_16_self_attn_Reshape:OpId_37041 (cycles)
55842143040,EXECUTE,0,CYCLES,BACKEND,SUB-EVENT,model_layers_16_self_attn_Transpose:OpId_37043 (cycles)
55842143040,EXECUTE,1809,CYCLES,BACKEND,SUB-EVENT,attn_16_head_0_key_Conv:OpId_37051 (cycles)
55842143040,EXECUTE,920,CYCLES,BACKEND,SUB-EVENT,attn_16_head_0_value_Conv:OpId_37061 (cycles)
55842143040,EXECUTE,569,CYCLES,BACKEND,SUB-EVENT,attn_16_head_0_value_Transpose/output_converted_UFIXED_POINT_8:OpId_37064 (cycles)
55842143040,EXECUTE,2087,CYCLES,BACKEND,SUB-EVENT,attn_16_head_1_key_Conv:OpId_37074 (cycles)
55842143040,EXECUTE,3482,CYCLES,BACKEND,SUB-EVENT,attn_16_head_1_value_Conv:OpId_37084 (cycles)
55842143040,EXECUTE,368,CYCLES,BACKEND,SUB-EVENT,attn_16_head_1_value_Transpose/output_converted_UFIXED_POINT_8:OpId_37087 (cycles)
55842143040,EXECUTE,2844,CYCLES,BACKEND,SUB-EVENT,attn_16_head_0_query_Conv:OpId_37097 (cycles)
55842143040,EXECUTE,730,CYCLES,BACKEND,SUB-EVENT,attn_16_head_1_query_Conv:OpId_37107 (cycles)
55842143040,EXECUTE,680,CYCLES,BACKEND,SUB-EVENT,attn_16_head_2_query_Conv:OpId_37117 (cycles)
55842143040,EXECUTE,1733,CYCLES,BACKEND,SUB-EVENT,attn_16_head_3_query_Conv:OpId_37127 (cycles)
55842143040,EXECUTE,692,CYCLES,BACKEND,SUB-EVENT,attn_16_head_4_query_Conv:OpId_37137 (cycles)
55842143040,EXECUTE,905,CYCLES,BACKEND,SUB-EVENT,attn_16_head_5_query_Conv:OpId_37147 (cycles)
55842143040,EXECUTE,2755,CYCLES,BACKEND,SUB-EVENT,attn_16_head_6_query_Conv:OpId_37157 (cycles)
55842143040,EXECUTE,881,CYCLES,BACKEND,SUB-EVENT,attn_16_head_7_query_Conv:OpId_37167 (cycles)
55842143040,EXECUTE,965,CYCLES,BACKEND,SUB-EVENT,attn_16_head_8_query_Conv:OpId_37177 (cycles)
55842143040,EXECUTE,872,CYCLES,BACKEND,SUB-EVENT,attn_16_head_9_query_Conv:OpId_37187 (cycles)
55842143040,EXECUTE,4173,CYCLES,BACKEND,SUB-EVENT,attn_16_head_10_query_Conv:OpId_37197 (cycles)
55842143040,EXECUTE,758,CYCLES,BACKEND,SUB-EVENT,attn_16_head_11_query_Conv:OpId_37207 (cycles)
55842143040,EXECUTE,741,CYCLES,BACKEND,SUB-EVENT,attn_16_head_12_query_Conv:OpId_37217 (cycles)
55842143040,EXECUTE,5039,CYCLES,BACKEND,SUB-EVENT,attn_16_head_13_query_Conv:OpId_37227 (cycles)
55842143040,EXECUTE,331,CYCLES,BACKEND,SUB-EVENT,Slice_576:OpId_37231 (cycles)
55842143040,EXECUTE,259,CYCLES,BACKEND,SUB-EVENT,Slice_577:OpId_37237 (cycles)
55842143040,EXECUTE,229,CYCLES,BACKEND,SUB-EVENT,Slice_578:OpId_37243 (cycles)
55842143040,EXECUTE,141,CYCLES,BACKEND,SUB-EVENT,Slice_579:OpId_37249 (cycles)
55842143040,EXECUTE,0,CYCLES,BACKEND,SUB-EVENT,Concat_389:OpId_37254 (cycles)
55842143040,EXECUTE,226,CYCLES,BACKEND,SUB-EVENT,Slice_584:OpId_37257 (cycles)
55842143040,EXECUTE,223,CYCLES,BACKEND,SUB-EVENT,Slice_585:OpId_37263 (cycles)
55842143040,EXECUTE,2640,CYCLES,BACKEND,SUB-EVENT,Slice_586:OpId_37269 (cycles)
55842143040,EXECUTE,2716,CYCLES,BACKEND,SUB-EVENT,Slice_587:OpId_37275 (cycles)
55842143040,EXECUTE,228,CYCLES,BACKEND,SUB-EVENT,Slice_588:OpId_37281 (cycles)
55842143040,EXECUTE,114,CYCLES,BACKEND,SUB-EVENT,Slice_589:OpId_37287 (cycles)
55842143040,EXECUTE,175,CYCLES,BACKEND,SUB-EVENT,Slice_590:OpId_37293 (cycles)
55842143040,EXECUTE,118,CYCLES,BACKEND,SUB-EVENT,Slice_591:OpId_37299 (cycles)
55842143040,EXECUTE,3754,CYCLES,BACKEND,SUB-EVENT,Slice_592:OpId_37305 (cycles)
55842143040,EXECUTE,167,CYCLES,BACKEND,SUB-EVENT,Slice_593:OpId_37311 (cycles)
55842143040,EXECUTE,1356,CYCLES,BACKEND,SUB-EVENT,Slice_594:OpId_37317 (cycles)
55842143040,EXECUTE,173,CYCLES,BACKEND,SUB-EVENT,Slice_595:OpId_37323 (cycles)
55842143040,EXECUTE,526,CYCLES,BACKEND,SUB-EVENT,Slice_596:OpId_37329 (cycles)
55842143040,EXECUTE,158,CYCLES,BACKEND,SUB-EVENT,Slice_597:OpId_37335 (cycles)
55842143040,EXECUTE,206,CYCLES,BACKEND,SUB-EVENT,Slice_598:OpId_37341 (cycles)
55842143040,EXECUTE,119,CYCLES,BACKEND,SUB-EVENT,Slice_599:OpId_37347 (cycles)
55842143040,EXECUTE,211,CYCLES,BACKEND,SUB-EVENT,Slice_600:OpId_37353 (cycles)
55842143040,EXECUTE,173,CYCLES,BACKEND,SUB-EVENT,Slice_601:OpId_37359 (cycles)
55842143040,EXECUTE,187,CYCLES,BACKEND,SUB-EVENT,Slice_602:OpId_37365 (cycles)
55842143040,EXECUTE,185,CYCLES,BACKEND,SUB-EVENT,Slice_603:OpId_37371 (cycles)
55842143040,EXECUTE,3203,CYCLES,BACKEND,SUB-EVENT,Slice_604:OpId_37377 (cycles)
55842143040,EXECUTE,184,CYCLES,BACKEND,SUB-EVENT,Slice_605:OpId_37383 (cycles)
55842143040,EXECUTE,195,CYCLES,BACKEND,SUB-EVENT,Slice_606:OpId_37389 (cycles)
55842143040,EXECUTE,222,CYCLES,BACKEND,SUB-EVENT,Slice_607:OpId_37395 (cycles)
55842143040,EXECUTE,180,CYCLES,BACKEND,SUB-EVENT,Slice_608:OpId_37401 (cycles)
55842143040,EXECUTE,200,CYCLES,BACKEND,SUB-EVENT,Slice_609:OpId_37407 (cycles)
55842143040,EXECUTE,229,CYCLES,BACKEND,SUB-EVENT,Slice_610:OpId_37413 (cycles)
55842143040,EXECUTE,144,CYCLES,BACKEND,SUB-EVENT,Slice_611:OpId_37419 (cycles)
55842143040,EXECUTE,11358,CYCLES,BACKEND,SUB-EVENT,Concat_371:OpId_37424 (cycles)
55842143040,EXECUTE,5171,CYCLES,BACKEND,SUB-EVENT,Concat_373:OpId_37426 (cycles)
55842143040,EXECUTE,1149,CYCLES,BACKEND,SUB-EVENT,Mul_1024:OpId_37428 (cycles)
55842143040,EXECUTE,1106,CYCLES,BACKEND,SUB-EVENT,Mul_1026:OpId_37430 (cycles)
55842143040,EXECUTE,1058,CYCLES,BACKEND,SUB-EVENT,Mul_1025:OpId_37432 (cycles)
55842143040,EXECUTE,1339,CYCLES,BACKEND,SUB-EVENT,Mul_1027:OpId_37434 (cycles)
55842143040,EXECUTE,151,CYCLES,BACKEND,SUB-EVENT,Mul_1028:OpId_37436 (cycles)
55842143040,EXECUTE,103,CYCLES,BACKEND,SUB-EVENT,Mul_1030:OpId_37438 (cycles)
55842143040,EXECUTE,125,CYCLES,BACKEND,SUB-EVENT,Mul_1029:OpId_37440 (cycles)
55842143040,EXECUTE,115,CYCLES,BACKEND,SUB-EVENT,Mul_1031:OpId_37442 (cycles)
55842143040,EXECUTE,2102,CYCLES,BACKEND,SUB-EVENT,Mul_1032:OpId_37444 (cycles)
55842143040,EXECUTE,2257,CYCLES,BACKEND,SUB-EVENT,Mul_1034:OpId_37446 (cycles)
55842143040,EXECUTE,516,CYCLES,BACKEND,SUB-EVENT,Mul_1033:OpId_37448 (cycles)
55842143040,EXECUTE,578,CYCLES,BACKEND,SUB-EVENT,Mul_1035:OpId_37450 (cycles)
55842143040,EXECUTE,351,CYCLES,BACKEND,SUB-EVENT,Mul_1036:OpId_37452 (cycles)
55842143040,EXECUTE,218,CYCLES,BACKEND,SUB-EVENT,Mul_1038:OpId_37454 (cycles)
55842143040,EXECUTE,188,CYCLES,BACKEND,SUB-EVENT,Mul_1037:OpId_37456 (cycles)
55842143040,EXECUTE,139,CYCLES,BACKEND,SUB-EVENT,Mul_1039:OpId_37458 (cycles)
55842143040,EXECUTE,186,CYCLES,BACKEND,SUB-EVENT,Mul_1040:OpId_37460 (cycles)
55842143040,EXECUTE,200,CYCLES,BACKEND,SUB-EVENT,Mul_1042:OpId_37462 (cycles)
55842143040,EXECUTE,202,CYCLES,BACKEND,SUB-EVENT,Mul_1041:OpId_37464 (cycles)
55842143040,EXECUTE,114,CYCLES,BACKEND,SUB-EVENT,Mul_1043:OpId_37466 (cycles)
55842143040,EXECUTE,131,CYCLES,BACKEND,SUB-EVENT,Mul_1044:OpId_37468 (cycles)
55842143040,EXECUTE,124,CYCLES,BACKEND,SUB-EVENT,Mul_1046:OpId_37470 (cycles)
55842143040,EXECUTE,176,CYCLES,BACKEND,SUB-EVENT,Mul_1045:OpId_37472 (cycles)
55842143040,EXECUTE,105,CYCLES,BACKEND,SUB-EVENT,Mul_1047:OpId_37474 (cycles)
55842143040,EXECUTE,174,CYCLES,BACKEND,SUB-EVENT,Mul_1048:OpId_37476 (cycles)
55842143040,EXECUTE,142,CYCLES,BACKEND,SUB-EVENT,Mul_1050:OpId_37478 (cycles)
55842143040,EXECUTE,132,CYCLES,BACKEND,SUB-EVENT,Mul_1049:OpId_37480 (cycles)
55842143040,EXECUTE,123,CYCLES,BACKEND,SUB-EVENT,Mul_1051:OpId_37482 (cycles)
55842143040,EXECUTE,1556,CYCLES,BACKEND,SUB-EVENT,Mul_1052:OpId_37484 (cycles)
55842143040,EXECUTE,151,CYCLES,BACKEND,SUB-EVENT,Mul_1054:OpId_37486 (cycles)
55842143040,EXECUTE,176,CYCLES,BACKEND,SUB-EVENT,Mul_1053:OpId_37488 (cycles)
55842143040,EXECUTE,182,CYCLES,BACKEND,SUB-EVENT,Mul_1055:OpId_37490 (cycles)
55842143040,EXECUTE,157,CYCLES,BACKEND,SUB-EVENT,Mul_1056:OpId_37492 (cycles)
55842143040,EXECUTE,144,CYCLES,BACKEND,SUB-EVENT,Mul_1058:OpId_37494 (cycles)
55842143040,EXECUTE,169,CYCLES,BACKEND,SUB-EVENT,Mul_1057:OpId_37496 (cycles)
55842143040,EXECUTE,126,CYCLES,BACKEND,SUB-EVENT,Mul_1059:OpId_37498 (cycles)
55842143040,EXECUTE,159,CYCLES,BACKEND,SUB-EVENT,Mul_1060:OpId_37500 (cycles)
55842143040,EXECUTE,150,CYCLES,BACKEND,SUB-EVENT,Mul_1062:OpId_37502 (cycles)
55842143040,EXECUTE,945,CYCLES,BACKEND,SUB-EVENT,Mul_1061:OpId_37504 (cycles)
55842143040,EXECUTE,174,CYCLES,BACKEND,SUB-EVENT,Mul_1063:OpId_37506 (cycles)
55842143040,EXECUTE,164,CYCLES,BACKEND,SUB-EVENT,Mul_1064:OpId_37508 (cycles)
55842143040,EXECUTE,138,CYCLES,BACKEND,SUB-EVENT,Mul_1066:OpId_37510 (cycles)
55842143040,EXECUTE,237,CYCLES,BACKEND,SUB-EVENT,Mul_1065:OpId_37512 (cycles)
55842143040,EXECUTE,148,CYCLES,BACKEND,SUB-EVENT,Mul_1067:OpId_37514 (cycles)
55842143040,EXECUTE,178,CYCLES,BACKEND,SUB-EVENT,Mul_1068:OpId_37516 (cycles)
55842143040,EXECUTE,194,CYCLES,BACKEND,SUB-EVENT,Mul_1070:OpId_37518 (cycles)
55842143040,EXECUTE,157,CYCLES,BACKEND,SUB-EVENT,Mul_1069:OpId_37520 (cycles)
55842143040,EXECUTE,146,CYCLES,BACKEND,SUB-EVENT,Mul_1071:OpId_37522 (cycles)
55842143040,EXECUTE,193,CYCLES,BACKEND,SUB-EVENT,Mul_1072:OpId_37524 (cycles)
55842143040,EXECUTE,158,CYCLES,BACKEND,SUB-EVENT,Mul_1074:OpId_37526 (cycles)
55842143040,EXECUTE,441,CYCLES,BACKEND,SUB-EVENT,Mul_1073:OpId_37528 (cycles)
55842143040,EXECUTE,155,CYCLES,BACKEND,SUB-EVENT,Mul_1075:OpId_37530 (cycles)
55842143040,EXECUTE,200,CYCLES,BACKEND,SUB-EVENT,Mul_1076:OpId_37532 (cycles)
55842143040,EXECUTE,152,CYCLES,BACKEND,SUB-EVENT,Mul_1078:OpId_37534 (cycles)
55842143040,EXECUTE,162,CYCLES,BACKEND,SUB-EVENT,Mul_1077:OpId_37536 (cycles)
55842143040,EXECUTE,133,CYCLES,BACKEND,SUB-EVENT,Mul_1079:OpId_37538 (cycles)
55842143040,EXECUTE,177,CYCLES,BACKEND,SUB-EVENT,Mul_1080:OpId_37540 (cycles)
55842143040,EXECUTE,153,CYCLES,BACKEND,SUB-EVENT,Mul_1082:OpId_37542 (cycles)
55842143040,EXECUTE,167,CYCLES,BACKEND,SUB-EVENT,Mul_1081:OpId_37544 (cycles)
55842143040,EXECUTE,155,CYCLES,BACKEND,SUB-EVENT,Mul_1083:OpId_37546 (cycles)
55842143040,EXECUTE,231,CYCLES,BACKEND,SUB-EVENT,Mul_1084:OpId_37548 (cycles)
55842143040,EXECUTE,136,CYCLES,BACKEND,SUB-EVENT,Mul_1086:OpId_37550 (cycles)
55842143040,EXECUTE,196,CYCLES,BACKEND,SUB-EVENT,Mul_1085:OpId_37552 (cycles)
55842143040,EXECUTE,153,CYCLES,BACKEND,SUB-EVENT,Mul_1087:OpId_37554 (cycles)
55842143040,EXECUTE,885,CYCLES,BACKEND,SUB-EVENT,Sub_256:OpId_37556 (cycles)
55842143040,EXECUTE,2024,CYCLES,BACKEND,SUB-EVENT,Sub_256_converted_UFIXED_POINT_8:OpId_37558 (cycles)
55842143040,EXECUTE,1905,CYCLES,BACKEND,SUB-EVENT,Add_480:OpId_37561 (cycles)
55842143040,EXECUTE,1961,CYCLES,BACKEND,SUB-EVENT,Add_480_converted_UFIXED_POINT_8:OpId_37563 (cycles)
55842143040,EXECUTE,1499,CYCLES,BACKEND,SUB-EVENT,Sub_257:OpId_37566 (cycles)
55842143040,EXECUTE,232,CYCLES,BACKEND,SUB-EVENT,Sub_257_converted_UFIXED_POINT_8:OpId_37568 (cycles)
55842143040,EXECUTE,266,CYCLES,BACKEND,SUB-EVENT,Add_481:OpId_37571 (cycles)
55842143040,EXECUTE,226,CYCLES,BACKEND,SUB-EVENT,Add_481_converted_UFIXED_POINT_8:OpId_37573 (cycles)
55842143040,EXECUTE,4096,CYCLES,BACKEND,SUB-EVENT,Sub_258:OpId_37576 (cycles)
55842143040,EXECUTE,2469,CYCLES,BACKEND,SUB-EVENT,Add_482:OpId_37578 (cycles)
55842143040,EXECUTE,1740,CYCLES,BACKEND,SUB-EVENT,Sub_259:OpId_37580 (cycles)
55842143040,EXECUTE,418,CYCLES,BACKEND,SUB-EVENT,Add_484:OpId_37582 (cycles)
55842143040,EXECUTE,1844,CYCLES,BACKEND,SUB-EVENT,Sub_260:OpId_37584 (cycles)
55842143040,EXECUTE,1932,CYCLES,BACKEND,SUB-EVENT,Add_486:OpId_37586 (cycles)
55842143040,EXECUTE,473,CYCLES,BACKEND,SUB-EVENT,Sub_261:OpId_37588 (cycles)
55842143040,EXECUTE,432,CYCLES,BACKEND,SUB-EVENT,Add_488:OpId_37590 (cycles)
55842143040,EXECUTE,463,CYCLES,BACKEND,SUB-EVENT,Sub_262:OpId_37592 (cycles)
55842143040,EXECUTE,446,CYCLES,BACKEND,SUB-EVENT,Add_490:OpId_37594 (cycles)
55842143040,EXECUTE,446,CYCLES,BACKEND,SUB-EVENT,Sub_263:OpId_37596 (cycles)
55842143040,EXECUTE,429,CYCLES,BACKEND,SUB-EVENT,Add_492:OpId_37598 (cycles)
55842143040,EXECUTE,395,CYCLES,BACKEND,SUB-EVENT,Sub_264:OpId_37600 (cycles)
55842143040,EXECUTE,431,CYCLES,BACKEND,SUB-EVENT,Add_494:OpId_37602 (cycles)
55842143040,EXECUTE,356,CYCLES,BACKEND,SUB-EVENT,Sub_265:OpId_37604 (cycles)
55842143040,EXECUTE,325,CYCLES,BACKEND,SUB-EVENT,Add_496:OpId_37606 (cycles)
55842143040,EXECUTE,460,CYCLES,BACKEND,SUB-EVENT,Sub_266:OpId_37608 (cycles)
55842143040,EXECUTE,388,CYCLES,BACKEND,SUB-EVENT,Add_498:OpId_37610 (cycles)
55842143040,EXECUTE,510,CYCLES,BACKEND,SUB-EVENT,Sub_267:OpId_37612 (cycles)
55842143040,EXECUTE,2991,CYCLES,BACKEND,SUB-EVENT,Add_500:OpId_37614 (cycles)
55842143040,EXECUTE,2176,CYCLES,BACKEND,SUB-EVENT,Sub_268:OpId_37616 (cycles)
55842143040,EXECUTE,1910,CYCLES,BACKEND,SUB-EVENT,Add_502:OpId_37618 (cycles)
55842143040,EXECUTE,899,CYCLES,BACKEND,SUB-EVENT,Sub_269:OpId_37620 (cycles)
55842143040,EXECUTE,364,CYCLES,BACKEND,SUB-EVENT,Add_504:OpId_37622 (cycles)
55842143040,EXECUTE,705,CYCLES,BACKEND,SUB-EVENT,Sub_270:OpId_37624 (cycles)
55842143040,EXECUTE,821,CYCLES,BACKEND,SUB-EVENT,Add_506:OpId_37626 (cycles)
55842143040,EXECUTE,581,CYCLES,BACKEND,SUB-EVENT,Sub_271:OpId_37628 (cycles)
55842143040,EXECUTE,452,CYCLES,BACKEND,SUB-EVENT,Add_508:OpId_37630 (cycles)
55842143040,EXECUTE,1905,CYCLES,BACKEND,SUB-EVENT,Concat_368:OpId_37632 (cycles)
55842143040,EXECUTE,1276,CYCLES,BACKEND,SUB-EVENT,Concat_369:OpId_37634 (cycles)
55842143040,EXECUTE,0,CYCLES,BACKEND,SUB-EVENT,Concat_374:OpId_37636 (cycles)
55842143040,EXECUTE,0,CYCLES,BACKEND,SUB-EVENT,Concat_375:OpId_37638 (cycles)
55842143040,EXECUTE,0,CYCLES,BACKEND,SUB-EVENT,Concat_376:OpId_37640 (cycles)
55842143040,EXECUTE,0,CYCLES,BACKEND,SUB-EVENT,Concat_377:OpId_37642 (cycles)
55842143040,EXECUTE,0,CYCLES,BACKEND,SUB-EVENT,Concat_378:OpId_37644 (cycles)
55842143040,EXECUTE,0,CYCLES,BACKEND,SUB-EVENT,Concat_379:OpId_37646 (cycles)
55842143040,EXECUTE,0,CYCLES,BACKEND,SUB-EVENT,Concat_380:OpId_37648 (cycles)
55842143040,EXECUTE,0,CYCLES,BACKEND,SUB-EVENT,Concat_381:OpId_37650 (cycles)
55842143040,EXECUTE,0,CYCLES,BACKEND,SUB-EVENT,Concat_382:OpId_37652 (cycles)
55842143040,EXECUTE,0,CYCLES,BACKEND,SUB-EVENT,Concat_383:OpId_37654 (cycles)
55842143040,EXECUTE,0,CYCLES,BACKEND,SUB-EVENT,Concat_384:OpId_37656 (cycles)
55842143040,EXECUTE,0,CYCLES,BACKEND,SUB-EVENT,Concat_385:OpId_37658 (cycles)
55842143040,EXECUTE,0,CYCLES,BACKEND,SUB-EVENT,Concat_386:OpId_37660 (cycles)
55842143040,EXECUTE,0,CYCLES,BACKEND,SUB-EVENT,Concat_387:OpId_37662 (cycles)
55842143040,EXECUTE,0,CYCLES,BACKEND,SUB-EVENT,attn_16_head_0_key_Transpose_0:OpId_37665 (cycles)
55842143040,EXECUTE,0,CYCLES,BACKEND,SUB-EVENT,attn_16_head_1_key_Transpose_0:OpId_37667 (cycles)
55842143040,EXECUTE,0,CYCLES,BACKEND,SUB-EVENT,Concat_370:OpId_37668 (cycles)
55842143040,EXECUTE,0,CYCLES,BACKEND,SUB-EVENT,Concat_372:OpId_37670 (cycles)
55842143040,EXECUTE,0,CYCLES,BACKEND,SUB-EVENT,Concat_388:OpId_37672 (cycles)
55842143040,EXECUTE,147584,CYCLES,BACKEND,SUB-EVENT,attn_16_head_0_qk_MatMul_0:OpId_37674 (cycles)
55842143040,EXECUTE,6648,CYCLES,BACKEND,SUB-EVENT,attn_16_head_1_qk_MatMul_0:OpId_37678 (cycles)
55842143040,EXECUTE,9049,CYCLES,BACKEND,SUB-EVENT,attn_16_head_2_qk_MatMul_0:OpId_37682 (cycles)
55842143040,EXECUTE,7491,CYCLES,BACKEND,SUB-EVENT,attn_16_head_3_qk_MatMul_0:OpId_37686 (cycles)
55842143040,EXECUTE,12176,CYCLES,BACKEND,SUB-EVENT,attn_16_head_4_qk_MatMul_0:OpId_37690 (cycles)
55842143040,EXECUTE,7809,CYCLES,BACKEND,SUB-EVENT,attn_16_head_5_qk_MatMul_0:OpId_37694 (cycles)
55842143040,EXECUTE,7748,CYCLES,BACKEND,SUB-EVENT,attn_16_head_6_qk_MatMul_0:OpId_37698 (cycles)
55842143040,EXECUTE,126554,CYCLES,BACKEND,SUB-EVENT,attn_16_head_7_qk_MatMul_0:OpId_37702 (cycles)
55842143040,EXECUTE,12206,CYCLES,BACKEND,SUB-EVENT,attn_16_head_8_qk_MatMul_0:OpId_37706 (cycles)
55842143040,EXECUTE,9748,CYCLES,BACKEND,SUB-EVENT,attn_16_head_9_qk_MatMul_0:OpId_37710 (cycles)
55842143040,EXECUTE,11716,CYCLES,BACKEND,SUB-EVENT,attn_16_head_10_qk_MatMul_0:OpId_37714 (cycles)
55842143040,EXECUTE,11367,CYCLES,BACKEND,SUB-EVENT,attn_16_head_11_qk_MatMul_0:OpId_37718 (cycles)
55842143040,EXECUTE,6518,CYCLES,BACKEND,SUB-EVENT,attn_16_head_12_qk_MatMul_0:OpId_37722 (cycles)
55842143040,EXECUTE,6694,CYCLES,BACKEND,SUB-EVENT,attn_16_head_13_qk_MatMul_0:OpId_37726 (cycles)
55842143040,EXECUTE,16634,CYCLES,BACKEND,SUB-EVENT,Add_483:OpId_37730 (cycles)
55842143040,EXECUTE,16993,CYCLES,BACKEND,SUB-EVENT,Add_485:OpId_37732 (cycles)
55842143040,EXECUTE,16754,CYCLES,BACKEND,SUB-EVENT,Add_487:OpId_37734 (cycles)
55842143040,EXECUTE,15317,CYCLES,BACKEND,SUB-EVENT,Add_489:OpId_37736 (cycles)
55842143040,EXECUTE,16611,CYCLES,BACKEND,SUB-EVENT,Add_491:OpId_37738 (cycles)
55842143040,EXECUTE,16436,CYCLES,BACKEND,SUB-EVENT,Add_493:OpId_37740 (cycles)
55842143040,EXECUTE,16806,CYCLES,BACKEND,SUB-EVENT,Add_495:OpId_37742 (cycles)
55842143040,EXECUTE,18752,CYCLES,BACKEND,SUB-EVENT,Add_497:OpId_37744 (cycles)
55842143040,EXECUTE,16579,CYCLES,BACKEND,SUB-EVENT,Add_499:OpId_37746 (cycles)
55842143040,EXECUTE,17865,CYCLES,BACKEND,SUB-EVENT,Add_501:OpId_37748 (cycles)
55842143040,EXECUTE,17071,CYCLES,BACKEND,SUB-EVENT,Add_503:OpId_37750 (cycles)
55842143040,EXECUTE,17180,CYCLES,BACKEND,SUB-EVENT,Add_505:OpId_37752 (cycles)
55842143040,EXECUTE,16959,CYCLES,BACKEND,SUB-EVENT,Add_507:OpId_37754 (cycles)
55842143040,EXECUTE,17144,CYCLES,BACKEND,SUB-EVENT,Add_509:OpId_37756 (cycles)
55842143040,EXECUTE,10593,CYCLES,BACKEND,SUB-EVENT,attn_16_head_0_Softmax_0:OpId_37758 (cycles)
55842143040,EXECUTE,11867,CYCLES,BACKEND,SUB-EVENT,attn_16_head_1_Softmax_0:OpId_37761 (cycles)
55842143040,EXECUTE,10552,CYCLES,BACKEND,SUB-EVENT,attn_16_head_2_Softmax_0:OpId_37764 (cycles)
55842143040,EXECUTE,16623,CYCLES,BACKEND,SUB-EVENT,attn_16_head_3_Softmax_0:OpId_37767 (cycles)
55842143040,EXECUTE,12305,CYCLES,BACKEND,SUB-EVENT,attn_16_head_4_Softmax_0:OpId_37770 (cycles)
55842143040,EXECUTE,10725,CYCLES,BACKEND,SUB-EVENT,attn_16_head_5_Softmax_0:OpId_37773 (cycles)
55842143040,EXECUTE,10299,CYCLES,BACKEND,SUB-EVENT,attn_16_head_6_Softmax_0:OpId_37776 (cycles)
55842143040,EXECUTE,10758,CYCLES,BACKEND,SUB-EVENT,attn_16_head_7_Softmax_0:OpId_37779 (cycles)
55842143040,EXECUTE,10429,CYCLES,BACKEND,SUB-EVENT,attn_16_head_8_Softmax_0:OpId_37782 (cycles)
55842143040,EXECUTE,11877,CYCLES,BACKEND,SUB-EVENT,attn_16_head_9_Softmax_0:OpId_37785 (cycles)
55842143040,EXECUTE,10352,CYCLES,BACKEND,SUB-EVENT,attn_16_head_10_Softmax_0:OpId_37788 (cycles)
55842143040,EXECUTE,11525,CYCLES,BACKEND,SUB-EVENT,attn_16_head_11_Softmax_0:OpId_37791 (cycles)
55842143040,EXECUTE,9976,CYCLES,BACKEND,SUB-EVENT,attn_16_head_12_Softmax_0:OpId_37794 (cycles)
55842143040,EXECUTE,9560,CYCLES,BACKEND,SUB-EVENT,attn_16_head_13_Softmax_0:OpId_37797 (cycles)
55842143040,EXECUTE,37570,CYCLES,BACKEND,SUB-EVENT,attn_16_head_0_qkv_MatMul_0:OpId_37800 (cycles)
55842143040,EXECUTE,1353,CYCLES,BACKEND,SUB-EVENT,attn_16_head_1_qkv_MatMul_0:OpId_37804 (cycles)
55842143040,EXECUTE,1293,CYCLES,BACKEND,SUB-EVENT,attn_16_head_2_qkv_MatMul_0:OpId_37808 (cycles)
55842143040,EXECUTE,1250,CYCLES,BACKEND,SUB-EVENT,attn_16_head_3_qkv_MatMul_0:OpId_37812 (cycles)
55842143040,EXECUTE,1365,CYCLES,BACKEND,SUB-EVENT,attn_16_head_4_qkv_MatMul_0:OpId_37816 (cycles)
55842143040,EXECUTE,1140,CYCLES,BACKEND,SUB-EVENT,attn_16_head_5_qkv_MatMul_0:OpId_37820 (cycles)
55842143040,EXECUTE,1405,CYCLES,BACKEND,SUB-EVENT,attn_16_head_6_qkv_MatMul_0:OpId_37824 (cycles)
55842143040,EXECUTE,42557,CYCLES,BACKEND,SUB-EVENT,attn_16_head_7_qkv_MatMul_0:OpId_37828 (cycles)
55842143040,EXECUTE,1236,CYCLES,BACKEND,SUB-EVENT,attn_16_head_8_qkv_MatMul_0:OpId_37832 (cycles)
55842143040,EXECUTE,1206,CYCLES,BACKEND,SUB-EVENT,attn_16_head_9_qkv_MatMul_0:OpId_37836 (cycles)
55842143040,EXECUTE,1754,CYCLES,BACKEND,SUB-EVENT,attn_16_head_10_qkv_MatMul_0:OpId_37840 (cycles)
55842143040,EXECUTE,1139,CYCLES,BACKEND,SUB-EVENT,attn_16_head_11_qkv_MatMul_0:OpId_37844 (cycles)
55842143040,EXECUTE,1327,CYCLES,BACKEND,SUB-EVENT,attn_16_head_12_qkv_MatMul_0:OpId_37848 (cycles)
55842143040,EXECUTE,1169,CYCLES,BACKEND,SUB-EVENT,attn_16_head_13_qkv_MatMul_0:OpId_37852 (cycles)
55842143040,EXECUTE,0,CYCLES,BACKEND,SUB-EVENT,Concat_390:OpId_37856 (cycles)
55842143040,EXECUTE,0,CYCLES,BACKEND,SUB-EVENT,Reshape_18:OpId_37858 (cycles)
55842143040,EXECUTE,0,CYCLES,BACKEND,SUB-EVENT,model_layers_16_self_attn_Transpose_6:OpId_37860 (cycles)
55842143040,EXECUTE,28609,CYCLES,BACKEND,SUB-EVENT,model_layers_16_self_attn_o_proj_conv_Conv:OpId_37868 (cycles)
55842143040,EXECUTE,400,CYCLES,BACKEND,SUB-EVENT,/model_layers_16_self_attn_o_proj_conv_Conv/Conv_output_0.nchw:OpId_37872 (cycles)
55842143040,EXECUTE,0,CYCLES,BACKEND,SUB-EVENT,model_layers_16_self_attn_Reshape_9:OpId_37873 (cycles)
55842143040,EXECUTE,3758,CYCLES,BACKEND,SUB-EVENT,model_layers_16_Add:OpId_37874 (cycles)
55842143040,EXECUTE,6683,CYCLES,BACKEND,SUB-EVENT,rms_norm_64:OpId_37879 (cycles)
55842143040,EXECUTE,0,CYCLES,BACKEND,SUB-EVENT,model_layers_16_mlp_Reshape:OpId_37882 (cycles)
55842143040,EXECUTE,0,CYCLES,BACKEND,SUB-EVENT,model_layers_16_mlp_Transpose:OpId_37884 (cycles)
55842143040,EXECUTE,108845,CYCLES,BACKEND,SUB-EVENT,model_layers_16_mlp_gate_proj_conv_Conv:OpId_37892 (cycles)
55842143040,EXECUTE,110942,CYCLES,BACKEND,SUB-EVENT,model_layers_16_mlp_up_proj_conv_Conv:OpId_37902 (cycles)
55842143040,EXECUTE,0,CYCLES,BACKEND,SUB-EVENT,model_layers_16_mlp_act_fn_Sigmoid:OpId_37905 (cycles)
55842143040,EXECUTE,43068,CYCLES,BACKEND,SUB-EVENT,model_layers_16_mlp_act_fn_Mul:OpId_37912 (cycles)
55842143040,EXECUTE,34768,CYCLES,BACKEND,SUB-EVENT,model_layers_16_mlp_Mul:OpId_37914 (cycles)
55842143040,EXECUTE,94476,CYCLES,BACKEND,SUB-EVENT,model_layers_16_mlp_down_proj_conv_Conv:OpId_37923 (cycles)
55842143040,EXECUTE,327,CYCLES,BACKEND,SUB-EVENT,/model_layers_16_mlp_down_proj_conv_Conv/Conv_output_0.nchw:OpId_37927 (cycles)
55842143040,EXECUTE,0,CYCLES,BACKEND,SUB-EVENT,model_layers_16_mlp_Reshape_1:OpId_37928 (cycles)
55842143040,EXECUTE,7641,CYCLES,BACKEND,SUB-EVENT,model_layers_16_Add_1:OpId_37929 (cycles)
55842143040,EXECUTE,6781,CYCLES,BACKEND,SUB-EVENT,rms_norm_66:OpId_37934 (cycles)
55842143040,EXECUTE,0,CYCLES,BACKEND,SUB-EVENT,model_layers_17_self_attn_Reshape:OpId_37937 (cycles)
55842143040,EXECUTE,0,CYCLES,BACKEND,SUB-EVENT,model_layers_17_self_attn_Transpose:OpId_37939 (cycles)
55842143040,EXECUTE,652,CYCLES,BACKEND,SUB-EVENT,attn_17_head_0_key_Conv:OpId_37947 (cycles)
55842143040,EXECUTE,1816,CYCLES,BACKEND,SUB-EVENT,attn_17_head_0_value_Conv:OpId_37957 (cycles)
55842143040,EXECUTE,3282,CYCLES,BACKEND,SUB-EVENT,attn_17_head_0_value_Transpose/output_converted_UFIXED_POINT_8:OpId_37960 (cycles)
55842143040,EXECUTE,777,CYCLES,BACKEND,SUB-EVENT,attn_17_head_1_key_Conv:OpId_37970 (cycles)
55842143040,EXECUTE,696,CYCLES,BACKEND,SUB-EVENT,attn_17_head_1_value_Conv:OpId_37980 (cycles)
55842143040,EXECUTE,391,CYCLES,BACKEND,SUB-EVENT,attn_17_head_1_value_Transpose/output_converted_UFIXED_POINT_8:OpId_37983 (cycles)
55842143040,EXECUTE,3001,CYCLES,BACKEND,SUB-EVENT,attn_17_head_0_query_Conv:OpId_37993 (cycles)
55842143040,EXECUTE,1405,CYCLES,BACKEND,SUB-EVENT,attn_17_head_1_query_Conv:OpId_38003 (cycles)
55842143040,EXECUTE,1069,CYCLES,BACKEND,SUB-EVENT,attn_17_head_2_query_Conv:OpId_38013 (cycles)
55842143040,EXECUTE,808,CYCLES,BACKEND,SUB-EVENT,attn_17_head_3_query_Conv:OpId_38023 (cycles)
55842143040,EXECUTE,792,CYCLES,BACKEND,SUB-EVENT,attn_17_head_4_query_Conv:OpId_38033 (cycles)
55842143040,EXECUTE,2389,CYCLES,BACKEND,SUB-EVENT,attn_17_head_5_query_Conv:OpId_38043 (cycles)
55842143040,EXECUTE,4619,CYCLES,BACKEND,SUB-EVENT,attn_17_head_6_query_Conv:OpId_38053 (cycles)
55842143040,EXECUTE,1372,CYCLES,BACKEND,SUB-EVENT,attn_17_head_7_query_Conv:OpId_38063 (cycles)
55842143040,EXECUTE,887,CYCLES,BACKEND,SUB-EVENT,attn_17_head_8_query_Conv:OpId_38073 (cycles)
55842143040,EXECUTE,1755,CYCLES,BACKEND,SUB-EVENT,attn_17_head_9_query_Conv:OpId_38083 (cycles)
55842143040,EXECUTE,1048,CYCLES,BACKEND,SUB-EVENT,attn_17_head_10_query_Conv:OpId_38093 (cycles)
55842143040,EXECUTE,10422,CYCLES,BACKEND,SUB-EVENT,attn_17_head_11_query_Conv:OpId_38103 (cycles)
55842143040,EXECUTE,1996,CYCLES,BACKEND,SUB-EVENT,attn_17_head_12_query_Conv:OpId_38113 (cycles)
55842143040,EXECUTE,2031,CYCLES,BACKEND,SUB-EVENT,attn_17_head_13_query_Conv:OpId_38123 (cycles)
55842143040,EXECUTE,308,CYCLES,BACKEND,SUB-EVENT,Slice_612:OpId_38127 (cycles)
55842143040,EXECUTE,238,CYCLES,BACKEND,SUB-EVENT,Slice_613:OpId_38133 (cycles)
55842143040,EXECUTE,186,CYCLES,BACKEND,SUB-EVENT,Slice_614:OpId_38139 (cycles)
55842143040,EXECUTE,118,CYCLES,BACKEND,SUB-EVENT,Slice_615:OpId_38145 (cycles)
55842143040,EXECUTE,0,CYCLES,BACKEND,SUB-EVENT,Concat_412:OpId_38150 (cycles)
55842143040,EXECUTE,3365,CYCLES,BACKEND,SUB-EVENT,Slice_620:OpId_38153 (cycles)
55842143040,EXECUTE,166,CYCLES,BACKEND,SUB-EVENT,Slice_621:OpId_38159 (cycles)
55842143040,EXECUTE,699,CYCLES,BACKEND,SUB-EVENT,Slice_622:OpId_38165 (cycles)
55842143040,EXECUTE,168,CYCLES,BACKEND,SUB-EVENT,Slice_623:OpId_38171 (cycles)
55842143040,EXECUTE,4500,CYCLES,BACKEND,SUB-EVENT,Slice_624:OpId_38177 (cycles)
55842143040,EXECUTE,182,CYCLES,BACKEND,SUB-EVENT,Slice_625:OpId_38183 (cycles)
55842143040,EXECUTE,3252,CYCLES,BACKEND,SUB-EVENT,Slice_626:OpId_38189 (cycles)
55842143040,EXECUTE,112,CYCLES,BACKEND,SUB-EVENT,Slice_627:OpId_38195 (cycles)
55842143040,EXECUTE,890,CYCLES,BACKEND,SUB-EVENT,Slice_628:OpId_38201 (cycles)
55842143040,EXECUTE,3135,CYCLES,BACKEND,SUB-EVENT,Slice_629:OpId_38207 (cycles)
55842143040,EXECUTE,2735,CYCLES,BACKEND,SUB-EVENT,Slice_630:OpId_38213 (cycles)
55842143040,EXECUTE,371,CYCLES,BACKEND,SUB-EVENT,Slice_631:OpId_38219 (cycles)
55842143040,EXECUTE,252,CYCLES,BACKEND,SUB-EVENT,Slice_632:OpId_38225 (cycles)
55842143040,EXECUTE,2131,CYCLES,BACKEND,SUB-EVENT,Slice_633:OpId_38231 (cycles)
55842143040,EXECUTE,252,CYCLES,BACKEND,SUB-EVENT,Slice_634:OpId_38237 (cycles)
55842143040,EXECUTE,2344,CYCLES,BACKEND,SUB-EVENT,Slice_635:OpId_38243 (cycles)
55842143040,EXECUTE,3024,CYCLES,BACKEND,SUB-EVENT,Slice_636:OpId_38249 (cycles)
55842143040,EXECUTE,110,CYCLES,BACKEND,SUB-EVENT,Slice_637:OpId_38255 (cycles)
55842143040,EXECUTE,187,CYCLES,BACKEND,SUB-EVENT,Slice_638:OpId_38261 (cycles)
55842143040,EXECUTE,149,CYCLES,BACKEND,SUB-EVENT,Slice_639:OpId_38267 (cycles)
55842143040,EXECUTE,2808,CYCLES,BACKEND,SUB-EVENT,Slice_640:OpId_38273 (cycles)
55842143040,EXECUTE,2786,CYCLES,BACKEND,SUB-EVENT,Slice_641:OpId_38279 (cycles)
55842143040,EXECUTE,246,CYCLES,BACKEND,SUB-EVENT,Slice_642:OpId_38285 (cycles)
55842143040,EXECUTE,206,CYCLES,BACKEND,SUB-EVENT,Slice_643:OpId_38291 (cycles)
55842143040,EXECUTE,3716,CYCLES,BACKEND,SUB-EVENT,Slice_644:OpId_38297 (cycles)
55842143040,EXECUTE,129,CYCLES,BACKEND,SUB-EVENT,Slice_645:OpId_38303 (cycles)
55842143040,EXECUTE,3293,CYCLES,BACKEND,SUB-EVENT,Slice_646:OpId_38309 (cycles)
55842143040,EXECUTE,110,CYCLES,BACKEND,SUB-EVENT,Slice_647:OpId_38315 (cycles)
55842143040,EXECUTE,9890,CYCLES,BACKEND,SUB-EVENT,Concat_394:OpId_38320 (cycles)
55842143040,EXECUTE,6699,CYCLES,BACKEND,SUB-EVENT,Concat_396:OpId_38322 (cycles)
55842143040,EXECUTE,2160,CYCLES,BACKEND,SUB-EVENT,Mul_1088:OpId_38324 (cycles)
55842143040,EXECUTE,1855,CYCLES,BACKEND,SUB-EVENT,Mul_1090:OpId_38326 (cycles)
55842143040,EXECUTE,1983,CYCLES,BACKEND,SUB-EVENT,Mul_1089:OpId_38328 (cycles)
55842143040,EXECUTE,1736,CYCLES,BACKEND,SUB-EVENT,Mul_1091:OpId_38330 (cycles)
55842143040,EXECUTE,207,CYCLES,BACKEND,SUB-EVENT,Mul_1092:OpId_38332 (cycles)
55842143040,EXECUTE,152,CYCLES,BACKEND,SUB-EVENT,Mul_1094:OpId_38334 (cycles)
55842143040,EXECUTE,134,CYCLES,BACKEND,SUB-EVENT,Mul_1093:OpId_38336 (cycles)
55842143040,EXECUTE,128,CYCLES,BACKEND,SUB-EVENT,Mul_1095:OpId_38338 (cycles)
55842143040,EXECUTE,1917,CYCLES,BACKEND,SUB-EVENT,Mul_1096:OpId_38340 (cycles)
55842143040,EXECUTE,1676,CYCLES,BACKEND,SUB-EVENT,Mul_1098:OpId_38342 (cycles)
55842143040,EXECUTE,2561,CYCLES,BACKEND,SUB-EVENT,Mul_1097:OpId_38344 (cycles)
55842143040,EXECUTE,2199,CYCLES,BACKEND,SUB-EVENT,Mul_1099:OpId_38346 (cycles)
55842143040,EXECUTE,308,CYCLES,BACKEND,SUB-EVENT,Mul_1100:OpId_38348 (cycles)
55842143040,EXECUTE,137,CYCLES,BACKEND,SUB-EVENT,Mul_1102:OpId_38350 (cycles)
55842143040,EXECUTE,267,CYCLES,BACKEND,SUB-EVENT,Mul_1101:OpId_38352 (cycles)
55842143040,EXECUTE,241,CYCLES,BACKEND,SUB-EVENT,Mul_1103:OpId_38354 (cycles)
55842143040,EXECUTE,175,CYCLES,BACKEND,SUB-EVENT,Mul_1104:OpId_38356 (cycles)
55842143040,EXECUTE,205,CYCLES,BACKEND,SUB-EVENT,Mul_1106:OpId_38358 (cycles)
55842143040,EXECUTE,168,CYCLES,BACKEND,SUB-EVENT,Mul_1105:OpId_38360 (cycles)
55842143040,EXECUTE,205,CYCLES,BACKEND,SUB-EVENT,Mul_1107:OpId_38362 (cycles)
55842143040,EXECUTE,313,CYCLES,BACKEND,SUB-EVENT,Mul_1108:OpId_38364 (cycles)
55842143040,EXECUTE,203,CYCLES,BACKEND,SUB-EVENT,Mul_1110:OpId_38366 (cycles)
55842143040,EXECUTE,200,CYCLES,BACKEND,SUB-EVENT,Mul_1109:OpId_38368 (cycles)
55842143040,EXECUTE,177,CYCLES,BACKEND,SUB-EVENT,Mul_1111:OpId_38370 (cycles)
55842143040,EXECUTE,195,CYCLES,BACKEND,SUB-EVENT,Mul_1112:OpId_38372 (cycles)
55842143040,EXECUTE,130,CYCLES,BACKEND,SUB-EVENT,Mul_1114:OpId_38374 (cycles)
55842143040,EXECUTE,167,CYCLES,BACKEND,SUB-EVENT,Mul_1113:OpId_38376 (cycles)
55842143040,EXECUTE,164,CYCLES,BACKEND,SUB-EVENT,Mul_1115:OpId_38378 (cycles)
55842143040,EXECUTE,139,CYCLES,BACKEND,SUB-EVENT,Mul_1116:OpId_38380 (cycles)
55842143040,EXECUTE,153,CYCLES,BACKEND,SUB-EVENT,Mul_1118:OpId_38382 (cycles)
55842143040,EXECUTE,194,CYCLES,BACKEND,SUB-EVENT,Mul_1117:OpId_38384 (cycles)
55842143040,EXECUTE,174,CYCLES,BACKEND,SUB-EVENT,Mul_1119:OpId_38386 (cycles)
55842143040,EXECUTE,198,CYCLES,BACKEND,SUB-EVENT,Mul_1120:OpId_38388 (cycles)
55842143040,EXECUTE,145,CYCLES,BACKEND,SUB-EVENT,Mul_1122:OpId_38390 (cycles)
55842143040,EXECUTE,266,CYCLES,BACKEND,SUB-EVENT,Mul_1121:OpId_38392 (cycles)
55842143040,EXECUTE,220,CYCLES,BACKEND,SUB-EVENT,Mul_1123:OpId_38394 (cycles)
55842143040,EXECUTE,174,CYCLES,BACKEND,SUB-EVENT,Mul_1124:OpId_38396 (cycles)
55842143040,EXECUTE,156,CYCLES,BACKEND,SUB-EVENT,Mul_1126:OpId_38398 (cycles)
55842143040,EXECUTE,194,CYCLES,BACKEND,SUB-EVENT,Mul_1125:OpId_38400 (cycles)
55842143040,EXECUTE,150,CYCLES,BACKEND,SUB-EVENT,Mul_1127:OpId_38402 (cycles)
55842143040,EXECUTE,152,CYCLES,BACKEND,SUB-EVENT,Mul_1128:OpId_38404 (cycles)
55842143040,EXECUTE,140,CYCLES,BACKEND,SUB-EVENT,Mul_1130:OpId_38406 (cycles)
55842143040,EXECUTE,162,CYCLES,BACKEND,SUB-EVENT,Mul_1129:OpId_38408 (cycles)
55842143040,EXECUTE,137,CYCLES,BACKEND,SUB-EVENT,Mul_1131:OpId_38410 (cycles)
55842143040,EXECUTE,200,CYCLES,BACKEND,SUB-EVENT,Mul_1132:OpId_38412 (cycles)
55842143040,EXECUTE,162,CYCLES,BACKEND,SUB-EVENT,Mul_1134:OpId_38414 (cycles)
55842143040,EXECUTE,158,CYCLES,BACKEND,SUB-EVENT,Mul_1133:OpId_38416 (cycles)
55842143040,EXECUTE,184,CYCLES,BACKEND,SUB-EVENT,Mul_1135:OpId_38418 (cycles)
55842143040,EXECUTE,477,CYCLES,BACKEND,SUB-EVENT,Mul_1136:OpId_38420 (cycles)
55842143040,EXECUTE,199,CYCLES,BACKEND,SUB-EVENT,Mul_1138:OpId_38422 (cycles)
55842143040,EXECUTE,247,CYCLES,BACKEND,SUB-EVENT,Mul_1137:OpId_38424 (cycles)
55842143040,EXECUTE,137,CYCLES,BACKEND,SUB-EVENT,Mul_1139:OpId_38426 (cycles)
55842143040,EXECUTE,185,CYCLES,BACKEND,SUB-EVENT,Mul_1140:OpId_38428 (cycles)
55842143040,EXECUTE,142,CYCLES,BACKEND,SUB-EVENT,Mul_1142:OpId_38430 (cycles)
55842143040,EXECUTE,150,CYCLES,BACKEND,SUB-EVENT,Mul_1141:OpId_38432 (cycles)
55842143040,EXECUTE,199,CYCLES,BACKEND,SUB-EVENT,Mul_1143:OpId_38434 (cycles)
55842143040,EXECUTE,174,CYCLES,BACKEND,SUB-EVENT,Mul_1144:OpId_38436 (cycles)
55842143040,EXECUTE,132,CYCLES,BACKEND,SUB-EVENT,Mul_1146:OpId_38438 (cycles)
55842143040,EXECUTE,139,CYCLES,BACKEND,SUB-EVENT,Mul_1145:OpId_38440 (cycles)
55842143040,EXECUTE,128,CYCLES,BACKEND,SUB-EVENT,Mul_1147:OpId_38442 (cycles)
55842143040,EXECUTE,1972,CYCLES,BACKEND,SUB-EVENT,Mul_1148:OpId_38444 (cycles)
55842143040,EXECUTE,178,CYCLES,BACKEND,SUB-EVENT,Mul_1150:OpId_38446 (cycles)
55842143040,EXECUTE,159,CYCLES,BACKEND,SUB-EVENT,Mul_1149:OpId_38448 (cycles)
55842143040,EXECUTE,151,CYCLES,BACKEND,SUB-EVENT,Mul_1151:OpId_38450 (cycles)
55842143040,EXECUTE,2869,CYCLES,BACKEND,SUB-EVENT,Sub_272:OpId_38452 (cycles)
55842143040,EXECUTE,278,CYCLES,BACKEND,SUB-EVENT,Sub_272_converted_UFIXED_POINT_8:OpId_38454 (cycles)
55842143040,EXECUTE,2167,CYCLES,BACKEND,SUB-EVENT,Add_510:OpId_38457 (cycles)
55842143040,EXECUTE,1669,CYCLES,BACKEND,SUB-EVENT,Add_510_converted_UFIXED_POINT_8:OpId_38459 (cycles)
55842143040,EXECUTE,246,CYCLES,BACKEND,SUB-EVENT,Sub_273:OpId_38462 (cycles)
55842143040,EXECUTE,263,CYCLES,BACKEND,SUB-EVENT,Sub_273_converted_UFIXED_POINT_8:OpId_38464 (cycles)
55842143040,EXECUTE,200,CYCLES,BACKEND,SUB-EVENT,Add_511:OpId_38467 (cycles)
55842143040,EXECUTE,259,CYCLES,BACKEND,SUB-EVENT,Add_511_converted_UFIXED_POINT_8:OpId_38469 (cycles)
55842143040,EXECUTE,2366,CYCLES,BACKEND,SUB-EVENT,Sub_274:OpId_38472 (cycles)
55842143040,EXECUTE,1768,CYCLES,BACKEND,SUB-EVENT,Add_512:OpId_38474 (cycles)
55842143040,EXECUTE,955,CYCLES,BACKEND,SUB-EVENT,Sub_275:OpId_38476 (cycles)
55842143040,EXECUTE,696,CYCLES,BACKEND,SUB-EVENT,Add_514:OpId_38478 (cycles)
55842143040,EXECUTE,697,CYCLES,BACKEND,SUB-EVENT,Sub_276:OpId_38480 (cycles)
55842143040,EXECUTE,351,CYCLES,BACKEND,SUB-EVENT,Add_516:OpId_38482 (cycles)
55842143040,EXECUTE,429,CYCLES,BACKEND,SUB-EVENT,Sub_277:OpId_38484 (cycles)
55842143040,EXECUTE,469,CYCLES,BACKEND,SUB-EVENT,Add_518:OpId_38486 (cycles)
55842143040,EXECUTE,1168,CYCLES,BACKEND,SUB-EVENT,Sub_278:OpId_38488 (cycles)
55842143040,EXECUTE,461,CYCLES,BACKEND,SUB-EVENT,Add_520:OpId_38490 (cycles)
55842143040,EXECUTE,872,CYCLES,BACKEND,SUB-EVENT,Sub_279:OpId_38492 (cycles)
55842143040,EXECUTE,613,CYCLES,BACKEND,SUB-EVENT,Add_522:OpId_38494 (cycles)
55842143040,EXECUTE,1460,CYCLES,BACKEND,SUB-EVENT,Sub_280:OpId_38496 (cycles)
55842143040,EXECUTE,360,CYCLES,BACKEND,SUB-EVENT,Add_524:OpId_38498 (cycles)
55842143040,EXECUTE,2276,CYCLES,BACKEND,SUB-EVENT,Sub_281:OpId_38500 (cycles)
55842143040,EXECUTE,2261,CYCLES,BACKEND,SUB-EVENT,Add_526:OpId_38502 (cycles)
55842143040,EXECUTE,429,CYCLES,BACKEND,SUB-EVENT,Sub_282:OpId_38504 (cycles)
55842143040,EXECUTE,334,CYCLES,BACKEND,SUB-EVENT,Add_528:OpId_38506 (cycles)
55842143040,EXECUTE,970,CYCLES,BACKEND,SUB-EVENT,Sub_283:OpId_38508 (cycles)
55842143040,EXECUTE,404,CYCLES,BACKEND,SUB-EVENT,Add_530:OpId_38510 (cycles)
55842143040,EXECUTE,396,CYCLES,BACKEND,SUB-EVENT,Sub_284:OpId_38512 (cycles)
55842143040,EXECUTE,383,CYCLES,BACKEND,SUB-EVENT,Add_532:OpId_38514 (cycles)
55842143040,EXECUTE,471,CYCLES,BACKEND,SUB-EVENT,Sub_285:OpId_38516 (cycles)
55842143040,EXECUTE,391,CYCLES,BACKEND,SUB-EVENT,Add_534:OpId_38518 (cycles)
55842143040,EXECUTE,418,CYCLES,BACKEND,SUB-EVENT,Sub_286:OpId_38520 (cycles)
55842143040,EXECUTE,407,CYCLES,BACKEND,SUB-EVENT,Add_536:OpId_38522 (cycles)
55842143040,EXECUTE,843,CYCLES,BACKEND,SUB-EVENT,Sub_287:OpId_38524 (cycles)
55842143040,EXECUTE,423,CYCLES,BACKEND,SUB-EVENT,Add_538:OpId_38526 (cycles)
55842143040,EXECUTE,1278,CYCLES,BACKEND,SUB-EVENT,Concat_391:OpId_38528 (cycles)
55842143040,EXECUTE,1091,CYCLES,BACKEND,SUB-EVENT,Concat_392:OpId_38530 (cycles)
55842143040,EXECUTE,0,CYCLES,BACKEND,SUB-EVENT,Concat_397:OpId_38532 (cycles)
55842143040,EXECUTE,0,CYCLES,BACKEND,SUB-EVENT,Concat_398:OpId_38534 (cycles)
55842143040,EXECUTE,0,CYCLES,BACKEND,SUB-EVENT,Concat_399:OpId_38536 (cycles)
55842143040,EXECUTE,0,CYCLES,BACKEND,SUB-EVENT,Concat_400:OpId_38538 (cycles)
55842143040,EXECUTE,0,CYCLES,BACKEND,SUB-EVENT,Concat_401:OpId_38540 (cycles)
55842143040,EXECUTE,0,CYCLES,BACKEND,SUB-EVENT,Concat_402:OpId_38542 (cycles)
55842143040,EXECUTE,0,CYCLES,BACKEND,SUB-EVENT,Concat_403:OpId_38544 (cycles)
55842143040,EXECUTE,0,CYCLES,BACKEND,SUB-EVENT,Concat_404:OpId_38546 (cycles)
55842143040,EXECUTE,0,CYCLES,BACKEND,SUB-EVENT,Concat_405:OpId_38548 (cycles)
55842143040,EXECUTE,0,CYCLES,BACKEND,SUB-EVENT,Concat_406:OpId_38550 (cycles)
55842143040,EXECUTE,0,CYCLES,BACKEND,SUB-EVENT,Concat_407:OpId_38552 (cycles)
55842143040,EXECUTE,0,CYCLES,BACKEND,SUB-EVENT,Concat_408:OpId_38554 (cycles)
55842143040,EXECUTE,0,CYCLES,BACKEND,SUB-EVENT,Concat_409:OpId_38556 (cycles)
55842143040,EXECUTE,0,CYCLES,BACKEND,SUB-EVENT,Concat_410:OpId_38558 (cycles)
55842143040,EXECUTE,0,CYCLES,BACKEND,SUB-EVENT,attn_17_head_0_key_Transpose_0:OpId_38561 (cycles)
55842143040,EXECUTE,0,CYCLES,BACKEND,SUB-EVENT,attn_17_head_1_key_Transpose_0:OpId_38563 (cycles)
55842143040,EXECUTE,0,CYCLES,BACKEND,SUB-EVENT,Concat_393:OpId_38564 (cycles)
55842143040,EXECUTE,0,CYCLES,BACKEND,SUB-EVENT,Concat_395:OpId_38566 (cycles)
55842143040,EXECUTE,0,CYCLES,BACKEND,SUB-EVENT,Concat_411:OpId_38568 (cycles)
55842143040,EXECUTE,136707,CYCLES,BACKEND,SUB-EVENT,attn_17_head_0_qk_MatMul_0:OpId_38570 (cycles)
55842143040,EXECUTE,8974,CYCLES,BACKEND,SUB-EVENT,attn_17_head_1_qk_MatMul_0:OpId_38574 (cycles)
55842143040,EXECUTE,9659,CYCLES,BACKEND,SUB-EVENT,attn_17_head_2_qk_MatMul_0:OpId_38578 (cycles)
55842143040,EXECUTE,9999,CYCLES,BACKEND,SUB-EVENT,attn_17_head_3_qk_MatMul_0:OpId_38582 (cycles)
55842143040,EXECUTE,15350,CYCLES,BACKEND,SUB-EVENT,attn_17_head_4_qk_MatMul_0:OpId_38586 (cycles)
55842143040,EXECUTE,7980,CYCLES,BACKEND,SUB-EVENT,attn_17_head_5_qk_MatMul_0:OpId_38590 (cycles)
55842143040,EXECUTE,11988,CYCLES,BACKEND,SUB-EVENT,attn_17_head_6_qk_MatMul_0:OpId_38594 (cycles)
55842143040,EXECUTE,149377,CYCLES,BACKEND,SUB-EVENT,attn_17_head_7_qk_MatMul_0:OpId_38598 (cycles)
55842143040,EXECUTE,7235,CYCLES,BACKEND,SUB-EVENT,attn_17_head_8_qk_MatMul_0:OpId_38602 (cycles)
55842143040,EXECUTE,12805,CYCLES,BACKEND,SUB-EVENT,attn_17_head_9_qk_MatMul_0:OpId_38606 (cycles)
55842143040,EXECUTE,9058,CYCLES,BACKEND,SUB-EVENT,attn_17_head_10_qk_MatMul_0:OpId_38610 (cycles)
55842143040,EXECUTE,8485,CYCLES,BACKEND,SUB-EVENT,attn_17_head_11_qk_MatMul_0:OpId_38614 (cycles)
55842143040,EXECUTE,11853,CYCLES,BACKEND,SUB-EVENT,attn_17_head_12_qk_MatMul_0:OpId_38618 (cycles)
55842143040,EXECUTE,6003,CYCLES,BACKEND,SUB-EVENT,attn_17_head_13_qk_MatMul_0:OpId_38622 (cycles)
55842143040,EXECUTE,17358,CYCLES,BACKEND,SUB-EVENT,Add_513:OpId_38626 (cycles)
55842143040,EXECUTE,17175,CYCLES,BACKEND,SUB-EVENT,Add_515:OpId_38628 (cycles)
55842143040,EXECUTE,17193,CYCLES,BACKEND,SUB-EVENT,Add_517:OpId_38630 (cycles)
55842143040,EXECUTE,17090,CYCLES,BACKEND,SUB-EVENT,Add_519:OpId_38632 (cycles)
55842143040,EXECUTE,16263,CYCLES,BACKEND,SUB-EVENT,Add_521:OpId_38634 (cycles)
55842143040,EXECUTE,17093,CYCLES,BACKEND,SUB-EVENT,Add_523:OpId_38636 (cycles)
55842143040,EXECUTE,15650,CYCLES,BACKEND,SUB-EVENT,Add_525:OpId_38638 (cycles)
55842143040,EXECUTE,21630,CYCLES,BACKEND,SUB-EVENT,Add_527:OpId_38640 (cycles)
55842143040,EXECUTE,17316,CYCLES,BACKEND,SUB-EVENT,Add_529:OpId_38642 (cycles)
55842143040,EXECUTE,16098,CYCLES,BACKEND,SUB-EVENT,Add_531:OpId_38644 (cycles)
55842143040,EXECUTE,16028,CYCLES,BACKEND,SUB-EVENT,Add_533:OpId_38646 (cycles)
55842143040,EXECUTE,16738,CYCLES,BACKEND,SUB-EVENT,Add_535:OpId_38648 (cycles)
55842143040,EXECUTE,16401,CYCLES,BACKEND,SUB-EVENT,Add_537:OpId_38650 (cycles)
55842143040,EXECUTE,18901,CYCLES,BACKEND,SUB-EVENT,Add_539:OpId_38652 (cycles)
55842143040,EXECUTE,11192,CYCLES,BACKEND,SUB-EVENT,attn_17_head_0_Softmax_0:OpId_38654 (cycles)
55842143040,EXECUTE,11212,CYCLES,BACKEND,SUB-EVENT,attn_17_head_1_Softmax_0:OpId_38657 (cycles)
55842143040,EXECUTE,12497,CYCLES,BACKEND,SUB-EVENT,attn_17_head_2_Softmax_0:OpId_38660 (cycles)
55842143040,EXECUTE,12505,CYCLES,BACKEND,SUB-EVENT,attn_17_head_3_Softmax_0:OpId_38663 (cycles)
55842143040,EXECUTE,11296,CYCLES,BACKEND,SUB-EVENT,attn_17_head_4_Softmax_0:OpId_38666 (cycles)
55842143040,EXECUTE,12046,CYCLES,BACKEND,SUB-EVENT,attn_17_head_5_Softmax_0:OpId_38669 (cycles)
55842143040,EXECUTE,9930,CYCLES,BACKEND,SUB-EVENT,attn_17_head_6_Softmax_0:OpId_38672 (cycles)
55842143040,EXECUTE,9541,CYCLES,BACKEND,SUB-EVENT,attn_17_head_7_Softmax_0:OpId_38675 (cycles)
55842143040,EXECUTE,9531,CYCLES,BACKEND,SUB-EVENT,attn_17_head_8_Softmax_0:OpId_38678 (cycles)
55842143040,EXECUTE,10881,CYCLES,BACKEND,SUB-EVENT,attn_17_head_9_Softmax_0:OpId_38681 (cycles)
55842143040,EXECUTE,11996,CYCLES,BACKEND,SUB-EVENT,attn_17_head_10_Softmax_0:OpId_38684 (cycles)
55842143040,EXECUTE,9941,CYCLES,BACKEND,SUB-EVENT,attn_17_head_11_Softmax_0:OpId_38687 (cycles)
55842143040,EXECUTE,9896,CYCLES,BACKEND,SUB-EVENT,attn_17_head_12_Softmax_0:OpId_38690 (cycles)
55842143040,EXECUTE,9953,CYCLES,BACKEND,SUB-EVENT,attn_17_head_13_Softmax_0:OpId_38693 (cycles)
55842143040,EXECUTE,40498,CYCLES,BACKEND,SUB-EVENT,attn_17_head_0_qkv_MatMul_0:OpId_38696 (cycles)
55842143040,EXECUTE,1387,CYCLES,BACKEND,SUB-EVENT,attn_17_head_1_qkv_MatMul_0:OpId_38700 (cycles)
55842143040,EXECUTE,1362,CYCLES,BACKEND,SUB-EVENT,attn_17_head_2_qkv_MatMul_0:OpId_38704 (cycles)
55842143040,EXECUTE,1395,CYCLES,BACKEND,SUB-EVENT,attn_17_head_3_qkv_MatMul_0:OpId_38708 (cycles)
55842143040,EXECUTE,1563,CYCLES,BACKEND,SUB-EVENT,attn_17_head_4_qkv_MatMul_0:OpId_38712 (cycles)
55842143040,EXECUTE,1150,CYCLES,BACKEND,SUB-EVENT,attn_17_head_5_qkv_MatMul_0:OpId_38716 (cycles)
55842143040,EXECUTE,1328,CYCLES,BACKEND,SUB-EVENT,attn_17_head_6_qkv_MatMul_0:OpId_38720 (cycles)
55842143040,EXECUTE,40059,CYCLES,BACKEND,SUB-EVENT,attn_17_head_7_qkv_MatMul_0:OpId_38724 (cycles)
55842143040,EXECUTE,1374,CYCLES,BACKEND,SUB-EVENT,attn_17_head_8_qkv_MatMul_0:OpId_38728 (cycles)
55842143040,EXECUTE,1226,CYCLES,BACKEND,SUB-EVENT,attn_17_head_9_qkv_MatMul_0:OpId_38732 (cycles)
55842143040,EXECUTE,1131,CYCLES,BACKEND,SUB-EVENT,attn_17_head_10_qkv_MatMul_0:OpId_38736 (cycles)
55842143040,EXECUTE,1128,CYCLES,BACKEND,SUB-EVENT,attn_17_head_11_qkv_MatMul_0:OpId_38740 (cycles)
55842143040,EXECUTE,1354,CYCLES,BACKEND,SUB-EVENT,attn_17_head_12_qkv_MatMul_0:OpId_38744 (cycles)
55842143040,EXECUTE,1147,CYCLES,BACKEND,SUB-EVENT,attn_17_head_13_qkv_MatMul_0:OpId_38748 (cycles)
55842143040,EXECUTE,0,CYCLES,BACKEND,SUB-EVENT,Concat_413:OpId_38752 (cycles)
55842143040,EXECUTE,0,CYCLES,BACKEND,SUB-EVENT,Reshape_19:OpId_38754 (cycles)
55842143040,EXECUTE,0,CYCLES,BACKEND,SUB-EVENT,model_layers_17_self_attn_Transpose_6:OpId_38756 (cycles)
55842143040,EXECUTE,22080,CYCLES,BACKEND,SUB-EVENT,model_layers_17_self_attn_o_proj_conv_Conv:OpId_38764 (cycles)
55842143040,EXECUTE,1613,CYCLES,BACKEND,SUB-EVENT,/model_layers_17_self_attn_o_proj_conv_Conv/Conv_output_0.nchw:OpId_38768 (cycles)
55842143040,EXECUTE,0,CYCLES,BACKEND,SUB-EVENT,model_layers_17_self_attn_Reshape_9:OpId_38769 (cycles)
55842143040,EXECUTE,3274,CYCLES,BACKEND,SUB-EVENT,model_layers_17_Add:OpId_38770 (cycles)
55842143040,EXECUTE,11188,CYCLES,BACKEND,SUB-EVENT,rms_norm_68:OpId_38775 (cycles)
55842143040,EXECUTE,0,CYCLES,BACKEND,SUB-EVENT,model_layers_17_mlp_Reshape:OpId_38778 (cycles)
55842143040,EXECUTE,0,CYCLES,BACKEND,SUB-EVENT,model_layers_17_mlp_Transpose:OpId_38780 (cycles)
55842143040,EXECUTE,125561,CYCLES,BACKEND,SUB-EVENT,model_layers_17_mlp_gate_proj_conv_Conv:OpId_38788 (cycles)
55842143040,EXECUTE,138367,CYCLES,BACKEND,SUB-EVENT,model_layers_17_mlp_up_proj_conv_Conv:OpId_38798 (cycles)
55842143040,EXECUTE,0,CYCLES,BACKEND,SUB-EVENT,model_layers_17_mlp_act_fn_Sigmoid:OpId_38801 (cycles)
55842143040,EXECUTE,39514,CYCLES,BACKEND,SUB-EVENT,model_layers_17_mlp_act_fn_Mul:OpId_38808 (cycles)
55842143040,EXECUTE,49289,CYCLES,BACKEND,SUB-EVENT,model_layers_17_mlp_Mul:OpId_38810 (cycles)
55842143040,EXECUTE,67845,CYCLES,BACKEND,SUB-EVENT,model_layers_17_mlp_down_proj_conv_Conv:OpId_38819 (cycles)
55842143040,EXECUTE,2902,CYCLES,BACKEND,SUB-EVENT,/model_layers_17_mlp_down_proj_conv_Conv/Conv_output_0.nchw:OpId_38823 (cycles)
55842143040,EXECUTE,0,CYCLES,BACKEND,SUB-EVENT,model_layers_17_mlp_Reshape_1:OpId_38824 (cycles)
55842143040,EXECUTE,12674,CYCLES,BACKEND,SUB-EVENT,model_layers_17_Add_1:OpId_38825 (cycles)
55842143040,EXECUTE,9950,CYCLES,BACKEND,SUB-EVENT,rms_norm_70:OpId_38830 (cycles)
55842143040,EXECUTE,0,CYCLES,BACKEND,SUB-EVENT,model_layers_18_self_attn_Reshape:OpId_38833 (cycles)
55842143040,EXECUTE,0,CYCLES,BACKEND,SUB-EVENT,model_layers_18_self_attn_Transpose:OpId_38835 (cycles)
55842143040,EXECUTE,704,CYCLES,BACKEND,SUB-EVENT,attn_18_head_0_key_Conv:OpId_38843 (cycles)
55842143040,EXECUTE,695,CYCLES,BACKEND,SUB-EVENT,attn_18_head_0_value_Conv:OpId_38853 (cycles)
55842143040,EXECUTE,750,CYCLES,BACKEND,SUB-EVENT,attn_18_head_0_value_Transpose/output_converted_UFIXED_POINT_8:OpId_38856 (cycles)
55842143040,EXECUTE,834,CYCLES,BACKEND,SUB-EVENT,attn_18_head_1_key_Conv:OpId_38866 (cycles)
55842143040,EXECUTE,759,CYCLES,BACKEND,SUB-EVENT,attn_18_head_1_value_Conv:OpId_38876 (cycles)
55842143040,EXECUTE,1963,CYCLES,BACKEND,SUB-EVENT,attn_18_head_1_value_Transpose/output_converted_UFIXED_POINT_8:OpId_38879 (cycles)
55842143040,EXECUTE,577,CYCLES,BACKEND,SUB-EVENT,attn_18_head_0_query_Conv:OpId_38889 (cycles)
55842143040,EXECUTE,3300,CYCLES,BACKEND,SUB-EVENT,attn_18_head_1_query_Conv:OpId_38899 (cycles)
55842143040,EXECUTE,906,CYCLES,BACKEND,SUB-EVENT,attn_18_head_2_query_Conv:OpId_38909 (cycles)
55842143040,EXECUTE,1139,CYCLES,BACKEND,SUB-EVENT,attn_18_head_3_query_Conv:OpId_38919 (cycles)
55842143040,EXECUTE,688,CYCLES,BACKEND,SUB-EVENT,attn_18_head_4_query_Conv:OpId_38929 (cycles)
55842143040,EXECUTE,1005,CYCLES,BACKEND,SUB-EVENT,attn_18_head_5_query_Conv:OpId_38939 (cycles)
55842143040,EXECUTE,3918,CYCLES,BACKEND,SUB-EVENT,attn_18_head_6_query_Conv:OpId_38949 (cycles)
55842143040,EXECUTE,742,CYCLES,BACKEND,SUB-EVENT,attn_18_head_7_query_Conv:OpId_38959 (cycles)
55842143040,EXECUTE,688,CYCLES,BACKEND,SUB-EVENT,attn_18_head_8_query_Conv:OpId_38969 (cycles)
55842143040,EXECUTE,2274,CYCLES,BACKEND,SUB-EVENT,attn_18_head_9_query_Conv:OpId_38979 (cycles)
55842143040,EXECUTE,1959,CYCLES,BACKEND,SUB-EVENT,attn_18_head_10_query_Conv:OpId_38989 (cycles)
55842143040,EXECUTE,1609,CYCLES,BACKEND,SUB-EVENT,attn_18_head_11_query_Conv:OpId_38999 (cycles)
55842143040,EXECUTE,3247,CYCLES,BACKEND,SUB-EVENT,attn_18_head_12_query_Conv:OpId_39009 (cycles)
55842143040,EXECUTE,1600,CYCLES,BACKEND,SUB-EVENT,attn_18_head_13_query_Conv:OpId_39019 (cycles)
55842143040,EXECUTE,343,CYCLES,BACKEND,SUB-EVENT,Slice_648:OpId_39023 (cycles)
55842143040,EXECUTE,330,CYCLES,BACKEND,SUB-EVENT,Slice_649:OpId_39029 (cycles)
55842143040,EXECUTE,211,CYCLES,BACKEND,SUB-EVENT,Slice_650:OpId_39035 (cycles)
55842143040,EXECUTE,111,CYCLES,BACKEND,SUB-EVENT,Slice_651:OpId_39041 (cycles)
55842143040,EXECUTE,0,CYCLES,BACKEND,SUB-EVENT,Concat_435:OpId_39046 (cycles)
55842143040,EXECUTE,153,CYCLES,BACKEND,SUB-EVENT,Slice_656:OpId_39049 (cycles)
55842143040,EXECUTE,156,CYCLES,BACKEND,SUB-EVENT,Slice_657:OpId_39055 (cycles)
55842143040,EXECUTE,221,CYCLES,BACKEND,SUB-EVENT,Slice_658:OpId_39061 (cycles)
55842143040,EXECUTE,170,CYCLES,BACKEND,SUB-EVENT,Slice_659:OpId_39067 (cycles)
55842143040,EXECUTE,134,CYCLES,BACKEND,SUB-EVENT,Slice_660:OpId_39073 (cycles)
55842143040,EXECUTE,135,CYCLES,BACKEND,SUB-EVENT,Slice_661:OpId_39079 (cycles)
55842143040,EXECUTE,141,CYCLES,BACKEND,SUB-EVENT,Slice_662:OpId_39085 (cycles)
55842143040,EXECUTE,119,CYCLES,BACKEND,SUB-EVENT,Slice_663:OpId_39091 (cycles)
55842143040,EXECUTE,184,CYCLES,BACKEND,SUB-EVENT,Slice_664:OpId_39097 (cycles)
55842143040,EXECUTE,267,CYCLES,BACKEND,SUB-EVENT,Slice_665:OpId_39103 (cycles)
55842143040,EXECUTE,260,CYCLES,BACKEND,SUB-EVENT,Slice_666:OpId_39109 (cycles)
55842143040,EXECUTE,169,CYCLES,BACKEND,SUB-EVENT,Slice_667:OpId_39115 (cycles)
55842143040,EXECUTE,152,CYCLES,BACKEND,SUB-EVENT,Slice_668:OpId_39121 (cycles)
55842143040,EXECUTE,105,CYCLES,BACKEND,SUB-EVENT,Slice_669:OpId_39127 (cycles)
55842143040,EXECUTE,237,CYCLES,BACKEND,SUB-EVENT,Slice_670:OpId_39133 (cycles)
55842143040,EXECUTE,180,CYCLES,BACKEND,SUB-EVENT,Slice_671:OpId_39139 (cycles)
55842143040,EXECUTE,168,CYCLES,BACKEND,SUB-EVENT,Slice_672:OpId_39145 (cycles)
55842143040,EXECUTE,216,CYCLES,BACKEND,SUB-EVENT,Slice_673:OpId_39151 (cycles)
55842143040,EXECUTE,2032,CYCLES,BACKEND,SUB-EVENT,Slice_674:OpId_39157 (cycles)
55842143040,EXECUTE,181,CYCLES,BACKEND,SUB-EVENT,Slice_675:OpId_39163 (cycles)
55842143040,EXECUTE,1730,CYCLES,BACKEND,SUB-EVENT,Slice_676:OpId_39169 (cycles)
55842143040,EXECUTE,1435,CYCLES,BACKEND,SUB-EVENT,Slice_677:OpId_39175 (cycles)
55842143040,EXECUTE,162,CYCLES,BACKEND,SUB-EVENT,Slice_678:OpId_39181 (cycles)
55842143040,EXECUTE,138,CYCLES,BACKEND,SUB-EVENT,Slice_679:OpId_39187 (cycles)
55842143040,EXECUTE,197,CYCLES,BACKEND,SUB-EVENT,Slice_680:OpId_39193 (cycles)
55842143040,EXECUTE,173,CYCLES,BACKEND,SUB-EVENT,Slice_681:OpId_39199 (cycles)
55842143040,EXECUTE,183,CYCLES,BACKEND,SUB-EVENT,Slice_682:OpId_39205 (cycles)
55842143040,EXECUTE,133,CYCLES,BACKEND,SUB-EVENT,Slice_683:OpId_39211 (cycles)
55842143040,EXECUTE,10799,CYCLES,BACKEND,SUB-EVENT,Concat_417:OpId_39216 (cycles)
55842143040,EXECUTE,7984,CYCLES,BACKEND,SUB-EVENT,Concat_419:OpId_39218 (cycles)
55842143040,EXECUTE,3021,CYCLES,BACKEND,SUB-EVENT,Mul_1152:OpId_39220 (cycles)
55842143040,EXECUTE,1988,CYCLES,BACKEND,SUB-EVENT,Mul_1154:OpId_39222 (cycles)
55842143040,EXECUTE,3251,CYCLES,BACKEND,SUB-EVENT,Mul_1153:OpId_39224 (cycles)
55842143040,EXECUTE,1391,CYCLES,BACKEND,SUB-EVENT,Mul_1155:OpId_39226 (cycles)
55842143040,EXECUTE,190,CYCLES,BACKEND,SUB-EVENT,Mul_1156:OpId_39228 (cycles)
55842143040,EXECUTE,139,CYCLES,BACKEND,SUB-EVENT,Mul_1158:OpId_39230 (cycles)
55842143040,EXECUTE,171,CYCLES,BACKEND,SUB-EVENT,Mul_1157:OpId_39232 (cycles)
55842143040,EXECUTE,181,CYCLES,BACKEND,SUB-EVENT,Mul_1159:OpId_39234 (cycles)
55842143040,EXECUTE,1410,CYCLES,BACKEND,SUB-EVENT,Mul_1160:OpId_39236 (cycles)
55842143040,EXECUTE,1234,CYCLES,BACKEND,SUB-EVENT,Mul_1162:OpId_39238 (cycles)
55842143040,EXECUTE,2795,CYCLES,BACKEND,SUB-EVENT,Mul_1161:OpId_39240 (cycles)
55842143040,EXECUTE,884,CYCLES,BACKEND,SUB-EVENT,Mul_1163:OpId_39242 (cycles)
55842143040,EXECUTE,1003,CYCLES,BACKEND,SUB-EVENT,Mul_1164:OpId_39244 (cycles)
55842143040,EXECUTE,112,CYCLES,BACKEND,SUB-EVENT,Mul_1166:OpId_39246 (cycles)
55842143040,EXECUTE,131,CYCLES,BACKEND,SUB-EVENT,Mul_1165:OpId_39248 (cycles)
55842143040,EXECUTE,104,CYCLES,BACKEND,SUB-EVENT,Mul_1167:OpId_39250 (cycles)
55842143040,EXECUTE,130,CYCLES,BACKEND,SUB-EVENT,Mul_1168:OpId_39252 (cycles)
55842143040,EXECUTE,146,CYCLES,BACKEND,SUB-EVENT,Mul_1170:OpId_39254 (cycles)
55842143040,EXECUTE,152,CYCLES,BACKEND,SUB-EVENT,Mul_1169:OpId_39256 (cycles)
55842143040,EXECUTE,137,CYCLES,BACKEND,SUB-EVENT,Mul_1171:OpId_39258 (cycles)
55842143040,EXECUTE,170,CYCLES,BACKEND,SUB-EVENT,Mul_1172:OpId_39260 (cycles)
55842143040,EXECUTE,144,CYCLES,BACKEND,SUB-EVENT,Mul_1174:OpId_39262 (cycles)
55842143040,EXECUTE,153,CYCLES,BACKEND,SUB-EVENT,Mul_1173:OpId_39264 (cycles)
55842143040,EXECUTE,130,CYCLES,BACKEND,SUB-EVENT,Mul_1175:OpId_39266 (cycles)
55842143040,EXECUTE,141,CYCLES,BACKEND,SUB-EVENT,Mul_1176:OpId_39268 (cycles)
55842143040,EXECUTE,141,CYCLES,BACKEND,SUB-EVENT,Mul_1178:OpId_39270 (cycles)
55842143040,EXECUTE,160,CYCLES,BACKEND,SUB-EVENT,Mul_1177:OpId_39272 (cycles)
55842143040,EXECUTE,139,CYCLES,BACKEND,SUB-EVENT,Mul_1179:OpId_39274 (cycles)
55842143040,EXECUTE,176,CYCLES,BACKEND,SUB-EVENT,Mul_1180:OpId_39276 (cycles)
55842143040,EXECUTE,176,CYCLES,BACKEND,SUB-EVENT,Mul_1182:OpId_39278 (cycles)
55842143040,EXECUTE,223,CYCLES,BACKEND,SUB-EVENT,Mul_1181:OpId_39280 (cycles)
55842143040,EXECUTE,153,CYCLES,BACKEND,SUB-EVENT,Mul_1183:OpId_39282 (cycles)
55842143040,EXECUTE,217,CYCLES,BACKEND,SUB-EVENT,Mul_1184:OpId_39284 (cycles)
55842143040,EXECUTE,165,CYCLES,BACKEND,SUB-EVENT,Mul_1186:OpId_39286 (cycles)
55842143040,EXECUTE,158,CYCLES,BACKEND,SUB-EVENT,Mul_1185:OpId_39288 (cycles)
55842143040,EXECUTE,133,CYCLES,BACKEND,SUB-EVENT,Mul_1187:OpId_39290 (cycles)
55842143040,EXECUTE,217,CYCLES,BACKEND,SUB-EVENT,Mul_1188:OpId_39292 (cycles)
55842143040,EXECUTE,120,CYCLES,BACKEND,SUB-EVENT,Mul_1190:OpId_39294 (cycles)
55842143040,EXECUTE,210,CYCLES,BACKEND,SUB-EVENT,Mul_1189:OpId_39296 (cycles)
55842143040,EXECUTE,169,CYCLES,BACKEND,SUB-EVENT,Mul_1191:OpId_39298 (cycles)
55842143040,EXECUTE,186,CYCLES,BACKEND,SUB-EVENT,Mul_1192:OpId_39300 (cycles)
55842143040,EXECUTE,121,CYCLES,BACKEND,SUB-EVENT,Mul_1194:OpId_39302 (cycles)
55842143040,EXECUTE,153,CYCLES,BACKEND,SUB-EVENT,Mul_1193:OpId_39304 (cycles)
55842143040,EXECUTE,137,CYCLES,BACKEND,SUB-EVENT,Mul_1195:OpId_39306 (cycles)
55842143040,EXECUTE,189,CYCLES,BACKEND,SUB-EVENT,Mul_1196:OpId_39308 (cycles)
55842143040,EXECUTE,181,CYCLES,BACKEND,SUB-EVENT,Mul_1198:OpId_39310 (cycles)
55842143040,EXECUTE,163,CYCLES,BACKEND,SUB-EVENT,Mul_1197:OpId_39312 (cycles)
55842143040,EXECUTE,142,CYCLES,BACKEND,SUB-EVENT,Mul_1199:OpId_39314 (cycles)
55842143040,EXECUTE,176,CYCLES,BACKEND,SUB-EVENT,Mul_1200:OpId_39316 (cycles)
55842143040,EXECUTE,127,CYCLES,BACKEND,SUB-EVENT,Mul_1202:OpId_39318 (cycles)
55842143040,EXECUTE,201,CYCLES,BACKEND,SUB-EVENT,Mul_1201:OpId_39320 (cycles)
55842143040,EXECUTE,234,CYCLES,BACKEND,SUB-EVENT,Mul_1203:OpId_39322 (cycles)
55842143040,EXECUTE,167,CYCLES,BACKEND,SUB-EVENT,Mul_1204:OpId_39324 (cycles)
55842143040,EXECUTE,179,CYCLES,BACKEND,SUB-EVENT,Mul_1206:OpId_39326 (cycles)
55842143040,EXECUTE,171,CYCLES,BACKEND,SUB-EVENT,Mul_1205:OpId_39328 (cycles)
55842143040,EXECUTE,155,CYCLES,BACKEND,SUB-EVENT,Mul_1207:OpId_39330 (cycles)
55842143040,EXECUTE,193,CYCLES,BACKEND,SUB-EVENT,Mul_1208:OpId_39332 (cycles)
55842143040,EXECUTE,177,CYCLES,BACKEND,SUB-EVENT,Mul_1210:OpId_39334 (cycles)
55842143040,EXECUTE,1571,CYCLES,BACKEND,SUB-EVENT,Mul_1209:OpId_39336 (cycles)
55842143040,EXECUTE,148,CYCLES,BACKEND,SUB-EVENT,Mul_1211:OpId_39338 (cycles)
55842143040,EXECUTE,201,CYCLES,BACKEND,SUB-EVENT,Mul_1212:OpId_39340 (cycles)
55842143040,EXECUTE,177,CYCLES,BACKEND,SUB-EVENT,Mul_1214:OpId_39342 (cycles)
55842143040,EXECUTE,135,CYCLES,BACKEND,SUB-EVENT,Mul_1213:OpId_39344 (cycles)
55842143040,EXECUTE,122,CYCLES,BACKEND,SUB-EVENT,Mul_1215:OpId_39346 (cycles)
55842143040,EXECUTE,2880,CYCLES,BACKEND,SUB-EVENT,Sub_288:OpId_39348 (cycles)
55842143040,EXECUTE,3572,CYCLES,BACKEND,SUB-EVENT,Sub_288_converted_UFIXED_POINT_8:OpId_39350 (cycles)
55842143040,EXECUTE,2783,CYCLES,BACKEND,SUB-EVENT,Add_540:OpId_39353 (cycles)
55842143040,EXECUTE,224,CYCLES,BACKEND,SUB-EVENT,Add_540_converted_UFIXED_POINT_8:OpId_39355 (cycles)
55842143040,EXECUTE,191,CYCLES,BACKEND,SUB-EVENT,Sub_289:OpId_39358 (cycles)
55842143040,EXECUTE,234,CYCLES,BACKEND,SUB-EVENT,Sub_289_converted_UFIXED_POINT_8:OpId_39360 (cycles)
55842143040,EXECUTE,293,CYCLES,BACKEND,SUB-EVENT,Add_541:OpId_39363 (cycles)
55842143040,EXECUTE,226,CYCLES,BACKEND,SUB-EVENT,Add_541_converted_UFIXED_POINT_8:OpId_39365 (cycles)
55842143040,EXECUTE,6186,CYCLES,BACKEND,SUB-EVENT,Sub_290:OpId_39368 (cycles)
55842143040,EXECUTE,2796,CYCLES,BACKEND,SUB-EVENT,Add_542:OpId_39370 (cycles)
55842143040,EXECUTE,3651,CYCLES,BACKEND,SUB-EVENT,Sub_291:OpId_39372 (cycles)
55842143040,EXECUTE,482,CYCLES,BACKEND,SUB-EVENT,Add_544:OpId_39374 (cycles)
55842143040,EXECUTE,1036,CYCLES,BACKEND,SUB-EVENT,Sub_292:OpId_39376 (cycles)
55842143040,EXECUTE,958,CYCLES,BACKEND,SUB-EVENT,Add_546:OpId_39378 (cycles)
55842143040,EXECUTE,5083,CYCLES,BACKEND,SUB-EVENT,Sub_293:OpId_39380 (cycles)
55842143040,EXECUTE,2301,CYCLES,BACKEND,SUB-EVENT,Add_548:OpId_39382 (cycles)
55842143040,EXECUTE,338,CYCLES,BACKEND,SUB-EVENT,Sub_294:OpId_39384 (cycles)
55842143040,EXECUTE,1378,CYCLES,BACKEND,SUB-EVENT,Add_550:OpId_39386 (cycles)
55842143040,EXECUTE,460,CYCLES,BACKEND,SUB-EVENT,Sub_295:OpId_39388 (cycles)
55842143040,EXECUTE,442,CYCLES,BACKEND,SUB-EVENT,Add_552:OpId_39390 (cycles)
55842143040,EXECUTE,513,CYCLES,BACKEND,SUB-EVENT,Sub_296:OpId_39392 (cycles)
55842143040,EXECUTE,420,CYCLES,BACKEND,SUB-EVENT,Add_554:OpId_39394 (cycles)
55842143040,EXECUTE,419,CYCLES,BACKEND,SUB-EVENT,Sub_297:OpId_39396 (cycles)
55842143040,EXECUTE,1447,CYCLES,BACKEND,SUB-EVENT,Add_556:OpId_39398 (cycles)
55842143040,EXECUTE,397,CYCLES,BACKEND,SUB-EVENT,Sub_298:OpId_39400 (cycles)
55842143040,EXECUTE,611,CYCLES,BACKEND,SUB-EVENT,Add_558:OpId_39402 (cycles)
55842143040,EXECUTE,586,CYCLES,BACKEND,SUB-EVENT,Sub_299:OpId_39404 (cycles)
55842143040,EXECUTE,349,CYCLES,BACKEND,SUB-EVENT,Add_560:OpId_39406 (cycles)
55842143040,EXECUTE,1961,CYCLES,BACKEND,SUB-EVENT,Sub_300:OpId_39408 (cycles)
55842143040,EXECUTE,450,CYCLES,BACKEND,SUB-EVENT,Add_562:OpId_39410 (cycles)
55842143040,EXECUTE,471,CYCLES,BACKEND,SUB-EVENT,Sub_301:OpId_39412 (cycles)
55842143040,EXECUTE,456,CYCLES,BACKEND,SUB-EVENT,Add_564:OpId_39414 (cycles)
55842143040,EXECUTE,363,CYCLES,BACKEND,SUB-EVENT,Sub_302:OpId_39416 (cycles)
55842143040,EXECUTE,382,CYCLES,BACKEND,SUB-EVENT,Add_566:OpId_39418 (cycles)
55842143040,EXECUTE,441,CYCLES,BACKEND,SUB-EVENT,Sub_303:OpId_39420 (cycles)
55842143040,EXECUTE,345,CYCLES,BACKEND,SUB-EVENT,Add_568:OpId_39422 (cycles)
55842143040,EXECUTE,1286,CYCLES,BACKEND,SUB-EVENT,Concat_414:OpId_39424 (cycles)
55842143040,EXECUTE,1082,CYCLES,BACKEND,SUB-EVENT,Concat_415:OpId_39426 (cycles)
55842143040,EXECUTE,0,CYCLES,BACKEND,SUB-EVENT,Concat_420:OpId_39428 (cycles)
55842143040,EXECUTE,0,CYCLES,BACKEND,SUB-EVENT,Concat_421:OpId_39430 (cycles)
55842143040,EXECUTE,0,CYCLES,BACKEND,SUB-EVENT,Concat_422:OpId_39432 (cycles)
55842143040,EXECUTE,0,CYCLES,BACKEND,SUB-EVENT,Concat_423:OpId_39434 (cycles)
55842143040,EXECUTE,0,CYCLES,BACKEND,SUB-EVENT,Concat_424:OpId_39436 (cycles)
55842143040,EXECUTE,0,CYCLES,BACKEND,SUB-EVENT,Concat_425:OpId_39438 (cycles)
55842143040,EXECUTE,0,CYCLES,BACKEND,SUB-EVENT,Concat_426:OpId_39440 (cycles)
55842143040,EXECUTE,0,CYCLES,BACKEND,SUB-EVENT,Concat_427:OpId_39442 (cycles)
55842143040,EXECUTE,0,CYCLES,BACKEND,SUB-EVENT,Concat_428:OpId_39444 (cycles)
55842143040,EXECUTE,0,CYCLES,BACKEND,SUB-EVENT,Concat_429:OpId_39446 (cycles)
55842143040,EXECUTE,0,CYCLES,BACKEND,SUB-EVENT,Concat_430:OpId_39448 (cycles)
55842143040,EXECUTE,0,CYCLES,BACKEND,SUB-EVENT,Concat_431:OpId_39450 (cycles)
55842143040,EXECUTE,0,CYCLES,BACKEND,SUB-EVENT,Concat_432:OpId_39452 (cycles)
55842143040,EXECUTE,0,CYCLES,BACKEND,SUB-EVENT,Concat_433:OpId_39454 (cycles)
55842143040,EXECUTE,0,CYCLES,BACKEND,SUB-EVENT,attn_18_head_0_key_Transpose_0:OpId_39457 (cycles)
55842143040,EXECUTE,0,CYCLES,BACKEND,SUB-EVENT,attn_18_head_1_key_Transpose_0:OpId_39459 (cycles)
55842143040,EXECUTE,0,CYCLES,BACKEND,SUB-EVENT,Concat_416:OpId_39460 (cycles)
55842143040,EXECUTE,0,CYCLES,BACKEND,SUB-EVENT,Concat_418:OpId_39462 (cycles)
55842143040,EXECUTE,0,CYCLES,BACKEND,SUB-EVENT,Concat_434:OpId_39464 (cycles)
55842143040,EXECUTE,130771,CYCLES,BACKEND,SUB-EVENT,attn_18_head_0_qk_MatMul_0:OpId_39466 (cycles)
55842143040,EXECUTE,10305,CYCLES,BACKEND,SUB-EVENT,attn_18_head_1_qk_MatMul_0:OpId_39470 (cycles)
55842143040,EXECUTE,8101,CYCLES,BACKEND,SUB-EVENT,attn_18_head_2_qk_MatMul_0:OpId_39474 (cycles)
55842143040,EXECUTE,7158,CYCLES,BACKEND,SUB-EVENT,attn_18_head_3_qk_MatMul_0:OpId_39478 (cycles)
55842143040,EXECUTE,7823,CYCLES,BACKEND,SUB-EVENT,attn_18_head_4_qk_MatMul_0:OpId_39482 (cycles)
55842143040,EXECUTE,8445,CYCLES,BACKEND,SUB-EVENT,attn_18_head_5_qk_MatMul_0:OpId_39486 (cycles)
55842143040,EXECUTE,10419,CYCLES,BACKEND,SUB-EVENT,attn_18_head_6_qk_MatMul_0:OpId_39490 (cycles)
55842143040,EXECUTE,130035,CYCLES,BACKEND,SUB-EVENT,attn_18_head_7_qk_MatMul_0:OpId_39494 (cycles)
55842143040,EXECUTE,10031,CYCLES,BACKEND,SUB-EVENT,attn_18_head_8_qk_MatMul_0:OpId_39498 (cycles)
55842143040,EXECUTE,7638,CYCLES,BACKEND,SUB-EVENT,attn_18_head_9_qk_MatMul_0:OpId_39502 (cycles)
55842143040,EXECUTE,11875,CYCLES,BACKEND,SUB-EVENT,attn_18_head_10_qk_MatMul_0:OpId_39506 (cycles)
55842143040,EXECUTE,14574,CYCLES,BACKEND,SUB-EVENT,attn_18_head_11_qk_MatMul_0:OpId_39510 (cycles)
55842143040,EXECUTE,8703,CYCLES,BACKEND,SUB-EVENT,attn_18_head_12_qk_MatMul_0:OpId_39514 (cycles)
55842143040,EXECUTE,10520,CYCLES,BACKEND,SUB-EVENT,attn_18_head_13_qk_MatMul_0:OpId_39518 (cycles)
55842143040,EXECUTE,15986,CYCLES,BACKEND,SUB-EVENT,Add_543:OpId_39522 (cycles)
55842143040,EXECUTE,16946,CYCLES,BACKEND,SUB-EVENT,Add_545:OpId_39524 (cycles)
55842143040,EXECUTE,16489,CYCLES,BACKEND,SUB-EVENT,Add_547:OpId_39526 (cycles)
55842143040,EXECUTE,17226,CYCLES,BACKEND,SUB-EVENT,Add_549:OpId_39528 (cycles)
55842143040,EXECUTE,16926,CYCLES,BACKEND,SUB-EVENT,Add_551:OpId_39530 (cycles)
55842143040,EXECUTE,16060,CYCLES,BACKEND,SUB-EVENT,Add_553:OpId_39532 (cycles)
55842143040,EXECUTE,16938,CYCLES,BACKEND,SUB-EVENT,Add_555:OpId_39534 (cycles)
55842143040,EXECUTE,17072,CYCLES,BACKEND,SUB-EVENT,Add_557:OpId_39536 (cycles)
55842143040,EXECUTE,18349,CYCLES,BACKEND,SUB-EVENT,Add_559:OpId_39538 (cycles)
55842143040,EXECUTE,15814,CYCLES,BACKEND,SUB-EVENT,Add_561:OpId_39540 (cycles)
55842143040,EXECUTE,17985,CYCLES,BACKEND,SUB-EVENT,Add_563:OpId_39542 (cycles)
55842143040,EXECUTE,16184,CYCLES,BACKEND,SUB-EVENT,Add_565:OpId_39544 (cycles)
55842143040,EXECUTE,16525,CYCLES,BACKEND,SUB-EVENT,Add_567:OpId_39546 (cycles)
55842143040,EXECUTE,17159,CYCLES,BACKEND,SUB-EVENT,Add_569:OpId_39548 (cycles)
55842143040,EXECUTE,10332,CYCLES,BACKEND,SUB-EVENT,attn_18_head_0_Softmax_0:OpId_39550 (cycles)
55842143040,EXECUTE,14006,CYCLES,BACKEND,SUB-EVENT,attn_18_head_1_Softmax_0:OpId_39553 (cycles)
55842143040,EXECUTE,12697,CYCLES,BACKEND,SUB-EVENT,attn_18_head_2_Softmax_0:OpId_39556 (cycles)
55842143040,EXECUTE,10965,CYCLES,BACKEND,SUB-EVENT,attn_18_head_3_Softmax_0:OpId_39559 (cycles)
55842143040,EXECUTE,10810,CYCLES,BACKEND,SUB-EVENT,attn_18_head_4_Softmax_0:OpId_39562 (cycles)
55842143040,EXECUTE,11312,CYCLES,BACKEND,SUB-EVENT,attn_18_head_5_Softmax_0:OpId_39565 (cycles)
55842143040,EXECUTE,9615,CYCLES,BACKEND,SUB-EVENT,attn_18_head_6_Softmax_0:OpId_39568 (cycles)
55842143040,EXECUTE,9943,CYCLES,BACKEND,SUB-EVENT,attn_18_head_7_Softmax_0:OpId_39571 (cycles)
55842143040,EXECUTE,9847,CYCLES,BACKEND,SUB-EVENT,attn_18_head_8_Softmax_0:OpId_39574 (cycles)
55842143040,EXECUTE,10414,CYCLES,BACKEND,SUB-EVENT,attn_18_head_9_Softmax_0:OpId_39577 (cycles)
55842143040,EXECUTE,10027,CYCLES,BACKEND,SUB-EVENT,attn_18_head_10_Softmax_0:OpId_39580 (cycles)
55842143040,EXECUTE,9408,CYCLES,BACKEND,SUB-EVENT,attn_18_head_11_Softmax_0:OpId_39583 (cycles)
55842143040,EXECUTE,9649,CYCLES,BACKEND,SUB-EVENT,attn_18_head_12_Softmax_0:OpId_39586 (cycles)
55842143040,EXECUTE,9796,CYCLES,BACKEND,SUB-EVENT,attn_18_head_13_Softmax_0:OpId_39589 (cycles)
55842143040,EXECUTE,46253,CYCLES,BACKEND,SUB-EVENT,attn_18_head_0_qkv_MatMul_0:OpId_39592 (cycles)
55842143040,EXECUTE,1411,CYCLES,BACKEND,SUB-EVENT,attn_18_head_1_qkv_MatMul_0:OpId_39596 (cycles)
55842143040,EXECUTE,1330,CYCLES,BACKEND,SUB-EVENT,attn_18_head_2_qkv_MatMul_0:OpId_39600 (cycles)
55842143040,EXECUTE,1185,CYCLES,BACKEND,SUB-EVENT,attn_18_head_3_qkv_MatMul_0:OpId_39604 (cycles)
55842143040,EXECUTE,1155,CYCLES,BACKEND,SUB-EVENT,attn_18_head_4_qkv_MatMul_0:OpId_39608 (cycles)
55842143040,EXECUTE,1366,CYCLES,BACKEND,SUB-EVENT,attn_18_head_5_qkv_MatMul_0:OpId_39612 (cycles)
55842143040,EXECUTE,1202,CYCLES,BACKEND,SUB-EVENT,attn_18_head_6_qkv_MatMul_0:OpId_39616 (cycles)
55842143040,EXECUTE,38242,CYCLES,BACKEND,SUB-EVENT,attn_18_head_7_qkv_MatMul_0:OpId_39620 (cycles)
55842143040,EXECUTE,1144,CYCLES,BACKEND,SUB-EVENT,attn_18_head_8_qkv_MatMul_0:OpId_39624 (cycles)
55842143040,EXECUTE,2094,CYCLES,BACKEND,SUB-EVENT,attn_18_head_9_qkv_MatMul_0:OpId_39628 (cycles)
55842143040,EXECUTE,1175,CYCLES,BACKEND,SUB-EVENT,attn_18_head_10_qkv_MatMul_0:OpId_39632 (cycles)
55842143040,EXECUTE,1126,CYCLES,BACKEND,SUB-EVENT,attn_18_head_11_qkv_MatMul_0:OpId_39636 (cycles)
55842143040,EXECUTE,1145,CYCLES,BACKEND,SUB-EVENT,attn_18_head_12_qkv_MatMul_0:OpId_39640 (cycles)
55842143040,EXECUTE,1119,CYCLES,BACKEND,SUB-EVENT,attn_18_head_13_qkv_MatMul_0:OpId_39644 (cycles)
55842143040,EXECUTE,0,CYCLES,BACKEND,SUB-EVENT,Concat_436:OpId_39648 (cycles)
55842143040,EXECUTE,0,CYCLES,BACKEND,SUB-EVENT,Reshape_20:OpId_39650 (cycles)
55842143040,EXECUTE,0,CYCLES,BACKEND,SUB-EVENT,model_layers_18_self_attn_Transpose_6:OpId_39652 (cycles)
55842143040,EXECUTE,25802,CYCLES,BACKEND,SUB-EVENT,model_layers_18_self_attn_o_proj_conv_Conv:OpId_39660 (cycles)
55842143040,EXECUTE,956,CYCLES,BACKEND,SUB-EVENT,/model_layers_18_self_attn_o_proj_conv_Conv/Conv_output_0.nchw:OpId_39664 (cycles)
55842143040,EXECUTE,0,CYCLES,BACKEND,SUB-EVENT,model_layers_18_self_attn_Reshape_9:OpId_39665 (cycles)
55842143040,EXECUTE,3292,CYCLES,BACKEND,SUB-EVENT,model_layers_18_Add:OpId_39666 (cycles)
55842143040,EXECUTE,6686,CYCLES,BACKEND,SUB-EVENT,rms_norm_72:OpId_39671 (cycles)
55842143040,EXECUTE,0,CYCLES,BACKEND,SUB-EVENT,model_layers_18_mlp_Reshape:OpId_39674 (cycles)
55842143040,EXECUTE,0,CYCLES,BACKEND,SUB-EVENT,model_layers_18_mlp_Transpose:OpId_39676 (cycles)
55842143040,EXECUTE,138064,CYCLES,BACKEND,SUB-EVENT,model_layers_18_mlp_gate_proj_conv_Conv:OpId_39684 (cycles)
55842143040,EXECUTE,110146,CYCLES,BACKEND,SUB-EVENT,model_layers_18_mlp_up_proj_conv_Conv:OpId_39694 (cycles)
55842143040,EXECUTE,0,CYCLES,BACKEND,SUB-EVENT,model_layers_18_mlp_act_fn_Sigmoid:OpId_39697 (cycles)
55842143040,EXECUTE,37414,CYCLES,BACKEND,SUB-EVENT,model_layers_18_mlp_act_fn_Mul:OpId_39704 (cycles)
55842143040,EXECUTE,27720,CYCLES,BACKEND,SUB-EVENT,model_layers_18_mlp_Mul:OpId_39706 (cycles)
55842143040,EXECUTE,67302,CYCLES,BACKEND,SUB-EVENT,model_layers_18_mlp_down_proj_conv_Conv:OpId_39715 (cycles)
55842143040,EXECUTE,2091,CYCLES,BACKEND,SUB-EVENT,/model_layers_18_mlp_down_proj_conv_Conv/Conv_output_0.nchw:OpId_39719 (cycles)
55842143040,EXECUTE,0,CYCLES,BACKEND,SUB-EVENT,model_layers_18_mlp_Reshape_1:OpId_39720 (cycles)
55842143040,EXECUTE,3386,CYCLES,BACKEND,SUB-EVENT,model_layers_18_Add_1:OpId_39721 (cycles)
55842143040,EXECUTE,12431,CYCLES,BACKEND,SUB-EVENT,rms_norm_74:OpId_39726 (cycles)
55842143040,EXECUTE,0,CYCLES,BACKEND,SUB-EVENT,model_layers_19_self_attn_Reshape:OpId_39729 (cycles)
55842143040,EXECUTE,0,CYCLES,BACKEND,SUB-EVENT,model_layers_19_self_attn_Transpose:OpId_39731 (cycles)
55842143040,EXECUTE,934,CYCLES,BACKEND,SUB-EVENT,attn_19_head_0_key_Conv:OpId_39739 (cycles)
55842143040,EXECUTE,1777,CYCLES,BACKEND,SUB-EVENT,attn_19_head_0_value_Conv:OpId_39749 (cycles)
55842143040,EXECUTE,1838,CYCLES,BACKEND,SUB-EVENT,attn_19_head_0_value_Transpose/output_converted_UFIXED_POINT_8:OpId_39752 (cycles)
55842143040,EXECUTE,662,CYCLES,BACKEND,SUB-EVENT,attn_19_head_1_key_Conv:OpId_39762 (cycles)
55842143040,EXECUTE,4592,CYCLES,BACKEND,SUB-EVENT,attn_19_head_1_value_Conv:OpId_39772 (cycles)
55842143040,EXECUTE,416,CYCLES,BACKEND,SUB-EVENT,attn_19_head_1_value_Transpose/output_converted_UFIXED_POINT_8:OpId_39775 (cycles)
55842143040,EXECUTE,729,CYCLES,BACKEND,SUB-EVENT,attn_19_head_0_query_Conv:OpId_39785 (cycles)
55842143040,EXECUTE,789,CYCLES,BACKEND,SUB-EVENT,attn_19_head_1_query_Conv:OpId_39795 (cycles)
55842143040,EXECUTE,717,CYCLES,BACKEND,SUB-EVENT,attn_19_head_2_query_Conv:OpId_39805 (cycles)
55842143040,EXECUTE,2605,CYCLES,BACKEND,SUB-EVENT,attn_19_head_3_query_Conv:OpId_39815 (cycles)
55842143040,EXECUTE,662,CYCLES,BACKEND,SUB-EVENT,attn_19_head_4_query_Conv:OpId_39825 (cycles)
55842143040,EXECUTE,653,CYCLES,BACKEND,SUB-EVENT,attn_19_head_5_query_Conv:OpId_39835 (cycles)
55842143040,EXECUTE,868,CYCLES,BACKEND,SUB-EVENT,attn_19_head_6_query_Conv:OpId_39845 (cycles)
55842143040,EXECUTE,659,CYCLES,BACKEND,SUB-EVENT,attn_19_head_7_query_Conv:OpId_39855 (cycles)
55842143040,EXECUTE,968,CYCLES,BACKEND,SUB-EVENT,attn_19_head_8_query_Conv:OpId_39865 (cycles)
55842143040,EXECUTE,3633,CYCLES,BACKEND,SUB-EVENT,attn_19_head_9_query_Conv:OpId_39875 (cycles)
55842143040,EXECUTE,2474,CYCLES,BACKEND,SUB-EVENT,attn_19_head_10_query_Conv:OpId_39885 (cycles)
55842143040,EXECUTE,4719,CYCLES,BACKEND,SUB-EVENT,attn_19_head_11_query_Conv:OpId_39895 (cycles)
55842143040,EXECUTE,3790,CYCLES,BACKEND,SUB-EVENT,attn_19_head_12_query_Conv:OpId_39905 (cycles)
55842143040,EXECUTE,2404,CYCLES,BACKEND,SUB-EVENT,attn_19_head_13_query_Conv:OpId_39915 (cycles)
55842143040,EXECUTE,1523,CYCLES,BACKEND,SUB-EVENT,Slice_684:OpId_39919 (cycles)
55842143040,EXECUTE,1882,CYCLES,BACKEND,SUB-EVENT,Slice_685:OpId_39925 (cycles)
55842143040,EXECUTE,188,CYCLES,BACKEND,SUB-EVENT,Slice_686:OpId_39931 (cycles)
55842143040,EXECUTE,196,CYCLES,BACKEND,SUB-EVENT,Slice_687:OpId_39937 (cycles)
55842143040,EXECUTE,0,CYCLES,BACKEND,SUB-EVENT,Concat_458:OpId_39942 (cycles)
55842143040,EXECUTE,158,CYCLES,BACKEND,SUB-EVENT,Slice_692:OpId_39945 (cycles)
55842143040,EXECUTE,130,CYCLES,BACKEND,SUB-EVENT,Slice_693:OpId_39951 (cycles)
55842143040,EXECUTE,190,CYCLES,BACKEND,SUB-EVENT,Slice_694:OpId_39957 (cycles)
55842143040,EXECUTE,124,CYCLES,BACKEND,SUB-EVENT,Slice_695:OpId_39963 (cycles)
55842143040,EXECUTE,121,CYCLES,BACKEND,SUB-EVENT,Slice_696:OpId_39969 (cycles)
55842143040,EXECUTE,123,CYCLES,BACKEND,SUB-EVENT,Slice_697:OpId_39975 (cycles)
55842143040,EXECUTE,172,CYCLES,BACKEND,SUB-EVENT,Slice_698:OpId_39981 (cycles)
55842143040,EXECUTE,157,CYCLES,BACKEND,SUB-EVENT,Slice_699:OpId_39987 (cycles)
55842143040,EXECUTE,1735,CYCLES,BACKEND,SUB-EVENT,Slice_700:OpId_39993 (cycles)
55842143040,EXECUTE,1748,CYCLES,BACKEND,SUB-EVENT,Slice_701:OpId_39999 (cycles)
55842143040,EXECUTE,154,CYCLES,BACKEND,SUB-EVENT,Slice_702:OpId_40005 (cycles)
55842143040,EXECUTE,105,CYCLES,BACKEND,SUB-EVENT,Slice_703:OpId_40011 (cycles)
55842143040,EXECUTE,2109,CYCLES,BACKEND,SUB-EVENT,Slice_704:OpId_40017 (cycles)
55842143040,EXECUTE,266,CYCLES,BACKEND,SUB-EVENT,Slice_705:OpId_40023 (cycles)
55842143040,EXECUTE,180,CYCLES,BACKEND,SUB-EVENT,Slice_706:OpId_40029 (cycles)
55842143040,EXECUTE,152,CYCLES,BACKEND,SUB-EVENT,Slice_707:OpId_40035 (cycles)
55842143040,EXECUTE,186,CYCLES,BACKEND,SUB-EVENT,Slice_708:OpId_40041 (cycles)
55842143040,EXECUTE,173,CYCLES,BACKEND,SUB-EVENT,Slice_709:OpId_40047 (cycles)
55842143040,EXECUTE,1455,CYCLES,BACKEND,SUB-EVENT,Slice_710:OpId_40053 (cycles)
55842143040,EXECUTE,166,CYCLES,BACKEND,SUB-EVENT,Slice_711:OpId_40059 (cycles)
55842143040,EXECUTE,234,CYCLES,BACKEND,SUB-EVENT,Slice_712:OpId_40065 (cycles)
55842143040,EXECUTE,177,CYCLES,BACKEND,SUB-EVENT,Slice_713:OpId_40071 (cycles)
55842143040,EXECUTE,195,CYCLES,BACKEND,SUB-EVENT,Slice_714:OpId_40077 (cycles)
55842143040,EXECUTE,133,CYCLES,BACKEND,SUB-EVENT,Slice_715:OpId_40083 (cycles)
55842143040,EXECUTE,176,CYCLES,BACKEND,SUB-EVENT,Slice_716:OpId_40089 (cycles)
55842143040,EXECUTE,151,CYCLES,BACKEND,SUB-EVENT,Slice_717:OpId_40095 (cycles)
55842143040,EXECUTE,648,CYCLES,BACKEND,SUB-EVENT,Slice_718:OpId_40101 (cycles)
55842143040,EXECUTE,563,CYCLES,BACKEND,SUB-EVENT,Slice_719:OpId_40107 (cycles)
55842143040,EXECUTE,9436,CYCLES,BACKEND,SUB-EVENT,Concat_440:OpId_40112 (cycles)
55842143040,EXECUTE,6737,CYCLES,BACKEND,SUB-EVENT,Concat_442:OpId_40114 (cycles)
55842143040,EXECUTE,1421,CYCLES,BACKEND,SUB-EVENT,Mul_1216:OpId_40116 (cycles)
55842143040,EXECUTE,1251,CYCLES,BACKEND,SUB-EVENT,Mul_1218:OpId_40118 (cycles)
55842143040,EXECUTE,2487,CYCLES,BACKEND,SUB-EVENT,Mul_1217:OpId_40120 (cycles)
55842143040,EXECUTE,1638,CYCLES,BACKEND,SUB-EVENT,Mul_1219:OpId_40122 (cycles)
55842143040,EXECUTE,153,CYCLES,BACKEND,SUB-EVENT,Mul_1220:OpId_40124 (cycles)
55842143040,EXECUTE,137,CYCLES,BACKEND,SUB-EVENT,Mul_1222:OpId_40126 (cycles)
55842143040,EXECUTE,180,CYCLES,BACKEND,SUB-EVENT,Mul_1221:OpId_40128 (cycles)
55842143040,EXECUTE,150,CYCLES,BACKEND,SUB-EVENT,Mul_1223:OpId_40130 (cycles)
55842143040,EXECUTE,3606,CYCLES,BACKEND,SUB-EVENT,Mul_1224:OpId_40132 (cycles)
55842143040,EXECUTE,2288,CYCLES,BACKEND,SUB-EVENT,Mul_1226:OpId_40134 (cycles)
55842143040,EXECUTE,2226,CYCLES,BACKEND,SUB-EVENT,Mul_1225:OpId_40136 (cycles)
55842143040,EXECUTE,2299,CYCLES,BACKEND,SUB-EVENT,Mul_1227:OpId_40138 (cycles)
55842143040,EXECUTE,167,CYCLES,BACKEND,SUB-EVENT,Mul_1228:OpId_40140 (cycles)
55842143040,EXECUTE,114,CYCLES,BACKEND,SUB-EVENT,Mul_1230:OpId_40142 (cycles)
55842143040,EXECUTE,131,CYCLES,BACKEND,SUB-EVENT,Mul_1229:OpId_40144 (cycles)
55842143040,EXECUTE,161,CYCLES,BACKEND,SUB-EVENT,Mul_1231:OpId_40146 (cycles)
55842143040,EXECUTE,140,CYCLES,BACKEND,SUB-EVENT,Mul_1232:OpId_40148 (cycles)
55842143040,EXECUTE,162,CYCLES,BACKEND,SUB-EVENT,Mul_1234:OpId_40150 (cycles)
55842143040,EXECUTE,4019,CYCLES,BACKEND,SUB-EVENT,Mul_1233:OpId_40152 (cycles)
55842143040,EXECUTE,146,CYCLES,BACKEND,SUB-EVENT,Mul_1235:OpId_40154 (cycles)
55842143040,EXECUTE,159,CYCLES,BACKEND,SUB-EVENT,Mul_1236:OpId_40156 (cycles)
55842143040,EXECUTE,154,CYCLES,BACKEND,SUB-EVENT,Mul_1238:OpId_40158 (cycles)
55842143040,EXECUTE,146,CYCLES,BACKEND,SUB-EVENT,Mul_1237:OpId_40160 (cycles)
55842143040,EXECUTE,118,CYCLES,BACKEND,SUB-EVENT,Mul_1239:OpId_40162 (cycles)
55842143040,EXECUTE,159,CYCLES,BACKEND,SUB-EVENT,Mul_1240:OpId_40164 (cycles)
55842143040,EXECUTE,125,CYCLES,BACKEND,SUB-EVENT,Mul_1242:OpId_40166 (cycles)
55842143040,EXECUTE,152,CYCLES,BACKEND,SUB-EVENT,Mul_1241:OpId_40168 (cycles)
55842143040,EXECUTE,127,CYCLES,BACKEND,SUB-EVENT,Mul_1243:OpId_40170 (cycles)
55842143040,EXECUTE,158,CYCLES,BACKEND,SUB-EVENT,Mul_1244:OpId_40172 (cycles)
55842143040,EXECUTE,181,CYCLES,BACKEND,SUB-EVENT,Mul_1246:OpId_40174 (cycles)
55842143040,EXECUTE,177,CYCLES,BACKEND,SUB-EVENT,Mul_1245:OpId_40176 (cycles)
55842143040,EXECUTE,181,CYCLES,BACKEND,SUB-EVENT,Mul_1247:OpId_40178 (cycles)
55842143040,EXECUTE,190,CYCLES,BACKEND,SUB-EVENT,Mul_1248:OpId_40180 (cycles)
55842143040,EXECUTE,144,CYCLES,BACKEND,SUB-EVENT,Mul_1250:OpId_40182 (cycles)
55842143040,EXECUTE,177,CYCLES,BACKEND,SUB-EVENT,Mul_1249:OpId_40184 (cycles)
55842143040,EXECUTE,201,CYCLES,BACKEND,SUB-EVENT,Mul_1251:OpId_40186 (cycles)
55842143040,EXECUTE,158,CYCLES,BACKEND,SUB-EVENT,Mul_1252:OpId_40188 (cycles)
55842143040,EXECUTE,142,CYCLES,BACKEND,SUB-EVENT,Mul_1254:OpId_40190 (cycles)
55842143040,EXECUTE,172,CYCLES,BACKEND,SUB-EVENT,Mul_1253:OpId_40192 (cycles)
55842143040,EXECUTE,175,CYCLES,BACKEND,SUB-EVENT,Mul_1255:OpId_40194 (cycles)
55842143040,EXECUTE,142,CYCLES,BACKEND,SUB-EVENT,Mul_1256:OpId_40196 (cycles)
55842143040,EXECUTE,142,CYCLES,BACKEND,SUB-EVENT,Mul_1258:OpId_40198 (cycles)
55842143040,EXECUTE,144,CYCLES,BACKEND,SUB-EVENT,Mul_1257:OpId_40200 (cycles)
55842143040,EXECUTE,134,CYCLES,BACKEND,SUB-EVENT,Mul_1259:OpId_40202 (cycles)
55842143040,EXECUTE,257,CYCLES,BACKEND,SUB-EVENT,Mul_1260:OpId_40204 (cycles)
55842143040,EXECUTE,224,CYCLES,BACKEND,SUB-EVENT,Mul_1262:OpId_40206 (cycles)
55842143040,EXECUTE,197,CYCLES,BACKEND,SUB-EVENT,Mul_1261:OpId_40208 (cycles)
55842143040,EXECUTE,261,CYCLES,BACKEND,SUB-EVENT,Mul_1263:OpId_40210 (cycles)
55842143040,EXECUTE,155,CYCLES,BACKEND,SUB-EVENT,Mul_1264:OpId_40212 (cycles)
55842143040,EXECUTE,122,CYCLES,BACKEND,SUB-EVENT,Mul_1266:OpId_40214 (cycles)
55842143040,EXECUTE,1586,CYCLES,BACKEND,SUB-EVENT,Mul_1265:OpId_40216 (cycles)
55842143040,EXECUTE,145,CYCLES,BACKEND,SUB-EVENT,Mul_1267:OpId_40218 (cycles)
55842143040,EXECUTE,170,CYCLES,BACKEND,SUB-EVENT,Mul_1268:OpId_40220 (cycles)
55842143040,EXECUTE,141,CYCLES,BACKEND,SUB-EVENT,Mul_1270:OpId_40222 (cycles)
55842143040,EXECUTE,160,CYCLES,BACKEND,SUB-EVENT,Mul_1269:OpId_40224 (cycles)
55842143040,EXECUTE,135,CYCLES,BACKEND,SUB-EVENT,Mul_1271:OpId_40226 (cycles)
55842143040,EXECUTE,260,CYCLES,BACKEND,SUB-EVENT,Mul_1272:OpId_40228 (cycles)
55842143040,EXECUTE,153,CYCLES,BACKEND,SUB-EVENT,Mul_1274:OpId_40230 (cycles)
55842143040,EXECUTE,189,CYCLES,BACKEND,SUB-EVENT,Mul_1273:OpId_40232 (cycles)
55842143040,EXECUTE,152,CYCLES,BACKEND,SUB-EVENT,Mul_1275:OpId_40234 (cycles)
55842143040,EXECUTE,195,CYCLES,BACKEND,SUB-EVENT,Mul_1276:OpId_40236 (cycles)
55842143040,EXECUTE,168,CYCLES,BACKEND,SUB-EVENT,Mul_1278:OpId_40238 (cycles)
55842143040,EXECUTE,257,CYCLES,BACKEND,SUB-EVENT,Mul_1277:OpId_40240 (cycles)
55842143040,EXECUTE,232,CYCLES,BACKEND,SUB-EVENT,Mul_1279:OpId_40242 (cycles)
55842143040,EXECUTE,2200,CYCLES,BACKEND,SUB-EVENT,Sub_304:OpId_40244 (cycles)
55842143040,EXECUTE,221,CYCLES,BACKEND,SUB-EVENT,Sub_304_converted_UFIXED_POINT_8:OpId_40246 (cycles)
55842143040,EXECUTE,3579,CYCLES,BACKEND,SUB-EVENT,Add_570:OpId_40249 (cycles)
55842143040,EXECUTE,218,CYCLES,BACKEND,SUB-EVENT,Add_570_converted_UFIXED_POINT_8:OpId_40251 (cycles)
55842143040,EXECUTE,263,CYCLES,BACKEND,SUB-EVENT,Sub_305:OpId_40254 (cycles)
55842143040,EXECUTE,226,CYCLES,BACKEND,SUB-EVENT,Sub_305_converted_UFIXED_POINT_8:OpId_40256 (cycles)
55842143040,EXECUTE,226,CYCLES,BACKEND,SUB-EVENT,Add_571:OpId_40259 (cycles)
55842143040,EXECUTE,265,CYCLES,BACKEND,SUB-EVENT,Add_571_converted_UFIXED_POINT_8:OpId_40261 (cycles)
55842143040,EXECUTE,4128,CYCLES,BACKEND,SUB-EVENT,Sub_306:OpId_40264 (cycles)
55842143040,EXECUTE,4178,CYCLES,BACKEND,SUB-EVENT,Add_572:OpId_40266 (cycles)
55842143040,EXECUTE,399,CYCLES,BACKEND,SUB-EVENT,Sub_307:OpId_40268 (cycles)
55842143040,EXECUTE,393,CYCLES,BACKEND,SUB-EVENT,Add_574:OpId_40270 (cycles)
55842143040,EXECUTE,417,CYCLES,BACKEND,SUB-EVENT,Sub_308:OpId_40272 (cycles)
55842143040,EXECUTE,2057,CYCLES,BACKEND,SUB-EVENT,Add_576:OpId_40274 (cycles)
55842143040,EXECUTE,871,CYCLES,BACKEND,SUB-EVENT,Sub_309:OpId_40276 (cycles)
55842143040,EXECUTE,3059,CYCLES,BACKEND,SUB-EVENT,Add_578:OpId_40278 (cycles)
55842143040,EXECUTE,941,CYCLES,BACKEND,SUB-EVENT,Sub_310:OpId_40280 (cycles)
55842143040,EXECUTE,823,CYCLES,BACKEND,SUB-EVENT,Add_580:OpId_40282 (cycles)
55842143040,EXECUTE,363,CYCLES,BACKEND,SUB-EVENT,Sub_311:OpId_40284 (cycles)
55842143040,EXECUTE,371,CYCLES,BACKEND,SUB-EVENT,Add_582:OpId_40286 (cycles)
55842143040,EXECUTE,401,CYCLES,BACKEND,SUB-EVENT,Sub_312:OpId_40288 (cycles)
55842143040,EXECUTE,820,CYCLES,BACKEND,SUB-EVENT,Add_584:OpId_40290 (cycles)
55842143040,EXECUTE,421,CYCLES,BACKEND,SUB-EVENT,Sub_313:OpId_40292 (cycles)
55842143040,EXECUTE,326,CYCLES,BACKEND,SUB-EVENT,Add_586:OpId_40294 (cycles)
55842143040,EXECUTE,1926,CYCLES,BACKEND,SUB-EVENT,Sub_314:OpId_40296 (cycles)
55842143040,EXECUTE,424,CYCLES,BACKEND,SUB-EVENT,Add_588:OpId_40298 (cycles)
55842143040,EXECUTE,558,CYCLES,BACKEND,SUB-EVENT,Sub_315:OpId_40300 (cycles)
55842143040,EXECUTE,513,CYCLES,BACKEND,SUB-EVENT,Add_590:OpId_40302 (cycles)
55842143040,EXECUTE,1204,CYCLES,BACKEND,SUB-EVENT,Sub_316:OpId_40304 (cycles)
55842143040,EXECUTE,425,CYCLES,BACKEND,SUB-EVENT,Add_592:OpId_40306 (cycles)
55842143040,EXECUTE,440,CYCLES,BACKEND,SUB-EVENT,Sub_317:OpId_40308 (cycles)
55842143040,EXECUTE,433,CYCLES,BACKEND,SUB-EVENT,Add_594:OpId_40310 (cycles)
55842143040,EXECUTE,1301,CYCLES,BACKEND,SUB-EVENT,Sub_318:OpId_40312 (cycles)
55842143040,EXECUTE,1494,CYCLES,BACKEND,SUB-EVENT,Add_596:OpId_40314 (cycles)
55842143040,EXECUTE,529,CYCLES,BACKEND,SUB-EVENT,Sub_319:OpId_40316 (cycles)
55842143040,EXECUTE,1354,CYCLES,BACKEND,SUB-EVENT,Add_598:OpId_40318 (cycles)
55842143040,EXECUTE,1602,CYCLES,BACKEND,SUB-EVENT,Concat_437:OpId_40320 (cycles)
55842143040,EXECUTE,997,CYCLES,BACKEND,SUB-EVENT,Concat_438:OpId_40322 (cycles)
55842143040,EXECUTE,0,CYCLES,BACKEND,SUB-EVENT,Concat_443:OpId_40324 (cycles)
55842143040,EXECUTE,0,CYCLES,BACKEND,SUB-EVENT,Concat_444:OpId_40326 (cycles)
55842143040,EXECUTE,0,CYCLES,BACKEND,SUB-EVENT,Concat_445:OpId_40328 (cycles)
55842143040,EXECUTE,0,CYCLES,BACKEND,SUB-EVENT,Concat_446:OpId_40330 (cycles)
55842143040,EXECUTE,0,CYCLES,BACKEND,SUB-EVENT,Concat_447:OpId_40332 (cycles)
55842143040,EXECUTE,0,CYCLES,BACKEND,SUB-EVENT,Concat_448:OpId_40334 (cycles)
55842143040,EXECUTE,0,CYCLES,BACKEND,SUB-EVENT,Concat_449:OpId_40336 (cycles)
55842143040,EXECUTE,0,CYCLES,BACKEND,SUB-EVENT,Concat_450:OpId_40338 (cycles)
55842143040,EXECUTE,0,CYCLES,BACKEND,SUB-EVENT,Concat_451:OpId_40340 (cycles)
55842143040,EXECUTE,0,CYCLES,BACKEND,SUB-EVENT,Concat_452:OpId_40342 (cycles)
55842143040,EXECUTE,0,CYCLES,BACKEND,SUB-EVENT,Concat_453:OpId_40344 (cycles)
55842143040,EXECUTE,0,CYCLES,BACKEND,SUB-EVENT,Concat_454:OpId_40346 (cycles)
55842143040,EXECUTE,0,CYCLES,BACKEND,SUB-EVENT,Concat_455:OpId_40348 (cycles)
55842143040,EXECUTE,0,CYCLES,BACKEND,SUB-EVENT,Concat_456:OpId_40350 (cycles)
55842143040,EXECUTE,0,CYCLES,BACKEND,SUB-EVENT,attn_19_head_0_key_Transpose_0:OpId_40353 (cycles)
55842143040,EXECUTE,0,CYCLES,BACKEND,SUB-EVENT,attn_19_head_1_key_Transpose_0:OpId_40355 (cycles)
55842143040,EXECUTE,0,CYCLES,BACKEND,SUB-EVENT,Concat_439:OpId_40356 (cycles)
55842143040,EXECUTE,0,CYCLES,BACKEND,SUB-EVENT,Concat_441:OpId_40358 (cycles)
55842143040,EXECUTE,0,CYCLES,BACKEND,SUB-EVENT,Concat_457:OpId_40360 (cycles)
55842143040,EXECUTE,136153,CYCLES,BACKEND,SUB-EVENT,attn_19_head_0_qk_MatMul_0:OpId_40362 (cycles)
55842143040,EXECUTE,6954,CYCLES,BACKEND,SUB-EVENT,attn_19_head_1_qk_MatMul_0:OpId_40366 (cycles)
55842143040,EXECUTE,7999,CYCLES,BACKEND,SUB-EVENT,attn_19_head_2_qk_MatMul_0:OpId_40370 (cycles)
55842143040,EXECUTE,7349,CYCLES,BACKEND,SUB-EVENT,attn_19_head_3_qk_MatMul_0:OpId_40374 (cycles)
55842143040,EXECUTE,9489,CYCLES,BACKEND,SUB-EVENT,attn_19_head_4_qk_MatMul_0:OpId_40378 (cycles)
55842143040,EXECUTE,9506,CYCLES,BACKEND,SUB-EVENT,attn_19_head_5_qk_MatMul_0:OpId_40382 (cycles)
55842143040,EXECUTE,15410,CYCLES,BACKEND,SUB-EVENT,attn_19_head_6_qk_MatMul_0:OpId_40386 (cycles)
55842143040,EXECUTE,123035,CYCLES,BACKEND,SUB-EVENT,attn_19_head_7_qk_MatMul_0:OpId_40390 (cycles)
55842143040,EXECUTE,9421,CYCLES,BACKEND,SUB-EVENT,attn_19_head_8_qk_MatMul_0:OpId_40394 (cycles)
55842143040,EXECUTE,13446,CYCLES,BACKEND,SUB-EVENT,attn_19_head_9_qk_MatMul_0:OpId_40398 (cycles)
55842143040,EXECUTE,7929,CYCLES,BACKEND,SUB-EVENT,attn_19_head_10_qk_MatMul_0:OpId_40402 (cycles)
55842143040,EXECUTE,14033,CYCLES,BACKEND,SUB-EVENT,attn_19_head_11_qk_MatMul_0:OpId_40406 (cycles)
55842143040,EXECUTE,10875,CYCLES,BACKEND,SUB-EVENT,attn_19_head_12_qk_MatMul_0:OpId_40410 (cycles)
55842143040,EXECUTE,8043,CYCLES,BACKEND,SUB-EVENT,attn_19_head_13_qk_MatMul_0:OpId_40414 (cycles)
55842143040,EXECUTE,17548,CYCLES,BACKEND,SUB-EVENT,Add_573:OpId_40418 (cycles)
55842143040,EXECUTE,16693,CYCLES,BACKEND,SUB-EVENT,Add_575:OpId_40420 (cycles)
55842143040,EXECUTE,16228,CYCLES,BACKEND,SUB-EVENT,Add_577:OpId_40422 (cycles)
55842143040,EXECUTE,16678,CYCLES,BACKEND,SUB-EVENT,Add_579:OpId_40424 (cycles)
55842143040,EXECUTE,16770,CYCLES,BACKEND,SUB-EVENT,Add_581:OpId_40426 (cycles)
55842143040,EXECUTE,16633,CYCLES,BACKEND,SUB-EVENT,Add_583:OpId_40428 (cycles)
55842143040,EXECUTE,16279,CYCLES,BACKEND,SUB-EVENT,Add_585:OpId_40430 (cycles)
55842143040,EXECUTE,17000,CYCLES,BACKEND,SUB-EVENT,Add_587:OpId_40432 (cycles)
55842143040,EXECUTE,18136,CYCLES,BACKEND,SUB-EVENT,Add_589:OpId_40434 (cycles)
55842143040,EXECUTE,19000,CYCLES,BACKEND,SUB-EVENT,Add_591:OpId_40436 (cycles)
55842143040,EXECUTE,17940,CYCLES,BACKEND,SUB-EVENT,Add_593:OpId_40438 (cycles)
55842143040,EXECUTE,16887,CYCLES,BACKEND,SUB-EVENT,Add_595:OpId_40440 (cycles)
55842143040,EXECUTE,17298,CYCLES,BACKEND,SUB-EVENT,Add_597:OpId_40442 (cycles)
55842143040,EXECUTE,19260,CYCLES,BACKEND,SUB-EVENT,Add_599:OpId_40444 (cycles)
55842143040,EXECUTE,10714,CYCLES,BACKEND,SUB-EVENT,attn_19_head_0_Softmax_0:OpId_40446 (cycles)
55842143040,EXECUTE,11940,CYCLES,BACKEND,SUB-EVENT,attn_19_head_1_Softmax_0:OpId_40449 (cycles)
55842143040,EXECUTE,10656,CYCLES,BACKEND,SUB-EVENT,attn_19_head_2_Softmax_0:OpId_40452 (cycles)
55842143040,EXECUTE,12507,CYCLES,BACKEND,SUB-EVENT,attn_19_head_3_Softmax_0:OpId_40455 (cycles)
55842143040,EXECUTE,10610,CYCLES,BACKEND,SUB-EVENT,attn_19_head_4_Softmax_0:OpId_40458 (cycles)
55842143040,EXECUTE,10921,CYCLES,BACKEND,SUB-EVENT,attn_19_head_5_Softmax_0:OpId_40461 (cycles)
55842143040,EXECUTE,14317,CYCLES,BACKEND,SUB-EVENT,attn_19_head_6_Softmax_0:OpId_40464 (cycles)
55842143040,EXECUTE,10695,CYCLES,BACKEND,SUB-EVENT,attn_19_head_7_Softmax_0:OpId_40467 (cycles)
55842143040,EXECUTE,10386,CYCLES,BACKEND,SUB-EVENT,attn_19_head_8_Softmax_0:OpId_40470 (cycles)
55842143040,EXECUTE,11137,CYCLES,BACKEND,SUB-EVENT,attn_19_head_9_Softmax_0:OpId_40473 (cycles)
55842143040,EXECUTE,10823,CYCLES,BACKEND,SUB-EVENT,attn_19_head_10_Softmax_0:OpId_40476 (cycles)
55842143040,EXECUTE,10693,CYCLES,BACKEND,SUB-EVENT,attn_19_head_11_Softmax_0:OpId_40479 (cycles)
55842143040,EXECUTE,10748,CYCLES,BACKEND,SUB-EVENT,attn_19_head_12_Softmax_0:OpId_40482 (cycles)
55842143040,EXECUTE,10271,CYCLES,BACKEND,SUB-EVENT,attn_19_head_13_Softmax_0:OpId_40485 (cycles)
55842143040,EXECUTE,45021,CYCLES,BACKEND,SUB-EVENT,attn_19_head_0_qkv_MatMul_0:OpId_40488 (cycles)
55842143040,EXECUTE,1339,CYCLES,BACKEND,SUB-EVENT,attn_19_head_1_qkv_MatMul_0:OpId_40492 (cycles)
55842143040,EXECUTE,1361,CYCLES,BACKEND,SUB-EVENT,attn_19_head_2_qkv_MatMul_0:OpId_40496 (cycles)
55842143040,EXECUTE,1298,CYCLES,BACKEND,SUB-EVENT,attn_19_head_3_qkv_MatMul_0:OpId_40500 (cycles)
55842143040,EXECUTE,1185,CYCLES,BACKEND,SUB-EVENT,attn_19_head_4_qkv_MatMul_0:OpId_40504 (cycles)
55842143040,EXECUTE,1382,CYCLES,BACKEND,SUB-EVENT,attn_19_head_5_qkv_MatMul_0:OpId_40508 (cycles)
55842143040,EXECUTE,1444,CYCLES,BACKEND,SUB-EVENT,attn_19_head_6_qkv_MatMul_0:OpId_40512 (cycles)
55842143040,EXECUTE,41022,CYCLES,BACKEND,SUB-EVENT,attn_19_head_7_qkv_MatMul_0:OpId_40516 (cycles)
55842143040,EXECUTE,1337,CYCLES,BACKEND,SUB-EVENT,attn_19_head_8_qkv_MatMul_0:OpId_40520 (cycles)
55842143040,EXECUTE,1308,CYCLES,BACKEND,SUB-EVENT,attn_19_head_9_qkv_MatMul_0:OpId_40524 (cycles)
55842143040,EXECUTE,1384,CYCLES,BACKEND,SUB-EVENT,attn_19_head_10_qkv_MatMul_0:OpId_40528 (cycles)
55842143040,EXECUTE,1119,CYCLES,BACKEND,SUB-EVENT,attn_19_head_11_qkv_MatMul_0:OpId_40532 (cycles)
55842143040,EXECUTE,1205,CYCLES,BACKEND,SUB-EVENT,attn_19_head_12_qkv_MatMul_0:OpId_40536 (cycles)
55842143040,EXECUTE,1167,CYCLES,BACKEND,SUB-EVENT,attn_19_head_13_qkv_MatMul_0:OpId_40540 (cycles)
55842143040,EXECUTE,0,CYCLES,BACKEND,SUB-EVENT,Concat_459:OpId_40544 (cycles)
55842143040,EXECUTE,0,CYCLES,BACKEND,SUB-EVENT,Reshape_21:OpId_40546 (cycles)
55842143040,EXECUTE,0,CYCLES,BACKEND,SUB-EVENT,model_layers_19_self_attn_Transpose_6:OpId_40548 (cycles)
55842143040,EXECUTE,17725,CYCLES,BACKEND,SUB-EVENT,model_layers_19_self_attn_o_proj_conv_Conv:OpId_40556 (cycles)
55842143040,EXECUTE,854,CYCLES,BACKEND,SUB-EVENT,/model_layers_19_self_attn_o_proj_conv_Conv/Conv_output_0.nchw:OpId_40560 (cycles)
55842143040,EXECUTE,0,CYCLES,BACKEND,SUB-EVENT,model_layers_19_self_attn_Reshape_9:OpId_40561 (cycles)
55842143040,EXECUTE,3227,CYCLES,BACKEND,SUB-EVENT,model_layers_19_Add:OpId_40562 (cycles)
55842143040,EXECUTE,9880,CYCLES,BACKEND,SUB-EVENT,rms_norm_76:OpId_40567 (cycles)
55842143040,EXECUTE,0,CYCLES,BACKEND,SUB-EVENT,model_layers_19_mlp_Reshape:OpId_40570 (cycles)
55842143040,EXECUTE,0,CYCLES,BACKEND,SUB-EVENT,model_layers_19_mlp_Transpose:OpId_40572 (cycles)
55842143040,EXECUTE,110820,CYCLES,BACKEND,SUB-EVENT,model_layers_19_mlp_gate_proj_conv_Conv:OpId_40580 (cycles)
55842143040,EXECUTE,95763,CYCLES,BACKEND,SUB-EVENT,model_layers_19_mlp_up_proj_conv_Conv:OpId_40590 (cycles)
55842143040,EXECUTE,0,CYCLES,BACKEND,SUB-EVENT,model_layers_19_mlp_act_fn_Sigmoid:OpId_40593 (cycles)
55842143040,EXECUTE,50589,CYCLES,BACKEND,SUB-EVENT,model_layers_19_mlp_act_fn_Mul:OpId_40600 (cycles)
55842143040,EXECUTE,32582,CYCLES,BACKEND,SUB-EVENT,model_layers_19_mlp_Mul:OpId_40602 (cycles)
55842143040,EXECUTE,102712,CYCLES,BACKEND,SUB-EVENT,model_layers_19_mlp_down_proj_conv_Conv:OpId_40611 (cycles)
55842143040,EXECUTE,431,CYCLES,BACKEND,SUB-EVENT,/model_layers_19_mlp_down_proj_conv_Conv/Conv_output_0.nchw:OpId_40615 (cycles)
55842143040,EXECUTE,0,CYCLES,BACKEND,SUB-EVENT,model_layers_19_mlp_Reshape_1:OpId_40616 (cycles)
55842143040,EXECUTE,3743,CYCLES,BACKEND,SUB-EVENT,model_layers_19_Add_1:OpId_40617 (cycles)
55842143040,EXECUTE,9576,CYCLES,BACKEND,SUB-EVENT,rms_norm_78:OpId_40622 (cycles)
55842143040,EXECUTE,0,CYCLES,BACKEND,SUB-EVENT,model_layers_20_self_attn_Reshape:OpId_40625 (cycles)
55842143040,EXECUTE,0,CYCLES,BACKEND,SUB-EVENT,model_layers_20_self_attn_Transpose:OpId_40627 (cycles)
55842143040,EXECUTE,788,CYCLES,BACKEND,SUB-EVENT,attn_20_head_0_key_Conv:OpId_40635 (cycles)
55842143040,EXECUTE,2340,CYCLES,BACKEND,SUB-EVENT,attn_20_head_0_value_Conv:OpId_40645 (cycles)
55842143040,EXECUTE,3057,CYCLES,BACKEND,SUB-EVENT,attn_20_head_0_value_Transpose/output_converted_UFIXED_POINT_8:OpId_40648 (cycles)
55842143040,EXECUTE,776,CYCLES,BACKEND,SUB-EVENT,attn_20_head_1_key_Conv:OpId_40658 (cycles)
55842143040,EXECUTE,2696,CYCLES,BACKEND,SUB-EVENT,attn_20_head_1_value_Conv:OpId_40668 (cycles)
55842143040,EXECUTE,412,CYCLES,BACKEND,SUB-EVENT,attn_20_head_1_value_Transpose/output_converted_UFIXED_POINT_8:OpId_40671 (cycles)
55842143040,EXECUTE,3260,CYCLES,BACKEND,SUB-EVENT,attn_20_head_0_query_Conv:OpId_40681 (cycles)
55842143040,EXECUTE,760,CYCLES,BACKEND,SUB-EVENT,attn_20_head_1_query_Conv:OpId_40691 (cycles)
55842143040,EXECUTE,771,CYCLES,BACKEND,SUB-EVENT,attn_20_head_2_query_Conv:OpId_40701 (cycles)
55842143040,EXECUTE,739,CYCLES,BACKEND,SUB-EVENT,attn_20_head_3_query_Conv:OpId_40711 (cycles)
55842143040,EXECUTE,1016,CYCLES,BACKEND,SUB-EVENT,attn_20_head_4_query_Conv:OpId_40721 (cycles)
55842143040,EXECUTE,2086,CYCLES,BACKEND,SUB-EVENT,attn_20_head_5_query_Conv:OpId_40731 (cycles)
55842143040,EXECUTE,817,CYCLES,BACKEND,SUB-EVENT,attn_20_head_6_query_Conv:OpId_40741 (cycles)
55842143040,EXECUTE,804,CYCLES,BACKEND,SUB-EVENT,attn_20_head_7_query_Conv:OpId_40751 (cycles)
55842143040,EXECUTE,1913,CYCLES,BACKEND,SUB-EVENT,attn_20_head_8_query_Conv:OpId_40761 (cycles)
55842143040,EXECUTE,969,CYCLES,BACKEND,SUB-EVENT,attn_20_head_9_query_Conv:OpId_40771 (cycles)
55842143040,EXECUTE,1490,CYCLES,BACKEND,SUB-EVENT,attn_20_head_10_query_Conv:OpId_40781 (cycles)
55842143040,EXECUTE,2304,CYCLES,BACKEND,SUB-EVENT,attn_20_head_11_query_Conv:OpId_40791 (cycles)
55842143040,EXECUTE,557,CYCLES,BACKEND,SUB-EVENT,attn_20_head_12_query_Conv:OpId_40801 (cycles)
55842143040,EXECUTE,1013,CYCLES,BACKEND,SUB-EVENT,attn_20_head_13_query_Conv:OpId_40811 (cycles)
55842143040,EXECUTE,1400,CYCLES,BACKEND,SUB-EVENT,Slice_720:OpId_40815 (cycles)
55842143040,EXECUTE,236,CYCLES,BACKEND,SUB-EVENT,Slice_721:OpId_40821 (cycles)
55842143040,EXECUTE,212,CYCLES,BACKEND,SUB-EVENT,Slice_722:OpId_40827 (cycles)
55842143040,EXECUTE,183,CYCLES,BACKEND,SUB-EVENT,Slice_723:OpId_40833 (cycles)
55842143040,EXECUTE,0,CYCLES,BACKEND,SUB-EVENT,Concat_481:OpId_40838 (cycles)
55842143040,EXECUTE,1235,CYCLES,BACKEND,SUB-EVENT,Slice_728:OpId_40841 (cycles)
55842143040,EXECUTE,150,CYCLES,BACKEND,SUB-EVENT,Slice_729:OpId_40847 (cycles)
55842143040,EXECUTE,247,CYCLES,BACKEND,SUB-EVENT,Slice_730:OpId_40853 (cycles)
55842143040,EXECUTE,241,CYCLES,BACKEND,SUB-EVENT,Slice_731:OpId_40859 (cycles)
55842143040,EXECUTE,234,CYCLES,BACKEND,SUB-EVENT,Slice_732:OpId_40865 (cycles)
55842143040,EXECUTE,237,CYCLES,BACKEND,SUB-EVENT,Slice_733:OpId_40871 (cycles)
55842143040,EXECUTE,2203,CYCLES,BACKEND,SUB-EVENT,Slice_734:OpId_40877 (cycles)
55842143040,EXECUTE,199,CYCLES,BACKEND,SUB-EVENT,Slice_735:OpId_40883 (cycles)
55842143040,EXECUTE,853,CYCLES,BACKEND,SUB-EVENT,Slice_736:OpId_40889 (cycles)
55842143040,EXECUTE,163,CYCLES,BACKEND,SUB-EVENT,Slice_737:OpId_40895 (cycles)
55842143040,EXECUTE,231,CYCLES,BACKEND,SUB-EVENT,Slice_738:OpId_40901 (cycles)
55842143040,EXECUTE,170,CYCLES,BACKEND,SUB-EVENT,Slice_739:OpId_40907 (cycles)
55842143040,EXECUTE,217,CYCLES,BACKEND,SUB-EVENT,Slice_740:OpId_40913 (cycles)
55842143040,EXECUTE,252,CYCLES,BACKEND,SUB-EVENT,Slice_741:OpId_40919 (cycles)
55842143040,EXECUTE,281,CYCLES,BACKEND,SUB-EVENT,Slice_742:OpId_40925 (cycles)
55842143040,EXECUTE,227,CYCLES,BACKEND,SUB-EVENT,Slice_743:OpId_40931 (cycles)
55842143040,EXECUTE,246,CYCLES,BACKEND,SUB-EVENT,Slice_744:OpId_40937 (cycles)
55842143040,EXECUTE,207,CYCLES,BACKEND,SUB-EVENT,Slice_745:OpId_40943 (cycles)
55842143040,EXECUTE,247,CYCLES,BACKEND,SUB-EVENT,Slice_746:OpId_40949 (cycles)
55842143040,EXECUTE,2574,CYCLES,BACKEND,SUB-EVENT,Slice_747:OpId_40955 (cycles)
55842143040,EXECUTE,238,CYCLES,BACKEND,SUB-EVENT,Slice_748:OpId_40961 (cycles)
55842143040,EXECUTE,2177,CYCLES,BACKEND,SUB-EVENT,Slice_749:OpId_40967 (cycles)
55842143040,EXECUTE,1069,CYCLES,BACKEND,SUB-EVENT,Slice_750:OpId_40973 (cycles)
55842143040,EXECUTE,156,CYCLES,BACKEND,SUB-EVENT,Slice_751:OpId_40979 (cycles)
55842143040,EXECUTE,128,CYCLES,BACKEND,SUB-EVENT,Slice_752:OpId_40985 (cycles)
55842143040,EXECUTE,153,CYCLES,BACKEND,SUB-EVENT,Slice_753:OpId_40991 (cycles)
55842143040,EXECUTE,181,CYCLES,BACKEND,SUB-EVENT,Slice_754:OpId_40997 (cycles)
55842143040,EXECUTE,158,CYCLES,BACKEND,SUB-EVENT,Slice_755:OpId_41003 (cycles)
55842143040,EXECUTE,8077,CYCLES,BACKEND,SUB-EVENT,Concat_463:OpId_41008 (cycles)
55842143040,EXECUTE,5994,CYCLES,BACKEND,SUB-EVENT,Concat_465:OpId_41010 (cycles)
55842143040,EXECUTE,2216,CYCLES,BACKEND,SUB-EVENT,Mul_1280:OpId_41012 (cycles)
55842143040,EXECUTE,2555,CYCLES,BACKEND,SUB-EVENT,Mul_1282:OpId_41014 (cycles)
55842143040,EXECUTE,1305,CYCLES,BACKEND,SUB-EVENT,Mul_1281:OpId_41016 (cycles)
55842143040,EXECUTE,2386,CYCLES,BACKEND,SUB-EVENT,Mul_1283:OpId_41018 (cycles)
55842143040,EXECUTE,243,CYCLES,BACKEND,SUB-EVENT,Mul_1284:OpId_41020 (cycles)
55842143040,EXECUTE,152,CYCLES,BACKEND,SUB-EVENT,Mul_1286:OpId_41022 (cycles)
55842143040,EXECUTE,1217,CYCLES,BACKEND,SUB-EVENT,Mul_1285:OpId_41024 (cycles)
55842143040,EXECUTE,182,CYCLES,BACKEND,SUB-EVENT,Mul_1287:OpId_41026 (cycles)
55842143040,EXECUTE,1311,CYCLES,BACKEND,SUB-EVENT,Mul_1288:OpId_41028 (cycles)
55842143040,EXECUTE,1973,CYCLES,BACKEND,SUB-EVENT,Mul_1290:OpId_41030 (cycles)
55842143040,EXECUTE,1275,CYCLES,BACKEND,SUB-EVENT,Mul_1289:OpId_41032 (cycles)
55842143040,EXECUTE,2132,CYCLES,BACKEND,SUB-EVENT,Mul_1291:OpId_41034 (cycles)
55842143040,EXECUTE,155,CYCLES,BACKEND,SUB-EVENT,Mul_1292:OpId_41036 (cycles)
55842143040,EXECUTE,117,CYCLES,BACKEND,SUB-EVENT,Mul_1294:OpId_41038 (cycles)
55842143040,EXECUTE,153,CYCLES,BACKEND,SUB-EVENT,Mul_1293:OpId_41040 (cycles)
55842143040,EXECUTE,1590,CYCLES,BACKEND,SUB-EVENT,Mul_1295:OpId_41042 (cycles)
55842143040,EXECUTE,1499,CYCLES,BACKEND,SUB-EVENT,Mul_1296:OpId_41044 (cycles)
55842143040,EXECUTE,125,CYCLES,BACKEND,SUB-EVENT,Mul_1298:OpId_41046 (cycles)
55842143040,EXECUTE,189,CYCLES,BACKEND,SUB-EVENT,Mul_1297:OpId_41048 (cycles)
55842143040,EXECUTE,139,CYCLES,BACKEND,SUB-EVENT,Mul_1299:OpId_41050 (cycles)
55842143040,EXECUTE,216,CYCLES,BACKEND,SUB-EVENT,Mul_1300:OpId_41052 (cycles)
55842143040,EXECUTE,169,CYCLES,BACKEND,SUB-EVENT,Mul_1302:OpId_41054 (cycles)
55842143040,EXECUTE,157,CYCLES,BACKEND,SUB-EVENT,Mul_1301:OpId_41056 (cycles)
55842143040,EXECUTE,137,CYCLES,BACKEND,SUB-EVENT,Mul_1303:OpId_41058 (cycles)
55842143040,EXECUTE,202,CYCLES,BACKEND,SUB-EVENT,Mul_1304:OpId_41060 (cycles)
55842143040,EXECUTE,141,CYCLES,BACKEND,SUB-EVENT,Mul_1306:OpId_41062 (cycles)
55842143040,EXECUTE,1423,CYCLES,BACKEND,SUB-EVENT,Mul_1305:OpId_41064 (cycles)
55842143040,EXECUTE,177,CYCLES,BACKEND,SUB-EVENT,Mul_1307:OpId_41066 (cycles)
55842143040,EXECUTE,186,CYCLES,BACKEND,SUB-EVENT,Mul_1308:OpId_41068 (cycles)
55842143040,EXECUTE,164,CYCLES,BACKEND,SUB-EVENT,Mul_1310:OpId_41070 (cycles)
55842143040,EXECUTE,172,CYCLES,BACKEND,SUB-EVENT,Mul_1309:OpId_41072 (cycles)
55842143040,EXECUTE,214,CYCLES,BACKEND,SUB-EVENT,Mul_1311:OpId_41074 (cycles)
55842143040,EXECUTE,201,CYCLES,BACKEND,SUB-EVENT,Mul_1312:OpId_41076 (cycles)
55842143040,EXECUTE,177,CYCLES,BACKEND,SUB-EVENT,Mul_1314:OpId_41078 (cycles)
55842143040,EXECUTE,158,CYCLES,BACKEND,SUB-EVENT,Mul_1313:OpId_41080 (cycles)
55842143040,EXECUTE,144,CYCLES,BACKEND,SUB-EVENT,Mul_1315:OpId_41082 (cycles)
55842143040,EXECUTE,184,CYCLES,BACKEND,SUB-EVENT,Mul_1316:OpId_41084 (cycles)
55842143040,EXECUTE,123,CYCLES,BACKEND,SUB-EVENT,Mul_1318:OpId_41086 (cycles)
55842143040,EXECUTE,145,CYCLES,BACKEND,SUB-EVENT,Mul_1317:OpId_41088 (cycles)
55842143040,EXECUTE,118,CYCLES,BACKEND,SUB-EVENT,Mul_1319:OpId_41090 (cycles)
55842143040,EXECUTE,164,CYCLES,BACKEND,SUB-EVENT,Mul_1320:OpId_41092 (cycles)
55842143040,EXECUTE,134,CYCLES,BACKEND,SUB-EVENT,Mul_1322:OpId_41094 (cycles)
55842143040,EXECUTE,164,CYCLES,BACKEND,SUB-EVENT,Mul_1321:OpId_41096 (cycles)
55842143040,EXECUTE,165,CYCLES,BACKEND,SUB-EVENT,Mul_1323:OpId_41098 (cycles)
55842143040,EXECUTE,1529,CYCLES,BACKEND,SUB-EVENT,Mul_1324:OpId_41100 (cycles)
55842143040,EXECUTE,152,CYCLES,BACKEND,SUB-EVENT,Mul_1326:OpId_41102 (cycles)
55842143040,EXECUTE,148,CYCLES,BACKEND,SUB-EVENT,Mul_1325:OpId_41104 (cycles)
55842143040,EXECUTE,111,CYCLES,BACKEND,SUB-EVENT,Mul_1327:OpId_41106 (cycles)
55842143040,EXECUTE,140,CYCLES,BACKEND,SUB-EVENT,Mul_1328:OpId_41108 (cycles)
55842143040,EXECUTE,177,CYCLES,BACKEND,SUB-EVENT,Mul_1330:OpId_41110 (cycles)
55842143040,EXECUTE,212,CYCLES,BACKEND,SUB-EVENT,Mul_1329:OpId_41112 (cycles)
55842143040,EXECUTE,145,CYCLES,BACKEND,SUB-EVENT,Mul_1331:OpId_41114 (cycles)
55842143040,EXECUTE,1524,CYCLES,BACKEND,SUB-EVENT,Mul_1332:OpId_41116 (cycles)
55842143040,EXECUTE,174,CYCLES,BACKEND,SUB-EVENT,Mul_1334:OpId_41118 (cycles)
55842143040,EXECUTE,179,CYCLES,BACKEND,SUB-EVENT,Mul_1333:OpId_41120 (cycles)
55842143040,EXECUTE,143,CYCLES,BACKEND,SUB-EVENT,Mul_1335:OpId_41122 (cycles)
55842143040,EXECUTE,171,CYCLES,BACKEND,SUB-EVENT,Mul_1336:OpId_41124 (cycles)
55842143040,EXECUTE,167,CYCLES,BACKEND,SUB-EVENT,Mul_1338:OpId_41126 (cycles)
55842143040,EXECUTE,159,CYCLES,BACKEND,SUB-EVENT,Mul_1337:OpId_41128 (cycles)
55842143040,EXECUTE,152,CYCLES,BACKEND,SUB-EVENT,Mul_1339:OpId_41130 (cycles)
55842143040,EXECUTE,172,CYCLES,BACKEND,SUB-EVENT,Mul_1340:OpId_41132 (cycles)
55842143040,EXECUTE,165,CYCLES,BACKEND,SUB-EVENT,Mul_1342:OpId_41134 (cycles)
55842143040,EXECUTE,1859,CYCLES,BACKEND,SUB-EVENT,Mul_1341:OpId_41136 (cycles)
55842143040,EXECUTE,158,CYCLES,BACKEND,SUB-EVENT,Mul_1343:OpId_41138 (cycles)
55842143040,EXECUTE,1979,CYCLES,BACKEND,SUB-EVENT,Sub_320:OpId_41140 (cycles)
55842143040,EXECUTE,246,CYCLES,BACKEND,SUB-EVENT,Sub_320_converted_UFIXED_POINT_8:OpId_41142 (cycles)
55842143040,EXECUTE,3994,CYCLES,BACKEND,SUB-EVENT,Add_600:OpId_41145 (cycles)
55842143040,EXECUTE,289,CYCLES,BACKEND,SUB-EVENT,Add_600_converted_UFIXED_POINT_8:OpId_41147 (cycles)
55842143040,EXECUTE,274,CYCLES,BACKEND,SUB-EVENT,Sub_321:OpId_41150 (cycles)
55842143040,EXECUTE,240,CYCLES,BACKEND,SUB-EVENT,Sub_321_converted_UFIXED_POINT_8:OpId_41152 (cycles)
55842143040,EXECUTE,250,CYCLES,BACKEND,SUB-EVENT,Add_601:OpId_41155 (cycles)
55842143040,EXECUTE,192,CYCLES,BACKEND,SUB-EVENT,Add_601_converted_UFIXED_POINT_8:OpId_41157 (cycles)
55842143040,EXECUTE,1766,CYCLES,BACKEND,SUB-EVENT,Sub_322:OpId_41160 (cycles)
55842143040,EXECUTE,2861,CYCLES,BACKEND,SUB-EVENT,Add_602:OpId_41162 (cycles)
55842143040,EXECUTE,382,CYCLES,BACKEND,SUB-EVENT,Sub_323:OpId_41164 (cycles)
55842143040,EXECUTE,1743,CYCLES,BACKEND,SUB-EVENT,Add_604:OpId_41166 (cycles)
55842143040,EXECUTE,1394,CYCLES,BACKEND,SUB-EVENT,Sub_324:OpId_41168 (cycles)
55842143040,EXECUTE,2163,CYCLES,BACKEND,SUB-EVENT,Add_606:OpId_41170 (cycles)
55842143040,EXECUTE,1662,CYCLES,BACKEND,SUB-EVENT,Sub_325:OpId_41172 (cycles)
55842143040,EXECUTE,2345,CYCLES,BACKEND,SUB-EVENT,Add_608:OpId_41174 (cycles)
55842143040,EXECUTE,436,CYCLES,BACKEND,SUB-EVENT,Sub_326:OpId_41176 (cycles)
55842143040,EXECUTE,425,CYCLES,BACKEND,SUB-EVENT,Add_610:OpId_41178 (cycles)
55842143040,EXECUTE,415,CYCLES,BACKEND,SUB-EVENT,Sub_327:OpId_41180 (cycles)
55842143040,EXECUTE,408,CYCLES,BACKEND,SUB-EVENT,Add_612:OpId_41182 (cycles)
55842143040,EXECUTE,460,CYCLES,BACKEND,SUB-EVENT,Sub_328:OpId_41184 (cycles)
55842143040,EXECUTE,443,CYCLES,BACKEND,SUB-EVENT,Add_614:OpId_41186 (cycles)
55842143040,EXECUTE,3131,CYCLES,BACKEND,SUB-EVENT,Sub_329:OpId_41188 (cycles)
55842143040,EXECUTE,432,CYCLES,BACKEND,SUB-EVENT,Add_616:OpId_41190 (cycles)
55842143040,EXECUTE,2817,CYCLES,BACKEND,SUB-EVENT,Sub_330:OpId_41192 (cycles)
55842143040,EXECUTE,3023,CYCLES,BACKEND,SUB-EVENT,Add_618:OpId_41194 (cycles)
55842143040,EXECUTE,450,CYCLES,BACKEND,SUB-EVENT,Sub_331:OpId_41196 (cycles)
55842143040,EXECUTE,421,CYCLES,BACKEND,SUB-EVENT,Add_620:OpId_41198 (cycles)
55842143040,EXECUTE,859,CYCLES,BACKEND,SUB-EVENT,Sub_332:OpId_41200 (cycles)
55842143040,EXECUTE,388,CYCLES,BACKEND,SUB-EVENT,Add_622:OpId_41202 (cycles)
55842143040,EXECUTE,458,CYCLES,BACKEND,SUB-EVENT,Sub_333:OpId_41204 (cycles)
55842143040,EXECUTE,536,CYCLES,BACKEND,SUB-EVENT,Add_624:OpId_41206 (cycles)
55842143040,EXECUTE,474,CYCLES,BACKEND,SUB-EVENT,Sub_334:OpId_41208 (cycles)
55842143040,EXECUTE,1030,CYCLES,BACKEND,SUB-EVENT,Add_626:OpId_41210 (cycles)
55842143040,EXECUTE,3156,CYCLES,BACKEND,SUB-EVENT,Sub_335:OpId_41212 (cycles)
55842143040,EXECUTE,2104,CYCLES,BACKEND,SUB-EVENT,Add_628:OpId_41214 (cycles)
55842143040,EXECUTE,3879,CYCLES,BACKEND,SUB-EVENT,Concat_460:OpId_41216 (cycles)
55842143040,EXECUTE,1239,CYCLES,BACKEND,SUB-EVENT,Concat_461:OpId_41218 (cycles)
55842143040,EXECUTE,0,CYCLES,BACKEND,SUB-EVENT,Concat_466:OpId_41220 (cycles)
55842143040,EXECUTE,0,CYCLES,BACKEND,SUB-EVENT,Concat_467:OpId_41222 (cycles)
55842143040,EXECUTE,0,CYCLES,BACKEND,SUB-EVENT,Concat_468:OpId_41224 (cycles)
55842143040,EXECUTE,0,CYCLES,BACKEND,SUB-EVENT,Concat_469:OpId_41226 (cycles)
55842143040,EXECUTE,0,CYCLES,BACKEND,SUB-EVENT,Concat_470:OpId_41228 (cycles)
55842143040,EXECUTE,0,CYCLES,BACKEND,SUB-EVENT,Concat_471:OpId_41230 (cycles)
55842143040,EXECUTE,0,CYCLES,BACKEND,SUB-EVENT,Concat_472:OpId_41232 (cycles)
55842143040,EXECUTE,0,CYCLES,BACKEND,SUB-EVENT,Concat_473:OpId_41234 (cycles)
55842143040,EXECUTE,0,CYCLES,BACKEND,SUB-EVENT,Concat_474:OpId_41236 (cycles)
55842143040,EXECUTE,0,CYCLES,BACKEND,SUB-EVENT,Concat_475:OpId_41238 (cycles)
55842143040,EXECUTE,0,CYCLES,BACKEND,SUB-EVENT,Concat_476:OpId_41240 (cycles)
55842143040,EXECUTE,0,CYCLES,BACKEND,SUB-EVENT,Concat_477:OpId_41242 (cycles)
55842143040,EXECUTE,0,CYCLES,BACKEND,SUB-EVENT,Concat_478:OpId_41244 (cycles)
55842143040,EXECUTE,0,CYCLES,BACKEND,SUB-EVENT,Concat_479:OpId_41246 (cycles)
55842143040,EXECUTE,0,CYCLES,BACKEND,SUB-EVENT,attn_20_head_0_key_Transpose_0:OpId_41249 (cycles)
55842143040,EXECUTE,0,CYCLES,BACKEND,SUB-EVENT,attn_20_head_1_key_Transpose_0:OpId_41251 (cycles)
55842143040,EXECUTE,0,CYCLES,BACKEND,SUB-EVENT,Concat_462:OpId_41252 (cycles)
55842143040,EXECUTE,0,CYCLES,BACKEND,SUB-EVENT,Concat_464:OpId_41254 (cycles)
55842143040,EXECUTE,0,CYCLES,BACKEND,SUB-EVENT,Concat_480:OpId_41256 (cycles)
55842143040,EXECUTE,191739,CYCLES,BACKEND,SUB-EVENT,attn_20_head_0_qk_MatMul_0:OpId_41258 (cycles)
55842143040,EXECUTE,9356,CYCLES,BACKEND,SUB-EVENT,attn_20_head_1_qk_MatMul_0:OpId_41262 (cycles)
55842143040,EXECUTE,9505,CYCLES,BACKEND,SUB-EVENT,attn_20_head_2_qk_MatMul_0:OpId_41266 (cycles)
55842143040,EXECUTE,14119,CYCLES,BACKEND,SUB-EVENT,attn_20_head_3_qk_MatMul_0:OpId_41270 (cycles)
55842143040,EXECUTE,10154,CYCLES,BACKEND,SUB-EVENT,attn_20_head_4_qk_MatMul_0:OpId_41274 (cycles)
55842143040,EXECUTE,7866,CYCLES,BACKEND,SUB-EVENT,attn_20_head_5_qk_MatMul_0:OpId_41278 (cycles)
55842143040,EXECUTE,7010,CYCLES,BACKEND,SUB-EVENT,attn_20_head_6_qk_MatMul_0:OpId_41282 (cycles)
55842143040,EXECUTE,128002,CYCLES,BACKEND,SUB-EVENT,attn_20_head_7_qk_MatMul_0:OpId_41286 (cycles)
55842143040,EXECUTE,9579,CYCLES,BACKEND,SUB-EVENT,attn_20_head_8_qk_MatMul_0:OpId_41290 (cycles)
55842143040,EXECUTE,11411,CYCLES,BACKEND,SUB-EVENT,attn_20_head_9_qk_MatMul_0:OpId_41294 (cycles)
55842143040,EXECUTE,11395,CYCLES,BACKEND,SUB-EVENT,attn_20_head_10_qk_MatMul_0:OpId_41298 (cycles)
55842143040,EXECUTE,13063,CYCLES,BACKEND,SUB-EVENT,attn_20_head_11_qk_MatMul_0:OpId_41302 (cycles)
55842143040,EXECUTE,10124,CYCLES,BACKEND,SUB-EVENT,attn_20_head_12_qk_MatMul_0:OpId_41306 (cycles)
55842143040,EXECUTE,9942,CYCLES,BACKEND,SUB-EVENT,attn_20_head_13_qk_MatMul_0:OpId_41310 (cycles)
55842143040,EXECUTE,19649,CYCLES,BACKEND,SUB-EVENT,Add_603:OpId_41314 (cycles)
55842143040,EXECUTE,15743,CYCLES,BACKEND,SUB-EVENT,Add_605:OpId_41316 (cycles)
55842143040,EXECUTE,15992,CYCLES,BACKEND,SUB-EVENT,Add_607:OpId_41318 (cycles)
55842143040,EXECUTE,16637,CYCLES,BACKEND,SUB-EVENT,Add_609:OpId_41320 (cycles)
55842143040,EXECUTE,16271,CYCLES,BACKEND,SUB-EVENT,Add_611:OpId_41322 (cycles)
55842143040,EXECUTE,16493,CYCLES,BACKEND,SUB-EVENT,Add_613:OpId_41324 (cycles)
55842143040,EXECUTE,15143,CYCLES,BACKEND,SUB-EVENT,Add_615:OpId_41326 (cycles)
55842143040,EXECUTE,15695,CYCLES,BACKEND,SUB-EVENT,Add_617:OpId_41328 (cycles)
55842143040,EXECUTE,15063,CYCLES,BACKEND,SUB-EVENT,Add_619:OpId_41330 (cycles)
55842143040,EXECUTE,19320,CYCLES,BACKEND,SUB-EVENT,Add_621:OpId_41332 (cycles)
55842143040,EXECUTE,18577,CYCLES,BACKEND,SUB-EVENT,Add_623:OpId_41334 (cycles)
55842143040,EXECUTE,15747,CYCLES,BACKEND,SUB-EVENT,Add_625:OpId_41336 (cycles)
55842143040,EXECUTE,15715,CYCLES,BACKEND,SUB-EVENT,Add_627:OpId_41338 (cycles)
55842143040,EXECUTE,17383,CYCLES,BACKEND,SUB-EVENT,Add_629:OpId_41340 (cycles)
55842143040,EXECUTE,11063,CYCLES,BACKEND,SUB-EVENT,attn_20_head_0_Softmax_0:OpId_41342 (cycles)
55842143040,EXECUTE,14446,CYCLES,BACKEND,SUB-EVENT,attn_20_head_1_Softmax_0:OpId_41345 (cycles)
55842143040,EXECUTE,14365,CYCLES,BACKEND,SUB-EVENT,attn_20_head_2_Softmax_0:OpId_41348 (cycles)
55842143040,EXECUTE,10481,CYCLES,BACKEND,SUB-EVENT,attn_20_head_3_Softmax_0:OpId_41351 (cycles)
55842143040,EXECUTE,12515,CYCLES,BACKEND,SUB-EVENT,attn_20_head_4_Softmax_0:OpId_41354 (cycles)
55842143040,EXECUTE,12440,CYCLES,BACKEND,SUB-EVENT,attn_20_head_5_Softmax_0:OpId_41357 (cycles)
55842143040,EXECUTE,11622,CYCLES,BACKEND,SUB-EVENT,attn_20_head_6_Softmax_0:OpId_41360 (cycles)
55842143040,EXECUTE,10666,CYCLES,BACKEND,SUB-EVENT,attn_20_head_7_Softmax_0:OpId_41363 (cycles)
55842143040,EXECUTE,10274,CYCLES,BACKEND,SUB-EVENT,attn_20_head_8_Softmax_0:OpId_41366 (cycles)
55842143040,EXECUTE,12366,CYCLES,BACKEND,SUB-EVENT,attn_20_head_9_Softmax_0:OpId_41369 (cycles)
55842143040,EXECUTE,10010,CYCLES,BACKEND,SUB-EVENT,attn_20_head_10_Softmax_0:OpId_41372 (cycles)
55842143040,EXECUTE,13167,CYCLES,BACKEND,SUB-EVENT,attn_20_head_11_Softmax_0:OpId_41375 (cycles)
55842143040,EXECUTE,10083,CYCLES,BACKEND,SUB-EVENT,attn_20_head_12_Softmax_0:OpId_41378 (cycles)
55842143040,EXECUTE,10154,CYCLES,BACKEND,SUB-EVENT,attn_20_head_13_Softmax_0:OpId_41381 (cycles)
55842143040,EXECUTE,37755,CYCLES,BACKEND,SUB-EVENT,attn_20_head_0_qkv_MatMul_0:OpId_41384 (cycles)
55842143040,EXECUTE,1407,CYCLES,BACKEND,SUB-EVENT,attn_20_head_1_qkv_MatMul_0:OpId_41388 (cycles)
55842143040,EXECUTE,1411,CYCLES,BACKEND,SUB-EVENT,attn_20_head_2_qkv_MatMul_0:OpId_41392 (cycles)
55842143040,EXECUTE,1319,CYCLES,BACKEND,SUB-EVENT,attn_20_head_3_qkv_MatMul_0:OpId_41396 (cycles)
55842143040,EXECUTE,1151,CYCLES,BACKEND,SUB-EVENT,attn_20_head_4_qkv_MatMul_0:OpId_41400 (cycles)
55842143040,EXECUTE,1144,CYCLES,BACKEND,SUB-EVENT,attn_20_head_5_qkv_MatMul_0:OpId_41404 (cycles)
55842143040,EXECUTE,1270,CYCLES,BACKEND,SUB-EVENT,attn_20_head_6_qkv_MatMul_0:OpId_41408 (cycles)
55842143040,EXECUTE,41769,CYCLES,BACKEND,SUB-EVENT,attn_20_head_7_qkv_MatMul_0:OpId_41412 (cycles)
55842143040,EXECUTE,1316,CYCLES,BACKEND,SUB-EVENT,attn_20_head_8_qkv_MatMul_0:OpId_41416 (cycles)
55842143040,EXECUTE,1377,CYCLES,BACKEND,SUB-EVENT,attn_20_head_9_qkv_MatMul_0:OpId_41420 (cycles)
55842143040,EXECUTE,1153,CYCLES,BACKEND,SUB-EVENT,attn_20_head_10_qkv_MatMul_0:OpId_41424 (cycles)
55842143040,EXECUTE,1134,CYCLES,BACKEND,SUB-EVENT,attn_20_head_11_qkv_MatMul_0:OpId_41428 (cycles)
55842143040,EXECUTE,1135,CYCLES,BACKEND,SUB-EVENT,attn_20_head_12_qkv_MatMul_0:OpId_41432 (cycles)
55842143040,EXECUTE,1115,CYCLES,BACKEND,SUB-EVENT,attn_20_head_13_qkv_MatMul_0:OpId_41436 (cycles)
55842143040,EXECUTE,0,CYCLES,BACKEND,SUB-EVENT,Concat_482:OpId_41440 (cycles)
55842143040,EXECUTE,0,CYCLES,BACKEND,SUB-EVENT,Reshape_22:OpId_41442 (cycles)
55842143040,EXECUTE,0,CYCLES,BACKEND,SUB-EVENT,model_layers_20_self_attn_Transpose_6:OpId_41444 (cycles)
55842143040,EXECUTE,29515,CYCLES,BACKEND,SUB-EVENT,model_layers_20_self_attn_o_proj_conv_Conv:OpId_41452 (cycles)
55842143040,EXECUTE,354,CYCLES,BACKEND,SUB-EVENT,/model_layers_20_self_attn_o_proj_conv_Conv/Conv_output_0.nchw:OpId_41456 (cycles)
55842143040,EXECUTE,0,CYCLES,BACKEND,SUB-EVENT,model_layers_20_self_attn_Reshape_9:OpId_41457 (cycles)
55842143040,EXECUTE,3253,CYCLES,BACKEND,SUB-EVENT,model_layers_20_Add:OpId_41458 (cycles)
55842143040,EXECUTE,14271,CYCLES,BACKEND,SUB-EVENT,rms_norm_80:OpId_41463 (cycles)
55842143040,EXECUTE,0,CYCLES,BACKEND,SUB-EVENT,model_layers_20_mlp_Reshape:OpId_41466 (cycles)
55842143040,EXECUTE,0,CYCLES,BACKEND,SUB-EVENT,model_layers_20_mlp_Transpose:OpId_41468 (cycles)
55842143040,EXECUTE,120020,CYCLES,BACKEND,SUB-EVENT,model_layers_20_mlp_gate_proj_conv_Conv:OpId_41476 (cycles)
55842143040,EXECUTE,102844,CYCLES,BACKEND,SUB-EVENT,model_layers_20_mlp_up_proj_conv_Conv:OpId_41486 (cycles)
55842143040,EXECUTE,0,CYCLES,BACKEND,SUB-EVENT,model_layers_20_mlp_act_fn_Sigmoid:OpId_41489 (cycles)
55842143040,EXECUTE,38504,CYCLES,BACKEND,SUB-EVENT,model_layers_20_mlp_act_fn_Mul:OpId_41496 (cycles)
55842143040,EXECUTE,24449,CYCLES,BACKEND,SUB-EVENT,model_layers_20_mlp_Mul:OpId_41498 (cycles)
55842143040,EXECUTE,72676,CYCLES,BACKEND,SUB-EVENT,model_layers_20_mlp_down_proj_conv_Conv:OpId_41507 (cycles)
55842143040,EXECUTE,1319,CYCLES,BACKEND,SUB-EVENT,/model_layers_20_mlp_down_proj_conv_Conv/Conv_output_0.nchw:OpId_41511 (cycles)
55842143040,EXECUTE,0,CYCLES,BACKEND,SUB-EVENT,model_layers_20_mlp_Reshape_1:OpId_41512 (cycles)
55842143040,EXECUTE,3319,CYCLES,BACKEND,SUB-EVENT,model_layers_20_Add_1:OpId_41513 (cycles)
55842143040,EXECUTE,9383,CYCLES,BACKEND,SUB-EVENT,rms_norm_82:OpId_41518 (cycles)
55842143040,EXECUTE,0,CYCLES,BACKEND,SUB-EVENT,model_layers_21_self_attn_Reshape:OpId_41521 (cycles)
55842143040,EXECUTE,0,CYCLES,BACKEND,SUB-EVENT,model_layers_21_self_attn_Transpose:OpId_41523 (cycles)
55842143040,EXECUTE,818,CYCLES,BACKEND,SUB-EVENT,attn_21_head_0_key_Conv:OpId_41531 (cycles)
55842143040,EXECUTE,2172,CYCLES,BACKEND,SUB-EVENT,attn_21_head_0_value_Conv:OpId_41541 (cycles)
55842143040,EXECUTE,1337,CYCLES,BACKEND,SUB-EVENT,attn_21_head_0_value_Transpose/output_converted_UFIXED_POINT_8:OpId_41544 (cycles)
55842143040,EXECUTE,795,CYCLES,BACKEND,SUB-EVENT,attn_21_head_1_key_Conv:OpId_41554 (cycles)
55842143040,EXECUTE,1645,CYCLES,BACKEND,SUB-EVENT,attn_21_head_1_value_Conv:OpId_41564 (cycles)
55842143040,EXECUTE,371,CYCLES,BACKEND,SUB-EVENT,attn_21_head_1_value_Transpose/output_converted_UFIXED_POINT_8:OpId_41567 (cycles)
55842143040,EXECUTE,733,CYCLES,BACKEND,SUB-EVENT,attn_21_head_0_query_Conv:OpId_41577 (cycles)
55842143040,EXECUTE,752,CYCLES,BACKEND,SUB-EVENT,attn_21_head_1_query_Conv:OpId_41587 (cycles)
55842143040,EXECUTE,6970,CYCLES,BACKEND,SUB-EVENT,attn_21_head_2_query_Conv:OpId_41597 (cycles)
55842143040,EXECUTE,584,CYCLES,BACKEND,SUB-EVENT,attn_21_head_3_query_Conv:OpId_41607 (cycles)
55842143040,EXECUTE,648,CYCLES,BACKEND,SUB-EVENT,attn_21_head_4_query_Conv:OpId_41617 (cycles)
55842143040,EXECUTE,1815,CYCLES,BACKEND,SUB-EVENT,attn_21_head_5_query_Conv:OpId_41627 (cycles)
55842143040,EXECUTE,1661,CYCLES,BACKEND,SUB-EVENT,attn_21_head_6_query_Conv:OpId_41637 (cycles)
55842143040,EXECUTE,712,CYCLES,BACKEND,SUB-EVENT,attn_21_head_7_query_Conv:OpId_41647 (cycles)
55842143040,EXECUTE,663,CYCLES,BACKEND,SUB-EVENT,attn_21_head_8_query_Conv:OpId_41657 (cycles)
55842143040,EXECUTE,3602,CYCLES,BACKEND,SUB-EVENT,attn_21_head_9_query_Conv:OpId_41667 (cycles)
55842143040,EXECUTE,594,CYCLES,BACKEND,SUB-EVENT,attn_21_head_10_query_Conv:OpId_41677 (cycles)
55842143040,EXECUTE,899,CYCLES,BACKEND,SUB-EVENT,attn_21_head_11_query_Conv:OpId_41687 (cycles)
55842143040,EXECUTE,599,CYCLES,BACKEND,SUB-EVENT,attn_21_head_12_query_Conv:OpId_41697 (cycles)
55842143040,EXECUTE,3634,CYCLES,BACKEND,SUB-EVENT,attn_21_head_13_query_Conv:OpId_41707 (cycles)
55842143040,EXECUTE,260,CYCLES,BACKEND,SUB-EVENT,Slice_756:OpId_41711 (cycles)
55842143040,EXECUTE,1052,CYCLES,BACKEND,SUB-EVENT,Slice_757:OpId_41717 (cycles)
55842143040,EXECUTE,1147,CYCLES,BACKEND,SUB-EVENT,Slice_758:OpId_41723 (cycles)
55842143040,EXECUTE,158,CYCLES,BACKEND,SUB-EVENT,Slice_759:OpId_41729 (cycles)
55842143040,EXECUTE,0,CYCLES,BACKEND,SUB-EVENT,Concat_504:OpId_41734 (cycles)
55842143040,EXECUTE,192,CYCLES,BACKEND,SUB-EVENT,Slice_764:OpId_41737 (cycles)
55842143040,EXECUTE,271,CYCLES,BACKEND,SUB-EVENT,Slice_765:OpId_41743 (cycles)
55842143040,EXECUTE,1418,CYCLES,BACKEND,SUB-EVENT,Slice_766:OpId_41749 (cycles)
55842143040,EXECUTE,1357,CYCLES,BACKEND,SUB-EVENT,Slice_767:OpId_41755 (cycles)
55842143040,EXECUTE,1322,CYCLES,BACKEND,SUB-EVENT,Slice_768:OpId_41761 (cycles)
55842143040,EXECUTE,1263,CYCLES,BACKEND,SUB-EVENT,Slice_769:OpId_41767 (cycles)
55842143040,EXECUTE,2143,CYCLES,BACKEND,SUB-EVENT,Slice_770:OpId_41773 (cycles)
55842143040,EXECUTE,159,CYCLES,BACKEND,SUB-EVENT,Slice_771:OpId_41779 (cycles)
55842143040,EXECUTE,322,CYCLES,BACKEND,SUB-EVENT,Slice_772:OpId_41785 (cycles)
55842143040,EXECUTE,226,CYCLES,BACKEND,SUB-EVENT,Slice_773:OpId_41791 (cycles)
55842143040,EXECUTE,193,CYCLES,BACKEND,SUB-EVENT,Slice_774:OpId_41797 (cycles)
55842143040,EXECUTE,154,CYCLES,BACKEND,SUB-EVENT,Slice_775:OpId_41803 (cycles)
55842143040,EXECUTE,1631,CYCLES,BACKEND,SUB-EVENT,Slice_776:OpId_41809 (cycles)
55842143040,EXECUTE,135,CYCLES,BACKEND,SUB-EVENT,Slice_777:OpId_41815 (cycles)
55842143040,EXECUTE,2282,CYCLES,BACKEND,SUB-EVENT,Slice_778:OpId_41821 (cycles)
55842143040,EXECUTE,2194,CYCLES,BACKEND,SUB-EVENT,Slice_779:OpId_41827 (cycles)
55842143040,EXECUTE,1613,CYCLES,BACKEND,SUB-EVENT,Slice_780:OpId_41833 (cycles)
55842143040,EXECUTE,117,CYCLES,BACKEND,SUB-EVENT,Slice_781:OpId_41839 (cycles)
55842143040,EXECUTE,2818,CYCLES,BACKEND,SUB-EVENT,Slice_782:OpId_41845 (cycles)
55842143040,EXECUTE,232,CYCLES,BACKEND,SUB-EVENT,Slice_783:OpId_41851 (cycles)
55842143040,EXECUTE,204,CYCLES,BACKEND,SUB-EVENT,Slice_784:OpId_41857 (cycles)
55842143040,EXECUTE,166,CYCLES,BACKEND,SUB-EVENT,Slice_785:OpId_41863 (cycles)
55842143040,EXECUTE,255,CYCLES,BACKEND,SUB-EVENT,Slice_786:OpId_41869 (cycles)
55842143040,EXECUTE,193,CYCLES,BACKEND,SUB-EVENT,Slice_787:OpId_41875 (cycles)
55842143040,EXECUTE,209,CYCLES,BACKEND,SUB-EVENT,Slice_788:OpId_41881 (cycles)
55842143040,EXECUTE,186,CYCLES,BACKEND,SUB-EVENT,Slice_789:OpId_41887 (cycles)
55842143040,EXECUTE,2038,CYCLES,BACKEND,SUB-EVENT,Slice_790:OpId_41893 (cycles)
55842143040,EXECUTE,172,CYCLES,BACKEND,SUB-EVENT,Slice_791:OpId_41899 (cycles)
55842143040,EXECUTE,8158,CYCLES,BACKEND,SUB-EVENT,Concat_486:OpId_41904 (cycles)
55842143040,EXECUTE,5802,CYCLES,BACKEND,SUB-EVENT,Concat_488:OpId_41906 (cycles)
55842143040,EXECUTE,1757,CYCLES,BACKEND,SUB-EVENT,Mul_1344:OpId_41908 (cycles)
55842143040,EXECUTE,1470,CYCLES,BACKEND,SUB-EVENT,Mul_1346:OpId_41910 (cycles)
55842143040,EXECUTE,1865,CYCLES,BACKEND,SUB-EVENT,Mul_1345:OpId_41912 (cycles)
55842143040,EXECUTE,909,CYCLES,BACKEND,SUB-EVENT,Mul_1347:OpId_41914 (cycles)
55842143040,EXECUTE,184,CYCLES,BACKEND,SUB-EVENT,Mul_1348:OpId_41916 (cycles)
55842143040,EXECUTE,143,CYCLES,BACKEND,SUB-EVENT,Mul_1350:OpId_41918 (cycles)
55842143040,EXECUTE,158,CYCLES,BACKEND,SUB-EVENT,Mul_1349:OpId_41920 (cycles)
55842143040,EXECUTE,139,CYCLES,BACKEND,SUB-EVENT,Mul_1351:OpId_41922 (cycles)
55842143040,EXECUTE,1692,CYCLES,BACKEND,SUB-EVENT,Mul_1352:OpId_41924 (cycles)
55842143040,EXECUTE,1434,CYCLES,BACKEND,SUB-EVENT,Mul_1354:OpId_41926 (cycles)
55842143040,EXECUTE,1385,CYCLES,BACKEND,SUB-EVENT,Mul_1353:OpId_41928 (cycles)
55842143040,EXECUTE,1497,CYCLES,BACKEND,SUB-EVENT,Mul_1355:OpId_41930 (cycles)
55842143040,EXECUTE,157,CYCLES,BACKEND,SUB-EVENT,Mul_1356:OpId_41932 (cycles)
55842143040,EXECUTE,140,CYCLES,BACKEND,SUB-EVENT,Mul_1358:OpId_41934 (cycles)
55842143040,EXECUTE,165,CYCLES,BACKEND,SUB-EVENT,Mul_1357:OpId_41936 (cycles)
55842143040,EXECUTE,152,CYCLES,BACKEND,SUB-EVENT,Mul_1359:OpId_41938 (cycles)
55842143040,EXECUTE,195,CYCLES,BACKEND,SUB-EVENT,Mul_1360:OpId_41940 (cycles)
55842143040,EXECUTE,148,CYCLES,BACKEND,SUB-EVENT,Mul_1362:OpId_41942 (cycles)
55842143040,EXECUTE,200,CYCLES,BACKEND,SUB-EVENT,Mul_1361:OpId_41944 (cycles)
55842143040,EXECUTE,121,CYCLES,BACKEND,SUB-EVENT,Mul_1363:OpId_41946 (cycles)
55842143040,EXECUTE,1369,CYCLES,BACKEND,SUB-EVENT,Mul_1364:OpId_41948 (cycles)
55842143040,EXECUTE,165,CYCLES,BACKEND,SUB-EVENT,Mul_1366:OpId_41950 (cycles)
55842143040,EXECUTE,158,CYCLES,BACKEND,SUB-EVENT,Mul_1365:OpId_41952 (cycles)
55842143040,EXECUTE,147,CYCLES,BACKEND,SUB-EVENT,Mul_1367:OpId_41954 (cycles)
55842143040,EXECUTE,225,CYCLES,BACKEND,SUB-EVENT,Mul_1368:OpId_41956 (cycles)
55842143040,EXECUTE,227,CYCLES,BACKEND,SUB-EVENT,Mul_1370:OpId_41958 (cycles)
55842143040,EXECUTE,203,CYCLES,BACKEND,SUB-EVENT,Mul_1369:OpId_41960 (cycles)
55842143040,EXECUTE,147,CYCLES,BACKEND,SUB-EVENT,Mul_1371:OpId_41962 (cycles)
55842143040,EXECUTE,241,CYCLES,BACKEND,SUB-EVENT,Mul_1372:OpId_41964 (cycles)
55842143040,EXECUTE,185,CYCLES,BACKEND,SUB-EVENT,Mul_1374:OpId_41966 (cycles)
55842143040,EXECUTE,221,CYCLES,BACKEND,SUB-EVENT,Mul_1373:OpId_41968 (cycles)
55842143040,EXECUTE,193,CYCLES,BACKEND,SUB-EVENT,Mul_1375:OpId_41970 (cycles)
55842143040,EXECUTE,176,CYCLES,BACKEND,SUB-EVENT,Mul_1376:OpId_41972 (cycles)
55842143040,EXECUTE,139,CYCLES,BACKEND,SUB-EVENT,Mul_1378:OpId_41974 (cycles)
55842143040,EXECUTE,181,CYCLES,BACKEND,SUB-EVENT,Mul_1377:OpId_41976 (cycles)
55842143040,EXECUTE,156,CYCLES,BACKEND,SUB-EVENT,Mul_1379:OpId_41978 (cycles)
55842143040,EXECUTE,169,CYCLES,BACKEND,SUB-EVENT,Mul_1380:OpId_41980 (cycles)
55842143040,EXECUTE,148,CYCLES,BACKEND,SUB-EVENT,Mul_1382:OpId_41982 (cycles)
55842143040,EXECUTE,583,CYCLES,BACKEND,SUB-EVENT,Mul_1381:OpId_41984 (cycles)
55842143040,EXECUTE,185,CYCLES,BACKEND,SUB-EVENT,Mul_1383:OpId_41986 (cycles)
55842143040,EXECUTE,168,CYCLES,BACKEND,SUB-EVENT,Mul_1384:OpId_41988 (cycles)
55842143040,EXECUTE,180,CYCLES,BACKEND,SUB-EVENT,Mul_1386:OpId_41990 (cycles)
55842143040,EXECUTE,166,CYCLES,BACKEND,SUB-EVENT,Mul_1385:OpId_41992 (cycles)
55842143040,EXECUTE,143,CYCLES,BACKEND,SUB-EVENT,Mul_1387:OpId_41994 (cycles)
55842143040,EXECUTE,224,CYCLES,BACKEND,SUB-EVENT,Mul_1388:OpId_41996 (cycles)
55842143040,EXECUTE,234,CYCLES,BACKEND,SUB-EVENT,Mul_1390:OpId_41998 (cycles)
55842143040,EXECUTE,608,CYCLES,BACKEND,SUB-EVENT,Mul_1389:OpId_42000 (cycles)
55842143040,EXECUTE,256,CYCLES,BACKEND,SUB-EVENT,Mul_1391:OpId_42002 (cycles)
55842143040,EXECUTE,185,CYCLES,BACKEND,SUB-EVENT,Mul_1392:OpId_42004 (cycles)
55842143040,EXECUTE,235,CYCLES,BACKEND,SUB-EVENT,Mul_1394:OpId_42006 (cycles)
55842143040,EXECUTE,145,CYCLES,BACKEND,SUB-EVENT,Mul_1393:OpId_42008 (cycles)
55842143040,EXECUTE,126,CYCLES,BACKEND,SUB-EVENT,Mul_1395:OpId_42010 (cycles)
55842143040,EXECUTE,254,CYCLES,BACKEND,SUB-EVENT,Mul_1396:OpId_42012 (cycles)
55842143040,EXECUTE,232,CYCLES,BACKEND,SUB-EVENT,Mul_1398:OpId_42014 (cycles)
55842143040,EXECUTE,225,CYCLES,BACKEND,SUB-EVENT,Mul_1397:OpId_42016 (cycles)
55842143040,EXECUTE,202,CYCLES,BACKEND,SUB-EVENT,Mul_1399:OpId_42018 (cycles)
55842143040,EXECUTE,186,CYCLES,BACKEND,SUB-EVENT,Mul_1400:OpId_42020 (cycles)
55842143040,EXECUTE,183,CYCLES,BACKEND,SUB-EVENT,Mul_1402:OpId_42022 (cycles)
55842143040,EXECUTE,184,CYCLES,BACKEND,SUB-EVENT,Mul_1401:OpId_42024 (cycles)
55842143040,EXECUTE,142,CYCLES,BACKEND,SUB-EVENT,Mul_1403:OpId_42026 (cycles)
55842143040,EXECUTE,303,CYCLES,BACKEND,SUB-EVENT,Mul_1404:OpId_42028 (cycles)
55842143040,EXECUTE,242,CYCLES,BACKEND,SUB-EVENT,Mul_1406:OpId_42030 (cycles)
55842143040,EXECUTE,256,CYCLES,BACKEND,SUB-EVENT,Mul_1405:OpId_42032 (cycles)
55842143040,EXECUTE,189,CYCLES,BACKEND,SUB-EVENT,Mul_1407:OpId_42034 (cycles)
55842143040,EXECUTE,1563,CYCLES,BACKEND,SUB-EVENT,Sub_336:OpId_42036 (cycles)
55842143040,EXECUTE,285,CYCLES,BACKEND,SUB-EVENT,Sub_336_converted_UFIXED_POINT_8:OpId_42038 (cycles)
55842143040,EXECUTE,1311,CYCLES,BACKEND,SUB-EVENT,Add_630:OpId_42041 (cycles)
55842143040,EXECUTE,238,CYCLES,BACKEND,SUB-EVENT,Add_630_converted_UFIXED_POINT_8:OpId_42043 (cycles)
55842143040,EXECUTE,233,CYCLES,BACKEND,SUB-EVENT,Sub_337:OpId_42046 (cycles)
55842143040,EXECUTE,210,CYCLES,BACKEND,SUB-EVENT,Sub_337_converted_UFIXED_POINT_8:OpId_42048 (cycles)
55842143040,EXECUTE,238,CYCLES,BACKEND,SUB-EVENT,Add_631:OpId_42051 (cycles)
55842143040,EXECUTE,309,CYCLES,BACKEND,SUB-EVENT,Add_631_converted_UFIXED_POINT_8:OpId_42053 (cycles)
55842143040,EXECUTE,3790,CYCLES,BACKEND,SUB-EVENT,Sub_338:OpId_42056 (cycles)
55842143040,EXECUTE,2336,CYCLES,BACKEND,SUB-EVENT,Add_632:OpId_42058 (cycles)
55842143040,EXECUTE,1315,CYCLES,BACKEND,SUB-EVENT,Sub_339:OpId_42060 (cycles)
55842143040,EXECUTE,416,CYCLES,BACKEND,SUB-EVENT,Add_634:OpId_42062 (cycles)
55842143040,EXECUTE,389,CYCLES,BACKEND,SUB-EVENT,Sub_340:OpId_42064 (cycles)
55842143040,EXECUTE,970,CYCLES,BACKEND,SUB-EVENT,Add_636:OpId_42066 (cycles)
55842143040,EXECUTE,405,CYCLES,BACKEND,SUB-EVENT,Sub_341:OpId_42068 (cycles)
55842143040,EXECUTE,376,CYCLES,BACKEND,SUB-EVENT,Add_638:OpId_42070 (cycles)
55842143040,EXECUTE,644,CYCLES,BACKEND,SUB-EVENT,Sub_342:OpId_42072 (cycles)
55842143040,EXECUTE,447,CYCLES,BACKEND,SUB-EVENT,Add_640:OpId_42074 (cycles)
55842143040,EXECUTE,899,CYCLES,BACKEND,SUB-EVENT,Sub_343:OpId_42076 (cycles)
55842143040,EXECUTE,384,CYCLES,BACKEND,SUB-EVENT,Add_642:OpId_42078 (cycles)
55842143040,EXECUTE,424,CYCLES,BACKEND,SUB-EVENT,Sub_344:OpId_42080 (cycles)
55842143040,EXECUTE,829,CYCLES,BACKEND,SUB-EVENT,Add_644:OpId_42082 (cycles)
55842143040,EXECUTE,396,CYCLES,BACKEND,SUB-EVENT,Sub_345:OpId_42084 (cycles)
55842143040,EXECUTE,454,CYCLES,BACKEND,SUB-EVENT,Add_646:OpId_42086 (cycles)
55842143040,EXECUTE,536,CYCLES,BACKEND,SUB-EVENT,Sub_346:OpId_42088 (cycles)
55842143040,EXECUTE,469,CYCLES,BACKEND,SUB-EVENT,Add_648:OpId_42090 (cycles)
55842143040,EXECUTE,521,CYCLES,BACKEND,SUB-EVENT,Sub_347:OpId_42092 (cycles)
55842143040,EXECUTE,508,CYCLES,BACKEND,SUB-EVENT,Add_650:OpId_42094 (cycles)
55842143040,EXECUTE,486,CYCLES,BACKEND,SUB-EVENT,Sub_348:OpId_42096 (cycles)
55842143040,EXECUTE,724,CYCLES,BACKEND,SUB-EVENT,Add_652:OpId_42098 (cycles)
55842143040,EXECUTE,459,CYCLES,BACKEND,SUB-EVENT,Sub_349:OpId_42100 (cycles)
55842143040,EXECUTE,363,CYCLES,BACKEND,SUB-EVENT,Add_654:OpId_42102 (cycles)
55842143040,EXECUTE,1108,CYCLES,BACKEND,SUB-EVENT,Sub_350:OpId_42104 (cycles)
55842143040,EXECUTE,551,CYCLES,BACKEND,SUB-EVENT,Add_656:OpId_42106 (cycles)
55842143040,EXECUTE,591,CYCLES,BACKEND,SUB-EVENT,Sub_351:OpId_42108 (cycles)
55842143040,EXECUTE,491,CYCLES,BACKEND,SUB-EVENT,Add_658:OpId_42110 (cycles)
55842143040,EXECUTE,1821,CYCLES,BACKEND,SUB-EVENT,Concat_483:OpId_42112 (cycles)
55842143040,EXECUTE,1621,CYCLES,BACKEND,SUB-EVENT,Concat_484:OpId_42114 (cycles)
55842143040,EXECUTE,0,CYCLES,BACKEND,SUB-EVENT,Concat_489:OpId_42116 (cycles)
55842143040,EXECUTE,0,CYCLES,BACKEND,SUB-EVENT,Concat_490:OpId_42118 (cycles)
55842143040,EXECUTE,0,CYCLES,BACKEND,SUB-EVENT,Concat_491:OpId_42120 (cycles)
55842143040,EXECUTE,0,CYCLES,BACKEND,SUB-EVENT,Concat_492:OpId_42122 (cycles)
55842143040,EXECUTE,0,CYCLES,BACKEND,SUB-EVENT,Concat_493:OpId_42124 (cycles)
55842143040,EXECUTE,0,CYCLES,BACKEND,SUB-EVENT,Concat_494:OpId_42126 (cycles)
55842143040,EXECUTE,0,CYCLES,BACKEND,SUB-EVENT,Concat_495:OpId_42128 (cycles)
55842143040,EXECUTE,0,CYCLES,BACKEND,SUB-EVENT,Concat_496:OpId_42130 (cycles)
55842143040,EXECUTE,0,CYCLES,BACKEND,SUB-EVENT,Concat_497:OpId_42132 (cycles)
55842143040,EXECUTE,0,CYCLES,BACKEND,SUB-EVENT,Concat_498:OpId_42134 (cycles)
55842143040,EXECUTE,0,CYCLES,BACKEND,SUB-EVENT,Concat_499:OpId_42136 (cycles)
55842143040,EXECUTE,0,CYCLES,BACKEND,SUB-EVENT,Concat_500:OpId_42138 (cycles)
55842143040,EXECUTE,0,CYCLES,BACKEND,SUB-EVENT,Concat_501:OpId_42140 (cycles)
55842143040,EXECUTE,0,CYCLES,BACKEND,SUB-EVENT,Concat_502:OpId_42142 (cycles)
55842143040,EXECUTE,0,CYCLES,BACKEND,SUB-EVENT,attn_21_head_0_key_Transpose_0:OpId_42145 (cycles)
55842143040,EXECUTE,0,CYCLES,BACKEND,SUB-EVENT,attn_21_head_1_key_Transpose_0:OpId_42147 (cycles)
55842143040,EXECUTE,0,CYCLES,BACKEND,SUB-EVENT,Concat_485:OpId_42148 (cycles)
55842143040,EXECUTE,0,CYCLES,BACKEND,SUB-EVENT,Concat_487:OpId_42150 (cycles)
55842143040,EXECUTE,0,CYCLES,BACKEND,SUB-EVENT,Concat_503:OpId_42152 (cycles)
55842143040,EXECUTE,133126,CYCLES,BACKEND,SUB-EVENT,attn_21_head_0_qk_MatMul_0:OpId_42154 (cycles)
55842143040,EXECUTE,8765,CYCLES,BACKEND,SUB-EVENT,attn_21_head_1_qk_MatMul_0:OpId_42158 (cycles)
55842143040,EXECUTE,7304,CYCLES,BACKEND,SUB-EVENT,attn_21_head_2_qk_MatMul_0:OpId_42162 (cycles)
55842143040,EXECUTE,10835,CYCLES,BACKEND,SUB-EVENT,attn_21_head_3_qk_MatMul_0:OpId_42166 (cycles)
55842143040,EXECUTE,14650,CYCLES,BACKEND,SUB-EVENT,attn_21_head_4_qk_MatMul_0:OpId_42170 (cycles)
55842143040,EXECUTE,10941,CYCLES,BACKEND,SUB-EVENT,attn_21_head_5_qk_MatMul_0:OpId_42174 (cycles)
55842143040,EXECUTE,12655,CYCLES,BACKEND,SUB-EVENT,attn_21_head_6_qk_MatMul_0:OpId_42178 (cycles)
55842143040,EXECUTE,121596,CYCLES,BACKEND,SUB-EVENT,attn_21_head_7_qk_MatMul_0:OpId_42182 (cycles)
55842143040,EXECUTE,11742,CYCLES,BACKEND,SUB-EVENT,attn_21_head_8_qk_MatMul_0:OpId_42186 (cycles)
55842143040,EXECUTE,12028,CYCLES,BACKEND,SUB-EVENT,attn_21_head_9_qk_MatMul_0:OpId_42190 (cycles)
55842143040,EXECUTE,11826,CYCLES,BACKEND,SUB-EVENT,attn_21_head_10_qk_MatMul_0:OpId_42194 (cycles)
55842143040,EXECUTE,7661,CYCLES,BACKEND,SUB-EVENT,attn_21_head_11_qk_MatMul_0:OpId_42198 (cycles)
55842143040,EXECUTE,7361,CYCLES,BACKEND,SUB-EVENT,attn_21_head_12_qk_MatMul_0:OpId_42202 (cycles)
55842143040,EXECUTE,9634,CYCLES,BACKEND,SUB-EVENT,attn_21_head_13_qk_MatMul_0:OpId_42206 (cycles)
55842143040,EXECUTE,16986,CYCLES,BACKEND,SUB-EVENT,Add_633:OpId_42210 (cycles)
55842143040,EXECUTE,16838,CYCLES,BACKEND,SUB-EVENT,Add_635:OpId_42212 (cycles)
55842143040,EXECUTE,16754,CYCLES,BACKEND,SUB-EVENT,Add_637:OpId_42214 (cycles)
55842143040,EXECUTE,15599,CYCLES,BACKEND,SUB-EVENT,Add_639:OpId_42216 (cycles)
55842143040,EXECUTE,15407,CYCLES,BACKEND,SUB-EVENT,Add_641:OpId_42218 (cycles)
55842143040,EXECUTE,16058,CYCLES,BACKEND,SUB-EVENT,Add_643:OpId_42220 (cycles)
55842143040,EXECUTE,17026,CYCLES,BACKEND,SUB-EVENT,Add_645:OpId_42222 (cycles)
55842143040,EXECUTE,17033,CYCLES,BACKEND,SUB-EVENT,Add_647:OpId_42224 (cycles)
55842143040,EXECUTE,16979,CYCLES,BACKEND,SUB-EVENT,Add_649:OpId_42226 (cycles)
55842143040,EXECUTE,16717,CYCLES,BACKEND,SUB-EVENT,Add_651:OpId_42228 (cycles)
55842143040,EXECUTE,18887,CYCLES,BACKEND,SUB-EVENT,Add_653:OpId_42230 (cycles)
55842143040,EXECUTE,16338,CYCLES,BACKEND,SUB-EVENT,Add_655:OpId_42232 (cycles)
55842143040,EXECUTE,18596,CYCLES,BACKEND,SUB-EVENT,Add_657:OpId_42234 (cycles)
55842143040,EXECUTE,16619,CYCLES,BACKEND,SUB-EVENT,Add_659:OpId_42236 (cycles)
55842143040,EXECUTE,10343,CYCLES,BACKEND,SUB-EVENT,attn_21_head_0_Softmax_0:OpId_42238 (cycles)
55842143040,EXECUTE,10396,CYCLES,BACKEND,SUB-EVENT,attn_21_head_1_Softmax_0:OpId_42241 (cycles)
55842143040,EXECUTE,12477,CYCLES,BACKEND,SUB-EVENT,attn_21_head_2_Softmax_0:OpId_42244 (cycles)
55842143040,EXECUTE,12916,CYCLES,BACKEND,SUB-EVENT,attn_21_head_3_Softmax_0:OpId_42247 (cycles)
55842143040,EXECUTE,10932,CYCLES,BACKEND,SUB-EVENT,attn_21_head_4_Softmax_0:OpId_42250 (cycles)
55842143040,EXECUTE,13880,CYCLES,BACKEND,SUB-EVENT,attn_21_head_5_Softmax_0:OpId_42253 (cycles)
55842143040,EXECUTE,10019,CYCLES,BACKEND,SUB-EVENT,attn_21_head_6_Softmax_0:OpId_42256 (cycles)
55842143040,EXECUTE,10013,CYCLES,BACKEND,SUB-EVENT,attn_21_head_7_Softmax_0:OpId_42259 (cycles)
55842143040,EXECUTE,9936,CYCLES,BACKEND,SUB-EVENT,attn_21_head_8_Softmax_0:OpId_42262 (cycles)
55842143040,EXECUTE,12761,CYCLES,BACKEND,SUB-EVENT,attn_21_head_9_Softmax_0:OpId_42265 (cycles)
55842143040,EXECUTE,10765,CYCLES,BACKEND,SUB-EVENT,attn_21_head_10_Softmax_0:OpId_42268 (cycles)
55842143040,EXECUTE,10180,CYCLES,BACKEND,SUB-EVENT,attn_21_head_11_Softmax_0:OpId_42271 (cycles)
55842143040,EXECUTE,24712,CYCLES,BACKEND,SUB-EVENT,attn_21_head_12_Softmax_0:OpId_42274 (cycles)
55842143040,EXECUTE,10334,CYCLES,BACKEND,SUB-EVENT,attn_21_head_13_Softmax_0:OpId_42277 (cycles)
55842143040,EXECUTE,37948,CYCLES,BACKEND,SUB-EVENT,attn_21_head_0_qkv_MatMul_0:OpId_42280 (cycles)
55842143040,EXECUTE,1413,CYCLES,BACKEND,SUB-EVENT,attn_21_head_1_qkv_MatMul_0:OpId_42284 (cycles)
55842143040,EXECUTE,1999,CYCLES,BACKEND,SUB-EVENT,attn_21_head_2_qkv_MatMul_0:OpId_42288 (cycles)
55842143040,EXECUTE,1405,CYCLES,BACKEND,SUB-EVENT,attn_21_head_3_qkv_MatMul_0:OpId_42292 (cycles)
55842143040,EXECUTE,2648,CYCLES,BACKEND,SUB-EVENT,attn_21_head_4_qkv_MatMul_0:OpId_42296 (cycles)
55842143040,EXECUTE,1455,CYCLES,BACKEND,SUB-EVENT,attn_21_head_5_qkv_MatMul_0:OpId_42300 (cycles)
55842143040,EXECUTE,1265,CYCLES,BACKEND,SUB-EVENT,attn_21_head_6_qkv_MatMul_0:OpId_42304 (cycles)
55842143040,EXECUTE,42208,CYCLES,BACKEND,SUB-EVENT,attn_21_head_7_qkv_MatMul_0:OpId_42308 (cycles)
55842143040,EXECUTE,1328,CYCLES,BACKEND,SUB-EVENT,attn_21_head_8_qkv_MatMul_0:OpId_42312 (cycles)
55842143040,EXECUTE,3251,CYCLES,BACKEND,SUB-EVENT,attn_21_head_9_qkv_MatMul_0:OpId_42316 (cycles)
55842143040,EXECUTE,1326,CYCLES,BACKEND,SUB-EVENT,attn_21_head_10_qkv_MatMul_0:OpId_42320 (cycles)
55842143040,EXECUTE,1761,CYCLES,BACKEND,SUB-EVENT,attn_21_head_11_qkv_MatMul_0:OpId_42324 (cycles)
55842143040,EXECUTE,1143,CYCLES,BACKEND,SUB-EVENT,attn_21_head_12_qkv_MatMul_0:OpId_42328 (cycles)
55842143040,EXECUTE,1114,CYCLES,BACKEND,SUB-EVENT,attn_21_head_13_qkv_MatMul_0:OpId_42332 (cycles)
55842143040,EXECUTE,0,CYCLES,BACKEND,SUB-EVENT,Concat_505:OpId_42336 (cycles)
55842143040,EXECUTE,0,CYCLES,BACKEND,SUB-EVENT,Reshape_23:OpId_42338 (cycles)
55842143040,EXECUTE,0,CYCLES,BACKEND,SUB-EVENT,model_layers_21_self_attn_Transpose_6:OpId_42340 (cycles)
55842143040,EXECUTE,23409,CYCLES,BACKEND,SUB-EVENT,model_layers_21_self_attn_o_proj_conv_Conv:OpId_42348 (cycles)
55842143040,EXECUTE,2333,CYCLES,BACKEND,SUB-EVENT,/model_layers_21_self_attn_o_proj_conv_Conv/Conv_output_0.nchw:OpId_42352 (cycles)
55842143040,EXECUTE,0,CYCLES,BACKEND,SUB-EVENT,model_layers_21_self_attn_Reshape_9:OpId_42353 (cycles)
55842143040,EXECUTE,3189,CYCLES,BACKEND,SUB-EVENT,model_layers_21_Add:OpId_42354 (cycles)
55842143040,EXECUTE,6702,CYCLES,BACKEND,SUB-EVENT,rms_norm_84:OpId_42359 (cycles)
55842143040,EXECUTE,0,CYCLES,BACKEND,SUB-EVENT,model_layers_21_mlp_Reshape:OpId_42362 (cycles)
55842143040,EXECUTE,0,CYCLES,BACKEND,SUB-EVENT,model_layers_21_mlp_Transpose:OpId_42364 (cycles)
55842143040,EXECUTE,122968,CYCLES,BACKEND,SUB-EVENT,model_layers_21_mlp_gate_proj_conv_Conv:OpId_42372 (cycles)
55842143040,EXECUTE,106480,CYCLES,BACKEND,SUB-EVENT,model_layers_21_mlp_up_proj_conv_Conv:OpId_42382 (cycles)
55842143040,EXECUTE,0,CYCLES,BACKEND,SUB-EVENT,model_layers_21_mlp_act_fn_Sigmoid:OpId_42385 (cycles)
55842143040,EXECUTE,40816,CYCLES,BACKEND,SUB-EVENT,model_layers_21_mlp_act_fn_Mul:OpId_42392 (cycles)
55842143040,EXECUTE,33984,CYCLES,BACKEND,SUB-EVENT,model_layers_21_mlp_Mul:OpId_42394 (cycles)
55842143040,EXECUTE,59793,CYCLES,BACKEND,SUB-EVENT,model_layers_21_mlp_down_proj_conv_Conv:OpId_42403 (cycles)
55842143040,EXECUTE,310,CYCLES,BACKEND,SUB-EVENT,/model_layers_21_mlp_down_proj_conv_Conv/Conv_output_0.nchw:OpId_42407 (cycles)
55842143040,EXECUTE,0,CYCLES,BACKEND,SUB-EVENT,model_layers_21_mlp_Reshape_1:OpId_42408 (cycles)
55842143040,EXECUTE,3288,CYCLES,BACKEND,SUB-EVENT,model_layers_21_Add_1:OpId_42409 (cycles)
55842143040,EXECUTE,16824,CYCLES,BACKEND,SUB-EVENT,rms_norm_86:OpId_42414 (cycles)
55842143040,EXECUTE,0,CYCLES,BACKEND,SUB-EVENT,model_layers_22_self_attn_Reshape:OpId_42417 (cycles)
55842143040,EXECUTE,0,CYCLES,BACKEND,SUB-EVENT,model_layers_22_self_attn_Transpose:OpId_42419 (cycles)
55842143040,EXECUTE,710,CYCLES,BACKEND,SUB-EVENT,attn_22_head_0_key_Conv:OpId_42427 (cycles)
55842143040,EXECUTE,824,CYCLES,BACKEND,SUB-EVENT,attn_22_head_0_value_Conv:OpId_42437 (cycles)
55842143040,EXECUTE,2407,CYCLES,BACKEND,SUB-EVENT,attn_22_head_0_value_Transpose/output_converted_UFIXED_POINT_8:OpId_42440 (cycles)
55842143040,EXECUTE,1744,CYCLES,BACKEND,SUB-EVENT,attn_22_head_1_key_Conv:OpId_42450 (cycles)
55842143040,EXECUTE,805,CYCLES,BACKEND,SUB-EVENT,attn_22_head_1_value_Conv:OpId_42460 (cycles)
55842143040,EXECUTE,480,CYCLES,BACKEND,SUB-EVENT,attn_22_head_1_value_Transpose/output_converted_UFIXED_POINT_8:OpId_42463 (cycles)
55842143040,EXECUTE,2159,CYCLES,BACKEND,SUB-EVENT,attn_22_head_0_query_Conv:OpId_42473 (cycles)
55842143040,EXECUTE,792,CYCLES,BACKEND,SUB-EVENT,attn_22_head_1_query_Conv:OpId_42483 (cycles)
55842143040,EXECUTE,637,CYCLES,BACKEND,SUB-EVENT,attn_22_head_2_query_Conv:OpId_42493 (cycles)
55842143040,EXECUTE,1471,CYCLES,BACKEND,SUB-EVENT,attn_22_head_3_query_Conv:OpId_42503 (cycles)
55842143040,EXECUTE,1961,CYCLES,BACKEND,SUB-EVENT,attn_22_head_4_query_Conv:OpId_42513 (cycles)
55842143040,EXECUTE,1016,CYCLES,BACKEND,SUB-EVENT,attn_22_head_5_query_Conv:OpId_42523 (cycles)
55842143040,EXECUTE,932,CYCLES,BACKEND,SUB-EVENT,attn_22_head_6_query_Conv:OpId_42533 (cycles)
55842143040,EXECUTE,2200,CYCLES,BACKEND,SUB-EVENT,attn_22_head_7_query_Conv:OpId_42543 (cycles)
55842143040,EXECUTE,1836,CYCLES,BACKEND,SUB-EVENT,attn_22_head_8_query_Conv:OpId_42553 (cycles)
55842143040,EXECUTE,635,CYCLES,BACKEND,SUB-EVENT,attn_22_head_9_query_Conv:OpId_42563 (cycles)
55842143040,EXECUTE,1819,CYCLES,BACKEND,SUB-EVENT,attn_22_head_10_query_Conv:OpId_42573 (cycles)
55842143040,EXECUTE,809,CYCLES,BACKEND,SUB-EVENT,attn_22_head_11_query_Conv:OpId_42583 (cycles)
55842143040,EXECUTE,1680,CYCLES,BACKEND,SUB-EVENT,attn_22_head_12_query_Conv:OpId_42593 (cycles)
55842143040,EXECUTE,581,CYCLES,BACKEND,SUB-EVENT,attn_22_head_13_query_Conv:OpId_42603 (cycles)
55842143040,EXECUTE,262,CYCLES,BACKEND,SUB-EVENT,Slice_792:OpId_42607 (cycles)
55842143040,EXECUTE,2988,CYCLES,BACKEND,SUB-EVENT,Slice_793:OpId_42613 (cycles)
55842143040,EXECUTE,184,CYCLES,BACKEND,SUB-EVENT,Slice_794:OpId_42619 (cycles)
55842143040,EXECUTE,100,CYCLES,BACKEND,SUB-EVENT,Slice_795:OpId_42625 (cycles)
55842143040,EXECUTE,0,CYCLES,BACKEND,SUB-EVENT,Concat_527:OpId_42630 (cycles)
55842143040,EXECUTE,152,CYCLES,BACKEND,SUB-EVENT,Slice_800:OpId_42633 (cycles)
55842143040,EXECUTE,157,CYCLES,BACKEND,SUB-EVENT,Slice_801:OpId_42639 (cycles)
55842143040,EXECUTE,1926,CYCLES,BACKEND,SUB-EVENT,Slice_802:OpId_42645 (cycles)
55842143040,EXECUTE,340,CYCLES,BACKEND,SUB-EVENT,Slice_803:OpId_42651 (cycles)
55842143040,EXECUTE,398,CYCLES,BACKEND,SUB-EVENT,Slice_804:OpId_42657 (cycles)
55842143040,EXECUTE,2458,CYCLES,BACKEND,SUB-EVENT,Slice_805:OpId_42663 (cycles)
55842143040,EXECUTE,596,CYCLES,BACKEND,SUB-EVENT,Slice_806:OpId_42669 (cycles)
55842143040,EXECUTE,1107,CYCLES,BACKEND,SUB-EVENT,Slice_807:OpId_42675 (cycles)
55842143040,EXECUTE,1976,CYCLES,BACKEND,SUB-EVENT,Slice_808:OpId_42681 (cycles)
55842143040,EXECUTE,2398,CYCLES,BACKEND,SUB-EVENT,Slice_809:OpId_42687 (cycles)
55842143040,EXECUTE,213,CYCLES,BACKEND,SUB-EVENT,Slice_810:OpId_42693 (cycles)
55842143040,EXECUTE,135,CYCLES,BACKEND,SUB-EVENT,Slice_811:OpId_42699 (cycles)
55842143040,EXECUTE,960,CYCLES,BACKEND,SUB-EVENT,Slice_812:OpId_42705 (cycles)
55842143040,EXECUTE,127,CYCLES,BACKEND,SUB-EVENT,Slice_813:OpId_42711 (cycles)
55842143040,EXECUTE,203,CYCLES,BACKEND,SUB-EVENT,Slice_814:OpId_42717 (cycles)
55842143040,EXECUTE,172,CYCLES,BACKEND,SUB-EVENT,Slice_815:OpId_42723 (cycles)
55842143040,EXECUTE,231,CYCLES,BACKEND,SUB-EVENT,Slice_816:OpId_42729 (cycles)
55842143040,EXECUTE,217,CYCLES,BACKEND,SUB-EVENT,Slice_817:OpId_42735 (cycles)
55842143040,EXECUTE,222,CYCLES,BACKEND,SUB-EVENT,Slice_818:OpId_42741 (cycles)
55842143040,EXECUTE,225,CYCLES,BACKEND,SUB-EVENT,Slice_819:OpId_42747 (cycles)
55842143040,EXECUTE,205,CYCLES,BACKEND,SUB-EVENT,Slice_820:OpId_42753 (cycles)
55842143040,EXECUTE,174,CYCLES,BACKEND,SUB-EVENT,Slice_821:OpId_42759 (cycles)
55842143040,EXECUTE,132,CYCLES,BACKEND,SUB-EVENT,Slice_822:OpId_42765 (cycles)
55842143040,EXECUTE,100,CYCLES,BACKEND,SUB-EVENT,Slice_823:OpId_42771 (cycles)
55842143040,EXECUTE,193,CYCLES,BACKEND,SUB-EVENT,Slice_824:OpId_42777 (cycles)
55842143040,EXECUTE,158,CYCLES,BACKEND,SUB-EVENT,Slice_825:OpId_42783 (cycles)
55842143040,EXECUTE,192,CYCLES,BACKEND,SUB-EVENT,Slice_826:OpId_42789 (cycles)
55842143040,EXECUTE,190,CYCLES,BACKEND,SUB-EVENT,Slice_827:OpId_42795 (cycles)
55842143040,EXECUTE,12564,CYCLES,BACKEND,SUB-EVENT,Concat_509:OpId_42800 (cycles)
55842143040,EXECUTE,5660,CYCLES,BACKEND,SUB-EVENT,Concat_511:OpId_42802 (cycles)
55842143040,EXECUTE,2791,CYCLES,BACKEND,SUB-EVENT,Mul_1408:OpId_42804 (cycles)
55842143040,EXECUTE,2416,CYCLES,BACKEND,SUB-EVENT,Mul_1410:OpId_42806 (cycles)
55842143040,EXECUTE,3822,CYCLES,BACKEND,SUB-EVENT,Mul_1409:OpId_42808 (cycles)
55842143040,EXECUTE,2272,CYCLES,BACKEND,SUB-EVENT,Mul_1411:OpId_42810 (cycles)
55842143040,EXECUTE,196,CYCLES,BACKEND,SUB-EVENT,Mul_1412:OpId_42812 (cycles)
55842143040,EXECUTE,174,CYCLES,BACKEND,SUB-EVENT,Mul_1414:OpId_42814 (cycles)
55842143040,EXECUTE,243,CYCLES,BACKEND,SUB-EVENT,Mul_1413:OpId_42816 (cycles)
55842143040,EXECUTE,303,CYCLES,BACKEND,SUB-EVENT,Mul_1415:OpId_42818 (cycles)
55842143040,EXECUTE,2102,CYCLES,BACKEND,SUB-EVENT,Mul_1416:OpId_42820 (cycles)
55842143040,EXECUTE,1753,CYCLES,BACKEND,SUB-EVENT,Mul_1418:OpId_42822 (cycles)
55842143040,EXECUTE,1804,CYCLES,BACKEND,SUB-EVENT,Mul_1417:OpId_42824 (cycles)
55842143040,EXECUTE,882,CYCLES,BACKEND,SUB-EVENT,Mul_1419:OpId_42826 (cycles)
55842143040,EXECUTE,327,CYCLES,BACKEND,SUB-EVENT,Mul_1420:OpId_42828 (cycles)
55842143040,EXECUTE,134,CYCLES,BACKEND,SUB-EVENT,Mul_1422:OpId_42830 (cycles)
55842143040,EXECUTE,137,CYCLES,BACKEND,SUB-EVENT,Mul_1421:OpId_42832 (cycles)
55842143040,EXECUTE,107,CYCLES,BACKEND,SUB-EVENT,Mul_1423:OpId_42834 (cycles)
55842143040,EXECUTE,126,CYCLES,BACKEND,SUB-EVENT,Mul_1424:OpId_42836 (cycles)
55842143040,EXECUTE,183,CYCLES,BACKEND,SUB-EVENT,Mul_1426:OpId_42838 (cycles)
55842143040,EXECUTE,206,CYCLES,BACKEND,SUB-EVENT,Mul_1425:OpId_42840 (cycles)
55842143040,EXECUTE,197,CYCLES,BACKEND,SUB-EVENT,Mul_1427:OpId_42842 (cycles)
55842143040,EXECUTE,158,CYCLES,BACKEND,SUB-EVENT,Mul_1428:OpId_42844 (cycles)
55842143040,EXECUTE,138,CYCLES,BACKEND,SUB-EVENT,Mul_1430:OpId_42846 (cycles)
55842143040,EXECUTE,136,CYCLES,BACKEND,SUB-EVENT,Mul_1429:OpId_42848 (cycles)
55842143040,EXECUTE,122,CYCLES,BACKEND,SUB-EVENT,Mul_1431:OpId_42850 (cycles)
55842143040,EXECUTE,167,CYCLES,BACKEND,SUB-EVENT,Mul_1432:OpId_42852 (cycles)
55842143040,EXECUTE,142,CYCLES,BACKEND,SUB-EVENT,Mul_1434:OpId_42854 (cycles)
55842143040,EXECUTE,1679,CYCLES,BACKEND,SUB-EVENT,Mul_1433:OpId_42856 (cycles)
55842143040,EXECUTE,129,CYCLES,BACKEND,SUB-EVENT,Mul_1435:OpId_42858 (cycles)
55842143040,EXECUTE,155,CYCLES,BACKEND,SUB-EVENT,Mul_1436:OpId_42860 (cycles)
55842143040,EXECUTE,125,CYCLES,BACKEND,SUB-EVENT,Mul_1438:OpId_42862 (cycles)
55842143040,EXECUTE,124,CYCLES,BACKEND,SUB-EVENT,Mul_1437:OpId_42864 (cycles)
55842143040,EXECUTE,134,CYCLES,BACKEND,SUB-EVENT,Mul_1439:OpId_42866 (cycles)
55842143040,EXECUTE,239,CYCLES,BACKEND,SUB-EVENT,Mul_1440:OpId_42868 (cycles)
55842143040,EXECUTE,155,CYCLES,BACKEND,SUB-EVENT,Mul_1442:OpId_42870 (cycles)
55842143040,EXECUTE,184,CYCLES,BACKEND,SUB-EVENT,Mul_1441:OpId_42872 (cycles)
55842143040,EXECUTE,181,CYCLES,BACKEND,SUB-EVENT,Mul_1443:OpId_42874 (cycles)
55842143040,EXECUTE,228,CYCLES,BACKEND,SUB-EVENT,Mul_1444:OpId_42876 (cycles)
55842143040,EXECUTE,159,CYCLES,BACKEND,SUB-EVENT,Mul_1446:OpId_42878 (cycles)
55842143040,EXECUTE,168,CYCLES,BACKEND,SUB-EVENT,Mul_1445:OpId_42880 (cycles)
55842143040,EXECUTE,152,CYCLES,BACKEND,SUB-EVENT,Mul_1447:OpId_42882 (cycles)
55842143040,EXECUTE,173,CYCLES,BACKEND,SUB-EVENT,Mul_1448:OpId_42884 (cycles)
55842143040,EXECUTE,197,CYCLES,BACKEND,SUB-EVENT,Mul_1450:OpId_42886 (cycles)
55842143040,EXECUTE,201,CYCLES,BACKEND,SUB-EVENT,Mul_1449:OpId_42888 (cycles)
55842143040,EXECUTE,150,CYCLES,BACKEND,SUB-EVENT,Mul_1451:OpId_42890 (cycles)
55842143040,EXECUTE,177,CYCLES,BACKEND,SUB-EVENT,Mul_1452:OpId_42892 (cycles)
55842143040,EXECUTE,226,CYCLES,BACKEND,SUB-EVENT,Mul_1454:OpId_42894 (cycles)
55842143040,EXECUTE,247,CYCLES,BACKEND,SUB-EVENT,Mul_1453:OpId_42896 (cycles)
55842143040,EXECUTE,137,CYCLES,BACKEND,SUB-EVENT,Mul_1455:OpId_42898 (cycles)
55842143040,EXECUTE,142,CYCLES,BACKEND,SUB-EVENT,Mul_1456:OpId_42900 (cycles)
55842143040,EXECUTE,219,CYCLES,BACKEND,SUB-EVENT,Mul_1458:OpId_42902 (cycles)
55842143040,EXECUTE,198,CYCLES,BACKEND,SUB-EVENT,Mul_1457:OpId_42904 (cycles)
55842143040,EXECUTE,141,CYCLES,BACKEND,SUB-EVENT,Mul_1459:OpId_42906 (cycles)
55842143040,EXECUTE,188,CYCLES,BACKEND,SUB-EVENT,Mul_1460:OpId_42908 (cycles)
55842143040,EXECUTE,143,CYCLES,BACKEND,SUB-EVENT,Mul_1462:OpId_42910 (cycles)
55842143040,EXECUTE,134,CYCLES,BACKEND,SUB-EVENT,Mul_1461:OpId_42912 (cycles)
55842143040,EXECUTE,119,CYCLES,BACKEND,SUB-EVENT,Mul_1463:OpId_42914 (cycles)
55842143040,EXECUTE,211,CYCLES,BACKEND,SUB-EVENT,Mul_1464:OpId_42916 (cycles)
55842143040,EXECUTE,181,CYCLES,BACKEND,SUB-EVENT,Mul_1466:OpId_42918 (cycles)
55842143040,EXECUTE,230,CYCLES,BACKEND,SUB-EVENT,Mul_1465:OpId_42920 (cycles)
55842143040,EXECUTE,175,CYCLES,BACKEND,SUB-EVENT,Mul_1467:OpId_42922 (cycles)
55842143040,EXECUTE,184,CYCLES,BACKEND,SUB-EVENT,Mul_1468:OpId_42924 (cycles)
55842143040,EXECUTE,132,CYCLES,BACKEND,SUB-EVENT,Mul_1470:OpId_42926 (cycles)
55842143040,EXECUTE,222,CYCLES,BACKEND,SUB-EVENT,Mul_1469:OpId_42928 (cycles)
55842143040,EXECUTE,146,CYCLES,BACKEND,SUB-EVENT,Mul_1471:OpId_42930 (cycles)
55842143040,EXECUTE,3587,CYCLES,BACKEND,SUB-EVENT,Sub_352:OpId_42932 (cycles)
55842143040,EXECUTE,296,CYCLES,BACKEND,SUB-EVENT,Sub_352_converted_UFIXED_POINT_8:OpId_42934 (cycles)
55842143040,EXECUTE,1636,CYCLES,BACKEND,SUB-EVENT,Add_660:OpId_42937 (cycles)
55842143040,EXECUTE,249,CYCLES,BACKEND,SUB-EVENT,Add_660_converted_UFIXED_POINT_8:OpId_42939 (cycles)
55842143040,EXECUTE,182,CYCLES,BACKEND,SUB-EVENT,Sub_353:OpId_42942 (cycles)
55842143040,EXECUTE,237,CYCLES,BACKEND,SUB-EVENT,Sub_353_converted_UFIXED_POINT_8:OpId_42944 (cycles)
55842143040,EXECUTE,153,CYCLES,BACKEND,SUB-EVENT,Add_661:OpId_42947 (cycles)
55842143040,EXECUTE,223,CYCLES,BACKEND,SUB-EVENT,Add_661_converted_UFIXED_POINT_8:OpId_42949 (cycles)
55842143040,EXECUTE,1833,CYCLES,BACKEND,SUB-EVENT,Sub_354:OpId_42952 (cycles)
55842143040,EXECUTE,1261,CYCLES,BACKEND,SUB-EVENT,Add_662:OpId_42954 (cycles)
55842143040,EXECUTE,422,CYCLES,BACKEND,SUB-EVENT,Sub_355:OpId_42956 (cycles)
55842143040,EXECUTE,377,CYCLES,BACKEND,SUB-EVENT,Add_664:OpId_42958 (cycles)
55842143040,EXECUTE,368,CYCLES,BACKEND,SUB-EVENT,Sub_356:OpId_42960 (cycles)
55842143040,EXECUTE,382,CYCLES,BACKEND,SUB-EVENT,Add_666:OpId_42962 (cycles)
55842143040,EXECUTE,1790,CYCLES,BACKEND,SUB-EVENT,Sub_357:OpId_42964 (cycles)
55842143040,EXECUTE,1646,CYCLES,BACKEND,SUB-EVENT,Add_668:OpId_42966 (cycles)
55842143040,EXECUTE,638,CYCLES,BACKEND,SUB-EVENT,Sub_358:OpId_42968 (cycles)
55842143040,EXECUTE,470,CYCLES,BACKEND,SUB-EVENT,Add_670:OpId_42970 (cycles)
55842143040,EXECUTE,870,CYCLES,BACKEND,SUB-EVENT,Sub_359:OpId_42972 (cycles)
55842143040,EXECUTE,856,CYCLES,BACKEND,SUB-EVENT,Add_672:OpId_42974 (cycles)
55842143040,EXECUTE,853,CYCLES,BACKEND,SUB-EVENT,Sub_360:OpId_42976 (cycles)
55842143040,EXECUTE,772,CYCLES,BACKEND,SUB-EVENT,Add_674:OpId_42978 (cycles)
55842143040,EXECUTE,360,CYCLES,BACKEND,SUB-EVENT,Sub_361:OpId_42980 (cycles)
55842143040,EXECUTE,369,CYCLES,BACKEND,SUB-EVENT,Add_676:OpId_42982 (cycles)
55842143040,EXECUTE,379,CYCLES,BACKEND,SUB-EVENT,Sub_362:OpId_42984 (cycles)
55842143040,EXECUTE,390,CYCLES,BACKEND,SUB-EVENT,Add_678:OpId_42986 (cycles)
55842143040,EXECUTE,347,CYCLES,BACKEND,SUB-EVENT,Sub_363:OpId_42988 (cycles)
55842143040,EXECUTE,343,CYCLES,BACKEND,SUB-EVENT,Add_680:OpId_42990 (cycles)
55842143040,EXECUTE,842,CYCLES,BACKEND,SUB-EVENT,Sub_364:OpId_42992 (cycles)
55842143040,EXECUTE,341,CYCLES,BACKEND,SUB-EVENT,Add_682:OpId_42994 (cycles)
55842143040,EXECUTE,484,CYCLES,BACKEND,SUB-EVENT,Sub_365:OpId_42996 (cycles)
55842143040,EXECUTE,554,CYCLES,BACKEND,SUB-EVENT,Add_684:OpId_42998 (cycles)
55842143040,EXECUTE,421,CYCLES,BACKEND,SUB-EVENT,Sub_366:OpId_43000 (cycles)
55842143040,EXECUTE,416,CYCLES,BACKEND,SUB-EVENT,Add_686:OpId_43002 (cycles)
55842143040,EXECUTE,472,CYCLES,BACKEND,SUB-EVENT,Sub_367:OpId_43004 (cycles)
55842143040,EXECUTE,417,CYCLES,BACKEND,SUB-EVENT,Add_688:OpId_43006 (cycles)
55842143040,EXECUTE,1728,CYCLES,BACKEND,SUB-EVENT,Concat_506:OpId_43008 (cycles)
55842143040,EXECUTE,1134,CYCLES,BACKEND,SUB-EVENT,Concat_507:OpId_43010 (cycles)
55842143040,EXECUTE,0,CYCLES,BACKEND,SUB-EVENT,Concat_512:OpId_43012 (cycles)
55842143040,EXECUTE,0,CYCLES,BACKEND,SUB-EVENT,Concat_513:OpId_43014 (cycles)
55842143040,EXECUTE,0,CYCLES,BACKEND,SUB-EVENT,Concat_514:OpId_43016 (cycles)
55842143040,EXECUTE,0,CYCLES,BACKEND,SUB-EVENT,Concat_515:OpId_43018 (cycles)
55842143040,EXECUTE,0,CYCLES,BACKEND,SUB-EVENT,Concat_516:OpId_43020 (cycles)
55842143040,EXECUTE,0,CYCLES,BACKEND,SUB-EVENT,Concat_517:OpId_43022 (cycles)
55842143040,EXECUTE,0,CYCLES,BACKEND,SUB-EVENT,Concat_518:OpId_43024 (cycles)
55842143040,EXECUTE,0,CYCLES,BACKEND,SUB-EVENT,Concat_519:OpId_43026 (cycles)
55842143040,EXECUTE,0,CYCLES,BACKEND,SUB-EVENT,Concat_520:OpId_43028 (cycles)
55842143040,EXECUTE,0,CYCLES,BACKEND,SUB-EVENT,Concat_521:OpId_43030 (cycles)
55842143040,EXECUTE,0,CYCLES,BACKEND,SUB-EVENT,Concat_522:OpId_43032 (cycles)
55842143040,EXECUTE,0,CYCLES,BACKEND,SUB-EVENT,Concat_523:OpId_43034 (cycles)
55842143040,EXECUTE,0,CYCLES,BACKEND,SUB-EVENT,Concat_524:OpId_43036 (cycles)
55842143040,EXECUTE,0,CYCLES,BACKEND,SUB-EVENT,Concat_525:OpId_43038 (cycles)
55842143040,EXECUTE,0,CYCLES,BACKEND,SUB-EVENT,attn_22_head_0_key_Transpose_0:OpId_43041 (cycles)
55842143040,EXECUTE,0,CYCLES,BACKEND,SUB-EVENT,attn_22_head_1_key_Transpose_0:OpId_43043 (cycles)
55842143040,EXECUTE,0,CYCLES,BACKEND,SUB-EVENT,Concat_508:OpId_43044 (cycles)
55842143040,EXECUTE,0,CYCLES,BACKEND,SUB-EVENT,Concat_510:OpId_43046 (cycles)
55842143040,EXECUTE,0,CYCLES,BACKEND,SUB-EVENT,Concat_526:OpId_43048 (cycles)
55842143040,EXECUTE,149243,CYCLES,BACKEND,SUB-EVENT,attn_22_head_0_qk_MatMul_0:OpId_43050 (cycles)
55842143040,EXECUTE,7749,CYCLES,BACKEND,SUB-EVENT,attn_22_head_1_qk_MatMul_0:OpId_43054 (cycles)
55842143040,EXECUTE,11839,CYCLES,BACKEND,SUB-EVENT,attn_22_head_2_qk_MatMul_0:OpId_43058 (cycles)
55842143040,EXECUTE,10788,CYCLES,BACKEND,SUB-EVENT,attn_22_head_3_qk_MatMul_0:OpId_43062 (cycles)
55842143040,EXECUTE,8103,CYCLES,BACKEND,SUB-EVENT,attn_22_head_4_qk_MatMul_0:OpId_43066 (cycles)
55842143040,EXECUTE,7553,CYCLES,BACKEND,SUB-EVENT,attn_22_head_5_qk_MatMul_0:OpId_43070 (cycles)
55842143040,EXECUTE,6604,CYCLES,BACKEND,SUB-EVENT,attn_22_head_6_qk_MatMul_0:OpId_43074 (cycles)
55842143040,EXECUTE,125720,CYCLES,BACKEND,SUB-EVENT,attn_22_head_7_qk_MatMul_0:OpId_43078 (cycles)
55842143040,EXECUTE,13558,CYCLES,BACKEND,SUB-EVENT,attn_22_head_8_qk_MatMul_0:OpId_43082 (cycles)
55842143040,EXECUTE,8020,CYCLES,BACKEND,SUB-EVENT,attn_22_head_9_qk_MatMul_0:OpId_43086 (cycles)
55842143040,EXECUTE,8555,CYCLES,BACKEND,SUB-EVENT,attn_22_head_10_qk_MatMul_0:OpId_43090 (cycles)
55842143040,EXECUTE,13254,CYCLES,BACKEND,SUB-EVENT,attn_22_head_11_qk_MatMul_0:OpId_43094 (cycles)
55842143040,EXECUTE,9459,CYCLES,BACKEND,SUB-EVENT,attn_22_head_12_qk_MatMul_0:OpId_43098 (cycles)
55842143040,EXECUTE,11223,CYCLES,BACKEND,SUB-EVENT,attn_22_head_13_qk_MatMul_0:OpId_43102 (cycles)
55842143040,EXECUTE,16775,CYCLES,BACKEND,SUB-EVENT,Add_663:OpId_43106 (cycles)
55842143040,EXECUTE,15537,CYCLES,BACKEND,SUB-EVENT,Add_665:OpId_43108 (cycles)
55842143040,EXECUTE,16563,CYCLES,BACKEND,SUB-EVENT,Add_667:OpId_43110 (cycles)
55842143040,EXECUTE,17048,CYCLES,BACKEND,SUB-EVENT,Add_669:OpId_43112 (cycles)
55842143040,EXECUTE,16950,CYCLES,BACKEND,SUB-EVENT,Add_671:OpId_43114 (cycles)
55842143040,EXECUTE,16469,CYCLES,BACKEND,SUB-EVENT,Add_673:OpId_43116 (cycles)
55842143040,EXECUTE,16465,CYCLES,BACKEND,SUB-EVENT,Add_675:OpId_43118 (cycles)
55842143040,EXECUTE,15161,CYCLES,BACKEND,SUB-EVENT,Add_677:OpId_43120 (cycles)
55842143040,EXECUTE,16948,CYCLES,BACKEND,SUB-EVENT,Add_679:OpId_43122 (cycles)
55842143040,EXECUTE,16902,CYCLES,BACKEND,SUB-EVENT,Add_681:OpId_43124 (cycles)
55842143040,EXECUTE,16416,CYCLES,BACKEND,SUB-EVENT,Add_683:OpId_43126 (cycles)
55842143040,EXECUTE,17387,CYCLES,BACKEND,SUB-EVENT,Add_685:OpId_43128 (cycles)
55842143040,EXECUTE,17169,CYCLES,BACKEND,SUB-EVENT,Add_687:OpId_43130 (cycles)
55842143040,EXECUTE,17032,CYCLES,BACKEND,SUB-EVENT,Add_689:OpId_43132 (cycles)
55842143040,EXECUTE,14281,CYCLES,BACKEND,SUB-EVENT,attn_22_head_0_Softmax_0:OpId_43134 (cycles)
55842143040,EXECUTE,12667,CYCLES,BACKEND,SUB-EVENT,attn_22_head_1_Softmax_0:OpId_43137 (cycles)
55842143040,EXECUTE,10311,CYCLES,BACKEND,SUB-EVENT,attn_22_head_2_Softmax_0:OpId_43140 (cycles)
55842143040,EXECUTE,10319,CYCLES,BACKEND,SUB-EVENT,attn_22_head_3_Softmax_0:OpId_43143 (cycles)
55842143040,EXECUTE,11819,CYCLES,BACKEND,SUB-EVENT,attn_22_head_4_Softmax_0:OpId_43146 (cycles)
55842143040,EXECUTE,11614,CYCLES,BACKEND,SUB-EVENT,attn_22_head_5_Softmax_0:OpId_43149 (cycles)
55842143040,EXECUTE,10201,CYCLES,BACKEND,SUB-EVENT,attn_22_head_6_Softmax_0:OpId_43152 (cycles)
55842143040,EXECUTE,10656,CYCLES,BACKEND,SUB-EVENT,attn_22_head_7_Softmax_0:OpId_43155 (cycles)
55842143040,EXECUTE,12837,CYCLES,BACKEND,SUB-EVENT,attn_22_head_8_Softmax_0:OpId_43158 (cycles)
55842143040,EXECUTE,12753,CYCLES,BACKEND,SUB-EVENT,attn_22_head_9_Softmax_0:OpId_43161 (cycles)
55842143040,EXECUTE,10098,CYCLES,BACKEND,SUB-EVENT,attn_22_head_10_Softmax_0:OpId_43164 (cycles)
55842143040,EXECUTE,10069,CYCLES,BACKEND,SUB-EVENT,attn_22_head_11_Softmax_0:OpId_43167 (cycles)
55842143040,EXECUTE,9507,CYCLES,BACKEND,SUB-EVENT,attn_22_head_12_Softmax_0:OpId_43170 (cycles)
55842143040,EXECUTE,10053,CYCLES,BACKEND,SUB-EVENT,attn_22_head_13_Softmax_0:OpId_43173 (cycles)
55842143040,EXECUTE,40297,CYCLES,BACKEND,SUB-EVENT,attn_22_head_0_qkv_MatMul_0:OpId_43176 (cycles)
55842143040,EXECUTE,1306,CYCLES,BACKEND,SUB-EVENT,attn_22_head_1_qkv_MatMul_0:OpId_43180 (cycles)
55842143040,EXECUTE,1479,CYCLES,BACKEND,SUB-EVENT,attn_22_head_2_qkv_MatMul_0:OpId_43184 (cycles)
55842143040,EXECUTE,1432,CYCLES,BACKEND,SUB-EVENT,attn_22_head_3_qkv_MatMul_0:OpId_43188 (cycles)
55842143040,EXECUTE,1168,CYCLES,BACKEND,SUB-EVENT,attn_22_head_4_qkv_MatMul_0:OpId_43192 (cycles)
55842143040,EXECUTE,1151,CYCLES,BACKEND,SUB-EVENT,attn_22_head_5_qkv_MatMul_0:OpId_43196 (cycles)
55842143040,EXECUTE,1368,CYCLES,BACKEND,SUB-EVENT,attn_22_head_6_qkv_MatMul_0:OpId_43200 (cycles)
55842143040,EXECUTE,42150,CYCLES,BACKEND,SUB-EVENT,attn_22_head_7_qkv_MatMul_0:OpId_43204 (cycles)
55842143040,EXECUTE,1431,CYCLES,BACKEND,SUB-EVENT,attn_22_head_8_qkv_MatMul_0:OpId_43208 (cycles)
55842143040,EXECUTE,2621,CYCLES,BACKEND,SUB-EVENT,attn_22_head_9_qkv_MatMul_0:OpId_43212 (cycles)
55842143040,EXECUTE,1198,CYCLES,BACKEND,SUB-EVENT,attn_22_head_10_qkv_MatMul_0:OpId_43216 (cycles)
55842143040,EXECUTE,1187,CYCLES,BACKEND,SUB-EVENT,attn_22_head_11_qkv_MatMul_0:OpId_43220 (cycles)
55842143040,EXECUTE,1245,CYCLES,BACKEND,SUB-EVENT,attn_22_head_12_qkv_MatMul_0:OpId_43224 (cycles)
55842143040,EXECUTE,2176,CYCLES,BACKEND,SUB-EVENT,attn_22_head_13_qkv_MatMul_0:OpId_43228 (cycles)
55842143040,EXECUTE,0,CYCLES,BACKEND,SUB-EVENT,Concat_528:OpId_43232 (cycles)
55842143040,EXECUTE,0,CYCLES,BACKEND,SUB-EVENT,Reshape_24:OpId_43234 (cycles)
55842143040,EXECUTE,0,CYCLES,BACKEND,SUB-EVENT,model_layers_22_self_attn_Transpose_6:OpId_43236 (cycles)
55842143040,EXECUTE,19580,CYCLES,BACKEND,SUB-EVENT,model_layers_22_self_attn_o_proj_conv_Conv:OpId_43244 (cycles)
55842143040,EXECUTE,339,CYCLES,BACKEND,SUB-EVENT,/model_layers_22_self_attn_o_proj_conv_Conv/Conv_output_0.nchw:OpId_43248 (cycles)
55842143040,EXECUTE,0,CYCLES,BACKEND,SUB-EVENT,model_layers_22_self_attn_Reshape_9:OpId_43249 (cycles)
55842143040,EXECUTE,3258,CYCLES,BACKEND,SUB-EVENT,model_layers_22_Add:OpId_43250 (cycles)
55842143040,EXECUTE,20293,CYCLES,BACKEND,SUB-EVENT,rms_norm_88:OpId_43255 (cycles)
55842143040,EXECUTE,0,CYCLES,BACKEND,SUB-EVENT,model_layers_22_mlp_Reshape:OpId_43258 (cycles)
55842143040,EXECUTE,0,CYCLES,BACKEND,SUB-EVENT,model_layers_22_mlp_Transpose:OpId_43260 (cycles)
55842143040,EXECUTE,120669,CYCLES,BACKEND,SUB-EVENT,model_layers_22_mlp_gate_proj_conv_Conv:OpId_43268 (cycles)
55842143040,EXECUTE,116805,CYCLES,BACKEND,SUB-EVENT,model_layers_22_mlp_up_proj_conv_Conv:OpId_43278 (cycles)
55842143040,EXECUTE,0,CYCLES,BACKEND,SUB-EVENT,model_layers_22_mlp_act_fn_Sigmoid:OpId_43281 (cycles)
55842143040,EXECUTE,44634,CYCLES,BACKEND,SUB-EVENT,model_layers_22_mlp_act_fn_Mul:OpId_43288 (cycles)
55842143040,EXECUTE,36734,CYCLES,BACKEND,SUB-EVENT,model_layers_22_mlp_Mul:OpId_43290 (cycles)
55842143040,EXECUTE,45177,CYCLES,BACKEND,SUB-EVENT,model_layers_22_mlp_down_proj_conv_Conv:OpId_43299 (cycles)
55842143040,EXECUTE,308,CYCLES,BACKEND,SUB-EVENT,/model_layers_22_mlp_down_proj_conv_Conv/Conv_output_0.nchw:OpId_43303 (cycles)
55842143040,EXECUTE,0,CYCLES,BACKEND,SUB-EVENT,model_layers_22_mlp_Reshape_1:OpId_43304 (cycles)
55842143040,EXECUTE,3124,CYCLES,BACKEND,SUB-EVENT,model_layers_22_Add_1:OpId_43305 (cycles)
55842143040,EXECUTE,7249,CYCLES,BACKEND,SUB-EVENT,rms_norm_90:OpId_43310 (cycles)
55842143040,EXECUTE,0,CYCLES,BACKEND,SUB-EVENT,model_layers_23_self_attn_Reshape:OpId_43313 (cycles)
55842143040,EXECUTE,0,CYCLES,BACKEND,SUB-EVENT,model_layers_23_self_attn_Transpose:OpId_43315 (cycles)
55842143040,EXECUTE,785,CYCLES,BACKEND,SUB-EVENT,attn_23_head_0_key_Conv:OpId_43323 (cycles)
55842143040,EXECUTE,2329,CYCLES,BACKEND,SUB-EVENT,attn_23_head_0_value_Conv:OpId_43333 (cycles)
55842143040,EXECUTE,392,CYCLES,BACKEND,SUB-EVENT,attn_23_head_0_value_Transpose/output_converted_UFIXED_POINT_8:OpId_43336 (cycles)
55842143040,EXECUTE,2282,CYCLES,BACKEND,SUB-EVENT,attn_23_head_1_key_Conv:OpId_43346 (cycles)
55842143040,EXECUTE,828,CYCLES,BACKEND,SUB-EVENT,attn_23_head_1_value_Conv:OpId_43356 (cycles)
55842143040,EXECUTE,562,CYCLES,BACKEND,SUB-EVENT,attn_23_head_1_value_Transpose/output_converted_UFIXED_POINT_8:OpId_43359 (cycles)
55842143040,EXECUTE,832,CYCLES,BACKEND,SUB-EVENT,attn_23_head_0_query_Conv:OpId_43369 (cycles)
55842143040,EXECUTE,803,CYCLES,BACKEND,SUB-EVENT,attn_23_head_1_query_Conv:OpId_43379 (cycles)
55842143040,EXECUTE,1523,CYCLES,BACKEND,SUB-EVENT,attn_23_head_2_query_Conv:OpId_43389 (cycles)
55842143040,EXECUTE,610,CYCLES,BACKEND,SUB-EVENT,attn_23_head_3_query_Conv:OpId_43399 (cycles)
55842143040,EXECUTE,705,CYCLES,BACKEND,SUB-EVENT,attn_23_head_4_query_Conv:OpId_43409 (cycles)
55842143040,EXECUTE,1461,CYCLES,BACKEND,SUB-EVENT,attn_23_head_5_query_Conv:OpId_43419 (cycles)
55842143040,EXECUTE,741,CYCLES,BACKEND,SUB-EVENT,attn_23_head_6_query_Conv:OpId_43429 (cycles)
55842143040,EXECUTE,2026,CYCLES,BACKEND,SUB-EVENT,attn_23_head_7_query_Conv:OpId_43439 (cycles)
55842143040,EXECUTE,778,CYCLES,BACKEND,SUB-EVENT,attn_23_head_8_query_Conv:OpId_43449 (cycles)
55842143040,EXECUTE,623,CYCLES,BACKEND,SUB-EVENT,attn_23_head_9_query_Conv:OpId_43459 (cycles)
55842143040,EXECUTE,682,CYCLES,BACKEND,SUB-EVENT,attn_23_head_10_query_Conv:OpId_43469 (cycles)
55842143040,EXECUTE,2107,CYCLES,BACKEND,SUB-EVENT,attn_23_head_11_query_Conv:OpId_43479 (cycles)
55842143040,EXECUTE,787,CYCLES,BACKEND,SUB-EVENT,attn_23_head_12_query_Conv:OpId_43489 (cycles)
55842143040,EXECUTE,636,CYCLES,BACKEND,SUB-EVENT,attn_23_head_13_query_Conv:OpId_43499 (cycles)
55842143040,EXECUTE,249,CYCLES,BACKEND,SUB-EVENT,Slice_828:OpId_43503 (cycles)
55842143040,EXECUTE,139,CYCLES,BACKEND,SUB-EVENT,Slice_829:OpId_43509 (cycles)
55842143040,EXECUTE,163,CYCLES,BACKEND,SUB-EVENT,Slice_830:OpId_43515 (cycles)
55842143040,EXECUTE,97,CYCLES,BACKEND,SUB-EVENT,Slice_831:OpId_43521 (cycles)
55842143040,EXECUTE,0,CYCLES,BACKEND,SUB-EVENT,Concat_550:OpId_43526 (cycles)
55842143040,EXECUTE,174,CYCLES,BACKEND,SUB-EVENT,Slice_836:OpId_43529 (cycles)
55842143040,EXECUTE,173,CYCLES,BACKEND,SUB-EVENT,Slice_837:OpId_43535 (cycles)
55842143040,EXECUTE,175,CYCLES,BACKEND,SUB-EVENT,Slice_838:OpId_43541 (cycles)
55842143040,EXECUTE,187,CYCLES,BACKEND,SUB-EVENT,Slice_839:OpId_43547 (cycles)
55842143040,EXECUTE,2022,CYCLES,BACKEND,SUB-EVENT,Slice_840:OpId_43553 (cycles)
55842143040,EXECUTE,187,CYCLES,BACKEND,SUB-EVENT,Slice_841:OpId_43559 (cycles)
55842143040,EXECUTE,217,CYCLES,BACKEND,SUB-EVENT,Slice_842:OpId_43565 (cycles)
55842143040,EXECUTE,1395,CYCLES,BACKEND,SUB-EVENT,Slice_843:OpId_43571 (cycles)
55842143040,EXECUTE,232,CYCLES,BACKEND,SUB-EVENT,Slice_844:OpId_43577 (cycles)
55842143040,EXECUTE,190,CYCLES,BACKEND,SUB-EVENT,Slice_845:OpId_43583 (cycles)
55842143040,EXECUTE,258,CYCLES,BACKEND,SUB-EVENT,Slice_846:OpId_43589 (cycles)
55842143040,EXECUTE,151,CYCLES,BACKEND,SUB-EVENT,Slice_847:OpId_43595 (cycles)
55842143040,EXECUTE,171,CYCLES,BACKEND,SUB-EVENT,Slice_848:OpId_43601 (cycles)
55842143040,EXECUTE,154,CYCLES,BACKEND,SUB-EVENT,Slice_849:OpId_43607 (cycles)
55842143040,EXECUTE,168,CYCLES,BACKEND,SUB-EVENT,Slice_850:OpId_43613 (cycles)
55842143040,EXECUTE,133,CYCLES,BACKEND,SUB-EVENT,Slice_851:OpId_43619 (cycles)
55842143040,EXECUTE,1640,CYCLES,BACKEND,SUB-EVENT,Slice_852:OpId_43625 (cycles)
55842143040,EXECUTE,155,CYCLES,BACKEND,SUB-EVENT,Slice_853:OpId_43631 (cycles)
55842143040,EXECUTE,238,CYCLES,BACKEND,SUB-EVENT,Slice_854:OpId_43637 (cycles)
55842143040,EXECUTE,108,CYCLES,BACKEND,SUB-EVENT,Slice_855:OpId_43643 (cycles)
55842143040,EXECUTE,173,CYCLES,BACKEND,SUB-EVENT,Slice_856:OpId_43649 (cycles)
55842143040,EXECUTE,187,CYCLES,BACKEND,SUB-EVENT,Slice_857:OpId_43655 (cycles)
55842143040,EXECUTE,214,CYCLES,BACKEND,SUB-EVENT,Slice_858:OpId_43661 (cycles)
55842143040,EXECUTE,155,CYCLES,BACKEND,SUB-EVENT,Slice_859:OpId_43667 (cycles)
55842143040,EXECUTE,239,CYCLES,BACKEND,SUB-EVENT,Slice_860:OpId_43673 (cycles)
55842143040,EXECUTE,147,CYCLES,BACKEND,SUB-EVENT,Slice_861:OpId_43679 (cycles)
55842143040,EXECUTE,1867,CYCLES,BACKEND,SUB-EVENT,Slice_862:OpId_43685 (cycles)
55842143040,EXECUTE,136,CYCLES,BACKEND,SUB-EVENT,Slice_863:OpId_43691 (cycles)
55842143040,EXECUTE,16490,CYCLES,BACKEND,SUB-EVENT,Concat_532:OpId_43696 (cycles)
55842143040,EXECUTE,19408,CYCLES,BACKEND,SUB-EVENT,Concat_534:OpId_43698 (cycles)
55842143040,EXECUTE,4212,CYCLES,BACKEND,SUB-EVENT,Mul_1472:OpId_43700 (cycles)
55842143040,EXECUTE,1522,CYCLES,BACKEND,SUB-EVENT,Mul_1474:OpId_43702 (cycles)
55842143040,EXECUTE,2236,CYCLES,BACKEND,SUB-EVENT,Mul_1473:OpId_43704 (cycles)
55842143040,EXECUTE,1344,CYCLES,BACKEND,SUB-EVENT,Mul_1475:OpId_43706 (cycles)
55842143040,EXECUTE,257,CYCLES,BACKEND,SUB-EVENT,Mul_1476:OpId_43708 (cycles)
55842143040,EXECUTE,90,CYCLES,BACKEND,SUB-EVENT,Mul_1478:OpId_43710 (cycles)
55842143040,EXECUTE,186,CYCLES,BACKEND,SUB-EVENT,Mul_1477:OpId_43712 (cycles)
55842143040,EXECUTE,123,CYCLES,BACKEND,SUB-EVENT,Mul_1479:OpId_43714 (cycles)
55842143040,EXECUTE,1432,CYCLES,BACKEND,SUB-EVENT,Mul_1480:OpId_43716 (cycles)
55842143040,EXECUTE,2005,CYCLES,BACKEND,SUB-EVENT,Mul_1482:OpId_43718 (cycles)
55842143040,EXECUTE,3076,CYCLES,BACKEND,SUB-EVENT,Mul_1481:OpId_43720 (cycles)
55842143040,EXECUTE,1280,CYCLES,BACKEND,SUB-EVENT,Mul_1483:OpId_43722 (cycles)
55842143040,EXECUTE,178,CYCLES,BACKEND,SUB-EVENT,Mul_1484:OpId_43724 (cycles)
55842143040,EXECUTE,108,CYCLES,BACKEND,SUB-EVENT,Mul_1486:OpId_43726 (cycles)
55842143040,EXECUTE,161,CYCLES,BACKEND,SUB-EVENT,Mul_1485:OpId_43728 (cycles)
55842143040,EXECUTE,114,CYCLES,BACKEND,SUB-EVENT,Mul_1487:OpId_43730 (cycles)
55842143040,EXECUTE,131,CYCLES,BACKEND,SUB-EVENT,Mul_1488:OpId_43732 (cycles)
55842143040,EXECUTE,162,CYCLES,BACKEND,SUB-EVENT,Mul_1490:OpId_43734 (cycles)
55842143040,EXECUTE,146,CYCLES,BACKEND,SUB-EVENT,Mul_1489:OpId_43736 (cycles)
55842143040,EXECUTE,154,CYCLES,BACKEND,SUB-EVENT,Mul_1491:OpId_43738 (cycles)
55842143040,EXECUTE,161,CYCLES,BACKEND,SUB-EVENT,Mul_1492:OpId_43740 (cycles)
55842143040,EXECUTE,105,CYCLES,BACKEND,SUB-EVENT,Mul_1494:OpId_43742 (cycles)
55842143040,EXECUTE,780,CYCLES,BACKEND,SUB-EVENT,Mul_1493:OpId_43744 (cycles)
55842143040,EXECUTE,138,CYCLES,BACKEND,SUB-EVENT,Mul_1495:OpId_43746 (cycles)
55842143040,EXECUTE,202,CYCLES,BACKEND,SUB-EVENT,Mul_1496:OpId_43748 (cycles)
55842143040,EXECUTE,164,CYCLES,BACKEND,SUB-EVENT,Mul_1498:OpId_43750 (cycles)
55842143040,EXECUTE,191,CYCLES,BACKEND,SUB-EVENT,Mul_1497:OpId_43752 (cycles)
55842143040,EXECUTE,185,CYCLES,BACKEND,SUB-EVENT,Mul_1499:OpId_43754 (cycles)
55842143040,EXECUTE,182,CYCLES,BACKEND,SUB-EVENT,Mul_1500:OpId_43756 (cycles)
55842143040,EXECUTE,154,CYCLES,BACKEND,SUB-EVENT,Mul_1502:OpId_43758 (cycles)
55842143040,EXECUTE,177,CYCLES,BACKEND,SUB-EVENT,Mul_1501:OpId_43760 (cycles)
55842143040,EXECUTE,146,CYCLES,BACKEND,SUB-EVENT,Mul_1503:OpId_43762 (cycles)
55842143040,EXECUTE,183,CYCLES,BACKEND,SUB-EVENT,Mul_1504:OpId_43764 (cycles)
55842143040,EXECUTE,140,CYCLES,BACKEND,SUB-EVENT,Mul_1506:OpId_43766 (cycles)
55842143040,EXECUTE,980,CYCLES,BACKEND,SUB-EVENT,Mul_1505:OpId_43768 (cycles)
55842143040,EXECUTE,149,CYCLES,BACKEND,SUB-EVENT,Mul_1507:OpId_43770 (cycles)
55842143040,EXECUTE,207,CYCLES,BACKEND,SUB-EVENT,Mul_1508:OpId_43772 (cycles)
55842143040,EXECUTE,140,CYCLES,BACKEND,SUB-EVENT,Mul_1510:OpId_43774 (cycles)
55842143040,EXECUTE,176,CYCLES,BACKEND,SUB-EVENT,Mul_1509:OpId_43776 (cycles)
55842143040,EXECUTE,163,CYCLES,BACKEND,SUB-EVENT,Mul_1511:OpId_43778 (cycles)
55842143040,EXECUTE,184,CYCLES,BACKEND,SUB-EVENT,Mul_1512:OpId_43780 (cycles)
55842143040,EXECUTE,119,CYCLES,BACKEND,SUB-EVENT,Mul_1514:OpId_43782 (cycles)
55842143040,EXECUTE,155,CYCLES,BACKEND,SUB-EVENT,Mul_1513:OpId_43784 (cycles)
55842143040,EXECUTE,199,CYCLES,BACKEND,SUB-EVENT,Mul_1515:OpId_43786 (cycles)
55842143040,EXECUTE,191,CYCLES,BACKEND,SUB-EVENT,Mul_1516:OpId_43788 (cycles)
55842143040,EXECUTE,156,CYCLES,BACKEND,SUB-EVENT,Mul_1518:OpId_43790 (cycles)
55842143040,EXECUTE,164,CYCLES,BACKEND,SUB-EVENT,Mul_1517:OpId_43792 (cycles)
55842143040,EXECUTE,142,CYCLES,BACKEND,SUB-EVENT,Mul_1519:OpId_43794 (cycles)
55842143040,EXECUTE,168,CYCLES,BACKEND,SUB-EVENT,Mul_1520:OpId_43796 (cycles)
55842143040,EXECUTE,126,CYCLES,BACKEND,SUB-EVENT,Mul_1522:OpId_43798 (cycles)
55842143040,EXECUTE,177,CYCLES,BACKEND,SUB-EVENT,Mul_1521:OpId_43800 (cycles)
55842143040,EXECUTE,173,CYCLES,BACKEND,SUB-EVENT,Mul_1523:OpId_43802 (cycles)
55842143040,EXECUTE,2420,CYCLES,BACKEND,SUB-EVENT,Mul_1524:OpId_43804 (cycles)
55842143040,EXECUTE,118,CYCLES,BACKEND,SUB-EVENT,Mul_1526:OpId_43806 (cycles)
55842143040,EXECUTE,178,CYCLES,BACKEND,SUB-EVENT,Mul_1525:OpId_43808 (cycles)
55842143040,EXECUTE,159,CYCLES,BACKEND,SUB-EVENT,Mul_1527:OpId_43810 (cycles)
55842143040,EXECUTE,164,CYCLES,BACKEND,SUB-EVENT,Mul_1528:OpId_43812 (cycles)
55842143040,EXECUTE,137,CYCLES,BACKEND,SUB-EVENT,Mul_1530:OpId_43814 (cycles)
55842143040,EXECUTE,153,CYCLES,BACKEND,SUB-EVENT,Mul_1529:OpId_43816 (cycles)
55842143040,EXECUTE,162,CYCLES,BACKEND,SUB-EVENT,Mul_1531:OpId_43818 (cycles)
55842143040,EXECUTE,174,CYCLES,BACKEND,SUB-EVENT,Mul_1532:OpId_43820 (cycles)
55842143040,EXECUTE,122,CYCLES,BACKEND,SUB-EVENT,Mul_1534:OpId_43822 (cycles)
55842143040,EXECUTE,1434,CYCLES,BACKEND,SUB-EVENT,Mul_1533:OpId_43824 (cycles)
55842143040,EXECUTE,114,CYCLES,BACKEND,SUB-EVENT,Mul_1535:OpId_43826 (cycles)
55842143040,EXECUTE,1948,CYCLES,BACKEND,SUB-EVENT,Sub_368:OpId_43828 (cycles)
55842143040,EXECUTE,211,CYCLES,BACKEND,SUB-EVENT,Sub_368_converted_UFIXED_POINT_8:OpId_43830 (cycles)
55842143040,EXECUTE,1946,CYCLES,BACKEND,SUB-EVENT,Add_690:OpId_43833 (cycles)
55842143040,EXECUTE,243,CYCLES,BACKEND,SUB-EVENT,Add_690_converted_UFIXED_POINT_8:OpId_43835 (cycles)
55842143040,EXECUTE,228,CYCLES,BACKEND,SUB-EVENT,Sub_369:OpId_43838 (cycles)
55842143040,EXECUTE,264,CYCLES,BACKEND,SUB-EVENT,Sub_369_converted_UFIXED_POINT_8:OpId_43840 (cycles)
55842143040,EXECUTE,1317,CYCLES,BACKEND,SUB-EVENT,Add_691:OpId_43843 (cycles)
55842143040,EXECUTE,919,CYCLES,BACKEND,SUB-EVENT,Add_691_converted_UFIXED_POINT_8:OpId_43845 (cycles)
55842143040,EXECUTE,4775,CYCLES,BACKEND,SUB-EVENT,Sub_370:OpId_43848 (cycles)
55842143040,EXECUTE,4271,CYCLES,BACKEND,SUB-EVENT,Add_692:OpId_43850 (cycles)
55842143040,EXECUTE,2085,CYCLES,BACKEND,SUB-EVENT,Sub_371:OpId_43852 (cycles)
55842143040,EXECUTE,377,CYCLES,BACKEND,SUB-EVENT,Add_694:OpId_43854 (cycles)
55842143040,EXECUTE,415,CYCLES,BACKEND,SUB-EVENT,Sub_372:OpId_43856 (cycles)
55842143040,EXECUTE,364,CYCLES,BACKEND,SUB-EVENT,Add_696:OpId_43858 (cycles)
55842143040,EXECUTE,463,CYCLES,BACKEND,SUB-EVENT,Sub_373:OpId_43860 (cycles)
55842143040,EXECUTE,1597,CYCLES,BACKEND,SUB-EVENT,Add_698:OpId_43862 (cycles)
55842143040,EXECUTE,490,CYCLES,BACKEND,SUB-EVENT,Sub_374:OpId_43864 (cycles)
55842143040,EXECUTE,448,CYCLES,BACKEND,SUB-EVENT,Add_700:OpId_43866 (cycles)
55842143040,EXECUTE,757,CYCLES,BACKEND,SUB-EVENT,Sub_375:OpId_43868 (cycles)
55842143040,EXECUTE,535,CYCLES,BACKEND,SUB-EVENT,Add_702:OpId_43870 (cycles)
55842143040,EXECUTE,463,CYCLES,BACKEND,SUB-EVENT,Sub_376:OpId_43872 (cycles)
55842143040,EXECUTE,420,CYCLES,BACKEND,SUB-EVENT,Add_704:OpId_43874 (cycles)
55842143040,EXECUTE,650,CYCLES,BACKEND,SUB-EVENT,Sub_377:OpId_43876 (cycles)
55842143040,EXECUTE,675,CYCLES,BACKEND,SUB-EVENT,Add_706:OpId_43878 (cycles)
55842143040,EXECUTE,623,CYCLES,BACKEND,SUB-EVENT,Sub_378:OpId_43880 (cycles)
55842143040,EXECUTE,618,CYCLES,BACKEND,SUB-EVENT,Add_708:OpId_43882 (cycles)
55842143040,EXECUTE,374,CYCLES,BACKEND,SUB-EVENT,Sub_379:OpId_43884 (cycles)
55842143040,EXECUTE,484,CYCLES,BACKEND,SUB-EVENT,Add_710:OpId_43886 (cycles)
55842143040,EXECUTE,638,CYCLES,BACKEND,SUB-EVENT,Sub_380:OpId_43888 (cycles)
55842143040,EXECUTE,513,CYCLES,BACKEND,SUB-EVENT,Add_712:OpId_43890 (cycles)
55842143040,EXECUTE,431,CYCLES,BACKEND,SUB-EVENT,Sub_381:OpId_43892 (cycles)
55842143040,EXECUTE,453,CYCLES,BACKEND,SUB-EVENT,Add_714:OpId_43894 (cycles)
55842143040,EXECUTE,434,CYCLES,BACKEND,SUB-EVENT,Sub_382:OpId_43896 (cycles)
55842143040,EXECUTE,393,CYCLES,BACKEND,SUB-EVENT,Add_716:OpId_43898 (cycles)
55842143040,EXECUTE,2241,CYCLES,BACKEND,SUB-EVENT,Sub_383:OpId_43900 (cycles)
55842143040,EXECUTE,445,CYCLES,BACKEND,SUB-EVENT,Add_718:OpId_43902 (cycles)
55842143040,EXECUTE,966,CYCLES,BACKEND,SUB-EVENT,Concat_529:OpId_43904 (cycles)
55842143040,EXECUTE,1814,CYCLES,BACKEND,SUB-EVENT,Concat_530:OpId_43906 (cycles)
55842143040,EXECUTE,0,CYCLES,BACKEND,SUB-EVENT,Concat_535:OpId_43908 (cycles)
55842143040,EXECUTE,0,CYCLES,BACKEND,SUB-EVENT,Concat_536:OpId_43910 (cycles)
55842143040,EXECUTE,0,CYCLES,BACKEND,SUB-EVENT,Concat_537:OpId_43912 (cycles)
55842143040,EXECUTE,0,CYCLES,BACKEND,SUB-EVENT,Concat_538:OpId_43914 (cycles)
55842143040,EXECUTE,0,CYCLES,BACKEND,SUB-EVENT,Concat_539:OpId_43916 (cycles)
55842143040,EXECUTE,0,CYCLES,BACKEND,SUB-EVENT,Concat_540:OpId_43918 (cycles)
55842143040,EXECUTE,0,CYCLES,BACKEND,SUB-EVENT,Concat_541:OpId_43920 (cycles)
55842143040,EXECUTE,0,CYCLES,BACKEND,SUB-EVENT,Concat_542:OpId_43922 (cycles)
55842143040,EXECUTE,0,CYCLES,BACKEND,SUB-EVENT,Concat_543:OpId_43924 (cycles)
55842143040,EXECUTE,0,CYCLES,BACKEND,SUB-EVENT,Concat_544:OpId_43926 (cycles)
55842143040,EXECUTE,0,CYCLES,BACKEND,SUB-EVENT,Concat_545:OpId_43928 (cycles)
55842143040,EXECUTE,0,CYCLES,BACKEND,SUB-EVENT,Concat_546:OpId_43930 (cycles)
55842143040,EXECUTE,0,CYCLES,BACKEND,SUB-EVENT,Concat_547:OpId_43932 (cycles)
55842143040,EXECUTE,0,CYCLES,BACKEND,SUB-EVENT,Concat_548:OpId_43934 (cycles)
55842143040,EXECUTE,0,CYCLES,BACKEND,SUB-EVENT,attn_23_head_0_key_Transpose_0:OpId_43937 (cycles)
55842143040,EXECUTE,0,CYCLES,BACKEND,SUB-EVENT,attn_23_head_1_key_Transpose_0:OpId_43939 (cycles)
55842143040,EXECUTE,0,CYCLES,BACKEND,SUB-EVENT,Concat_531:OpId_43940 (cycles)
55842143040,EXECUTE,0,CYCLES,BACKEND,SUB-EVENT,Concat_533:OpId_43942 (cycles)
55842143040,EXECUTE,0,CYCLES,BACKEND,SUB-EVENT,Concat_549:OpId_43944 (cycles)
55842143040,EXECUTE,156144,CYCLES,BACKEND,SUB-EVENT,attn_23_head_0_qk_MatMul_0:OpId_43946 (cycles)
55842143040,EXECUTE,6619,CYCLES,BACKEND,SUB-EVENT,attn_23_head_1_qk_MatMul_0:OpId_43950 (cycles)
55842143040,EXECUTE,9548,CYCLES,BACKEND,SUB-EVENT,attn_23_head_2_qk_MatMul_0:OpId_43954 (cycles)
55842143040,EXECUTE,7633,CYCLES,BACKEND,SUB-EVENT,attn_23_head_3_qk_MatMul_0:OpId_43958 (cycles)
55842143040,EXECUTE,8319,CYCLES,BACKEND,SUB-EVENT,attn_23_head_4_qk_MatMul_0:OpId_43962 (cycles)
55842143040,EXECUTE,7575,CYCLES,BACKEND,SUB-EVENT,attn_23_head_5_qk_MatMul_0:OpId_43966 (cycles)
55842143040,EXECUTE,6884,CYCLES,BACKEND,SUB-EVENT,attn_23_head_6_qk_MatMul_0:OpId_43970 (cycles)
55842143040,EXECUTE,121223,CYCLES,BACKEND,SUB-EVENT,attn_23_head_7_qk_MatMul_0:OpId_43974 (cycles)
55842143040,EXECUTE,7898,CYCLES,BACKEND,SUB-EVENT,attn_23_head_8_qk_MatMul_0:OpId_43978 (cycles)
55842143040,EXECUTE,7081,CYCLES,BACKEND,SUB-EVENT,attn_23_head_9_qk_MatMul_0:OpId_43982 (cycles)
55842143040,EXECUTE,8685,CYCLES,BACKEND,SUB-EVENT,attn_23_head_10_qk_MatMul_0:OpId_43986 (cycles)
55842143040,EXECUTE,11450,CYCLES,BACKEND,SUB-EVENT,attn_23_head_11_qk_MatMul_0:OpId_43990 (cycles)
55842143040,EXECUTE,7794,CYCLES,BACKEND,SUB-EVENT,attn_23_head_12_qk_MatMul_0:OpId_43994 (cycles)
55842143040,EXECUTE,11537,CYCLES,BACKEND,SUB-EVENT,attn_23_head_13_qk_MatMul_0:OpId_43998 (cycles)
55842143040,EXECUTE,22414,CYCLES,BACKEND,SUB-EVENT,Add_693:OpId_44002 (cycles)
55842143040,EXECUTE,16893,CYCLES,BACKEND,SUB-EVENT,Add_695:OpId_44004 (cycles)
55842143040,EXECUTE,16799,CYCLES,BACKEND,SUB-EVENT,Add_697:OpId_44006 (cycles)
55842143040,EXECUTE,15771,CYCLES,BACKEND,SUB-EVENT,Add_699:OpId_44008 (cycles)
55842143040,EXECUTE,16676,CYCLES,BACKEND,SUB-EVENT,Add_701:OpId_44010 (cycles)
55842143040,EXECUTE,16139,CYCLES,BACKEND,SUB-EVENT,Add_703:OpId_44012 (cycles)
55842143040,EXECUTE,18128,CYCLES,BACKEND,SUB-EVENT,Add_705:OpId_44014 (cycles)
55842143040,EXECUTE,16041,CYCLES,BACKEND,SUB-EVENT,Add_707:OpId_44016 (cycles)
55842143040,EXECUTE,16318,CYCLES,BACKEND,SUB-EVENT,Add_709:OpId_44018 (cycles)
55842143040,EXECUTE,16500,CYCLES,BACKEND,SUB-EVENT,Add_711:OpId_44020 (cycles)
55842143040,EXECUTE,17408,CYCLES,BACKEND,SUB-EVENT,Add_713:OpId_44022 (cycles)
55842143040,EXECUTE,16821,CYCLES,BACKEND,SUB-EVENT,Add_715:OpId_44024 (cycles)
55842143040,EXECUTE,16740,CYCLES,BACKEND,SUB-EVENT,Add_717:OpId_44026 (cycles)
55842143040,EXECUTE,18787,CYCLES,BACKEND,SUB-EVENT,Add_719:OpId_44028 (cycles)
55842143040,EXECUTE,10031,CYCLES,BACKEND,SUB-EVENT,attn_23_head_0_Softmax_0:OpId_44030 (cycles)
55842143040,EXECUTE,15572,CYCLES,BACKEND,SUB-EVENT,attn_23_head_1_Softmax_0:OpId_44033 (cycles)
55842143040,EXECUTE,13893,CYCLES,BACKEND,SUB-EVENT,attn_23_head_2_Softmax_0:OpId_44036 (cycles)
55842143040,EXECUTE,10985,CYCLES,BACKEND,SUB-EVENT,attn_23_head_3_Softmax_0:OpId_44039 (cycles)
55842143040,EXECUTE,11490,CYCLES,BACKEND,SUB-EVENT,attn_23_head_4_Softmax_0:OpId_44042 (cycles)
55842143040,EXECUTE,12650,CYCLES,BACKEND,SUB-EVENT,attn_23_head_5_Softmax_0:OpId_44045 (cycles)
55842143040,EXECUTE,12610,CYCLES,BACKEND,SUB-EVENT,attn_23_head_6_Softmax_0:OpId_44048 (cycles)
55842143040,EXECUTE,10733,CYCLES,BACKEND,SUB-EVENT,attn_23_head_7_Softmax_0:OpId_44051 (cycles)
55842143040,EXECUTE,11312,CYCLES,BACKEND,SUB-EVENT,attn_23_head_8_Softmax_0:OpId_44054 (cycles)
55842143040,EXECUTE,10315,CYCLES,BACKEND,SUB-EVENT,attn_23_head_9_Softmax_0:OpId_44057 (cycles)
55842143040,EXECUTE,10788,CYCLES,BACKEND,SUB-EVENT,attn_23_head_10_Softmax_0:OpId_44060 (cycles)
55842143040,EXECUTE,10090,CYCLES,BACKEND,SUB-EVENT,attn_23_head_11_Softmax_0:OpId_44063 (cycles)
55842143040,EXECUTE,11253,CYCLES,BACKEND,SUB-EVENT,attn_23_head_12_Softmax_0:OpId_44066 (cycles)
55842143040,EXECUTE,12161,CYCLES,BACKEND,SUB-EVENT,attn_23_head_13_Softmax_0:OpId_44069 (cycles)
55842143040,EXECUTE,38719,CYCLES,BACKEND,SUB-EVENT,attn_23_head_0_qkv_MatMul_0:OpId_44072 (cycles)
55842143040,EXECUTE,1394,CYCLES,BACKEND,SUB-EVENT,attn_23_head_1_qkv_MatMul_0:OpId_44076 (cycles)
55842143040,EXECUTE,1550,CYCLES,BACKEND,SUB-EVENT,attn_23_head_2_qkv_MatMul_0:OpId_44080 (cycles)
55842143040,EXECUTE,1260,CYCLES,BACKEND,SUB-EVENT,attn_23_head_3_qkv_MatMul_0:OpId_44084 (cycles)
55842143040,EXECUTE,1252,CYCLES,BACKEND,SUB-EVENT,attn_23_head_4_qkv_MatMul_0:OpId_44088 (cycles)
55842143040,EXECUTE,1270,CYCLES,BACKEND,SUB-EVENT,attn_23_head_5_qkv_MatMul_0:OpId_44092 (cycles)
55842143040,EXECUTE,1296,CYCLES,BACKEND,SUB-EVENT,attn_23_head_6_qkv_MatMul_0:OpId_44096 (cycles)
55842143040,EXECUTE,48330,CYCLES,BACKEND,SUB-EVENT,attn_23_head_7_qkv_MatMul_0:OpId_44100 (cycles)
55842143040,EXECUTE,1165,CYCLES,BACKEND,SUB-EVENT,attn_23_head_8_qkv_MatMul_0:OpId_44104 (cycles)
55842143040,EXECUTE,1144,CYCLES,BACKEND,SUB-EVENT,attn_23_head_9_qkv_MatMul_0:OpId_44108 (cycles)
55842143040,EXECUTE,1118,CYCLES,BACKEND,SUB-EVENT,attn_23_head_10_qkv_MatMul_0:OpId_44112 (cycles)
55842143040,EXECUTE,1124,CYCLES,BACKEND,SUB-EVENT,attn_23_head_11_qkv_MatMul_0:OpId_44116 (cycles)
55842143040,EXECUTE,1179,CYCLES,BACKEND,SUB-EVENT,attn_23_head_12_qkv_MatMul_0:OpId_44120 (cycles)
55842143040,EXECUTE,1152,CYCLES,BACKEND,SUB-EVENT,attn_23_head_13_qkv_MatMul_0:OpId_44124 (cycles)
55842143040,EXECUTE,0,CYCLES,BACKEND,SUB-EVENT,Concat_551:OpId_44128 (cycles)
55842143040,EXECUTE,0,CYCLES,BACKEND,SUB-EVENT,Reshape_25:OpId_44130 (cycles)
55842143040,EXECUTE,0,CYCLES,BACKEND,SUB-EVENT,model_layers_23_self_attn_Transpose_6:OpId_44132 (cycles)
55842143040,EXECUTE,29141,CYCLES,BACKEND,SUB-EVENT,model_layers_23_self_attn_o_proj_conv_Conv:OpId_44140 (cycles)
55842143040,EXECUTE,410,CYCLES,BACKEND,SUB-EVENT,/model_layers_23_self_attn_o_proj_conv_Conv/Conv_output_0.nchw:OpId_44144 (cycles)
55842143040,EXECUTE,0,CYCLES,BACKEND,SUB-EVENT,model_layers_23_self_attn_Reshape_9:OpId_44145 (cycles)
55842143040,EXECUTE,3227,CYCLES,BACKEND,SUB-EVENT,model_layers_23_Add:OpId_44146 (cycles)
55842143040,EXECUTE,18130,CYCLES,BACKEND,SUB-EVENT,rms_norm_92:OpId_44151 (cycles)
55842143040,EXECUTE,0,CYCLES,BACKEND,SUB-EVENT,model_layers_23_mlp_Reshape:OpId_44154 (cycles)
55842143040,EXECUTE,0,CYCLES,BACKEND,SUB-EVENT,model_layers_23_mlp_Transpose:OpId_44156 (cycles)
55842143040,EXECUTE,91699,CYCLES,BACKEND,SUB-EVENT,model_layers_23_mlp_gate_proj_conv_Conv:OpId_44164 (cycles)
55842143040,EXECUTE,98043,CYCLES,BACKEND,SUB-EVENT,model_layers_23_mlp_up_proj_conv_Conv:OpId_44174 (cycles)
55842143040,EXECUTE,0,CYCLES,BACKEND,SUB-EVENT,model_layers_23_mlp_act_fn_Sigmoid:OpId_44177 (cycles)
55842143040,EXECUTE,37615,CYCLES,BACKEND,SUB-EVENT,model_layers_23_mlp_act_fn_Mul:OpId_44184 (cycles)
55842143040,EXECUTE,26375,CYCLES,BACKEND,SUB-EVENT,model_layers_23_mlp_Mul:OpId_44186 (cycles)
55842143040,EXECUTE,53912,CYCLES,BACKEND,SUB-EVENT,model_layers_23_mlp_down_proj_conv_Conv:OpId_44195 (cycles)
55842143040,EXECUTE,379,CYCLES,BACKEND,SUB-EVENT,/model_layers_23_mlp_down_proj_conv_Conv/Conv_output_0.nchw:OpId_44199 (cycles)
55842143040,EXECUTE,0,CYCLES,BACKEND,SUB-EVENT,model_layers_23_mlp_Reshape_1:OpId_44200 (cycles)
55842143040,EXECUTE,3642,CYCLES,BACKEND,SUB-EVENT,model_layers_23_Add_1:OpId_44201 (cycles)
55842143040,EXECUTE,11244,CYCLES,BACKEND,SUB-EVENT,rms_norm_94:OpId_44206 (cycles)
55842143040,EXECUTE,0,CYCLES,BACKEND,SUB-EVENT,Reshape:OpId_44209 (cycles)
55842143040,EXECUTE,0,CYCLES,BACKEND,SUB-EVENT,Transpose:OpId_44211 (cycles)
55842143040,EXECUTE,7900801,CYCLES,BACKEND,SUB-EVENT,lm_head_conv_Conv:OpId_44219 (cycles)
55842143040,EXECUTE,0,CYCLES,BACKEND,SUB-EVENT,/lm_head_conv_Conv/Conv_output_0.nchw:OpId_44222 (cycles)
55842143040,EXECUTE,0,CYCLES,BACKEND,SUB-EVENT,Reshape_1:OpId_44223 (cycles)
55842143040,EXECUTE,175763,CYCLES,BACKEND,SUB-EVENT,Output OpId_3 (cycles)
55842143040,EXECUTE,46834,US,BACKEND,ROOT,Accelerator (execute) time
55842143040,EXECUTE,43811,US,BACKEND,ROOT,Accelerator (execute excluding wait) time
55842143040,EXECUTE,929283,US,BACKEND,ROOT,QNN (execute) time
55842157604,EXECUTE IPS,1.038155,INF/SEC,NETRUN,ROOT,null
